Data;Vieneto vertė;Grynųjų aktyvų vertė;Lyginamasis indeksas;
2004-10-27;0,289600;14;
2004-10-28;0,289600;14;
2004-10-29;0,289600;14;
2004-11-01;0,289600;14;
2004-11-02;0,289600;14;
2004-11-03;0,289600;14;
2004-11-04;0,289600;14;
2004-11-05;0,289600;1463;
2004-11-08;0,289600;2042;
2004-11-09;0,289600;3664;
2004-11-10;0,289600;3693;
2004-11-11;0,289600;4287;
2004-11-12;0,289600;5923;
2004-11-15;0,289700;18146;
2004-11-16;0,289700;18753;
2004-11-17;0,289700;24357;
2004-11-18;0,289800;30443;
2004-11-19;0,289800;40072;
2004-11-22;0,289800;48529;
2004-11-23;0,289900;54920;
2004-11-24;0,289900;67858;
2004-11-25;0,289900;75018;
2004-11-26;0,289900;102330;
2004-11-29;0,289900;108449;
2004-11-30;0,289900;118329;
2004-12-01;0,289900;133175;
2004-12-02;0,290000;165871;
2004-12-03;0,289900;179612;
2004-12-06;0,290100;218191;
2004-12-07;0,290300;232431;
2004-12-08;0,290300;245729;
2004-12-09;0,290400;267545;
2004-12-10;0,290300;343444;
2004-12-13;0,290400;366189;
2004-12-14;0,290400;412221;
2004-12-15;0,290400;441896;
2004-12-16;0,290500;519573;
2004-12-17;0,290700;581686;
2004-12-20;0,290500;652034;
2004-12-21;0,290800;720635;
2004-12-22;0,291000;811724;
2004-12-23;0,291100;871909;
2004-12-24;0,291100;925008;
2004-12-27;0,291100;1017554;
2004-12-28;0,291000;1147765;
2004-12-29;0,290800;1430380;
2004-12-30;0,290800;1807649;
2004-12-31;0,290800;1970841;
2005-01-03;0,290900;1973307;
2005-01-04;0,290900;1978110;
2005-01-05;0,290900;1980002;
2005-01-06;0,291000;1981021;
2005-01-07;0,292100;1992009;
2005-01-10;0,291600;1991464;
2005-01-11;0,291600;1992603;
2005-01-12;0,291700;1993587;
2005-01-13;0,291900;1996839;
2005-01-14;0,291900;1998085;
2005-01-17;0,291900;2000513;
2005-01-18;0,292300;2003527;
2005-01-19;0,292400;2005308;
2005-01-20;0,292400;2007101;
2005-01-21;0,292400;2007930;
2005-01-24;0,292400;2008814;
2005-01-25;0,292100;2007811;
2005-01-26;0,292500;2014416;
2005-01-27;0,292400;2014489;
2005-01-28;0,292500;2015379;
2005-01-31;0,292500;2017772;
2005-02-01;0,292500;2018035;
2005-02-02;0,292600;2018462;
2005-02-03;0,292600;2025121;
2005-02-04;0,293000;2030876;
2005-02-07;0,293000;2031321;
2005-02-08;0,293000;2031500;
2005-02-09;0,293200;2033351;
2005-02-10;0,293200;2034706;
2005-02-11;0,293200;2036618;
2005-02-14;0,293200;2037673;
2005-02-15;0,293100;2041281;
2005-02-16;0,293100;2041281;
2005-02-17;0,292900;2041934;
2005-02-18;0,292700;2042645;
2005-02-21;0,292600;2042806;
2005-02-22;0,292500;2042312;
2005-02-23;0,292500;2048701;
2005-02-24;0,292600;2049812;
2005-02-25;0,292600;2053670;
2005-02-28;0,292600;2055359;
2005-03-01;0,292900;2059535;
2005-03-02;0,292700;2058097;
2005-03-03;0,292700;2058610;
2005-03-04;0,292600;2056846;
2005-03-07;0,293000;2068019;
2005-03-08;0,293400;2071452;
2005-03-09;0,293500;2073099;
2005-03-10;0,293300;2073357;
2005-03-11;0,293300;2073357;
2005-03-14;0,293300;2074757;
2005-03-15;0,293100;2078817;
2005-03-16;0,293100;2085869;
2005-03-17;0,293200;2107883;
2005-03-18;0,293200;2108963;
2005-03-21;0,293100;2109893;
2005-03-22;0,293200;2113510;
2005-03-23;0,293500;2119560;
2005-03-24;0,293600;2127742;
2005-03-25;0,293600;2156957;
2005-03-28;0,293600;2156957;
2005-03-29;0,293600;2158279;
2005-03-30;0,293800;2159977;
2005-03-31;0,294000;2161972;
2005-04-01;0,294200;2163740;
2005-04-04;0,294300;2169301;
2005-04-05;0,294200;2168926;
2005-04-06;0,294400;2169550;
2005-04-07;0,294500;2170182;
2005-04-08;0,294500;2170520;
2005-04-11;0,294600;2174351;
2005-04-12;0,294700;2176025;
2005-04-13;0,294800;2178130;
2005-04-14;0,294800;2179724;
2005-04-15;0,295000;2183910;
2005-04-18;0,295000;2185998;
2005-04-19;0,295000;2192144;
2005-04-20;0,295200;2194734;
2005-04-21;0,295300;2194441;
2005-04-22;0,295200;2194864;
2005-04-25;0,295300;2196053;
2005-04-26;0,295300;2198954;
2005-04-27;0,295300;2198954;
2005-04-28;0,295700;2205359;
2005-04-29;0,295900;2208366;
2005-05-02;0,295800;2208593;
2005-05-03;0,296000;2210002;
2005-05-04;0,296000;2211585;
2005-05-05;0,296000;2213771;
2005-05-06;0,296000;2215601;
2005-05-09;0,295900;2213997;
2005-05-10;0,297100;2225071;
2005-05-11;0,297300;2231946;
2005-05-12;0,297300;2232044;
2005-05-13;0,297300;2235947;
2005-05-16;0,297400;2239223;
2005-05-17;0,297400;2241123;
2005-05-18;0,297500;2243230;
2005-05-19;0,297500;2243491;
2005-05-20;0,297400;2243789;
2005-05-23;0,297500;2244853;
2005-05-24;0,297600;2246334;
2005-05-25;0,297800;2248416;
2005-05-26;0,297800;2256562;
2005-05-27;0,297700;2256971;
2005-05-30;0,297800;2262487;
2005-05-31;0,297900;2263717;
2005-06-01;0,298400;2274088;
2005-06-02;0,298400;2275929;
2005-06-03;0,298500;2279299;
2005-06-06;0,298600;2279249;
2005-06-07;0,298900;2281445;
2005-06-08;0,299000;2281311;
2005-06-09;0,299200;2283779;
2005-06-10;0,299200;2287951;
2005-06-13;0,299200;2289566;
2005-06-14;0,299100;2290101;
2005-06-15;0,299000;2288450;
2005-06-16;0,298800;2287790;
2005-06-17;0,298800;2292135;
2005-06-20;0,298900;2294419;
2005-06-21;0,299100;2296693;
2005-06-22;0,299500;2301160;
2005-06-23;0,299600;2304045;
2005-06-24;0,299600;2304045;
2005-06-27;0,299700;2308084;
2005-06-28;0,299600;2309274;
2005-06-29;0,299600;2313388;
2005-06-30;0,299700;2332641;
2005-07-01;0,299700;2333265;
2005-07-04;0,299600;2333040;
2005-07-05;0,299500;2336286;
2005-07-06;0,299500;2336286;
2005-07-07;0,299600;2335032;
2005-07-08;0,299700;2306012;
2005-07-11;0,299600;2304384;
2005-07-12;0,299600;2303863;
2005-07-13;0,300100;2294452;
2005-07-14;0,300000;2291602;
2005-07-15;0,299800;2286416;
2005-07-18;0,299900;2290374;
2005-07-19;0,299800;2311696;
2005-07-20;0,299900;2311504;
2005-07-21;0,299900;2312551;
2005-07-22;0,300000;2310968;
2005-07-25;0,300100;2323241;
2005-07-26;0,300000;2324772;
2005-07-27;0,300100;2325926;
2005-07-28;0,300100;2329651;
2005-07-29;0,300100;2331227;
2005-08-01;0,299900;2324991;
2005-08-02;0,299800;2325853;
2005-08-03;0,299800;2330025;
2005-08-04;0,299900;2332700;
2005-08-05;0,299700;2333484;
2005-08-08;0,299500;2333184;
2005-08-09;0,299500;2330042;
2005-08-10;0,299700;2332113;
2005-08-11;0,299600;2332841;
2005-08-12;0,299900;2337431;
2005-08-15;0,299900;2337431;
2005-08-16;0,300200;2342601;
2005-08-17;0,300400;2345711;
2005-08-18;0,300300;2347489;
2005-08-19;0,300300;2345663;
2005-08-22;0,300400;2346373;
2005-08-23;0,300400;2351521;
2005-08-24;0,300500;2351878;
2005-08-25;0,300700;2354456;
2005-08-26;0,300700;2370538;
2005-08-29;0,300700;2369334;
2005-08-30;0,300700;2375279;
2005-08-31;0,301100;2387707;
2005-09-01;0,301200;2388062;
2005-09-02;0,301800;2391414;
2005-09-05;0,301900;2392771;
2005-09-06;0,301800;2393096;
2005-09-07;0,302000;2385509;
2005-09-08;0,302100;2389868;
2005-09-09;0,302100;2382096;
2005-09-12;0,302000;2349974;
2005-09-13;0,301900;2351674;
2005-09-14;0,302000;2357608;
2005-09-15;0,302000;2353618;
2005-09-16;0,301900;2351938;
2005-09-19;0,302000;2356212;
2005-09-20;0,302100;2356770;
2005-09-21;0,302300;2349089;
2005-09-22;0,302300;2370569;
2005-09-23;0,302200;2355089;
2005-09-26;0,301900;2361640;
2005-09-27;0,301700;2362592;
2005-09-28;0,301800;2376646;
2005-09-29;0,301800;2384001;
2005-09-30;0,301700;2400305;
2005-10-03;0,301800;2413775;
2005-10-04;0,301600;2411879;
2005-10-05;0,301700;2404405;
2005-10-06;0,301400;2411477;
2005-10-07;0,301300;2411690;
2005-10-10;0,301300;2414641;
2005-10-11;0,301100;2417368;
2005-10-12;0,301000;2409655;
2005-10-13;0,300600;2407821;
2005-10-14;0,300400;2407151;
2005-10-17;0,300200;2410628;
2005-10-18;0,300600;2417196;
2005-10-19;0,300700;2419883;
2005-10-20;0,300700;2417815;
2005-10-21;0,300700;2422587;
2005-10-24;0,301000;2429364;
2005-10-25;0,300800;2433608;
2005-10-26;0,300400;2433078;
2005-10-27;0,300000;2431193;
2005-10-28;0,300000;2435437;
2005-10-31;0,299900;2440105;
2005-11-01;0,299900;2440105;
2005-11-02;0,299300;2436976;
2005-11-03;0,299100;2433302;
2005-11-04;0,298900;2436917;
2005-11-07;0,298800;2446183;
2005-11-08;0,298900;2459397;
2005-11-09;0,298800;2468548;
2005-11-10;0,298300;2475895;
2005-11-11;0,298500;2482985;
2005-11-14;0,298500;2483476;
2005-11-15;0,298400;2491596;
2005-11-16;0,298700;2506686;
2005-11-17;0,299000;2518923;
2005-11-18;0,298700;2537184;
2005-11-21;0,298900;2558122;
2005-11-22;0,298900;2568648;
2005-11-23;0,299100;2584153;
2005-11-24;0,299300;2594406;
2005-11-25;0,299400;2605039;
2005-11-28;0,300400;2630557;
2005-11-29;0,300400;2622010;
2005-11-30;0,300400;2640426;
2005-12-01;0,300500;2658564;
2005-12-02;0,300600;2664681;
2005-12-05;0,300500;2672951;
2005-12-06;0,300800;2693609;
2005-12-07;0,301100;2702562;
2005-12-08;0,300900;2726163;
2005-12-09;0,300700;2760515;
2005-12-12;0,300700;2856287;
2005-12-13;0,300700;2897955;
2005-12-14;0,300800;2954401;
2005-12-15;0,300500;3005184;
2005-12-16;0,300500;3060229;
2005-12-19;0,300900;3112916;
2005-12-20;0,301100;3192662;
2005-12-21;0,300800;3268855;
2005-12-22;0,300900;3399183;
2005-12-23;0,300900;3478307;
2005-12-26;0,300900;3478307;
2005-12-27;0,300900;3478307;
2005-12-28;0,301100;3596810;
2005-12-29;0,301000;3728082;
2005-12-30;0,301000;3875668;
2006-01-02;0,301000;3875668;
2006-01-03;0,300900;3873482;
2006-01-04;0,301200;3877423;
2006-01-05;0,301400;3865592;
2006-01-06;0,301500;3865774;
2006-01-09;0,301500;3865938;
2006-01-10;0,301400;3865810;
2006-01-11;0,301400;3862229;
2006-01-12;0,301300;3861167;
2006-01-13;0,301300;3857497;
2006-01-16;0,301300;3848142;
2006-01-17;0,301500;3852943;
2006-01-18;0,301600;3834756;
2006-01-19;0,301200;3830170;
2006-01-20;0,300800;3825631;
2006-01-23;0,301000;3823674;
2006-01-24;0,301100;3824692;
2006-01-25;0,301000;3824056;
2006-01-26;0,300800;3821303;
2006-01-27;0,300700;3811743;
2006-01-30;0,300600;3810557;
2006-01-31;0,300500;3808895;
2006-02-01;0,300500;3811067;
2006-02-02;0,300300;3808821;
2006-02-03;0,300500;3807826;
2006-02-06;0,300600;3811954;
2006-02-07;0,300500;3807795;
2006-02-08;0,300700;3806615;
2006-02-09;0,300600;3805896;
2006-02-10;0,300800;3810370;
2006-02-13;0,300900;3814664;
2006-02-14;0,301300;3818017;
2006-02-15;0,301100;3813625;
2006-02-16;0,301100;3813625;
2006-02-17;0,301100;3813625;
2006-02-20;0,301400;3822610;
2006-02-21;0,301500;3825923;
2006-02-22;0,301400;3825990;
2006-02-23;0,301300;3813643;
2006-02-24;0,301100;3813254;
2006-02-27;0,301100;3815938;
2006-02-28;0,301100;3816715;
2006-03-01;0,301100;3817483;
2006-03-02;0,300900;3812766;
2006-03-03;0,300500;3807653;
2006-03-06;0,300500;3796366;
2006-03-07;0,300200;3789293;
2006-03-08;0,300200;3773204;
2006-03-09;0,300000;3771984;
2006-03-10;0,299700;3769892;
2006-03-13;0,299700;3769892;
2006-03-14;0,299600;3762275;
2006-03-15;0,299500;3759896;
2006-03-16;0,299700;3762301;
2006-03-17;0,299900;3764769;
2006-03-20;0,299700;3754926;
2006-03-21;0,299700;3752311;
2006-03-22;0,299800;3751413;
2006-03-23;0,299800;3753200;
2006-03-24;0,299800;3752822;
2006-03-27;0,299700;3684868;
2006-03-28;0,299400;3654449;
2006-03-29;0,298900;3649451;
2006-03-30;0,298800;3649692;
2006-03-31;0,298800;3642423;
2006-04-03;0,298400;3633520;
2006-04-04;0,298300;3622023;
2006-04-05;0,298700;3617594;
2006-04-06;0,298200;3594740;
2006-04-07;0,298200;3588519;
2006-04-10;0,298100;3583616;
2006-04-11;0,298200;3585246;
2006-04-12;0,298300;3563911;
2006-04-13;0,298100;3540318;
2006-04-14;0,298100;3539912;
2006-04-17;0,298100;3539912;
2006-04-18;0,298100;3539912;
2006-04-19;0,298300;3545588;
2006-04-20;0,298300;3545111;
2006-04-21;0,298300;3543067;
2006-04-24;0,298000;3538946;
2006-04-25;0,297900;3534204;
2006-04-26;0,297800;3533660;
2006-04-27;0,297800;3534389;
2006-04-28;0,297800;3531434;
2006-05-01;0,297800;3531434;
2006-05-02;0,297800;3527924;
2006-05-03;0,297900;3504901;
2006-05-04;0,297800;3504019;
2006-05-05;0,297800;3489845;
2006-05-08;0,297800;3489845;
2006-05-09;0,298000;3493044;
2006-05-10;0,297800;3485987;
2006-05-11;0,297800;3477833;
2006-05-12;0,297700;3476583;
2006-05-15;0,297800;3480805;
2006-05-16;0,298200;3486417;
2006-05-17;0,298000;3481085;
2006-05-18;0,298100;3467478;
2006-05-19;0,298300;3469344;
2006-05-22;0,298300;3469344;
2006-05-23;0,298800;3478520;
2006-05-24;0,299200;3478281;
2006-05-25;0,299200;3456214;
2006-05-26;0,299500;3458765;
2006-05-29;0,299500;3453689;
2006-05-30;0,299100;3451365;
2006-05-31;0,298700;3445845;
2006-06-01;0,298300;3441771;
2006-06-02;0,299100;3447731;
2006-06-05;0,298800;3444135;
2006-06-06;0,298500;3428451;
2006-06-07;0,298300;3420778;
2006-06-08;0,298900;3430922;
2006-06-09;0,299100;3436058;
2006-06-12;0,299400;3433660;
2006-06-13;0,299800;3444621;
2006-06-14;0,299700;3437067;
2006-06-15;0,299100;3431658;
2006-06-16;0,299000;3423796;
2006-06-19;0,299200;3422898;
2006-06-20;0,299200;3420228;
2006-06-21;0,298900;3414312;
2006-06-22;0,298800;3410343;
2006-06-23;0,298500;3416517;
2006-06-26;0,298500;3416517;
2006-06-27;0,298200;3415202;
2006-06-28;0,298300;3429151;
2006-06-29;0,298400;3431295;
2006-06-30;0,298600;3460532;
2006-07-03;0,298700;3480949;
2006-07-04;0,298600;3474104;
2006-07-05;0,298500;3469893;
2006-07-06;0,298500;3469893;
2006-07-07;0,298500;3469893;
2006-07-10;0,298500;3473258;
2006-07-11;0,298700;3478750;
2006-07-12;0,298900;3477894;
2006-07-13;0,298800;3480887;
2006-07-14;0,298900;3486484;
2006-07-17;0,298600;3485492;
2006-07-18;0,298500;3486608;
2006-07-19;0,298700;3490223;
2006-07-20;0,298900;3479703;
2006-07-21;0,298900;3474381;
2006-07-24;0,299000;3476552;
2006-07-25;0,299200;3478749;
2006-07-26;0,299300;3479981;
2006-07-27;0,299400;3475459;
2006-07-28;0,299500;3470816;
2006-07-31;0,299500;3469689;
2006-08-01;0,299600;3470055;
2006-08-02;0,299700;3467212;
2006-08-03;0,299700;3462349;
2006-08-04;0,299700;3463084;
2006-08-07;0,300000;3469592;
2006-08-08;0,300100;3469323;
2006-08-09;0,300100;3568015;
2006-08-10;0,299000;3556824;
2006-08-11;0,298900;3557183;
2006-08-14;0,298900;3557183;
2006-08-15;0,298900;3557183;
2006-08-16;0,299200;3567351;
2006-08-17;0,299500;3572553;
2006-08-18;0,299400;3571908;
2006-08-21;0,299700;3576157;
2006-08-22;0,299900;3579397;
2006-08-23;0,300200;3583681;
2006-08-24;0,300200;3578878;
2006-08-25;0,300400;3579930;
2006-08-28;0,300600;3585498;
2006-08-29;0,300400;3580369;
2006-08-30;0,300500;3582733;
2006-08-31;0,301000;3589651;
2006-09-01;0,301200;3592966;
2006-09-04;0,301200;3591065;
2006-09-05;0,301000;3585118;
2006-09-06;0,300700;3578919;
2006-09-07;0,300700;3580249;
2006-09-08;0,300500;3579330;
2006-09-11;0,300500;3591653;
2006-09-12;0,300200;3586883;
2006-09-13;0,300700;3592354;
2006-09-14;0,300700;3588926;
2006-09-15;0,300800;3604425;
2006-09-18;0,300400;3600006;
2006-09-19;0,300500;3602665;
2006-09-20;0,301000;3609307;
2006-09-21;0,301300;3613767;
2006-09-22;0,301600;3619500;
2006-09-25;0,302000;3628684;
2006-09-26;0,302200;3632172;
2006-09-27;0,302200;3629325;
2006-09-28;0,302200;3629487;
2006-09-29;0,301900;3628173;
2006-10-02;0,302000;3627171;
2006-10-03;0,301900;3631002;
2006-10-04;0,301800;3628276;
2006-10-05;0,301800;3630272;
2006-10-06;0,301600;3635142;
2006-10-09;0,301400;3631348;
2006-10-10;0,301100;3633845;
2006-10-11;0,301200;3638972;
2006-10-12;0,301200;3640019;
2006-10-13;0,301400;3636610;
2006-10-16;0,301400;3641408;
2006-10-17;0,301600;3652311;
2006-10-18;0,301700;3659638;
2006-10-19;0,301700;3658407;
2006-10-20;0,301600;3657875;
2006-10-23;0,301500;3660457;
2006-10-24;0,301500;3665151;
2006-10-25;0,301700;3660348;
2006-10-26;0,301800;3660453;
2006-10-27;0,301900;3664969;
2006-10-30;0,302200;3674423;
2006-10-31;0,302300;3671924;
2006-11-01;0,302300;3671924;
2006-11-02;0,303000;3695854;
2006-11-03;0,302800;3716359;
2006-11-06;0,302400;3734593;
2006-11-07;0,302600;3735886;
2006-11-08;0,302800;3738972;
2006-11-09;0,302700;3734055;
2006-11-10;0,302800;3724300;
2006-11-13;0,302900;3730647;
2006-11-14;0,302900;3729619;
2006-11-15;0,303000;3749155;
2006-11-16;0,302800;3741433;
2006-11-17;0,302600;3742466;
2006-11-20;0,302900;3749995;
2006-11-21;0,302700;3753266;
2006-11-22;0,302800;3775381;
2006-11-23;0,302700;3791636;
2006-11-24;0,302700;3791354;
2006-11-27;0,302800;3796644;
2006-11-28;0,302700;3825796;
2006-11-29;0,302900;3867798;
2006-11-30;0,302800;3906179;
2006-12-01;0,302700;3915785;
2006-12-04;0,302900;3925892;
2006-12-05;0,302900;3935653;
2006-12-06;0,302700;3940312;
2006-12-07;0,302500;3954873;
2006-12-08;0,302400;3964025;
2006-12-11;0,302300;3972788;
2006-12-12;0,302500;3978790;
2006-12-13;0,302500;3991757;
2006-12-14;0,302600;4167082;
2006-12-15;0,302400;4179637;
2006-12-18;0,302400;4195679;
2006-12-19;0,302300;4215412;
2006-12-20;0,302200;4248857;
2006-12-21;0,302200;4278701;
2006-12-22;0,302300;4308167;
2006-12-25;0,302300;4308167;
2006-12-26;0,302300;4308167;
2006-12-27;0,302200;4373925;
2006-12-28;0,302000;4458178;
2006-12-29;0,302100;4585992;
2007-01-01;0,302100;4585992;
2007-01-02;0,302200;4588187;
2007-01-03;0,302100;4582430;
2007-01-04;0,302200;4576468;
2007-01-05;0,302000;4576795;
2007-01-08;0,302000;4571663;
2007-01-09;0,301900;4551873;
2007-01-10;0,301800;4546771;
2007-01-11;0,301800;4539840;
2007-01-12;0,301800;4527013;
2007-01-15;0,301700;4523130;
2007-01-16;0,301700;4519675;
2007-01-17;0,301900;4518473;
2007-01-18;0,301900;4512844;
2007-01-19;0,302000;4501374;
2007-01-22;0,302000;4473624;
2007-01-23;0,302200;4472660;
2007-01-24;0,302000;4466644;
2007-01-25;0,301700;4451413;
2007-01-26;0,301700;4451404;
2007-01-29;0,301700;4445912;
2007-01-30;0,301700;4435400;
2007-01-31;0,301800;4432057;
2007-02-01;0,302000;4432428;
2007-02-02;0,302000;4416039;
2007-02-05;0,302300;4420083;
2007-02-06;0,302400;4408790;
2007-02-07;0,302500;4409412;
2007-02-08;0,302400;4408555;
2007-02-09;0,302300;4399869;
2007-02-12;0,302200;4401001;
2007-02-13;0,302200;4398644;
2007-02-14;0,302500;4404412;
2007-02-15;0,302800;4410944;
2007-02-16;0,302800;4410944;
2007-02-19;0,302700;4406148;
2007-02-20;0,302700;4383433;
2007-02-21;0,302200;4376589;
2007-02-22;0,302000;4374363;
2007-02-23;0,302300;4373046;
2007-02-26;0,302900;4385639;
2007-02-27;0,303200;4388223;
2007-02-28;0,303300;4394730;
2007-03-01;0,303500;4403901;
2007-03-02;0,303100;4388787;
2007-03-05;0,303500;4394540;
2007-03-06;0,303500;4389674;
2007-03-07;0,303400;4379795;
2007-03-08;0,303200;4376714;
2007-03-09;0,302800;4369572;
2007-03-12;0,302800;4369572;
2007-03-13;0,303700;4372368;
2007-03-14;0,304200;4377005;
2007-03-15;0,303800;4366519;
2007-03-16;0,302500;4351932;
2007-03-19;0,302100;4338179;
2007-03-20;0,303400;4345361;
2007-03-21;0,303300;4342689;
2007-03-22;0,302900;4335176;
2007-03-23;0,302100;4320712;
2007-03-26;0,300700;4299957;
2007-03-27;0,300900;4300802;
2007-03-28;0,300800;4296246;
2007-03-29;0,299700;4278055;
2007-03-30;0,299700;4276063;
2007-04-02;0,299500;4270043;
2007-04-03;0,299200;4245103;
2007-04-04;0,299700;4232497;
2007-04-05;0,299400;4225388;
2007-04-06;0,299300;4212461;
2007-04-09;0,299300;4212461;
2007-04-10;0,299300;4212461;
2007-04-11;0,298700;4203425;
2007-04-12;0,298300;4198158;
2007-04-13;0,297500;4177685;
2007-04-16;0,297900;4182110;
2007-04-17;0,298100;4145284;
2007-04-18;0,298500;4135950;
2007-04-19;0,298200;4128908;
2007-04-20;0,298200;4111470;
2007-04-23;0,298500;4101183;
2007-04-24;0,298600;4101017;
2007-04-25;0,298600;4094741;
2007-04-26;0,298600;4094438;
2007-04-27;0,298800;4088644;
2007-04-30;0,298800;4088644;
2007-05-01;0,298800;4088644;
2007-05-02;0,299000;4090729;
2007-05-03;0,299000;4081457;
2007-05-04;0,299300;4072778;
2007-05-07;0,299400;4066976;
2007-05-08;0,299300;4056947;
2007-05-09;0,299100;4036712;
2007-05-10;0,299100;3960196;
2007-05-11;0,299200;3938772;
2007-05-14;0,299100;3925937;
2007-05-15;0,299000;3920230;
2007-05-16;0,299000;3912231;
2007-05-17;0,298800;3905555;
2007-05-18;0,299100;3899979;
2007-05-21;0,299100;3860751;
2007-05-22;0,299100;3851513;
2007-05-23;0,299200;3828757;
2007-05-24;0,299300;3834368;
2007-05-25;0,299200;3834543;
2007-05-28;0,299200;3831072;
2007-05-29;0,299300;3825965;
2007-05-30;0,299400;3808794;
2007-05-31;0,300400;3821042;
2007-06-01;0,300000;3801923;
2007-06-04;0,300200;3796441;
2007-06-05;0,300100;3797551;
2007-06-06;0,300200;3799275;
2007-06-07;0,299500;3779833;
2007-06-08;0,299300;3774502;
2007-06-11;0,299600;3778478;
2007-06-12;0,299400;3765895;
2007-06-13;0,299200;3763749;
2007-06-14;0,299300;3765156;
2007-06-15;0,299300;3758303;
2007-06-18;0,299400;3765183;
2007-06-19;0,299500;3768371;
2007-06-20;0,299900;3767424;
2007-06-21;0,299800;3763662;
2007-06-22;0,300200;3769838;
2007-06-25;0,300200;3769838;
2007-06-26;0,300600;3774116;
2007-06-27;0,301200;3771496;
2007-06-28;0,301000;3766699;
2007-06-29;0,301000;3770546;
2007-07-02;0,302100;3772748;
2007-07-03;0,301400;3762645;
2007-07-04;0,300900;3752205;
2007-07-05;0,300500;3745452;
2007-07-06;0,300500;3745452;
2007-07-09;0,300800;3736396;
2007-07-10;0,301400;3745734;
2007-07-11;0,301600;3747936;
2007-07-12;0,301300;3744933;
2007-07-13;0,301000;3718541;
2007-07-16;0,301500;3731923;
2007-07-17;0,301200;3724380;
2007-07-18;0,301600;3719036;
2007-07-19;0,301600;3704947;
2007-07-20;0,302700;3720590;
2007-07-23;0,302600;3686381;
2007-07-24;0,302700;3687990;
2007-07-25;0,302900;3690792;
2007-07-26;0,303600;3684478;
2007-07-27;0,303500;3679641;
2007-07-30;0,303700;3672028;
2007-07-31;0,303200;3666121;
2007-08-01;0,303100;3664545;
2007-08-02;0,303000;3657759;
2007-08-03;0,303300;3660695;
2007-08-06;0,303300;3661694;
2007-08-07;0,303200;3654456;
2007-08-08;0,302700;3649371;
2007-08-09;0,303100;3654185;
2007-08-10;0,303400;3659361;
2007-08-13;0,303100;3650644;
2007-08-14;0,303100;3646568;
2007-08-15;0,303100;3646568;
2007-08-16;0,303800;3659885;
2007-08-17;0,303800;3651659;
2007-08-20;0,303800;3648802;
2007-08-21;0,304100;3651761;
2007-08-22;0,303500;3643183;
2007-08-23;0,303600;3637258;
2007-08-24;0,303700;3643373;
2007-08-27;0,303500;3637710;
2007-08-28;0,304400;3637263;
2007-08-29;0,304300;3631931;
2007-08-30;0,304300;3630335;
2007-08-31;0,304300;3625447;
2007-09-03;0,304200;3614880;
2007-09-04;0,304000;3611861;
2007-09-05;0,304800;3622948;
2007-09-06;0,304900;3621546;
2007-09-07;0,305500;3629519;
2007-09-10;0,305800;3634714;
2007-09-11;0,305600;3634218;
2007-09-12;0,305300;3626796;
2007-09-13;0,304900;3617938;
2007-09-14;0,304900;3617954;
2007-09-17;0,305100;3625807;
2007-09-18;0,304600;3617480;
2007-09-19;0,304400;3615109;
2007-09-20;0,303900;3610322;
2007-09-21;0,303500;3605494;
2007-09-24;0,303500;3607402;
2007-09-25;0,303800;3607738;
2007-09-26;0,303600;3606092;
2007-09-27;0,303500;3604612;
2007-09-28;0,303700;3576680;
2007-10-01;0,304000;3581487;
2007-10-02;0,304000;3588402;
2007-10-03;0,304000;3588685;
2007-10-04;0,304300;3592883;
2007-10-05;0,304000;3589136;
2007-10-08;0,304100;3591227;
2007-10-09;0,304400;3573692;
2007-10-10;0,304400;3572369;
2007-10-11;0,304200;3567611;
2007-10-12;0,304000;3564102;
2007-10-15;0,304100;3565128;
2007-10-16;0,304200;3569288;
2007-10-17;0,304500;3572089;
2007-10-18;0,305100;3578908;
2007-10-19;0,306100;3572752;
2007-10-22;0,306400;3576701;
2007-10-23;0,306500;3580123;
2007-10-24;0,306900;3583076;
2007-10-25;0,307100;3587947;
2007-10-26;0,307100;3587840;
2007-10-29;0,306800;3585618;
2007-10-30;0,306800;3591552;
2007-10-31;0,306200;3600157;
2007-11-01;0,306200;3600157;
2007-11-02;0,306200;3600157;
2007-11-05;0,306000;3598721;
2007-11-06;0,306000;3598294;
2007-11-07;0,306000;3604394;
2007-11-08;0,305900;3584552;
2007-11-09;0,306200;3586316;
2007-11-12;0,306100;3582411;
2007-11-13;0,305600;3581126;
2007-11-14;0,305500;3582445;
2007-11-15;0,305700;3586304;
2007-11-16;0,305300;3583079;
2007-11-19;0,305100;3561130;
2007-11-20;0,304700;3574562;
2007-11-21;0,303800;3564322;
2007-11-22;0,303800;3568987;
2007-11-23;0,303400;3556091;
2007-11-26;0,303700;3566447;
2007-11-27;0,303400;3567064;
2007-11-28;0,303100;3564417;
2007-11-29;0,303800;3577267;
2007-11-30;0,303300;3615440;
2007-12-03;0,304400;3639964;
2007-12-04;0,304500;3644089;
2007-12-05;0,304700;3649562;
2007-12-06;0,304100;3646853;
2007-12-07;0,303900;3640967;
2007-12-10;0,303800;3646922;
2007-12-11;0,304000;3653304;
2007-12-12;0,304400;3695309;
2007-12-13;0,304300;3692529;
2007-12-14;0,304000;3710423;
2007-12-17;0,304100;3752652;
2007-12-18;0,304000;3780865;
2007-12-19;0,304000;3827473;
2007-12-20;0,303800;3844040;
2007-12-21;0,303900;3868625;
2007-12-24;0,303900;3912927;
2007-12-25;0,303900;3912927;
2007-12-26;0,303900;3912927;
2007-12-27;0,303900;3937449;
2007-12-28;0,304600;3993494;
2007-12-31;0,304700;4077189;
2008-01-01;0,304700;4077189;
2008-01-02;0,305500;4049894;
2008-01-03;0,305500;4035790;
2008-01-04;0,306200;4043988;
2008-01-07;0,306000;4024392;
2008-01-08;0,306100;4016121;
2008-01-09;0,306400;4019296;
2008-01-10;0,306300;4014222;
2008-01-11;0,306400;4002016;
2008-01-14;0,306800;3943775;
2008-01-15;0,307100;3936733;
2008-01-16;0,307600;3944958;
2008-01-17;0,308000;3954080;
2008-01-18;0,309900;3966538;
2008-01-21;0,307800;3922075;
2008-01-22;0,307000;3909233;
2008-01-23;0,307700;3898953;
2008-01-24;0,307000;3879138;
2008-01-25;0,307300;3875089;
2008-01-28;0,307600;3875696;
2008-01-29;0,307500;3874917;
2008-01-30;0,307700;3884862;
2008-01-31;0,308400;3879967;
2008-02-01;0,308600;3883046;
2008-02-04;0,308600;3884296;
2008-02-05;0,309600;3896877;
2008-02-06;0,309500;3908267;
2008-02-07;0,309800;3912572;
2008-02-08;0,310000;3910951;
2008-02-11;0,310100;3911047;
2008-02-12;0,309500;3897601;
2008-02-13;0,309700;3900167;
2008-02-14;0,309400;3886647;
2008-02-15;0,309800;3898791;
2008-02-18;0,309800;3898791;
2008-02-19;0,309700;3898507;
2008-02-20;0,309600;3889808;
2008-02-21;0,309800;3888705;
2008-02-22;0,310000;3889203;
2008-02-25;0,309700;3883974;
2008-02-26;0,309500;3881201;
2008-02-27;0,309400;3873527;
2008-02-28;0,310100;3882401;
2008-02-29;0,311000;3889314;
2008-03-03;0,310800;3883082;
2008-03-04;0,310800;3870257;
2008-03-05;0,310500;3861337;
2008-03-06;0,310800;3865474;
2008-03-07;0,310600;3849872;
2008-03-10;0,310600;3849872;
2008-03-11;0,310600;3849872;
2008-03-12;0,311000;3852919;
2008-03-13;0,310800;3849500;
2008-03-14;0,311000;3853029;
2008-03-17;0,310800;3852803;
2008-03-18;0,310100;3831854;
2008-03-19;0,310300;3833583;
2008-03-20;0,310300;3837078;
2008-03-21;0,310400;3835516;
2008-03-24;0,310400;3835516;
2008-03-25;0,310400;3835516;
2008-03-26;0,309400;3822453;
2008-03-27;0,308900;3808308;
2008-03-28;0,308800;3802035;
2008-03-31;0,308900;3794593;
2008-04-01;0,308600;3785792;
2008-04-02;0,308700;3785839;
2008-04-03;0,308900;3783705;
2008-04-04;0,309400;3778844;
2008-04-07;0,309100;3760516;
2008-04-08;0,309500;3743276;
2008-04-09;0,309900;3724483;
2008-04-10;0,309700;3722622;
2008-04-11;0,310600;3729400;
2008-04-14;0,310700;3733104;
2008-04-15;0,310400;3728605;
2008-04-16;0,310300;3732705;
2008-04-17;0,310000;3728926;
2008-04-18;0,309700;3726675;
2008-04-21;0,309900;3728856;
2008-04-22;0,309900;3735107;
2008-04-23;0,309900;3733538;
2008-04-24;0,309700;3690416;
2008-04-25;0,309900;3694071;
2008-04-28;0,310200;3699295;
2008-04-29;0,310800;3702610;
2008-04-30;0,311100;3696955;
2008-05-01;0,311100;3696955;
2008-05-02;0,311100;3696955;
2008-05-05;0,311100;3696955;
2008-05-06;0,311700;3704277;
2008-05-07;0,312200;3705622;
2008-05-08;0,312900;3713291;
2008-05-09;0,313400;3710772;
2008-05-12;0,313200;3710268;
2008-05-13;0,312800;3704771;
2008-05-14;0,312700;3702202;
2008-05-15;0,312700;3700759;
2008-05-16;0,313200;3713849;
2008-05-19;0,313300;3712188;
2008-05-20;0,313700;3711609;
2008-05-21;0,313700;3710763;
2008-05-22;0,313700;3696419;
2008-05-23;0,314000;3700056;
2008-05-26;0,313600;3695964;
2008-05-27;0,313400;3691798;
2008-05-28;0,313300;3691258;
2008-05-29;0,312300;3669237;
2008-05-30;0,312700;3668919;
2008-06-02;0,313400;3671300;
2008-06-03;0,312500;3661043;
2008-06-04;0,313200;3665759;
2008-06-05;0,312300;3655763;
2008-06-06;0,313100;3664456;
2008-06-09;0,312300;3653062;
2008-06-10;0,311900;3662556;
2008-06-11;0,311100;3614533;
2008-06-12;0,310400;3606850;
2008-06-13;0,309500;3595238;
2008-06-16;0,309800;3607314;
2008-06-17;0,310300;3613262;
2008-06-18;0,310400;3588652;
2008-06-19;0,309400;3576625;
2008-06-20;0,310500;3589513;
2008-06-23;0,310500;3589513;
2008-06-24;0,310500;3589513;
2008-06-25;0,310900;3592743;
2008-06-26;0,311900;3605488;
2008-06-27;0,312100;3605237;
2008-06-30;0,311500;3592400;
2008-07-01;0,311400;3592448;
2008-07-02;0,310800;3585568;
2008-07-03;0,311600;3593240;
2008-07-04;0,312500;3603825;
2008-07-07;0,312500;3603825;
2008-07-08;0,312900;3611235;
2008-07-09;0,312700;3607270;
2008-07-10;0,313100;3593333;
2008-07-11;0,312800;3587349;
2008-07-14;0,313300;3572168;
2008-07-15;0,313500;3574095;
2008-07-16;0,313300;3579797;
2008-07-17;0,312800;3574197;
2008-07-18;0,311000;3553046;
2008-07-21;0,310000;3545506;
2008-07-22;0,309900;3544952;
2008-07-23;0,310100;3546634;
2008-07-24;0,311400;3571427;
2008-07-25;0,310900;3564236;
2008-07-28;0,312100;3562329;
2008-07-29;0,312600;3564535;
2008-07-30;0,313500;3575110;
2008-07-31;0,314400;3585537;
2008-08-01;0,314500;3587586;
2008-08-04;0,315000;3587934;
2008-08-05;0,315100;3590440;
2008-08-06;0,315300;3584217;
2008-08-07;0,316700;3600000;
2008-08-08;0,316600;3598579;
2008-08-11;0,316500;3598863;
2008-08-12;0,317200;3606664;
2008-08-13;0,317700;3613014;
2008-08-14;0,317500;3612267;
2008-08-15;0,317500;3612267;
2008-08-18;0,318200;3620305;
2008-08-19;0,318200;3590140;
2008-08-20;0,318800;3589980;
2008-08-21;0,318000;3675002;
2008-08-22;0,317400;3670594;
2008-08-25;0,319000;3690912;
2008-08-26;0,319000;3693015;
2008-08-27;0,318200;3674145;
2008-08-28;0,318300;3674980;
2008-08-29;0,318400;3676134;
2008-09-01;0,318800;3688860;
2008-09-02;0,318700;3687372;
2008-09-03;0,318600;3699278;
2008-09-04;0,318600;3700154;
2008-09-05;0,318700;3698568;
2008-09-08;0,318600;3698435;
2008-09-09;0,318400;3696303;
2008-09-10;0,317900;3692543;
2008-09-11;0,317900;3692699;
2008-09-12;0,316000;3671841;
2008-09-15;0,315400;3666513;
2008-09-16;0,314500;3657762;
2008-09-17;0,312800;3627715;
2008-09-18;0,311100;3621144;
2008-09-19;0,310900;3625732;
2008-09-22;0,310400;3621974;
2008-09-23;0,309900;3620648;
2008-09-24;0,309500;3620138;
2008-09-25;0,307000;3579604;
2008-09-26;0,308100;3592726;
2008-09-29;0,309000;3623144;
2008-09-30;0,307500;3592769;
2008-10-01;0,307600;3574988;
2008-10-02;0,308000;3580333;
2008-10-03;0,307600;3573793;
2008-10-06;0,307200;3572006;
2008-10-07;0,307800;3538825;
2008-10-08;0,299700;3452135;
2008-10-09;0,298600;3427385;
2008-10-10;0,295900;3389822;
2008-10-13;0,295500;3390539;
2008-10-14;0,294800;3380561;
2008-10-15;0,293000;3349376;
2008-10-16;0,292000;3337956;
2008-10-17;0,291400;3312012;
2008-10-20;0,291400;3314746;
2008-10-21;0,285800;3253167;
2008-10-22;0,282400;3217060;
2008-10-23;0,281700;3208112;
2008-10-24;0,280900;3194758;
2008-10-27;0,272900;3094279;
2008-10-28;0,265700;3013425;
2008-10-29;0,266500;3014025;
2008-10-30;0,266100;3011017;
2008-10-31;0,262000;2979042;
2008-11-03;0,262000;2979042;
2008-11-04;0,266500;3015975;
2008-11-05;0,267500;3034128;
2008-11-06;0,268400;3039016;
2008-11-07;0,269300;3049644;
2008-11-10;0,270400;3063302;
2008-11-11;0,271100;3071350;
2008-11-12;0,270600;3062907;
2008-11-13;0,270100;3058740;
2008-11-14;0,271100;3071534;
2008-11-17;0,269100;3050257;
2008-11-18;0,267800;3036875;
2008-11-19;0,269000;3053334;
2008-11-20;0,269800;3055225;
2008-11-21;0,269600;3043448;
2008-11-24;0,269100;3017469;
2008-11-25;0,271500;3045475;
2008-11-26;0,271900;3042990;
2008-11-27;0,271200;3029632;
2008-11-28;0,271400;3034469;
2008-12-01;0,272900;3067255;
2008-12-02;0,275500;3092670;
2008-12-03;0,276500;3105686;
2008-12-04;0,277000;3100377;
2008-12-05;0,276800;3100721;
2008-12-08;0,274100;3067704;
2008-12-09;0,272800;3054643;
2008-12-10;0,273600;3033485;
2008-12-11;0,275000;3036341;
2008-12-12;0,273400;3004135;
2008-12-15;0,275100;3029290;
2008-12-16;0,275900;3027938;
2008-12-17;0,278700;3048025;
2008-12-18;0,278500;3044714;
2008-12-19;0,276700;3022144;
2008-12-22;0,278800;3025380;
2008-12-23;0,278800;3035006;
2008-12-24;0,279100;3057371;
2008-12-25;0,279100;3057371;
2008-12-26;0,279100;3057371;
2008-12-29;0,279900;3059105;
2008-12-30;0,278100;3050961;
2008-12-31;0,278300;3106367;
2009-01-01;0,278300;3106367;
2009-01-02;0,278300;3106367;
2009-01-05;0,278200;3099548;
2009-01-06;0,276800;3082338;
2009-01-07;0,275500;3068006;
2009-01-08;0,275900;3072075;
2009-01-09;0,280000;3111413;
2009-01-12;0,282000;3134316;
2009-01-13;0,283200;3140694;
2009-01-14;0,284500;3156642;
2009-01-15;0,284900;3159377;
2009-01-16;0,285700;3168647;
2009-01-19;0,287000;3188900;
2009-01-20;0,288300;3202133;
2009-01-21;0,288500;3205529;
2009-01-22;0,288900;3208029;
2009-01-23;0,287400;3191711;
2009-01-26;0,287000;3175205;
2009-01-27;0,288100;3212162;
2009-01-28;0,288500;3213409;
2009-01-29;0,289800;3224097;
2009-01-30;0,290000;3227181;
2009-02-02;0,290500;3232818;
2009-02-03;0,290800;3237510;
2009-02-04;0,292000;3250472;
2009-02-05;0,291900;3249660;
2009-02-06;0,291700;3247712;
2009-02-09;0,291100;3238905;
2009-02-10;0,291900;3248175;
2009-02-11;0,292300;3253698;
2009-02-12;0,293800;3269634;
2009-02-13;0,293600;3280257;
2009-02-16;0,293600;3280257;
2009-02-17;0,294000;3285283;
2009-02-18;0,294300;3289306;
2009-02-19;0,291800;3262110;
2009-02-20;0,292400;3267142;
2009-02-23;0,292400;3266072;
2009-02-24;0,291400;3254720;
2009-02-25;0,290300;3243183;
2009-02-26;0,288100;3219045;
2009-02-27;0,289100;3228655;
2009-03-02;0,290300;3239813;
2009-03-03;0,291000;3246759;
2009-03-04;0,290700;3245890;
2009-03-05;0,293400;3281316;
2009-03-06;0,294800;3299241;
2009-03-09;0,294500;3284085;
2009-03-10;0,292800;3285230;
2009-03-11;0,292800;3285230;
2009-03-12;0,293700;3295245;
2009-03-13;0,293300;3285875;
2009-03-16;0,293300;3287935;
2009-03-17;0,292300;3284426;
2009-03-18;0,292300;3284866;
2009-03-19;0,293900;3318449;
2009-03-20;0,294400;3328569;
2009-03-23;0,294500;3317296;
2009-03-24;0,294500;3316892;
2009-03-25;0,296000;3333805;
2009-03-26;0,296900;3344323;
2009-03-27;0,297800;3354612;
2009-03-30;0,298700;3363316;
2009-03-31;0,298700;3361286;
2009-04-01;0,299200;3366565;
2009-04-02;0,298200;3354439;
2009-04-03;0,297700;3347661;
2009-04-06;0,298800;3358800;
2009-04-07;0,299900;3364322;
2009-04-08;0,300400;3370942;
2009-04-09;0,301300;3380564;
2009-04-10;0,301000;3367163;
2009-04-13;0,301000;3367163;
2009-04-14;0,302100;3380811;
2009-04-15;0,303300;3395267;
2009-04-16;0,304000;3400165;
2009-04-17;0,304100;3397526;
2009-04-20;0,306000;3425623;
2009-04-21;0,306100;3422214;
2009-04-22;0,306100;3422022;
2009-04-23;0,306900;3431013;
2009-04-24;0,306900;3428509;
2009-04-27;0,308600;3449088;
2009-04-28;0,309300;3454718;
2009-04-29;0,309700;3460604;
2009-04-30;0,309700;3460935;
2009-05-01;0,309700;3460935;
2009-05-04;0,309000;3452241;
2009-05-05;0,310000;3461673;
2009-05-06;0,310300;3463879;
2009-05-07;0,309500;3448547;
2009-05-08;0,310100;3445493;
2009-05-11;0,311300;3432137;
2009-05-12;0,311300;3433259;
2009-05-13;0,314300;3463555;
2009-05-14;0,315500;3478282;
2009-05-15;0,315500;3479299;
2009-05-18;0,315900;3483639;
2009-05-19;0,316600;3492839;
2009-05-20;0,317200;3511202;
2009-05-21;0,317900;3519279;
2009-05-22;0,318300;3524006;
2009-05-25;0,316300;3502163;
2009-05-26;0,316500;3504933;
2009-05-27;0,316800;3506421;
2009-05-28;0,318300;3522967;
2009-05-29;0,319000;3518475;
2009-06-01;0,319100;3519239;
2009-06-02;0,320800;3537840;
2009-06-03;0,321700;3540129;
2009-06-04;0,320600;3528733;
2009-06-05;0,319900;3521697;
2009-06-08;0,320300;3529894;
2009-06-09;0,319500;3519882;
2009-06-10;0,319400;3519602;
2009-06-11;0,319500;3521533;
2009-06-12;0,320200;3528579;
2009-06-15;0,321300;3530171;
2009-06-16;0,321100;3528281;
2009-06-17;0,322000;3548433;
2009-06-18;0,321300;3535835;
2009-06-19;0,322000;3551541;
2009-06-22;0,322700;3562451;
2009-06-23;0,323000;3566139;
2009-06-24;0,323000;3566139;
2009-06-25;0,323600;3570797;
2009-06-26;0,324100;3576421;
2009-06-29;0,325900;3596305;
2009-06-30;0,326100;3599522;
2009-07-01;0,325900;3598223;
2009-07-02;0,327400;3614222;
2009-07-03;0,327300;3613460;
2009-07-06;0,327300;3613460;
2009-07-07;0,327700;3621217;
2009-07-08;0,328500;3630514;
2009-07-09;0,328300;3624527;
2009-07-10;0,328700;3629278;
2009-07-13;0,328700;3634723;
2009-07-14;0,328300;3620528;
2009-07-15;0,327700;3615977;
2009-07-16;0,329200;3599855;
2009-07-17;0,328700;3601479;
2009-07-20;0,328600;3602722;
2009-07-21;0,330300;3602402;
2009-07-22;0,330400;3603720;
2009-07-23;0,329600;3594969;
2009-07-24;0,329600;3594873;
2009-07-27;0,329900;3598939;
2009-07-28;0,330700;3609625;
2009-07-29;0,331200;3617403;
2009-07-30;0,331400;3619622;
2009-07-31;0,333700;3659559;
2009-08-03;0,333400;3657281;
2009-08-04;0,333600;3659386;
2009-08-05;0,333800;3662283;
2009-08-06;0,333900;3663438;
2009-08-07;0,332200;3642656;
2009-08-10;0,332500;3646663;
2009-08-11;0,332900;3650942;
2009-08-12;0,333900;3662158;
2009-08-13;0,334400;3667761;
2009-08-14;0,336800;3695610;
2009-08-17;0,337700;3717813;
2009-08-18;0,338100;3716273;
2009-08-19;0,338900;3724424;
2009-08-20;0,338900;3725484;
2009-08-21;0,338200;3718318;
2009-08-24;0,338300;3720072;
2009-08-25;0,339500;3733580;
2009-08-26;0,340300;3739762;
2009-08-27;0,340400;3740456;
2009-08-28;0,340100;3738112;
2009-08-31;0,340200;3740105;
2009-09-01;0,340500;3742967;
2009-09-02;0,341300;3752315;
2009-09-03;0,341200;3750980;
2009-09-04;0,339800;3734709;
2009-09-07;0,339800;3727767;
2009-09-08;0,340000;3729850;
2009-09-09;0,340000;3731266;
2009-09-10;0,340800;3740807;
2009-09-11;0,341600;3750049;
2009-09-14;0,341400;3749118;
2009-09-15;0,341300;3748612;
2009-09-16;0,341500;3757860;
2009-09-17;0,341500;3758541;
2009-09-18;0,341500;3756413;
2009-09-21;0,341500;3757458;
2009-09-22;0,341500;3758478;
2009-09-23;0,341400;3756764;
2009-09-24;0,342300;3776651;
2009-09-25;0,342500;3779369;
2009-09-28;0,342500;3779564;
2009-09-29;0,342700;3782560;
2009-09-30;0,342900;3785810;
2009-10-01;0,343600;3778662;
2009-10-02;0,344000;3783248;
2009-10-05;0,344200;3786194;
2009-10-06;0,344300;3787306;
2009-10-07;0,344700;3791851;
2009-10-08;0,344900;3791240;
2009-10-09;0,344100;3783530;
2009-10-12;0,344200;3787397;
2009-10-13;0,344600;3791943;
2009-10-14;0,344300;3789975;
2009-10-15;0,344000;3786837;
2009-10-16;0,344100;3787874;
2009-10-19;0,344100;3795789;
2009-10-20;0,344700;3801765;
2009-10-21;0,344200;3796210;
2009-10-22;0,344900;3804272;
2009-10-23;0,344600;3800960;
2009-10-26;0,344600;3801688;
2009-10-27;0,345500;3808704;
2009-10-28;0,345700;3811403;
2009-10-29;0,345100;3801673;
2009-10-30;0,346200;3817149;
2009-11-02;0,346200;3815660;
2009-11-03;0,346200;3814363;
2009-11-04;0,345700;3799697;
2009-11-05;0,345600;3798912;
2009-11-06;0,345700;3799469;
2009-11-09;0,346400;3807119;
2009-11-10;0,346900;3814661;
2009-11-11;0,347000;3815997;
2009-11-12;0,346900;3815041;
2009-11-13;0,346700;3814998;
2009-11-16;0,347100;3827461;
2009-11-17;0,347600;3850593;
2009-11-18;0,347600;3850623;
2009-11-19;0,347600;3851541;
2009-11-20;0,347500;3856232;
2009-11-23;0,347300;3854743;
2009-11-24;0,347700;3858887;
2009-11-25;0,347600;3859444;
2009-11-26;0,348600;3871031;
2009-11-27;0,348500;3864021;
2009-11-30;0,348600;3868386;
2009-12-01;0,348800;3853753;
2009-12-02;0,348900;3854535;
2009-12-03;0,348600;3847129;
2009-12-04;0,348000;3841330;
2009-12-07;0,348600;3854932;
2009-12-08;0,349100;3862001;
2009-12-09;0,349100;3867747;
2009-12-10;0,348700;3865602;
2009-12-11;0,348700;3867085;
2009-12-14;0,349000;3879411;
2009-12-15;0,348600;3809349;
2009-12-16;0,349300;3820310;
2009-12-17;0,349700;3825526;
2009-12-18;0,349700;3835233;
2009-12-21;0,341900;3752451;
2009-12-22;0,341500;3754735;
2009-12-23;0,341300;3712910;
2009-12-24;0,341300;3710523;
2009-12-25;0,341300;3710523;
2009-12-28;0,340900;3684401;
2009-12-29;0,340700;3682343;
2009-12-30;0,340400;3696013;
2009-12-31;0,340400;3712108;
2010-01-01;0,340400;3712108;
2010-01-04;0,340800;3655053;
2010-01-05;0,343100;3666955;
2010-01-06;0,342900;3644061;
2010-01-07;0,343800;3640008;
2010-01-08;0,344100;3639134;
2010-01-11;0,344800;3646675;
2010-01-12;0,345000;3648402;
2010-01-13;0,345300;3651390;
2010-01-14;0,345300;3652091;
2010-01-15;0,345700;3664644;
2010-01-18;0,345800;3661408;
2010-01-19;0,345600;3656737;
2010-01-20;0,346200;3662993;
2010-01-21;0,346400;3655728;
2010-01-22;0,346400;3655907;
2010-01-25;0,346600;3652696;
2010-01-26;0,346800;3656681;
2010-01-27;0,346800;3651554;
2010-01-28;0,346800;3651173;
2010-01-29;0,346800;3652791;
2010-02-01;0,347100;3652892;
2010-02-02;0,347500;3656319;
2010-02-03;0,347600;3657463;
2010-02-04;0,348000;3644566;
2010-02-05;0,348300;3883417;
2010-02-08;0,348100;3879132;
2010-02-09;0,348300;3880559;
2010-02-10;0,348600;3885306;
2010-02-11;0,348700;3886077;
2010-02-12;0,349100;3882341;
2010-02-15;0,349100;3882341;
2010-02-16;0,349100;3882341;
2010-02-17;0,349300;3884142;
2010-02-18;0,348800;3881911;
2010-02-19;0,348600;3877447;
2010-02-22;0,349000;3879734;
2010-02-23;0,350100;3905952;
2010-02-24;0,350500;3892172;
2010-02-25;0,350700;3894004;
2010-02-26;0,351100;3898902;
2010-03-01;0,351600;3904558;
2010-03-02;0,351900;3908904;
2010-03-03;0,352100;3910551;
2010-03-04;0,352100;3889247;
2010-03-05;0,351900;3886410;
2010-03-08;0,352000;3885505;
2010-03-09;0,352400;3889300;
2010-03-10;0,352400;3890141;
2010-03-11;0,352400;3890141;
2010-03-12;0,352400;3890141;
2010-03-15;0,352900;3893373;
2010-03-16;0,353300;3897515;
2010-03-17;0,353800;3912396;
2010-03-18;0,353400;3908826;
2010-03-19;0,353400;3908900;
2010-03-22;0,353700;3912378;
2010-03-23;0,354000;3914811;
2010-03-24;0,353800;3912821;
2010-03-25;0,353500;3909239;
2010-03-26;0,353500;3910181;
2010-03-29;0,353700;3912486;
2010-03-30;0,353800;3909851;
2010-03-31;0,354000;3912988;
2010-04-01;0,354100;3914378;
2010-04-02;0,354100;3914153;
2010-04-05;0,354100;3914153;
2010-04-06;0,353300;3906227;
2010-04-07;0,353600;3908030;
2010-04-08;0,353700;3925158;
2010-04-09;0,353400;3915185;
2010-04-12;0,353800;3920003;
2010-04-13;0,353900;3921501;
2010-04-14;0,354100;3923304;
2010-04-15;0,354300;3931861;
2010-04-16;0,355000;3939714;
2010-04-19;0,354800;3938089;
2010-04-20;0,354500;3935065;
2010-04-21;0,354400;3934771;
2010-04-22;0,353800;3927860;
2010-04-23;0,353600;3925201;
2010-04-26;0,352800;3917316;
2010-04-27;0,353100;3920586;
2010-04-28;0,352400;3923633;
2010-04-29;0,353000;3937029;
2010-04-30;0,353600;3936025;
2010-05-03;0,353700;3937894;
2010-05-04;0,354000;3940566;
2010-05-05;0,354100;3941700;
2010-05-06;0,353500;3941559;
2010-05-07;0,351800;3927981;
2010-05-10;0,355100;3964603;
2010-05-11;0,355600;3977956;
2010-05-12;0,355800;3980276;
2010-05-13;0,356000;3975295;
2010-05-14;0,356500;3979818;
2010-05-17;0,356200;3989007;
2010-05-18;0,357000;3998025;
2010-05-19;0,357100;4001243;
2010-05-20;0,357200;4004182;
2010-05-21;0,356800;3995231;
2010-05-24;0,356800;3996613;
2010-05-25;0,356900;3997465;
2010-05-26;0,356500;3989329;
2010-05-27;0,356300;3984975;
2010-05-28;0,356600;3987905;
2010-05-31;0,356800;3990677;
2010-06-01;0,356400;3984453;
2010-06-02;0,356200;3984050;
2010-06-03;0,355900;3977547;
2010-06-04;0,355800;3977096;
2010-06-07;0,355400;3972726;
2010-06-08;0,355600;3971809;
2010-06-09;0,355700;3974061;
2010-06-10;0,355500;3972762;
2010-06-11;0,356200;3977126;
2010-06-14;0,355600;3971152;
2010-06-15;0,355300;3889704;
2010-06-16;0,355300;3890080;
2010-06-17;0,355400;3891704;
2010-06-18;0,355200;3888965;
2010-06-21;0,355200;3888535;
2010-06-22;0,355700;3893706;
2010-06-23;0,355800;3901480;
2010-06-24;0,355800;3901480;
2010-06-25;0,355800;3901480;
2010-06-28;0,355900;3903218;
2010-06-29;0,356200;3906902;
2010-06-30;0,356200;3908203;
2010-07-01;0,356200;3908702;
2010-07-02;0,356400;3909089;
2010-07-05;0,356400;3909089;
2010-07-06;0,356400;3909089;
2010-07-07;0,356600;3912685;
2010-07-08;0,356500;3911298;
2010-07-09;0,356600;3912669;
2010-07-12;0,357400;3921424;
2010-07-13;0,357000;3912948;
2010-07-14;0,356700;3911050;
2010-07-15;0,356800;3911962;
2010-07-16;0,357200;3916854;
2010-07-19;0,356600;3909843;
2010-07-20;0,356800;3907356;
2010-07-21;0,357100;3918070;
2010-07-22;0,357200;3917723;
2010-07-23;0,356800;3913904;
2010-07-26;0,356400;3909238;
2010-07-27;0,356600;3898535;
2010-07-28;0,357100;3899587;
2010-07-29;0,357400;3902713;
2010-07-30;0,357800;3924979;
2010-08-02;0,357700;3924713;
2010-08-03;0,358800;3936925;
2010-08-04;0,358900;3938280;
2010-08-05;0,359300;3945597;
2010-08-06;0,359800;3952080;
2010-08-09;0,359900;3953212;
2010-08-10;0,359800;3952066;
2010-08-11;0,360800;3964508;
2010-08-12;0,360900;3965601;
2010-08-13;0,360900;3966309;
2010-08-16;0,361300;3971650;
2010-08-17;0,361100;3969860;
2010-08-18;0,361500;3975788;
2010-08-19;0,361800;3978884;
2010-08-20;0,362200;3983231;
2010-08-23;0,362200;3983233;
2010-08-24;0,362800;3988381;
2010-08-25;0,362700;3987943;
2010-08-26;0,362600;3989017;
2010-08-27;0,362100;3973293;
2010-08-30;0,362700;3981085;
2010-08-31;0,363000;3984172;
2010-09-01;0,362200;3976290;
2010-09-02;0,362000;3973450;
2010-09-03;0,361400;3967364;
2010-09-06;0,361600;3961490;
2010-09-07;0,362300;3967712;
2010-09-08;0,361900;3961017;
2010-09-09;0,361400;3955317;
2010-09-10;0,360700;3946458;
2010-09-13;0,360700;3947137;
2010-09-14;0,361000;3951056;
2010-09-15;0,360500;3946489;
2010-09-16;0,359700;3937733;
2010-09-17;0,360000;3948109;
2010-09-20;0,359500;3942713;
2010-09-21;0,359800;3946417;
2010-09-22;0,360900;3957885;
2010-09-23;0,361400;3963482;
2010-09-24;0,360900;3958038;
2010-09-27;0,361500;3965786;
2010-09-28;0,361600;3964133;
2010-09-29;0,361400;3954545;
2010-09-30;0,361100;3942226;
2010-10-01;0,361100;3925403;
2010-10-04;0,361600;3927993;
2010-10-05;0,361600;3929262;
2010-10-06;0,362500;3936562;
2010-10-07;0,362300;3933833;
2010-10-08;0,362500;3937226;
2010-10-11;0,362800;3939881;
2010-10-12;0,363200;3944753;
2010-10-13;0,363500;3948616;
2010-10-14;0,363600;3956017;
2010-10-15;0,363100;3944788;
2010-10-18;0,362700;3940563;
2010-10-19;0,362300;3935090;
2010-10-20;0,361800;3931519;
2010-10-21;0,361400;3927700;
2010-10-22;0,361300;3926773;
2010-10-25;0,361700;3928230;
2010-10-26;0,361400;3925018;
2010-10-27;0,360900;3920111;
2010-10-28;0,360900;3920716;
2010-10-29;0,361200;3924516;
2010-11-01;0,361200;3924516;
2010-11-02;0,361300;3919504;
2010-11-03;0,361700;3922729;
2010-11-04;0,362000;3926035;
2010-11-05;0,361900;3925801;
2010-11-08;0,361800;3924820;
2010-11-09;0,361700;3921252;
2010-11-10;0,361200;3917124;
2010-11-11;0,361000;3915249;
2010-11-12;0,360500;3922576;
2010-11-15;0,360300;3922982;
2010-11-16;0,359500;3919070;
2010-11-17;0,359700;3927735;
2010-11-18;0,358600;3917650;
2010-11-19;0,358700;3911690;
2010-11-22;0,359200;3918329;
2010-11-23;0,359700;3919680;
2010-11-24;0,358800;3893456;
2010-11-25;0,358400;3885137;
2010-11-26;0,358200;3889734;
2010-11-29;0,357600;3883780;
2010-11-30;0,357100;3881036;
2010-12-01;0,356800;3879163;
2010-12-02;0,356900;3884314;
2010-12-03;0,357000;3886551;
2010-12-06;0,357400;3891623;
2010-12-07;0,356900;3891608;
2010-12-08;0,356000;3840541;
2010-12-09;0,355800;3843146;
2010-12-10;0,355600;3841116;
2010-12-13;0,355500;3848213;
2010-12-14;0,355100;3850471;
2010-12-15;0,355000;3851468;
2010-12-16;0,354800;3856084;
2010-12-17;0,355100;3869757;
2010-12-20;0,355700;3886312;
2010-12-21;0,355500;3890516;
2010-12-22;0,356100;3899684;
2010-12-23;0,356000;3901672;
2010-12-24;0,356000;3901672;
2010-12-27;0,355600;3899478;
2010-12-28;0,356100;3969173;
2010-12-29;0,355900;3975701;
2010-12-30;0,356300;3999307;
2010-12-31;0,356500;4004261;
2011-01-03;0,356800;4006254;
2011-01-04;0,357000;4002875;
2011-01-05;0,356600;3998525;
2011-01-06;0,356600;3993938;
2011-01-07;0,356700;3993578;
2011-01-10;0,356500;3984518;
2011-01-11;0,356300;3978700;
2011-01-12;0,355700;3977407;
2011-01-13;0,355700;3977685;
2011-01-14;0,355800;3979579;
2011-01-17;0,355600;3975554;
2011-01-18;0,355200;3970709;
2011-01-19;0,355600;3974629;
2011-01-20;0,355000;3968083;
2011-01-21;0,355000;3968391;
2011-01-24;0,355300;3971673;
2011-01-25;0,355200;3970740;
2011-01-26;0,354700;3971134;
2011-01-27;0,354300;3966684;
2011-01-28;0,354500;3969224;
2011-01-31;0,354600;3968660;
2011-02-01;0,354500;3955519;
2011-02-02;0,354300;3953634;
2011-02-03;0,354800;3959313;
2011-02-04;0,354400;3948198;
2011-02-07;0,354600;3934714;
2011-02-08;0,354300;3925251;
2011-02-09;0,354000;3921655;
2011-02-10;0,354000;3922488;
2011-02-11;0,354200;3916035;
2011-02-14;0,354200;3913261;
2011-02-15;0,354300;3914776;
2011-02-16;0,354300;3914776;
2011-02-17;0,355400;3932036;
2011-02-18;0,354800;3925833;
2011-02-21;0,355200;3930354;
2011-02-22;0,355200;3931151;
2011-02-23;0,355300;3932071;
2011-02-24;0,355400;3931599;
2011-02-25;0,355200;3930872;
2011-02-28;0,355200;3926397;
2011-03-01;0,355200;3924836;
2011-03-02;0,355000;3922674;
2011-03-03;0,353700;3905800;
2011-03-04;0,353900;3908058;
2011-03-07;0,353900;3908667;
2011-03-08;0,353700;3906290;
2011-03-09;0,353800;3896930;
2011-03-10;0,354300;3902322;
2011-03-11;0,354300;3902322;
2011-03-14;0,355200;3912416;
2011-03-15;0,356000;3921942;
2011-03-16;0,356700;3946312;
2011-03-17;0,355900;3940175;
2011-03-18;0,355700;3937160;
2011-03-21;0,355100;3931373;
2011-03-22;0,355000;3924366;
2011-03-23;0,355000;3922300;
2011-03-24;0,355100;3923119;
2011-03-25;0,354800;3910555;
2011-03-28;0,354600;3894240;
2011-03-29;0,354400;3889760;
2011-03-30;0,354400;3878634;
2011-03-31;0,354200;3871534;
2011-04-01;0,354000;3872962;
2011-04-04;0,354400;3869616;
2011-04-05;0,354200;3870476;
2011-04-06;0,354300;3871142;
2011-04-07;0,354400;3854707;
2011-04-08;0,353700;3822593;
2011-04-11;0,353700;3823021;
2011-04-12;0,354300;3833705;
2011-04-13;0,354300;3836931;
2011-04-14;0,354200;3836061;
2011-04-15;0,354300;3837795;
2011-04-18;0,355000;3846050;
2011-04-19;0,354900;3850206;
2011-04-20;0,354800;3850257;
2011-04-21;0,355100;3853061;
2011-04-22;0,355100;3854536;
2011-04-25;0,355100;3854536;
2011-04-26;0,355300;3856574;
2011-04-27;0,354900;3837477;
2011-04-28;0,355400;3843053;
2011-04-29;0,355600;3845404;
2011-05-02;0,355500;3844905;
2011-05-03;0,355300;3842402;
2011-05-04;0,355200;3841652;
2011-05-05;0,356100;3852141;
2011-05-06;0,356500;3855675;
2011-05-09;0,357100;3862409;
2011-05-10;0,357100;3840840;
2011-05-11;0,357200;3843693;
2011-05-12;0,357500;3849435;
2011-05-13;0,357800;3857869;
2011-05-16;0,357600;3835725;
2011-05-17;0,357900;3839670;
2011-05-18;0,357700;3837644;
2011-05-19;0,357600;3836932;
2011-05-20;0,358100;3843132;
2011-05-23;0,358500;3848072;
2011-05-24;0,358300;3845481;
2011-05-25;0,358600;3847531;
2011-05-26;0,359200;3853606;
2011-05-27;0,359200;3850191;
2011-05-30;0,359100;3849964;
2011-05-31;0,358800;3847863;
2011-06-01;0,359100;3851022;
2011-06-02;0,359100;3846760;
2011-06-03;0,358800;3841063;
2011-06-06;0,358800;3845026;
2011-06-07;0,358300;3839528;
2011-06-08;0,358500;3841485;
2011-06-09;0,358600;3833500;
2011-06-10;0,359100;3838555;
2011-06-13;0,359100;3832584;
2011-06-14;0,358800;3828531;
2011-06-15;0,359200;3838815;
2011-06-16;0,359100;3838806;
2011-06-17;0,359000;3836793;
2011-06-20;0,358500;3832726;
2011-06-21;0,358500;3833606;
2011-06-22;0,358800;3835475;
2011-06-23;0,359100;3834220;
2011-06-24;0,359100;3834220;
2011-06-27;0,358800;3830293;
2011-06-28;0,358700;3829061;
2011-06-29;0,358600;3826367;
2011-06-30;0,358700;3827128;
2011-07-01;0,358700;3827444;
2011-07-04;0,358800;3805074;
2011-07-05;0,359000;3799359;
2011-07-06;0,359000;3799359;
2011-07-07;0,359100;3800702;
2011-07-08;0,359900;3809097;
2011-07-11;0,359900;3810231;
2011-07-12;0,359300;3803286;
2011-07-13;0,359300;3811318;
2011-07-14;0,359200;3812060;
2011-07-15;0,359400;3818135;
2011-07-18;0,359500;3818900;
2011-07-19;0,359500;3819576;
2011-07-20;0,359400;3818942;
2011-07-21;0,359000;3815243;
2011-07-22;0,359700;3822419;
2011-07-25;0,359800;3826361;
2011-07-26;0,360100;3817462;
2011-07-27;0,360800;3825038;
2011-07-28;0,360700;3824047;
2011-07-29;0,361100;3830727;
2011-08-01;0,361700;3836210;
2011-08-02;0,361700;3836007;
2011-08-03;0,361700;3836616;
2011-08-04;0,362400;3843704;
2011-08-05;0,362000;3840577;
2011-08-08;0,363000;3881419;
2011-08-09;0,362200;3877575;
2011-08-10;0,363500;3870660;
2011-08-11;0,362700;3860163;
2011-08-12;0,362700;3822940;
2011-08-15;0,362700;3822940;
2011-08-16;0,362900;3825984;
2011-08-17;0,364000;3826533;
2011-08-18;0,365000;3839250;
2011-08-19;0,364700;3841588;
2011-08-22;0,364700;3862869;
2011-08-23;0,364500;3854964;
2011-08-24;0,364000;3864136;
2011-08-25;0,364300;3866934;
2011-08-26;0,364400;3868369;
2011-08-29;0,363800;3856596;
2011-08-30;0,364600;3854394;
2011-08-31;0,364200;3850915;
2011-09-01;0,364600;3855070;
2011-09-02;0,365400;3864179;
2011-09-05;0,366000;3870638;
2011-09-06;0,365800;3884672;
2011-09-07;0,365700;3883261;
2011-09-08;0,366100;3888113;
2011-09-09;0,366600;3881347;
2011-09-12;0,366100;3876815;
2011-09-13;0,365400;3868597;
2011-09-14;0,364900;3873547;
2011-09-15;0,364700;3869321;
2011-09-16;0,365700;3880083;
2011-09-19;0,365900;3881464;
2011-09-20;0,365900;3880048;
2011-09-21;0,365800;3881155;
2011-09-22;0,366000;3882635;
2011-09-23;0,365200;3882089;
2011-09-26;0,364600;3873516;
2011-09-27;0,363800;3865449;
2011-09-28;0,363400;3860463;
2011-09-29;0,363300;3857802;
2011-09-30;0,364000;3865284;
2011-10-03;0,364200;3868025;
2011-10-04;0,363900;3864912;
2011-10-05;0,363100;3838664;
2011-10-06;0,362500;3833330;
2011-10-07;0,362300;3831236;
2011-10-10;0,361900;3825027;
2011-10-11;0,361900;3815086;
2011-10-12;0,361600;3812058;
2011-10-13;0,362200;3818621;
2011-10-14;0,361500;3801303;
2011-10-17;0,362300;3810725;
2011-10-18;0,362300;3813968;
2011-10-19;0,362200;3820786;
2011-10-20;0,362600;3824741;
2011-10-21;0,361900;3817194;
2011-10-24;0,361900;3818108;
2011-10-25;0,362600;3825628;
2011-10-26;0,363300;3832560;
2011-10-27;0,363000;3825895;
2011-10-28;0,363300;3833991;
2011-10-31;0,363300;3833991;
2011-11-01;0,363300;3833991;
2011-11-02;0,363900;3841106;
2011-11-03;0,363600;3830846;
2011-11-04;0,364100;3834228;
2011-11-07;0,364100;3834134;
2011-11-08;0,363800;3831717;
2011-11-09;0,362900;3826238;
2011-11-10;0,361500;3812824;
2011-11-11;0,360300;3800838;
2011-11-14;0,360700;3804699;
2011-11-15;0,359400;3806319;
2011-11-16;0,358900;3797441;
2011-11-17;0,357900;3787532;
2011-11-18;0,358100;3792209;
2011-11-21;0,357900;3797620;
2011-11-22;0,357300;3792064;
2011-11-23;0,356100;3780245;
2011-11-24;0,355600;3771817;
2011-11-25;0,355000;3754716;
2011-11-28;0,355200;3752512;
2011-11-29;0,355500;3754663;
2011-11-30;0,356900;3770026;
2011-12-01;0,358500;3787419;
2011-12-02;0,358800;3790621;
2011-12-05;0,359200;3796225;
2011-12-06;0,359200;3781750;
2011-12-07;0,359700;3771419;
2011-12-08;0,359900;3731007;
2011-12-09;0,359600;3719848;
2011-12-12;0,360100;3727376;
2011-12-13;0,360200;3745628;
2011-12-14;0,360800;3766518;
2011-12-15;0,361100;3802919;
2011-12-16;0,361700;3818148;
2011-12-19;0,361700;3805895;
2011-12-20;0,361900;3810385;
2011-12-21;0,362200;3829519;
2011-12-22;0,362200;3849322;
2011-12-23;0,362600;3865394;
2011-12-26;0,362600;3865394;
2011-12-27;0,362700;3865995;
2011-12-28;0,362900;3893353;
2011-12-29;0,363000;3915590;
2011-12-30;0,363300;4001752;
2012-01-02;0,362600;3994489;
2012-01-03;0,362700;3991236;
2012-01-04;0,362700;3990996;
2012-01-05;0,362500;3985520;
2012-01-06;0,362600;3963050;
2012-01-09;0,362700;3958090;
2012-01-10;0,362600;3957333;
2012-01-11;0,363400;3962353;
2012-01-12;0,363800;3960098;
2012-01-13;0,363900;3962017;
2012-01-16;0,364200;3959793;
2012-01-17;0,364000;3942589;
2012-01-18;0,364200;3908322;
2012-01-19;0,364200;3908636;
2012-01-20;0,364300;3906156;
2012-01-23;0,364400;3907471;
2012-01-24;0,364500;3908567;
2012-01-25;0,364900;3918052;
2012-01-26;0,365800;3928315;
2012-01-27;0,366300;3931668;
2012-01-30;0,366700;3932742;
2012-01-31;0,367100;3949009;
2012-02-01;0,367300;3951322;
2012-02-02;0,368000;3944776;
2012-02-03;0,367700;3942265;
2012-02-06;0,368300;3948146;
2012-02-07;0,368100;3945714;
2012-02-08;0,368000;3934543;
2012-02-09;0,367800;3932533;
2012-02-10;0,368400;3939142;
2012-02-13;0,368500;3940841;
2012-02-14;0,368700;3943366;
2012-02-15;0,368900;3951596;
2012-02-16;0,368900;3951596;
2012-02-17;0,368400;3946011;
2012-02-20;0,368500;3945628;
2012-02-21;0,368600;3946143;
2012-02-22;0,369100;3952002;
2012-02-23;0,369300;3954528;
2012-02-24;0,369700;3954880;
2012-02-27;0,370300;3960928;
2012-02-28;0,370600;3970315;
2012-02-29;0,370900;3974234;
2012-03-01;0,371400;3984257;
2012-03-02;0,371900;3990271;
2012-03-05;0,372100;3993311;
2012-03-06;0,372300;3995398;
2012-03-07;0,372500;3976292;
2012-03-08;0,372600;3975309;
2012-03-09;0,372600;3975357;
2012-03-12;0,373100;3979826;
2012-03-13;0,373100;3979122;
2012-03-14;0,372200;3979763;
2012-03-15;0,371900;3975156;
2012-03-16;0,371400;3970168;
2012-03-19;0,371600;3969315;
2012-03-20;0,371600;3970074;
2012-03-21;0,371900;3972972;
2012-03-22;0,372000;3974523;
2012-03-23;0,372100;3975244;
2012-03-26;0,371800;3971617;
2012-03-27;0,372100;3974936;
2012-03-28;0,372300;3975652;
2012-03-29;0,372400;3976778;
2012-03-30;0,372600;3979709;
2012-04-02;0,372700;4001011;
2012-04-03;0,372700;3931205;
2012-04-04;0,372700;3931898;
2012-04-05;0,372900;3934195;
2012-04-06;0,372900;3934372;
2012-04-09;0,372900;3934372;
2012-04-10;0,373300;3939245;
2012-04-11;0,373100;3932564;
2012-04-12;0,373100;3938543;
2012-04-13;0,373300;3952132;
2012-04-16;0,373300;3944083;
2012-04-17;0,373300;3944885;
2012-04-18;0,373600;3947893;
2012-04-19;0,373600;3947263;
2012-04-20;0,373500;3934360;
2012-04-23;0,373700;3935930;
2012-04-24;0,373600;3935337;
2012-04-25;0,373600;3936739;
2012-04-26;0,374100;3942159;
2012-04-27;0,374100;3942534;
2012-04-30;0,374500;3947975;
2012-05-01;0,374500;3947975;
2012-05-02;0,375000;3946138;
2012-05-03;0,375300;3949956;
2012-05-04;0,375700;3954055;
2012-05-07;0,375800;3957507;
2012-05-08;0,376200;3963628;
2012-05-09;0,375900;3987496;
2012-05-10;0,376100;3989668;
2012-05-11;0,376200;3991179;
2012-05-14;0,376200;3989029;
2012-05-15;0,375800;3993377;
2012-05-16;0,375600;3991412;
2012-05-17;0,375800;3997572;
2012-05-18;0,375600;4005270;
2012-05-21;0,375700;4007033;
2012-05-22;0,375900;4009247;
2012-05-23;0,376200;4014939;
2012-05-24;0,376400;4017912;
2012-05-25;0,376700;4020771;
2012-05-28;0,376700;4021322;
2012-05-29;0,376800;4021508;
2012-05-30;0,377100;4033175;
2012-05-31;0,377500;4041247;
2012-06-01;0,377800;4038726;
2012-06-04;0,377400;4035639;
2012-06-05;0,377400;4036275;
2012-06-06;0,376800;4029281;
2012-06-07;0,376400;4021755;
2012-06-08;0,376900;4026286;
2012-06-11;0,376900;4032489;
2012-06-12;0,375800;4023978;
2012-06-13;0,375300;4015733;
2012-06-14;0,375300;4032627;
2012-06-15;0,375600;4040404;
2012-06-18;0,375500;4038642;
2012-06-19;0,374900;4032560;
2012-06-20;0,374600;4030040;
2012-06-21;0,375200;4042122;
2012-06-22;0,375100;4041540;
2012-06-25;0,375900;4049855;
2012-06-26;0,375700;4049924;
2012-06-27;0,375300;4046167;
2012-06-28;0,375500;4050472;
2012-06-29;0,375500;4046587;
2012-07-02;0,376100;4054170;
2012-07-03;0,376400;4056376;
2012-07-04;0,376600;4058217;
2012-07-05;0,377100;4063971;
2012-07-06;0,377100;4063971;
2012-07-09;0,376700;4059520;
2012-07-10;0,377000;4062035;
2012-07-11;0,377700;4069224;
2012-07-12;0,378000;4075824;
2012-07-13;0,378100;4082546;
2012-07-16;0,378700;4090260;
2012-07-17;0,379000;4093511;
2012-07-18;0,379100;4094071;
2012-07-19;0,379300;4097445;
2012-07-20;0,379600;4097145;
2012-07-23;0,379000;4093568;
2012-07-24;0,378400;4115646;
2012-07-25;0,378200;4114027;
2012-07-26;0,378300;4114868;
2012-07-27;0,378200;4115160;
2012-07-30;0,378800;4121458;
2012-07-31;0,379600;4149310;
2012-08-01;0,379300;4148632;
2012-08-02;0,380100;4155506;
2012-08-03;0,378900;4143045;
2012-08-06;0,379200;4146734;
2012-08-07;0,378800;4142087;
2012-08-08;0,379000;4138691;
2012-08-09;0,379100;4140176;
2012-08-10;0,379200;4141615;
2012-08-13;0,379200;4141687;
2012-08-14;0,378900;4144925;
2012-08-15;0,378900;4144925;
2012-08-16;0,378400;4149195;
2012-08-17;0,378700;4152212;
2012-08-20;0,378600;4152752;
2012-08-21;0,378400;4149375;
2012-08-22;0,378900;4155993;
2012-08-23;0,379500;4168712;
2012-08-24;0,379700;4170543;
2012-08-27;0,379700;4173499;
2012-08-28;0,379700;4273422;
2012-08-29;0,379500;4270936;
2012-08-30;0,379800;4273855;
2012-08-31;0,379800;4275491;
2012-09-03;0,379700;4274092;
2012-09-04;0,379700;4274525;
2012-09-05;0,379500;4272694;
2012-09-06;0,379100;4268407;
2012-09-07;0,379700;4275319;
2012-09-10;0,379500;4273874;
2012-09-11;0,379600;4275097;
2012-09-12;0,379300;4278664;
2012-09-13;0,379700;4283866;
2012-09-14;0,378900;4275003;
2012-09-17;0,379100;4263908;
2012-09-18;0,379400;4267653;
2012-09-19;0,379600;4278701;
2012-09-20;0,380000;4283260;
2012-09-21;0,380000;4275272;
2012-09-24;0,380100;4268567;
2012-09-25;0,380000;4267914;
2012-09-26;0,380600;4275817;
2012-09-27;0,380700;4276285;
2012-09-28;0,380900;4278839;
2012-10-01;0,380800;4268957;
2012-10-02;0,380900;4270562;
2012-10-03;0,381100;4272328;
2012-10-04;0,381100;4273145;
2012-10-05;0,380900;4252144;
2012-10-08;0,381200;4256902;
2012-10-09;0,381400;4258271;
2012-10-10;0,381400;4258687;
2012-10-11;0,381400;4253693;
2012-10-12;0,381800;4265913;
2012-10-15;0,381900;4270183;
2012-10-16;0,381600;4274370;
2012-10-17;0,381200;4270062;
2012-10-18;0,381200;4269410;
2012-10-19;0,381400;4281956;
2012-10-22;0,381300;4281894;
2012-10-23;0,381400;4281313;
2012-10-24;0,381500;4282556;
2012-10-25;0,381400;4282022;
2012-10-26;0,381700;4285329;
2012-10-29;0,382200;4284703;
2012-10-30;0,382200;4286687;
2012-10-31;0,382400;4290995;
2012-11-01;0,382400;4290995;
2012-11-02;0,382800;4331108;
2012-11-05;0,383000;4334911;
2012-11-06;0,383200;4343859;
2012-11-07;0,383700;4357660;
2012-11-08;0,383800;4359304;
2012-11-09;0,383900;4368702;
2012-11-12;0,384100;4393147;
2012-11-13;0,384300;4391485;
2012-11-14;0,384300;4398316;
2012-11-15;0,384400;4399794;
2012-11-16;0,384400;4400363;
2012-11-19;0,384400;4399831;
2012-11-20;0,383800;4397012;
2012-11-21;0,383700;4412150;
2012-11-22;0,383800;4429063;
2012-11-23;0,383900;4430023;
2012-11-26;0,384100;4437043;
2012-11-27;0,384000;4437188;
2012-11-28;0,384600;4449245;
2012-11-29;0,384600;4453620;
2012-11-30;0,384600;4456392;
2012-12-03;0,384500;4457449;
2012-12-04;0,384700;4458244;
2012-12-05;0,385000;4467572;
2012-12-06;0,385400;4472459;
2012-12-07;0,385700;4483201;
2012-12-10;0,385700;4494244;
2012-12-11;0,385700;4492324;
2012-12-12;0,385600;4493504;
2012-12-13;0,385600;4499777;
2012-12-14;0,385500;4530990;
2012-12-17;0,385400;4561745;
2012-12-18;0,385100;4567851;
2012-12-19;0,385100;4588144;
2012-12-20;0,385200;4614016;
2012-12-21;0,385500;4622772;
2012-12-24;0,385500;4622772;
2012-12-25;0,385500;4622772;
2012-12-26;0,385500;4622772;
2012-12-27;0,385800;4636637;
2012-12-28;0,385800;4655509;
2012-12-31;0,385900;4686919;28,962000;
2013-01-01;0,385900;4686919;28,962000;
2013-01-02;0,385100;4677758;28,892900;
2013-01-03;0,384700;4666274;28,850400;
2013-01-04;0,384400;4662118;28,806400;
2013-01-07;0,384600;4665606;28,828000;
2013-01-08;0,384700;4666838;28,849700;
2013-01-09;0,384800;4663325;28,864000;
2013-01-10;0,384400;4658658;28,819200;
2013-01-11;0,384100;4645745;28,796000;
2013-01-14;0,384200;4646450;28,815900;
2013-01-15;0,384300;4645321;28,827800;
2013-01-16;0,384300;4645813;28,825000;
2013-01-17;0,383700;4638820;28,766500;
2013-01-18;0,384000;4642153;28,791900;
2013-01-21;0,383700;4605792;28,773600;
2013-01-22;0,383900;4608667;28,793600;
2013-01-23;0,384100;4611286;28,818400;
2013-01-24;0,383900;4609110;28,792400;
2013-01-25;0,383100;4599555;28,718400;
2013-01-28;0,382500;4584877;28,667500;
2013-01-29;0,382500;4584931;28,681300;
2013-01-30;0,382100;4581303;28,643300;
2013-01-31;0,382300;4594146;28,675500;
2013-02-01;0,382400;4597498;28,700800;
2013-02-04;0,382500;4602541;28,723200;
2013-02-05;0,382200;4599679;28,699200;
2013-02-06;0,382400;4601602;28,714100;
2013-02-07;0,382700;4606206;28,754900;
2013-02-08;0,382900;4613249;28,757800;
2013-02-11;0,382900;4614090;28,757700;
2013-02-12;0,382800;4612861;28,737600;
2013-02-13;0,382400;4608292;28,717400;
2013-02-14;0,382800;4604932;28,749400;
2013-02-15;0,382800;4613185;28,739100;
2013-02-18;0,383000;4619090;28,759400;
2013-02-19;0,383100;4618933;28,766400;
2013-02-20;0,382800;4616875;28,741900;
2013-02-21;0,383300;4622557;28,793900;
2013-02-22;0,383600;4625676;28,819100;
2013-02-25;0,383700;4627798;28,821400;
2013-02-26;0,384300;4634614;28,879200;
2013-02-27;0,384400;4625335;28,897700;
2013-02-28;0,384500;4627571;28,901600;
2013-03-01;0,384900;4636531;28,936300;
2013-03-04;0,385000;4637208;28,950700;
2013-03-05;0,384800;4635264;28,923800;
2013-03-06;0,384800;4635661;28,932400;
2013-03-07;0,384600;4650236;28,902700;
2013-03-08;0,384400;4648639;28,902600;
2013-03-11;0,384400;4648639;28,902600;
2013-03-12;0,384800;4643446;28,931900;
2013-03-13;0,384800;4642971;28,939100;
2013-03-14;0,384900;4643526;28,942100;
2013-03-15;0,385200;4658910;28,963300;
2013-03-18;0,385500;4663028;28,997900;
2013-03-19;0,385800;4670317;29,023100;
2013-03-20;0,385500;4646445;29,000500;
2013-03-21;0,385600;4647617;29,008900;
2013-03-22;0,385400;4645097;29,000600;
2013-03-25;0,385700;4649756;29,016700;
2013-03-26;0,385100;4645979;29,006600;
2013-03-27;0,385200;4651899;29,037700;
2013-03-28;0,385200;4652141;29,026600;
2013-03-29;0,385200;4652685;29,026600;
2013-04-01;0,385200;4652685;29,026600;
2013-04-02;0,385300;4653440;29,021200;
2013-04-03;0,385500;4656156;29,048900;
2013-04-04;0,386200;4664827;29,100700;
2013-04-05;0,386700;4671431;29,148700;
2013-04-08;0,386800;4673302;29,147400;
2013-04-09;0,386600;4670980;29,114200;
2013-04-10;0,386000;4672327;29,074500;
2013-04-11;0,386200;4680280;29,081900;
2013-04-12;0,386500;4684340;29,114200;
2013-04-15;0,386600;4686262;29,128800;
2013-04-16;0,386400;4663538;29,120000;
2013-04-17;0,387000;4670561;29,150800;
2013-04-18;0,387000;4686208;29,144800;
2013-04-19;0,386900;4686208;29,136700;
2013-04-22;0,387300;4690698;29,171700;
2013-04-23;0,387400;4692168;29,174800;
2013-04-24;0,387600;4681765;29,177300;
2013-04-25;0,387600;4680828;29,167400;
2013-04-26;0,387700;4682568;29,183400;
2013-04-29;0,387900;4675441;29,199100;
2013-04-30;0,387900;4669036;29,204000;
2013-05-01;0,387900;4669036;29,204000;
2013-05-02;0,388300;4674003;29,245000;
2013-05-03;0,388100;4669364;29,208200;
2013-05-06;0,388400;4673900;29,217000;
2013-05-07;0,388100;4667904;29,183300;
2013-05-08;0,388300;4670594;29,202000;
2013-05-09;0,388200;4669453;29,203700;
2013-05-10;0,387500;4658836;29,121800;
2013-05-13;0,387700;4669394;29,140300;
2013-05-14;0,387600;4669068;29,141700;
2013-05-15;0,387500;4670598;29,140900;
2013-05-16;0,387900;4676425;29,179200;
2013-05-17;0,388100;4701740;29,202300;
2013-05-20;0,387900;4720090;29,183600;
2013-05-21;0,387600;4715864;29,141000;
2013-05-22;0,387600;4716231;29,160500;
2013-05-23;0,387300;4712202;29,135500;
2013-05-24;0,387200;4710340;29,126400;
2013-05-27;0,387000;4708346;29,113300;
2013-05-28;0,386700;4701154;29,085400;
2013-05-29;0,386000;4693356;29,040800;
2013-05-30;0,385900;4691984;29,038700;
2013-05-31;0,385900;4689108;29,035500;
2013-06-03;0,385700;4699281;29,024300;
2013-06-04;0,385600;4698976;29,009800;
2013-06-05;0,385700;4701112;29,025000;
2013-06-06;0,385300;4696502;28,973200;
2013-06-07;0,384900;4692188;28,965000;
2013-06-10;0,384300;4693068;28,932000;
2013-06-11;0,383700;4686008;28,893200;
2013-06-12;0,383900;4693148;28,904700;
2013-06-13;0,384100;4688126;28,936600;
2013-06-14;0,384900;4674503;28,991200;
2013-06-17;0,385100;4676120;29,000300;
2013-06-18;0,384600;4670327;28,955100;
2013-06-19;0,384700;4667402;28,970300;
2013-06-20;0,382800;4644795;28,831600;
2013-06-21;0,382000;4636125;28,777800;
2013-06-24;0,382000;4636125;28,777800;
2013-06-25;0,380600;4614121;28,681600;
2013-06-26;0,381400;4623765;28,754200;
2013-06-27;0,382100;4632224;28,800000;
2013-06-28;0,382100;4631665;28,800900;
2013-07-01;0,382300;4634863;28,821900;
2013-07-02;0,382700;4639287;28,847800;
2013-07-03;0,382800;4644878;28,854100;
2013-07-04;0,383200;4647304;28,892700;
2013-07-05;0,382900;4634600;28,878200;
2013-07-08;0,383300;4639997;28,919300;
2013-07-09;0,383700;4645778;28,951100;
2013-07-10;0,383600;4651895;28,936700;
2013-07-11;0,383900;4658030;28,940900;
2013-07-12;0,384200;4661892;28,974000;
2013-07-15;0,384200;4661878;28,961700;
2013-07-16;0,384600;4667703;28,977100;
2013-07-17;0,384700;4668156;28,982400;
2013-07-18;0,385100;4671731;29,006500;
2013-07-19;0,385200;4672856;29,007600;
2013-07-22;0,385200;4673010;29,001000;
2013-07-23;0,384900;4668981;28,975300;
2013-07-24;0,384100;4659617;28,923700;
2013-07-25;0,383800;4656597;28,912200;
2013-07-26;0,383900;4657617;28,915400;
2013-07-29;0,383900;4658336;28,921100;
2013-07-30;0,383900;4658233;28,924600;
2013-07-31;0,383900;4655762;28,928100;
2013-08-01;0,384000;4658006;28,933900;
2013-08-02;0,384000;4661907;28,951000;
2013-08-05;0,383800;4659290;28,917800;
2013-08-06;0,383600;4648362;28,912700;
2013-08-07;0,383700;4650060;28,922400;
2013-08-08;0,383700;4650241;28,929400;
2013-08-09;0,383800;4645530;28,935300;
2013-08-12;0,383700;4640959;28,937100;
2013-08-13;0,382700;4628659;28,852900;
2013-08-14;0,382600;4628025;28,859700;
2013-08-15;0,382600;4628025;28,859700;
2013-08-16;0,382000;4621516;28,818800;
2013-08-19;0,381600;4616984;28,784100;
2013-08-20;0,382000;4629216;28,812600;
2013-08-21;0,381700;4622829;28,785900;
2013-08-22;0,381200;4616555;28,755200;
2013-08-23;0,381000;4615641;28,745500;
2013-08-26;0,381400;4619259;28,771600;
2013-08-27;0,381800;4623823;28,809600;
2013-08-28;0,381600;4620923;28,790600;
2013-08-29;0,381800;4624132;28,813600;
2013-08-30;0,381800;4626608;28,817100;
2013-09-02;0,381500;4623026;28,785400;
2013-09-03;0,381200;4643608;28,754800;
2013-09-04;0,381100;4646120;28,755700;
2013-09-05;0,380100;4641841;28,670400;
2013-09-06;0,380800;4650906;28,736000;
2013-09-09;0,380900;4655197;28,738800;
2013-09-10;0,380400;4647634;28,682100;
2013-09-11;0,380600;4649376;28,717300;
2013-09-12;0,381000;4655285;28,759600;
2013-09-13;0,381100;4645199;28,767500;
2013-09-16;0,381700;4652715;28,805600;
2013-09-17;0,381500;4651072;28,799600;
2013-09-18;0,381300;4647525;28,789000;
2013-09-19;0,382300;4650516;28,853200;
2013-09-20;0,382000;4649117;28,836900;
2013-09-23;0,382300;4652929;28,865400;
2013-09-24;0,382900;4660488;28,918800;
2013-09-25;0,383100;4662980;28,927200;
2013-09-26;0,383000;4662245;28,922800;
2013-09-27;0,383300;4665033;28,951100;
2013-09-30;0,383500;4667363;28,956700;
2013-10-01;0,383300;4669148;28,950900;
2013-10-02;0,383300;4665741;28,959200;
2013-10-03;0,383400;4666644;28,947700;
2013-10-04;0,383100;4663185;28,932100;
2013-10-07;0,383400;4665315;28,963300;
2013-10-08;0,383300;4664738;28,947100;
2013-10-09;0,383300;4664998;28,949000;
2013-10-10;0,383000;4668797;28,925000;
2013-10-11;0,383100;4671777;28,939100;
2013-10-14;0,383200;4673083;28,945300;
2013-10-15;0,382800;4668822;28,915400;
2013-10-16;0,382600;4668220;28,894800;
2013-10-17;0,383300;4676437;28,955400;
2013-10-18;0,383700;4681193;28,982700;
2013-10-21;0,383600;4681528;28,972500;
2013-10-22;0,384400;4690605;29,030000;
2013-10-23;0,384700;4694721;29,047800;
2013-10-24;0,384600;4701888;29,043000;
2013-10-25;0,384600;4702560;29,043200;
2013-10-28;0,384700;4703914;29,052400;
2013-10-29;0,384800;4700678;29,061600;
2013-10-30;0,385200;4705217;29,095100;
2013-10-31;0,385600;4712169;29,122000;
2013-11-01;0,385600;4712169;29,122000;
2013-11-04;0,385700;4713994;29,141900;
2013-11-05;0,385100;4706944;29,077500;
2013-11-06;0,385000;4719588;29,075700;
2013-11-07;0,385800;4728811;29,139900;
2013-11-08;0,385100;4724154;29,080700;
2013-11-11;0,385200;4733776;29,087200;
2013-11-12;0,384800;4727962;29,067100;
2013-11-13;0,385100;4732286;29,100400;
2013-11-14;0,385500;4736040;29,125900;
2013-11-15;0,385500;4735402;29,119100;
2013-11-18;0,385700;4743049;29,145700;
2013-11-19;0,385500;4740462;29,121800;
2013-11-20;0,385600;4742312;29,123700;
2013-11-21;0,385400;4739918;29,108500;
2013-11-22;0,385400;4740857;29,112300;
2013-11-25;0,385700;4747616;29,133300;
2013-11-26;0,385900;4750526;29,154100;
2013-11-27;0,385700;4751571;29,144200;
2013-11-28;0,385900;4754114;29,147400;
2013-11-29;0,385900;4752401;29,152200;
2013-12-02;0,385600;4754516;29,131700;
2013-12-03;0,385700;4752086;29,146700;
2013-12-04;0,385100;4744801;29,096700;
2013-12-05;0,384600;4739234;29,050900;
2013-12-06;0,384600;4748178;29,044100;
2013-12-09;0,384700;4752747;29,054000;
2013-12-10;0,384800;4764725;29,066100;
2013-12-11;0,384900;4770480;29,066100;
2013-12-12;0,384700;4778886;29,044500;
2013-12-13;0,384800;4784739;29,050800;
2013-12-16;0,384800;4791403;29,049800;
2013-12-17;0,385000;4792503;29,062600;
2013-12-18;0,384800;4793955;29,049700;
2013-12-19;0,384700;4794942;29,035100;
2013-12-20;0,384600;4805004;29,035700;
2013-12-23;0,384600;4818038;29,025500;
2013-12-24;0,384600;4818038;29,025500;
2013-12-25;0,384600;4818038;29,025500;
2013-12-26;0,384600;4818038;29,025500;
2013-12-27;0,384000;4825181;28,971000;
2013-12-30;0,384300;4880241;28,987800;
2013-12-31;0,384300;4895534;28,990900;
2014-01-01;0,384300;4895534;28,990900;
2014-01-02;0,384300;4895441;29,000100;
2014-01-03;0,384500;4897612;29,006500;
2014-01-06;0,384800;4902319;29,034900;
2014-01-07;0,385000;4905951;29,049300;
2014-01-08;0,384800;4902399;29,034800;
2014-01-09;0,384600;4902749;29,019200;
2014-01-10;0,385200;4907410;29,067200;
2014-01-13;0,385500;4912289;29,096900;
2014-01-14;0,385600;4908418;29,099100;
2014-01-15;0,385400;4906393;29,080700;
2014-01-16;0,385800;4909133;29,120700;
2014-01-17;0,386100;4913658;29,146800;
2014-01-20;0,386400;4917453;29,169000;
2014-01-21;0,386400;4917366;29,163100;
2014-01-22;0,386200;4897785;29,145000;
2014-01-23;0,386400;4865024;29,169300;
2014-01-24;0,386800;4870186;29,205000;
2014-01-27;0,386800;4871966;29,202900;
2014-01-28;0,386800;4871693;29,206900;
2014-01-29;0,387000;4874304;29,230900;
2014-01-30;0,387100;4876471;29,260700;
2014-01-31;0,387500;4863199;29,311300;
2014-02-03;0,387700;4782621;29,325800;
2014-02-04;0,387700;4782988;29,319900;
2014-02-05;0,387700;4783340;29,316600;
2014-02-06;0,387400;4779959;29,263800;
2014-02-07;0,387700;4783844;29,304000;
2014-02-10;0,387600;4779117;29,291000;
2014-02-11;0,387600;4779611;29,283200;
2014-02-12;0,387400;4790019;29,260800;
2014-02-13;0,387700;4798094;29,296400;
2014-02-14;0,387700;4801148;29,285200;
2014-02-17;0,387800;4802151;29,291700;
2014-02-18;0,388000;4804824;29,310900;
2014-02-19;0,387900;4804458;29,315100;
2014-02-20;0,387700;4801484;29,282300;
2014-02-21;0,387900;4804236;29,308500;
2014-02-24;0,387900;4801105;29,301500;
2014-02-25;0,388200;4804359;29,324100;
2014-02-26;0,388400;4806914;29,361100;
2014-02-27;0,388800;4812638;29,408000;
2014-02-28;0,388400;4808599;29,348400;
2014-03-03;0,388800;4811788;29,397700;
2014-03-04;0,388600;4813707;29,379700;
2014-03-05;0,388500;4810155;29,376600;
2014-03-06;0,388200;4806104;29,328900;
2014-03-07;0,388100;4803646;29,320300;
2014-03-10;0,388100;4803857;29,339700;
2014-03-11;0,388100;4803857;29,339700;
2014-03-12;0,388400;4795845;29,362300;
2014-03-13;0,388800;4815271;29,407200;
2014-03-14;0,388700;4814871;29,406600;
2014-03-17;0,388700;4815843;29,395700;
2014-03-18;0,388800;4816150;29,400700;
2014-03-19;0,388500;4813243;29,373000;
2014-03-20;0,387900;4804175;29,326200;
2014-03-21;0,388100;4811201;29,348100;
2014-03-24;0,388600;4816842;29,383800;
2014-03-25;0,388600;4817994;29,398700;
2014-03-26;0,388800;4820389;29,422200;
2014-03-27;0,389100;4822509;29,457300;
2014-03-28;0,389000;4816554;29,432100;
2014-03-31;0,388900;4816862;29,424400;
2014-04-01;0,388800;4814825;29,407300;
2014-04-02;0,388500;4807991;29,377800;
2014-04-03;0,388600;4806913;29,401800;
2014-04-04;0,389200;4817659;29,455500;
2014-04-07;0,389300;4819463;29,462600;
2014-04-08;0,389100;4793013;29,446300;
2014-04-09;0,389000;4790810;29,428500;
2014-04-10;0,389400;4796739;29,479600;
2014-04-11;0,389500;4798085;29,488500;
2014-04-14;0,389500;4798263;29,485100;
2014-04-15;0,389900;4803191;29,529200;
2014-04-16;0,389800;4768080;29,520800;
2014-04-17;0,389500;4782166;29,486600;
2014-04-18;0,389500;4782991;29,486600;
2014-04-21;0,389500;4782991;29,486600;
2014-04-22;0,389400;4783816;29,470200;
2014-04-23;0,389400;4783855;29,477900;
2014-04-24;0,389300;4783691;29,478000;
2014-04-25;0,389500;4787148;29,508200;
2014-04-28;0,389500;4783966;29,492000;
2014-04-29;0,389500;4784886;29,497900;
2014-04-30;0,389800;4789957;29,527900;
2014-05-01;0,389800;4789957;29,527900;
2014-05-02;0,390200;4794774;29,567300;
2014-05-05;0,390100;4789524;29,562100;
2014-05-06;0,390100;4787776;29,559200;
2014-05-07;0,390000;4787109;29,543000;
2014-05-08;0,390300;4776887;29,546600;
2014-05-09;0,390300;4776929;29,585400;
2014-05-12;0,390300;4776729;29,573200;
2014-05-13;0,390600;4779639;29,614000;
2014-05-14;0,391100;4801247;29,662600;
2014-05-15;0,391500;4805882;29,702700;
2014-05-16;0,391300;4804056;29,680300;
2014-05-19;0,391200;4798358;29,673600;
2014-05-20;0,391100;4795506;29,662300;
2014-05-21;0,390900;4793596;29,644600;
2014-05-22;0,391000;4794952;29,664600;
2014-05-23;0,391100;4795597;29,671700;
2014-05-26;0,391200;4796451;29,679300;
2014-05-27;0,391500;4800577;29,702800;
2014-05-28;0,391900;4808591;29,744300;
2014-05-29;0,391800;4819433;29,741600;
2014-05-30;0,391700;4818395;29,719700;
2014-06-02;0,391700;4817252;29,704000;
2014-06-03;0,391400;4814037;29,658600;
2014-06-04;0,391100;4817131;29,647800;
2014-06-05;0,391400;4820014;29,698300;
2014-06-06;0,392500;4833200;29,778900;
2014-06-09;0,392500;4834312;29,777000;
2014-06-10;0,392800;4837453;29,758300;
2014-06-11;0,392800;4837575;29,756700;
2014-06-12;0,393000;4840201;29,784600;
2014-06-13;0,392900;4846603;29,777600;
2014-06-16;0,392800;4846177;29,767100;
2014-06-17;0,392400;4840715;29,728400;
2014-06-18;0,392500;4842657;29,758100;
2014-06-19;0,393400;4853337;29,801700;
2014-06-20;0,393200;4852258;29,775000;
2014-06-23;0,393100;4851657;29,798800;
2014-06-24;0,393100;4851657;29,798800;
2014-06-25;0,393500;4856717;29,841500;
2014-06-26;0,393600;4858764;29,861200;
2014-06-27;0,393600;4860667;29,843500;
2014-06-30;0,393700;4864259;29,849800;
2014-07-01;0,393600;4863954;29,844400;
2014-07-02;0,393400;4860815;29,816400;
2014-07-03;0,393400;4861521;29,823400;
2014-07-04;0,393500;4858335;29,842400;
2014-07-07;0,393700;4862579;29,857900;
2014-07-08;0,394000;4865661;29,886800;
2014-07-09;0,393900;4865590;29,891400;
2014-07-10;0,393700;4870140;29,881300;
2014-07-11;0,393700;4870148;29,884300;
2014-07-14;0,393900;4873129;29,889700;
2014-07-15;0,393900;4873138;29,885800;
2014-07-16;0,394000;4874301;29,912500;
2014-07-17;0,394100;4876721;29,916500;
2014-07-18;0,394200;4877184;29,920000;
2014-07-21;0,394200;4878195;29,923900;
2014-07-22;0,394500;4877351;29,949700;
2014-07-23;0,394900;4843270;29,981000;
2014-07-24;0,395100;4846012;29,964400;
2014-07-25;0,395000;4845096;29,982700;
2014-07-28;0,395000;4844485;29,965600;
2014-07-29;0,395000;4845431;29,979600;
2014-07-30;0,394600;4841297;29,927200;
2014-07-31;0,394000;4833549;29,878500;
2014-08-01;0,393400;4827731;29,870500;
2014-08-04;0,393300;4826825;29,884300;
2014-08-05;0,393100;4826947;29,851500;
2014-08-06;0,392800;4850217;29,844200;
2014-08-07;0,392800;4851429;29,871000;
2014-08-08;0,392700;4838507;29,866400;
2014-08-11;0,393100;4844620;29,900200;
2014-08-12;0,393300;4847130;29,899900;
2014-08-13;0,393800;4869237;29,939800;
2014-08-14;0,394300;4892136;29,977800;
2014-08-15;0,394300;4892136;29,977800;
2014-08-18;0,394900;4899989;29,996000;
2014-08-19;0,395100;4902128;30,015200;
2014-08-20;0,395100;4899432;30,016900;
2014-08-21;0,395200;4905921;30,040000;
2014-08-22;0,395400;4904351;30,045100;
2014-08-25;0,395600;4908671;30,082400;
2014-08-26;0,396400;4918465;30,117200;
2014-08-27;0,396700;4925036;30,155000;
2014-08-28;0,396800;4926368;30,146100;
2014-08-29;0,396600;4924606;30,147400;
2014-09-01;0,396800;4930257;30,159600;
2014-09-02;0,396500;4927541;30,111500;
2014-09-03;0,396600;4928963;30,134600;
2014-09-04;0,397000;4934134;30,153300;
2014-09-05;0,397100;4936178;30,163800;
2014-09-08;0,397500;4941182;30,182800;
2014-09-09;0,396900;4940188;30,120300;
2014-09-10;0,396600;4951211;30,094300;
2014-09-11;0,396300;4947490;30,085000;
2014-09-12;0,396000;4943910;30,023700;
2014-09-15;0,395600;4939389;30,022900;
2014-09-16;0,395400;4945744;30,021600;
2014-09-17;0,395700;4950520;30,038800;
2014-09-18;0,395200;4939772;30,012700;
2014-09-19;0,395800;4947295;30,069800;
2014-09-22;0,396100;4932530;30,067300;
2014-09-23;0,395800;4929118;30,063500;
2014-09-24;0,395700;4927896;30,075400;
2014-09-25;0,395700;4928958;30,071200;
2014-09-26;0,395600;4927236;30,059700;
2014-09-29;0,395000;4955297;30,033200;
2014-09-30;0,395100;4958223;30,046300;
2014-10-01;0,395400;4958691;30,085100;
2014-10-02;0,395300;4957860;30,070200;
2014-10-03;0,395400;4958701;30,072900;
2014-10-06;0,395700;4966696;30,113900;
2014-10-07;0,396100;4968986;30,127000;
2014-10-08;0,395400;4960265;30,111200;
2014-10-09;0,395700;4972215;30,117800;
2014-10-10;0,394600;4946393;30,068400;
2014-10-13;0,394500;4944910;30,068000;
2014-10-14;0,394700;4938135;30,101200;
2014-10-15;0,394600;4937474;30,107300;
2014-10-16;0,393600;4928063;30,022600;
2014-10-17;0,393700;4929272;30,045700;
2014-10-20;0,394100;4945934;30,068700;
2014-10-21;0,394900;4948443;30,119200;
2014-10-22;0,395100;4952474;30,106500;
2014-10-23;0,395100;4953748;30,101100;
2014-10-24;0,395600;4960402;30,126900;
2014-10-27;0,395500;4960576;30,117000;
2014-10-28;0,395600;4960819;30,131800;
2014-10-29;0,395800;4963798;30,125000;
2014-10-30;0,396000;4966227;30,168200;
2014-10-31;0,396800;4978916;30,201400;
2014-11-03;0,397000;4961544;30,172600;
2014-11-04;0,396900;4961328;30,183600;
2014-11-05;0,396500;4967820;30,171900;
2014-11-06;0,396300;4965950;30,151600;
2014-11-07;0,396300;4970305;30,166800;
2014-11-10;0,396800;4976939;30,196000;
2014-11-11;0,396800;4978050;30,178100;
2014-11-12;0,396900;4982082;30,201900;
2014-11-13;0,396500;4994364;30,183500;
2014-11-14;0,396500;4994510;30,187100;
2014-11-17;0,396400;4994637;30,182900;
2014-11-18;0,396300;5001420;30,177700;
2014-11-19;0,396300;5000471;30,142600;
2014-11-20;0,396100;4998308;30,169400;
2014-11-21;0,397000;5010117;30,244800;
2014-11-24;0,397600;5008280;30,258700;
2014-11-25;0,398200;5004960;30,298300;
2014-11-26;0,398300;5015046;30,309200;
2014-11-27;0,398300;5017125;30,312100;
2014-11-28;0,398000;5014714;30,288500;
2014-12-01;0,397500;5016843;30,240600;
2014-12-02;0,396800;5011332;30,199800;
2014-12-03;0,396800;5013235;30,208600;
2014-12-04;0,396900;5007233;30,198900;
2014-12-05;0,396900;5007547;30,196400;
2014-12-08;0,396500;5007496;30,185700;
2014-12-09;0,396100;4996376;30,174300;
2014-12-10;0,395400;4993708;30,136300;
2014-12-11;0,394800;4996096;30,111400;
2014-12-12;0,394000;5044405;30,066900;
2014-12-15;0,393200;5044905;30,002000;
2014-12-16;0,391500;5026832;29,894100;
2014-12-17;0,391400;5033330;29,989400;
2014-12-18;0,392800;5056916;30,063900;
2014-12-19;0,394200;5078312;30,136700;
2014-12-22;0,394900;5102822;30,186600;
2014-12-23;0,395200;5111486;30,163500;
2014-12-24;0,395200;5111486;30,163500;
2014-12-25;0,395200;5111486;30,163500;
2014-12-26;0,395200;5111486;30,163500;
2014-12-29;0,395400;5145646;30,210300;
2014-12-30;0,395500;5170978;30,217700;
2014-12-31;0,395800;5174839;30,214800;
2015-01-01;0,395800;5174839;30,214800;
2015-01-02;0,395900;5175938;30,248900;
2015-01-05;0,396300;5181663;30,265800;
2015-01-06;0,396400;5178710;30,297500;
2015-01-07;0,396500;5181222;30,325100;
2015-01-08;0,397600;5209050;30,380800;
2015-01-09;0,398200;5242486;30,415800;
2015-01-12;0,398300;5236520;30,436000;
2015-01-13;0,398500;5239483;30,452000;
2015-01-14;0,398600;5248812;30,490300;
2015-01-15;0,399100;5249552;30,549300;
2015-01-16;0,399600;5256328;30,562200;
2015-01-19;0,400700;5270531;30,574900;
2015-01-20;0,400000;5260882;30,587600;
2015-01-21;0,400200;5263113;30,601100;
2015-01-22;0,400600;5268097;30,678400;
2015-01-23;0,402200;5290172;30,771500;
2015-01-26;0,403800;5311378;30,808200;
2015-01-27;0,403600;5309030;30,782100;
2015-01-28;0,403300;5306137;30,808900;
2015-01-29;0,403000;5287412;30,770900;
2015-01-30;0,402900;5288213;30,793000;
2015-02-02;0,402900;5282357;30,827000;
2015-02-03;0,403500;5287418;30,832800;
2015-02-04;0,403100;5271490;30,811100;
2015-02-05;0,402700;5240192;30,810700;
2015-02-06;0,402700;5236530;30,766900;
2015-02-09;0,402200;5231307;30,756400;
2015-02-10;0,402200;5226759;30,776200;
2015-02-11;0,401900;5223364;30,762200;
2015-02-12;0,402200;5230809;30,819900;
2015-02-13;0,402800;5236185;30,850300;
2015-02-16;0,402800;5236185;30,850300;
2015-02-17;0,402700;5235571;30,821500;
2015-02-18;0,402800;5232858;30,863800;
2015-02-19;0,402900;5225099;30,869000;
2015-02-20;0,403100;5232308;30,868900;
2015-02-23;0,403500;5238277;30,910700;
2015-02-24;0,403800;5241822;30,951800;
2015-02-25;0,404300;5248776;30,976500;
2015-02-26;0,404600;5253407;30,996400;
2015-02-27;0,404800;5257872;30,985200;
2015-03-02;0,404700;5268104;30,957200;
2015-03-03;0,404500;5250783;30,930000;
2015-03-04;0,404100;5245646;30,923400;
2015-03-05;0,404500;5251970;30,947800;
2015-03-06;0,404400;5250790;30,878900;
2015-03-09;0,404300;5249993;30,934900;
2015-03-10;0,404600;5253648;30,947500;
2015-03-11;0,404600;5253648;30,947500;
2015-03-12;0,406000;5271924;31,074700;
2015-03-13;0,405700;5268408;31,024000;
2015-03-16;0,405600;5268145;31,039200;
2015-03-17;0,405700;5264097;31,036400;
2015-03-18;0,405900;5278518;31,098000;
2015-03-19;0,406900;5287272;31,133500;
2015-03-20;0,406800;5286991;31,156000;
2015-03-23;0,406900;5290464;31,143600;
2015-03-24;0,406700;5295612;31,137100;
2015-03-25;0,406600;5294638;31,098600;
2015-03-26;0,405500;5281263;31,041700;
2015-03-27;0,405500;5281316;31,065100;
2015-03-30;0,406100;5293393;31,096000;
2015-03-31;0,406400;5300447;31,125300;
2015-04-01;0,407000;5312613;31,175700;
2015-04-02;0,407300;5319759;31,162500;
2015-04-03;0,407000;5316972;31,166700;
2015-04-06;0,407000;5316972;31,166700;
2015-04-07;0,407600;5324101;31,211600;
2015-04-08;0,408200;5331436;31,251300;
2015-04-09;0,408400;5334863;31,242100;
2015-04-10;0,408900;5350019;31,271100;
2015-04-13;0,409700;5360033;31,295200;
2015-04-14;0,409500;5359169;31,305000;
2015-04-15;0,409500;5360220;31,310000;
2015-04-16;0,409400;5359360;31,311400;
2015-04-17;0,408700;5345205;31,266500;
2015-04-20;0,408100;5357055;31,247500;
2015-04-21;0,408500;5364026;31,254300;
2015-04-22;0,408200;5366307;31,208400;
2015-04-23;0,407800;5361405;31,214100;
2015-04-24;0,407800;5361531;31,216700;
2015-04-27;0,407800;5358682;31,227700;
2015-04-28;0,407600;5356143;31,216800;
2015-04-29;0,406400;5338840;31,095800;
2015-04-30;0,405100;5324055;31,009900;
2015-05-01;0,405100;5324055;31,009900;
2015-05-04;0,403800;5307102;30,920400;
2015-05-05;0,403600;5311392;30,861400;
2015-05-06;0,402800;5301289;30,788800;
2015-05-07;0,401600;5291098;30,785900;
2015-05-08;0,402500;5309192;30,849300;
2015-05-11;0,402700;5309772;30,804100;
2015-05-12;0,401800;5298342;30,755300;
2015-05-13;0,401800;5298523;30,749600;
2015-05-14;0,401900;5299756;30,780300;
2015-05-15;0,402100;5306368;30,822400;
2015-05-18;0,402500;5311372;30,808600;
2015-05-19;0,402500;5311432;30,818300;
2015-05-20;0,403000;5318649;30,841500;
2015-05-21;0,403200;5322103;30,867400;
2015-05-22;0,403400;5325619;30,860500;
2015-05-25;0,403100;5323225;30,853900;
2015-05-26;0,404000;5333942;30,891100;
2015-05-27;0,404200;5336880;30,904900;
2015-05-28;0,404200;5379047;30,900300;
2015-05-29;0,404300;5381339;30,907900;
2015-06-01;0,403700;5374526;30,850200;
2015-06-02;0,402600;5369273;30,755700;
2015-06-03;0,401400;5362088;30,638800;
2015-06-04;0,400200;5346556;30,595100;
2015-06-05;0,399000;5330086;30,507600;
2015-06-08;0,398900;5340748;30,464600;
2015-06-09;0,398300;5331929;30,433200;
2015-06-10;0,398000;5338219;30,413700;
2015-06-11;0,398400;5344118;30,478500;
2015-06-12;0,398900;5350424;30,473000;
2015-06-15;0,398400;5351189;30,448000;
2015-06-16;0,398200;5348648;30,459100;
2015-06-17;0,398300;5349786;30,450200;
2015-06-18;0,398200;5348202;30,444500;
2015-06-19;0,398300;5349634;30,468000;
2015-06-22;0,398700;5358540;30,463800;
2015-06-23;0,398900;5360944;30,480500;
2015-06-24;0,398900;5360944;30,480500;
2015-06-25;0,399000;5363606;30,494700;
2015-06-26;0,398700;5359215;30,446400;
2015-06-29;0,398200;5353484;30,421000;
2015-06-30;0,398300;5356804;30,453000;
2015-07-01;0,398200;5365348;30,431800;
2015-07-02;0,398500;5369301;30,446000;
2015-07-03;0,398500;5370116;30,465600;
2015-07-06;0,398500;5370116;30,465600;
2015-07-07;0,399200;5379927;30,532500;
2015-07-08;0,399100;5373766;30,499000;
2015-07-09;0,398700;5394973;30,471800;
2015-07-10;0,398300;5399077;30,421500;
2015-07-13;0,398600;5398078;30,465800;
2015-07-14;0,399400;5409377;30,520200;
2015-07-15;0,399800;5415257;30,559500;
2015-07-16;0,400400;5423430;30,591900;
2015-07-17;0,401100;5434053;30,641400;
2015-07-20;0,401100;5434541;30,624000;
2015-07-21;0,400900;5433076;30,620700;
2015-07-22;0,400700;5426178;30,621500;
2015-07-23;0,400200;5420736;30,598300;
2015-07-24;0,399800;5415393;30,573100;
2015-07-27;0,399200;5407729;30,543800;
2015-07-28;0,398800;5402759;30,540200;
2015-07-29;0,399200;5434477;30,560100;
2015-07-30;0,399400;5438349;30,580900;
2015-07-31;0,399700;5444820;30,613900;
2015-08-03;0,399900;5446069;30,624300;
2015-08-04;0,399800;5455458;30,606000;
2015-08-05;0,399400;5452669;30,557000;
2015-08-06;0,399300;5451960;30,555600;
2015-08-07;0,399100;5447665;30,586300;
2015-08-10;0,399000;5455468;30,559200;
2015-08-11;0,398800;5455759;30,582700;
2015-08-12;0,398200;5447062;30,539000;
2015-08-13;0,397900;5443573;30,495900;
2015-08-14;0,397800;5441224;30,493900;
2015-08-17;0,397700;5440902;30,515600;
2015-08-18;0,397800;5442961;30,482600;
2015-08-19;0,397500;5439294;30,470100;
2015-08-20;0,397200;5434759;30,445800;
2015-08-21;0,396100;5416633;30,365300;
2015-08-24;0,394000;5385763;30,213100;
2015-08-25;0,393000;5351021;30,130400;
2015-08-26;0,392400;5342955;30,142100;
2015-08-27;0,393500;5359276;30,245900;
2015-08-28;0,394400;5371576;30,268900;
2015-08-31;0,394200;5386053;30,243200;
2015-09-01;0,393900;5391937;30,190100;
2015-09-02;0,393500;5385852;30,182800;
2015-09-03;0,393900;5391111;30,248500;
2015-09-04;0,394000;5393726;30,237700;
2015-09-07;0,394000;5394629;30,223400;
2015-09-08;0,394200;5398551;30,239100;
2015-09-09;0,394900;5407572;30,262900;
2015-09-10;0,394300;5356636;30,238500;
2015-09-11;0,394100;5353765;30,248600;
2015-09-14;0,393900;5355517;30,232700;
2015-09-15;0,393400;5349925;30,188000;
2015-09-16;0,393500;5351618;30,203600;
2015-09-17;0,393900;5365807;30,220200;
2015-09-18;0,394200;5370499;30,285900;
2015-09-21;0,394000;5367872;30,243400;
2015-09-22;0,394200;5370881;30,263600;
2015-09-23;0,394000;5366310;30,240000;
2015-09-24;0,393200;5355690;30,193400;
2015-09-25;0,393000;5355267;30,178400;
2015-09-28;0,392600;5350751;30,148700;
2015-09-29;0,391500;5328669;30,115400;
2015-09-30;0,391800;5339573;30,174900;
2015-10-01;0,392500;5330648;30,202900;
2015-10-02;0,392800;5340666;30,258500;
2015-10-05;0,393700;5356175;30,306200;
2015-10-06;0,394100;5363619;30,323100;
2015-10-07;0,394800;5373768;30,392100;
2015-10-08;0,394900;5375735;30,380500;
2015-10-09;0,395200;5380945;30,418700;
2015-10-12;0,395200;5389996;30,416000;
2015-10-13;0,394800;5385190;30,379900;
2015-10-14;0,394700;5385613;30,411900;
2015-10-15;0,395000;5385611;30,441300;
2015-10-16;0,395500;5405339;30,453200;
2015-10-19;0,395800;5409948;30,461000;
2015-10-20;0,395500;5404965;30,425000;
2015-10-21;0,395600;5407160;30,437600;
2015-10-22;0,396000;5408676;30,532200;
2015-10-23;0,396900;5419661;30,578700;
2015-10-26;0,397700;5432149;30,626200;
2015-10-27;0,398000;5436089;30,638900;
2015-10-28;0,397900;5435026;30,642100;
2015-10-29;0,397400;5428494;30,562100;
2015-10-30;0,397600;5433648;30,597900;
2015-11-02;0,397500;5433766;30,599800;
2015-11-03;0,397800;5444509;30,614500;
2015-11-04;0,398100;5452151;30,628200;
2015-11-05;0,398100;5482990;30,616200;
2015-11-06;0,397500;5474781;30,540400;
2015-11-09;0,397100;5470288;30,529600;
2015-11-10;0,397300;5474116;30,577600;
2015-11-11;0,397600;5478213;30,607100;
2015-11-12;0,397400;5488349;30,575500;
2015-11-13;0,396900;5484318;30,571800;
2015-11-16;0,396900;5484753;30,580500;
2015-11-17;0,397600;5491911;30,625700;
2015-11-18;0,398000;5496456;30,655600;
2015-11-19;0,398300;5507850;30,692100;
2015-11-20;0,398500;5511042;30,709100;
2015-11-23;0,398500;5512610;30,678000;
2015-11-24;0,398400;5512441;30,701400;
2015-11-25;0,398600;5515272;30,713500;
2015-11-26;0,398800;5521751;30,723000;
2015-11-27;0,398800;5527977;30,727200;
2015-11-30;0,398800;5528274;30,727000;
2015-12-01;0,399200;5540754;30,780900;
2015-12-02;0,399500;5562869;30,770100;
2015-12-03;0,398200;5551114;30,575500;
2015-12-04;0,397000;5534435;30,571300;
2015-12-07;0,396900;5538875;30,570100;
2015-12-08;0,396600;5534475;30,535300;
2015-12-09;0,395900;5527256;30,507600;
2015-12-10;0,395400;5523935;30,474600;
2015-12-11;0,394700;5518500;30,413600;
2015-12-14;0,393700;5505610;30,330800;
2015-12-15;0,393500;5517627;30,343000;
2015-12-16;0,393700;5525701;30,357400;
2015-12-17;0,394600;5545421;30,428300;
2015-12-18;0,394800;5555100;30,448500;
2015-12-21;0,394800;5567997;30,444300;
2015-12-22;0,394500;5584646;30,406900;
2015-12-23;0,394300;5637945;30,415500;
2015-12-24;0,394300;5637945;30,415500;
2015-12-25;0,394300;5637945;30,415500;
2015-12-28;0,394700;5668473;30,426400;
2015-12-29;0,394700;5676485;30,429600;
2015-12-30;0,394500;5717184;30,407100;
2015-12-31;0,394500;5734909;30,406400;
2016-01-01;0,394500;5734909;30,406400;
2016-01-04;0,394300;5711311;30,405000;
2016-01-05;0,394600;5711649;30,427700;
2016-01-06;0,394900;5716034;30,440600;
2016-01-07;0,394200;5706183;30,376200;
2016-01-08;0,393700;5699728;30,346600;
2016-01-11;0,393400;5704062;30,310600;
2016-01-12;0,393200;5701848;30,324800;
2016-01-13;0,393600;5706689;30,341900;
2016-01-14;0,392700;5692269;30,296900;
2016-01-15;0,392000;5684014;30,229200;
2016-01-18;0,391700;5680155;30,209500;
2016-01-19;0,391800;5701382;30,216000;
2016-01-20;0,391000;5691403;30,150200;
2016-01-21;0,390900;5677908;30,170000;
2016-01-22;0,392000;5678330;30,260100;
2016-01-25;0,392400;5706304;30,265800;
2016-01-26;0,392400;5705839;30,293300;
2016-01-27;0,392700;5710131;30,292300;
2016-01-28;0,392800;5697400;30,313400;
2016-01-29;0,393700;5725394;30,437900;
2016-02-01;0,393900;5727878;30,415200;
2016-02-02;0,393700;5720936;30,407300;
2016-02-03;0,393400;5717801;30,389100;
2016-02-04;0,393300;5719347;30,401900;
2016-02-05;0,392400;5696268;30,342900;
2016-02-08;0,391900;5689151;30,332700;
2016-02-09;0,391500;5683365;30,288600;
2016-02-10;0,391200;5699578;30,308700;
2016-02-11;0,390700;5692046;30,256700;
2016-02-12;0,390100;5695576;30,224800;
2016-02-15;0,390800;5765721;30,287900;
2016-02-16;0,390800;5765721;30,287900;
2016-02-17;0,391700;5775859;30,352500;
2016-02-18;0,392700;5789496;30,421300;
2016-02-19;0,392700;5789725;30,420700;
2016-02-22;0,393500;5784677;30,491500;
2016-02-23;0,393700;5788341;30,487400;
2016-02-24;0,393400;5784471;30,477600;
2016-02-25;0,394100;5794272;30,535600;
2016-02-26;0,394400;5797550;30,529700;
2016-02-29;0,394800;5824541;30,585300;
2016-03-01;0,395700;5848275;30,632700;
2016-03-02;0,395900;5852435;30,673200;
2016-03-03;0,396300;5899266;30,717800;
2016-03-04;0,396500;5901550;30,729400;
2016-03-07;0,396600;5905615;30,748600;
2016-03-08;0,396800;5880687;30,773000;
2016-03-09;0,396700;5863127;30,755600;
2016-03-10;0,397100;5868872;30,719400;
2016-03-11;0,397100;5868872;30,719400;
2016-03-14;0,397700;5876920;30,852700;
2016-03-15;0,397300;5878380;30,803700;
2016-03-16;0,397100;5876903;30,817300;
2016-03-17;0,398300;5905775;30,921800;
2016-03-18;0,398200;5891202;30,931900;
2016-03-21;0,398500;5845156;30,935700;
2016-03-22;0,398400;5844370;30,949600;
2016-03-23;0,398600;5846704;30,964900;
2016-03-24;0,398400;5846622;30,937600;
2016-03-25;0,398500;5847839;30,942000;
2016-03-28;0,398500;5847839;30,942000;
2016-03-29;0,398700;5852671;31,006600;
2016-03-30;0,399300;5862180;31,031400;
2016-03-31;0,399300;5874055;31,043500;
2016-04-01;0,399100;5871399;31,031200;
2016-04-04;0,399400;5876601;31,047000;
2016-04-05;0,399200;5874022;31,043500;
2016-04-06;0,399000;5870805;31,043300;
2016-04-07;0,399300;5874812;31,033600;
2016-04-08;0,399400;5889829;31,068700;
2016-04-11;0,399700;5886202;31,087100;
2016-04-12;0,399400;5885192;31,089400;
2016-04-13;0,400100;5893149;31,160500;
2016-04-14;0,400600;5900304;31,178200;
2016-04-15;0,400900;5905934;31,204200;
2016-04-18;0,400700;5904208;31,191600;
2016-04-19;0,401200;5911539;31,227100;
2016-04-20;0,401300;5913902;31,240000;
2016-04-21;0,400900;5907571;31,208900;
2016-04-22;0,400900;5908964;31,198800;
2016-04-25;0,400700;5784382;31,180900;
2016-04-26;0,400700;5785071;31,173200;
2016-04-27;0,400900;5788039;31,196200;
2016-04-28;0,401200;5793396;31,226300;
2016-04-29;0,401100;5783629;31,202400;
2016-05-02;0,400900;5782617;31,173700;
2016-05-03;0,400200;5773564;31,157000;
2016-05-04;0,399600;5775420;31,109600;
2016-05-05;0,399800;5777575;31,134200;
2016-05-06;0,400000;5781088;31,135700;
2016-05-09;0,400200;5793198;31,140600;
2016-05-10;0,400300;5805770;31,173500;
2016-05-11;0,400500;5809014;31,180900;
2016-05-12;0,400500;5821631;31,160500;
2016-05-13;0,400400;5821232;31,178000;
2016-05-16;0,400400;5821323;31,174900;
2016-05-17;0,400500;5824297;31,182200;
2016-05-18;0,399900;5815565;31,115800;
2016-05-19;0,399300;5807654;31,101300;
2016-05-20;0,399900;5816962;31,126000;
2016-05-23;0,399900;5817979;31,111300;
2016-05-24;0,400000;5825123;31,155700;
2016-05-25;0,400600;5834700;31,202900;
2016-05-26;0,400900;5839097;31,236100;
2016-05-27;0,401000;5840425;31,241800;
2016-05-30;0,400900;5839320;31,229300;
2016-05-31;0,401200;5844897;31,243900;
2016-06-01;0,400900;5841149;31,237900;
2016-06-02;0,400900;5845851;31,258700;
2016-06-03;0,401700;5866542;31,315500;
2016-06-06;0,402300;5873557;31,346300;
2016-06-07;0,402200;5869461;31,371800;
2016-06-08;0,402700;5878229;31,407300;
2016-06-09;0,402500;5875650;31,415100;
2016-06-10;0,402400;5885072;31,389600;
2016-06-13;0,402100;5863437;31,355900;
2016-06-14;0,401600;5857148;31,324100;
2016-06-15;0,401700;5859875;31,350900;
2016-06-16;0,401400;5855299;31,339600;
2016-06-17;0,401900;5859879;31,343300;
2016-06-20;0,402300;5866055;31,383800;
2016-06-21;0,402100;5864087;31,380200;
2016-06-22;0,402300;5891862;31,395900;
2016-06-23;0,402700;5897503;31,423400;
2016-06-24;0,402700;5897503;31,423400;
2016-06-27;0,402100;5903063;31,391800;
2016-06-28;0,403000;5946492;31,470100;
2016-06-29;0,403900;5961087;31,549800;
2016-06-30;0,404200;5967634;31,596300;
2016-07-01;0,405300;5984732;31,643900;
2016-07-04;0,405300;5993886;31,651900;
2016-07-05;0,405400;5995827;31,681800;
2016-07-06;0,405400;5995827;31,681800;
2016-07-07;0,406100;6017576;31,711200;
2016-07-08;0,406800;6027881;31,786300;
2016-07-11;0,407700;6042166;31,822500;
2016-07-12;0,408000;6046208;31,830400;
2016-07-13;0,407900;6039845;31,856300;
2016-07-14;0,408300;6049027;31,857500;
2016-07-15;0,407700;6040940;31,808000;
2016-07-18;0,407700;6042130;31,831200;
2016-07-19;0,407900;6045472;31,845700;
2016-07-20;0,408100;6049816;31,852400;
2016-07-21;0,408200;6039673;31,861300;
2016-07-22;0,408300;6048706;31,867400;
2016-07-25;0,408500;6051650;31,869300;
2016-07-26;0,408300;6049407;31,857300;
2016-07-27;0,408500;6051466;31,893800;
2016-07-28;0,408400;6063300;31,885100;
2016-07-29;0,408300;6063569;31,912900;
2016-08-01;0,408200;6063112;31,886200;
2016-08-02;0,407500;6062407;31,817100;
2016-08-03;0,407100;6056802;31,804900;
2016-08-04;0,407800;6083012;31,885800;
2016-08-05;0,408400;6092213;31,902900;
2016-08-08;0,408600;6088053;31,942900;
2016-08-09;0,409300;6098724;32,004500;
2016-08-10;0,409800;6116453;32,040500;
2016-08-11;0,409400;6112418;32,011000;
2016-08-12;0,409600;6113267;32,039800;
2016-08-15;0,409600;6113267;32,039800;
2016-08-16;0,409400;6112306;32,000700;
2016-08-17;0,408800;6103546;31,991900;
2016-08-18;0,409200;6109846;32,023400;
2016-08-19;0,408900;6105105;31,985300;
2016-08-22;0,409000;6081565;32,010000;
2016-08-23;0,409400;6088571;32,036000;
2016-08-24;0,409200;6085030;32,010000;
2016-08-25;0,409100;6085373;32,006100;
2016-08-26;0,409000;6090815;32,005900;
2016-08-29;0,409000;6091220;32,028900;
2016-08-30;0,409500;6102247;32,041400;
2016-08-31;0,409200;6100341;32,029600;
2016-09-01;0,409000;6108778;32,018700;
2016-09-02;0,409300;6114001;32,022800;
2016-09-05;0,409300;6120996;32,042500;
2016-09-06;0,410000;6148458;32,109500;
2016-09-07;0,410400;6155236;32,130300;
2016-09-08;0,409700;6144488;32,062800;
2016-09-09;0,408300;6138379;31,940800;
2016-09-12;0,407500;6129640;31,914500;
2016-09-13;0,407200;6126583;31,859700;
2016-09-14;0,406800;6122273;31,876700;
2016-09-15;0,407000;6125501;31,891100;
2016-09-16;0,407000;6125800;31,890000;
2016-09-19;0,407300;6133844;31,912600;
2016-09-20;0,407700;6139913;31,948100;
2016-09-21;0,407900;6143093;31,976700;
2016-09-22;0,409100;6160793;32,074400;
2016-09-23;0,408900;6161699;32,052700;
2016-09-26;0,408800;6161228;32,042600;
2016-09-27;0,408800;6161264;32,078700;
2016-09-28;0,409200;6166809;32,092500;
2016-09-29;0,409200;6166837;32,083100;
2016-09-30;0,409000;6173840;32,065800;
2016-10-03;0,409200;6170593;32,075700;
2016-10-04;0,408800;6174583;32,048000;
2016-10-05;0,408500;6161517;32,017700;
2016-10-06;0,408300;6158884;32,008400;
2016-10-07;0,408300;6170215;32,004200;
2016-10-10;0,408400;6180361;32,013300;
2016-10-11;0,408200;6178065;31,989600;
2016-10-12;0,408100;6189806;31,982500;
2016-10-13;0,408100;6209852;32,000800;
2016-10-14;0,408500;6220010;31,998300;
2016-10-17;0,408300;6219723;32,007600;
2016-10-18;0,408800;6226456;32,054900;
2016-10-19;0,409100;6231962;32,081000;
2016-10-20;0,409400;6236668;32,098900;
2016-10-21;0,409300;6236701;32,096600;
2016-10-24;0,409900;6241354;32,113600;
2016-10-25;0,409700;6277080;32,112800;
2016-10-26;0,409200;6269956;32,051200;
2016-10-27;0,408400;6250288;31,973500;
2016-10-28;0,408000;6244848;31,955000;
2016-10-31;0,407900;6214080;31,956800;
2016-11-01;0,407900;6214080;31,956800;
2016-11-02;0,407000;6203342;31,883000;
2016-11-03;0,406700;6195510;31,852200;
2016-11-04;0,406600;6204317;31,856400;
2016-11-07;0,407100;6207650;31,898800;
2016-11-08;0,407100;6209617;31,899300;
2016-11-09;0,406000;6190648;31,806400;
2016-11-10;0,404500;6178059;31,707700;
2016-11-11;0,403600;6224533;31,653400;
2016-11-14;0,402900;6209319;31,528200;
2016-11-15;0,403400;6220394;31,610000;
2016-11-16;0,403500;6222153;31,604500;
2016-11-17;0,403600;6222782;31,609600;
2016-11-18;0,403200;6218920;31,561600;
2016-11-21;0,403300;6222276;31,601900;
2016-11-22;0,403800;6230232;31,644200;
2016-11-23;0,403500;6204441;31,602700;
2016-11-24;0,403500;6204659;31,618100;
2016-11-25;0,403700;6210744;31,625500;
2016-11-28;0,403800;6209331;31,663900;
2016-11-29;0,403900;6212836;31,668200;
2016-11-30;0,403800;6214586;31,656600;
2016-12-01;0,403000;6212451;31,587300;
2016-12-02;0,403100;6217370;31,618000;
2016-12-05;0,403200;6231587;31,610500;
2016-12-06;0,403500;6246638;31,624100;
2016-12-07;0,404200;6260940;31,691900;
2016-12-08;0,404400;6296747;31,703400;
2016-12-09;0,404400;6311211;31,700800;
2016-12-12;0,404700;6324219;31,713400;
2016-12-13;0,404900;6334894;31,753500;
2016-12-14;0,405000;6347709;31,754400;
2016-12-15;0,404200;6347207;31,696900;
2016-12-16;0,404600;6355443;31,744100;
2016-12-19;0,404800;6384348;31,793100;
2016-12-20;0,405100;6459624;31,796400;
2016-12-21;0,405300;6475830;31,822700;
2016-12-22;0,405100;6470965;31,806800;
2016-12-23;0,405200;6546087;31,824200;
2016-12-26;0,405200;6546087;31,824200;
2016-12-27;0,405400;6565075;31,841400;
2016-12-28;0,405500;6575661;31,859900;
2016-12-29;0,405800;6647070;31,878900;
2016-12-30;0,405700;6662031;31,871700;
2017-01-02;0,405600;6661735;31,860500;
2017-01-03;0,406100;6670671;31,878400;
2017-01-04;0,406200;6674398;31,910500;
2017-01-05;0,406400;6655543;31,931800;
2017-01-06;0,406300;6657977;31,898700;
2017-01-09;0,406100;6658471;31,898700;
2017-01-10;0,406300;6661079;31,908300;
2017-01-11;0,406200;6654948;31,904100;
2017-01-12;0,406500;6659681;31,936000;
2017-01-13;0,406200;6654436;31,898300;
2017-01-16;0,406300;6649275;31,902800;
2017-01-17;0,406500;6652389;31,938600;
2017-01-18;0,406100;6646407;31,894600;
2017-01-19;0,405800;6641238;31,852300;
2017-01-20;0,405500;6633394;31,834800;
2017-01-23;0,405700;6638183;31,884400;
2017-01-24;0,405700;6639658;31,857200;
2017-01-25;0,405600;6637852;31,823400;
2017-01-26;0,405500;6636915;31,814900;
2017-01-27;0,405700;6639816;31,837400;
2017-01-30;0,405700;6641793;31,833400;
2017-01-31;0,405500;6639531;31,842600;
2017-02-01;0,405400;6639454;31,814300;
2017-02-02;0,405600;6642794;31,844800;
2017-02-03;0,405700;6645279;31,865100;
2017-02-06;0,406100;6663138;31,904600;
2017-02-07;0,406300;6667598;31,925100;
2017-02-08;0,406600;6671686;31,971200;
2017-02-09;0,406800;6684330;31,973800;
2017-02-10;0,406700;6664597;31,972200;
2017-02-13;0,407000;6670215;31,992900;
2017-02-14;0,407000;6681347;31,987500;
2017-02-15;0,407000;6682356;31,993300;
2017-02-16;0,407000;6682356;31,993300;
2017-02-17;0,407000;6677367;32,019400;
2017-02-20;0,407000;6677892;32,026900;
2017-02-21;0,407600;6687444;32,042300;
2017-02-22;0,408100;6696713;32,094500;
2017-02-23;0,408400;6700984;32,145500;
2017-02-24;0,408400;6699893;32,175900;
2017-02-27;0,408500;6705713;32,156600;
2017-02-28;0,408400;6691202;32,155400;
2017-03-01;0,408400;6690789;32,126300;
2017-03-02;0,408400;6686424;32,119400;
2017-03-03;0,408100;6682412;32,101200;
2017-03-06;0,408000;6682326;32,094300;
2017-03-07;0,407700;6688729;32,083800;
2017-03-08;0,407100;6695754;32,015400;
2017-03-09;0,406200;6681569;31,956700;
2017-03-10;0,406000;6694264;31,939300;
2017-03-13;0,405900;6690180;31,933000;
2017-03-14;0,405500;6684563;31,913400;
2017-03-15;0,406200;6696330;31,992700;
2017-03-16;0,406800;6706131;32,009900;
2017-03-17;0,406700;6703748;32,004100;
2017-03-20;0,406800;6707606;32,019000;
2017-03-21;0,406700;6701244;32,001500;
2017-03-22;0,406500;6684469;32,018600;
2017-03-23;0,406700;6689225;32,010800;
2017-03-24;0,407000;6692579;32,041000;
2017-03-27;0,406800;6685727;32,027400;
2017-03-28;0,406900;6685905;32,032200;
2017-03-29;0,407500;6693900;32,087600;
2017-03-30;0,408000;6701233;32,114800;
2017-03-31;0,408100;6702043;32,105400;
2017-04-03;0,408400;6707890;32,162900;
2017-04-04;0,408600;6711928;32,171700;
2017-04-05;0,408700;6712910;32,179300;
2017-04-06;0,408500;6707801;32,179600;
2017-04-07;0,408700;6710768;32,191800;
2017-04-10;0,408900;6726308;32,202500;
2017-04-11;0,409100;6737473;32,230300;
2017-04-12;0,409100;6738903;32,230000;
2017-04-13;0,409200;6741190;32,258800;
2017-04-14;0,409200;6738705;32,255000;
2017-04-17;0,409200;6738705;32,255000;
2017-04-18;0,409300;6740915;32,260500;
2017-04-19;0,409100;6746740;32,238100;
2017-04-20;0,408700;6740521;32,221100;
2017-04-21;0,409000;6743083;32,223400;
2017-04-24;0,409300;6749500;32,245000;
2017-04-25;0,408900;6742743;32,193600;
2017-04-26;0,408800;6743854;32,206300;
2017-04-27;0,408900;6746751;32,237700;
2017-04-28;0,409000;6740628;32,242100;
2017-05-01;0,409000;6740628;32,242100;
2017-05-02;0,409000;6725738;32,252000;
2017-05-03;0,409300;6730954;32,255200;
2017-05-04;0,408800;6720998;32,206500;
2017-05-05;0,408500;6718235;32,198500;
2017-05-08;0,408700;6721753;32,198000;
2017-05-09;0,408700;6731632;32,192700;
2017-05-10;0,409000;6745638;32,223700;
2017-05-11;0,409000;6747071;32,225400;
2017-05-12;0,409300;6752209;32,268700;
2017-05-15;0,409600;6755559;32,273600;
2017-05-16;0,409500;6753552;32,263100;
2017-05-17;0,409300;6761838;32,266300;
2017-05-18;0,408600;6771484;32,219500;
2017-05-19;0,408700;6773892;32,236300;
2017-05-22;0,408800;6775978;32,233200;
2017-05-23;0,408700;6774694;32,226200;
2017-05-24;0,408800;6777561;32,247400;
2017-05-25;0,409100;6782582;32,279800;
2017-05-26;0,409300;6785597;32,295900;
2017-05-29;0,409400;6786490;32,305800;
2017-05-30;0,409600;6790259;32,321500;
2017-05-31;0,409700;6792627;32,329000;
2017-06-01;0,409700;6789185;32,332900;
2017-06-02;0,410000;6795529;32,376300;
2017-06-05;0,410000;6797518;32,369600;
2017-06-06;0,410300;6800117;32,387700;
2017-06-07;0,410100;6796977;32,371300;
2017-06-08;0,410100;6808637;32,371200;
2017-06-09;0,410300;6822118;32,379100;
2017-06-12;0,410300;6824196;32,385900;
2017-06-13;0,410200;6822357;32,385600;
2017-06-14;0,410700;6832545;32,432400;
2017-06-15;0,410400;6824239;32,385100;
2017-06-16;0,410400;6815495;32,403800;
2017-06-19;0,410500;6818022;32,412300;
2017-06-20;0,410500;6817819;32,403800;
2017-06-21;0,410400;6815794;32,398400;
2017-06-22;0,410400;6816496;32,401800;
2017-06-23;0,410500;6818364;32,409500;
2017-06-26;0,410800;6826591;32,429000;
2017-06-27;0,410200;6817172;32,348000;
2017-06-28;0,409600;6805641;32,323400;
2017-06-29;0,409000;6795392;32,243800;
2017-06-30;0,408600;6789504;32,217900;
2017-07-03;0,408500;6792238;32,208100;
2017-07-04;0,408500;6792893;32,221400;
2017-07-05;0,408500;6803841;32,226600;
2017-07-06;0,408500;6803841;32,226600;
2017-07-07;0,407500;6788213;32,137300;
2017-07-10;0,407600;6804554;32,165300;
2017-07-11;0,407700;6782160;32,160100;
2017-07-12;0,408300;6784244;32,226800;
2017-07-13;0,408500;6789223;32,221500;
2017-07-14;0,408900;6795134;32,256900;
2017-07-17;0,409300;6797953;32,282200;
2017-07-18;0,409300;6796301;32,296400;
2017-07-19;0,409500;6799755;32,311200;
2017-07-20;0,409600;6806162;32,314600;
2017-07-21;0,409700;6809113;32,340800;
2017-07-24;0,409400;6804136;32,313000;
2017-07-25;0,409000;6796751;32,262000;
2017-07-26;0,409000;6752418;32,284400;
2017-07-27;0,409300;6756745;32,301900;
2017-07-28;0,408900;6751385;32,287400;
2017-07-31;0,408800;6750896;32,277900;
2017-08-01;0,409000;6789502;32,329200;
2017-08-02;0,408900;6787238;32,309600;
2017-08-03;0,408900;6799842;32,322500;
2017-08-04;0,409200;6802661;32,308900;
2017-08-07;0,409000;6798429;32,315700;
2017-08-08;0,409100;6801826;32,305300;
2017-08-09;0,408800;6797064;32,307400;
2017-08-10;0,408800;6806290;32,298500;
2017-08-11;0,408400;6800068;32,294700;
2017-08-14;0,408600;6804182;32,307900;
2017-08-15;0,408600;6804182;32,307900;
2017-08-16;0,409000;6800770;32,317700;
2017-08-17;0,409000;6802080;32,312100;
2017-08-18;0,408800;6798872;32,307500;
2017-08-21;0,408700;6798856;32,316300;
2017-08-22;0,408900;6791918;32,322600;
2017-08-23;0,408900;6791479;32,336200;
2017-08-24;0,409000;6790649;32,329200;
2017-08-25;0,409000;6791319;32,339900;
2017-08-28;0,409000;6791789;32,345100;
2017-08-29;0,408600;6785624;32,336400;
2017-08-30;0,408800;6789853;32,329100;
2017-08-31;0,409300;6800827;32,375500;
2017-09-01;0,409700;6827809;32,384000;
2017-09-04;0,409600;6826316;32,368900;
2017-09-05;0,409700;6817659;32,413900;
2017-09-06;0,409700;6817854;32,401700;
2017-09-07;0,409700;6818607;32,433600;
2017-09-08;0,409700;6819616;32,418900;
2017-09-11;0,409800;6833053;32,405100;
2017-09-12;0,409600;6830666;32,380200;
2017-09-13;0,409700;6831780;32,381200;
2017-09-14;0,409600;6831861;32,376300;
2017-09-15;0,409500;6831612;32,375400;
2017-09-18;0,409400;6819873;32,360100;
2017-09-19;0,409400;6831160;32,368700;
2017-09-20;0,409400;6831684;32,373400;
2017-09-21;0,409400;6830030;32,355900;
2017-09-22;0,409500;6830045;32,376300;
2017-09-25;0,410000;6837972;32,409000;
2017-09-26;0,410100;6837438;32,415500;
2017-09-27;0,409600;6832506;32,382900;
2017-09-28;0,409600;6831132;32,385400;
2017-09-29;0,409800;6845597;32,400700;
2017-10-02;0,410100;6851033;32,412900;
2017-10-03;0,410200;6863268;32,427400;
2017-10-04;0,410400;6867470;32,435000;
2017-10-05;0,410400;6867841;32,431900;
2017-10-06;0,410100;6863668;32,417500;
2017-10-09;0,410000;6865270;32,419300;
2017-10-10;0,410100;6868163;32,437800;
2017-10-11;0,410000;6866666;32,425300;
2017-10-12;0,410100;6868348;32,436400;
2017-10-13;0,410500;6869136;32,477000;
2017-10-16;0,410800;6891350;32,498300;
2017-10-17;0,411000;6893511;32,505900;
2017-10-18;0,410800;6890990;32,491900;
2017-10-19;0,410800;6896426;32,498100;
2017-10-20;0,410400;6940750;32,454900;
2017-10-23;0,410700;6997155;32,470800;
2017-10-24;0,410300;6998948;32,446200;
2017-10-25;0,409800;6990346;32,408900;
2017-10-26;0,410000;6995489;32,425500;
2017-10-27;0,410600;6999683;32,482900;
2017-10-30;0,411100;7009454;32,533900;
2017-10-31;0,411200;7013539;32,530700;
2017-11-01;0,411200;7013539;32,530700;
2017-11-02;0,411200;7011659;32,549400;
2017-11-03;0,411200;7006314;32,541800;
2017-11-06;0,411500;7014952;32,569900;
2017-11-07;0,411700;7058592;32,584700;
2017-11-08;0,411500;7056132;32,577700;
2017-11-09;0,411000;7069509;32,518200;
2017-11-10;0,410300;7058511;32,463100;
2017-11-13;0,410100;7053240;32,446600;
2017-11-14;0,409600;7047945;32,432300;
2017-11-15;0,409300;7037327;32,411800;
2017-11-16;0,409500;7042679;32,435200;
2017-11-17;0,409900;7055822;32,460000;
2017-11-20;0,410000;7039550;32,464400;
2017-11-21;0,410400;7049854;32,501800;
2017-11-22;0,410700;7057274;32,524900;
2017-11-23;0,410500;7057555;32,520000;
2017-11-24;0,410300;7056502;32,497000;
2017-11-27;0,410400;7071347;32,511300;
2017-11-28;0,410500;7086958;32,515000;
2017-11-29;0,410400;7092744;32,490400;
2017-11-30;0,410200;7094281;32,494600;
2017-12-01;0,410500;7106062;32,539000;
2017-12-04;0,410600;7128691;32,532500;
2017-12-05;0,410900;7135706;32,555300;
2017-12-06;0,410900;7141950;32,568400;
2017-12-07;0,410700;7168416;32,554800;
2017-12-08;0,410900;7186100;32,565200;
2017-12-11;0,411000;7194294;32,580800;
2017-12-12;0,411000;7201794;32,563800;
2017-12-13;0,411300;7210537;32,591200;
2017-12-14;0,411100;7213054;32,586400;
2017-12-15;0,411200;7218882;32,587400;
2017-12-18;0,411500;7236083;32,604800;
2017-12-19;0,411100;7233476;32,545500;
2017-12-20;0,410600;7229951;32,504500;
2017-12-21;0,410600;7235423;32,508600;
2017-12-22;0,410700;7247218;32,510600;
2017-12-25;0,410700;7247218;32,510600;
2017-12-26;0,410700;7247218;32,510600;
2017-12-27;0,411000;7262173;32,556800;
2017-12-28;0,410700;7300579;32,535600;
2017-12-29;0,410600;7355779;32,527400;
2018-01-01;0,410600;7355779;32,527400;
2018-01-02;0,410500;7344110;32,512500;
2018-01-03;0,411000;7365383;32,546800;
2018-01-04;0,411300;7357808;32,573200;
2018-01-05;0,411500;7363767;32,581900;
2018-01-08;0,411900;7363383;32,602400;
2018-01-09;0,411800;7363882;32,587200;
2018-01-10;0,411400;7369651;32,577500;
2018-01-11;0,411300;7366760;32,554400;
2018-01-12;0,411200;7361288;32,556700;
2018-01-15;0,411000;7364840;32,542300;
2018-01-16;0,411100;7366487;32,540900;
2018-01-17;0,411000;7364458;32,546800;
2018-01-18;0,410900;7351217;32,532500;
2018-01-19;0,410800;7347228;32,527900;
2018-01-22;0,410800;7344212;32,529500;
2018-01-23;0,411100;7348310;32,550400;
2018-01-24;0,411100;7349110;32,539900;
2018-01-25;0,410700;7339184;32,525800;
2018-01-26;0,410800;7339356;32,508100;
2018-01-29;0,410600;7340282;32,457700;
2018-01-30;0,409800;7327298;32,423100;
2018-01-31;0,409800;7330141;32,426800;
2018-02-01;0,409600;7327130;32,405900;
2018-02-02;0,408600;7311146;32,313100;
2018-02-05;0,408100;7317479;32,266600;
2018-02-06;0,407500;7329194;32,267300;
2018-02-07;0,408000;7349316;32,268600;
2018-02-08;0,407000;7310547;32,180000;
2018-02-09;0,406100;7294491;32,162600;
2018-02-12;0,406400;7337427;32,186000;
2018-02-13;0,406000;7331901;32,163600;
2018-02-14;0,406000;7331666;32,157400;
2018-02-15;0,406800;7345699;32,199500;
2018-02-16;0,406800;7345699;32,199500;
2018-02-19;0,407400;7359265;32,233700;
2018-02-20;0,407400;7343730;32,220600;
2018-02-21;0,407600;7345992;32,218900;
2018-02-22;0,407400;7341486;32,224200;
2018-02-23;0,407900;7351505;32,281300;
2018-02-26;0,408400;7370199;32,312400;
2018-02-27;0,408300;7367248;32,268300;
2018-02-28;0,408100;7361906;32,274900;
2018-03-01;0,408000;7359528;32,273300;
2018-03-02;0,406900;7341637;32,232000;
2018-03-05;0,406900;7343030;32,230200;
2018-03-06;0,407100;7356786;32,236600;
2018-03-07;0,407000;7348775;32,215600;
2018-03-08;0,407200;7344458;32,241600;
2018-03-09;0,407400;7357165;32,249200;
2018-03-12;0,407900;7378740;32,286600;
2018-03-13;0,407700;7377711;32,279800;
2018-03-14;0,407700;7382635;32,279800;
2018-03-15;0,407500;7373922;32,273000;
2018-03-16;0,407600;7376800;32,276100;
2018-03-19;0,407100;7380026;32,250700;
2018-03-20;0,407100;7379377;32,236800;
2018-03-21;0,407200;7381628;32,228900;
2018-03-22;0,407200;7370607;32,237400;
2018-03-23;0,406400;7356110;32,187500;
2018-03-26;0,406000;7354369;32,203800;
2018-03-27;0,406800;7366565;32,225800;
2018-03-28;0,406700;7365823;32,229300;
2018-03-29;0,407100;7373010;32,270200;
2018-03-30;0,407200;7378837;32,282000;
2018-04-02;0,407200;7378837;32,282000;
2018-04-03;0,407200;7383898;32,256100;
2018-04-04;0,407000;7413072;32,260200;
2018-04-05;0,407500;7470846;32,277800;
2018-04-06;0,407500;7470964;32,281500;
2018-04-09;0,407100;7465458;32,279900;
2018-04-10;0,407000;7467473;32,278100;
2018-04-11;0,407000;7467577;32,285200;
2018-04-12;0,407400;7493013;32,292500;
2018-04-13;0,407500;7494845;32,306400;
2018-04-16;0,407300;7488086;32,308800;
2018-04-17;0,407700;7495930;32,341000;
2018-04-18;0,407800;7497644;32,326000;
2018-04-19;0,407200;7485113;32,258800;
2018-04-20;0,407000;7480554;32,227400;
2018-04-23;0,406600;7472224;32,201900;
2018-04-24;0,406500;7468713;32,183900;
2018-04-25;0,405700;7445242;32,155500;
2018-04-26;0,406300;7455299;32,201100;
2018-04-27;0,406900;7431157;32,242400;
2018-04-30;0,407100;7439502;32,254600;
2018-05-01;0,407100;7439502;32,254600;
2018-05-02;0,406600;7423762;32,211500;
2018-05-03;0,406400;7422248;32,225400;
2018-05-04;0,406600;7437677;32,237700;
2018-05-07;0,406800;7443032;32,250600;
2018-05-08;0,406500;7438490;32,228900;
2018-05-09;0,406400;7434762;32,236800;
2018-05-10;0,406900;7446105;32,279500;
2018-05-11;0,407200;7463308;32,288300;
2018-05-14;0,406900;7449041;32,253900;
2018-05-15;0,406200;7456845;32,172100;
2018-05-16;0,406600;7468108;32,187100;
2018-05-17;0,406400;7464598;32,183200;
2018-05-18;0,406200;7461575;32,193300;
2018-05-21;0,406300;7464768;32,208300;
2018-05-22;0,406600;7467497;32,217500;
2018-05-23;0,406700;7459037;32,234900;
2018-05-24;0,407000;7465095;32,272000;
2018-05-25;0,407400;7429617;32,291400;
2018-05-28;0,407500;7421280;32,314000;
2018-05-29;0,407700;7424804;32,347000;
2018-05-30;0,407400;7419015;32,321300;
2018-05-31;0,407200;7406823;32,325100;
2018-06-01;0,407000;7401112;32,301500;
2018-06-04;0,407100;7404618;32,317000;
2018-06-05;0,407300;7403633;32,314900;
2018-06-06;0,406700;7405982;32,265300;
2018-06-07;0,406500;7404084;32,250600;
2018-06-08;0,406500;7416796;32,244100;
2018-06-11;0,406500;7392479;32,246400;
2018-06-12;0,406400;7383937;32,246700;
2018-06-13;0,406400;7384336;32,249900;
2018-06-14;0,406800;7383818;32,304000;
2018-06-15;0,406900;7387053;32,313200;
2018-06-18;0,406900;7387105;32,317800;
2018-06-19;0,406800;7388067;32,316200;
2018-06-20;0,406900;7388945;32,325800;
2018-06-21;0,406600;7384861;32,298800;
2018-06-22;0,406600;7385103;32,311700;
2018-06-25;0,406200;7377727;32,262100;
2018-06-26;0,405900;7356504;32,247800;
2018-06-27;0,406100;7355037;32,260900;
2018-06-28;0,405800;7344532;32,249700;
2018-06-29;0,405900;7348950;32,268800;
2018-07-02;0,405600;7371446;32,242900;
2018-07-03;0,405800;7408879;32,265900;
2018-07-04;0,405700;7401130;32,262200;
2018-07-05;0,406000;7406851;32,284800;
2018-07-06;0,406000;7406851;32,284800;
2018-07-09;0,406500;7422592;32,332100;
2018-07-10;0,406900;7453334;32,333600;
2018-07-11;0,406800;7444467;32,328600;
2018-07-12;0,406900;7445518;32,351400;
2018-07-13;0,407400;7454702;32,390200;
2018-07-16;0,407200;7429577;32,366800;
2018-07-17;0,407200;7426692;32,372900;
2018-07-18;0,407500;7431825;32,375800;
2018-07-19;0,407500;7434048;32,385700;
2018-07-20;0,407100;7427846;32,357300;
2018-07-23;0,406800;7422782;32,316600;
2018-07-24;0,407100;7427097;32,346400;
2018-07-25;0,407400;7427237;32,379800;
2018-07-26;0,407600;7432935;32,380400;
2018-07-27;0,407800;7437796;32,387800;
2018-07-30;0,407500;7442666;32,367200;
2018-07-31;0,407500;7427209;32,377000;
2018-08-01;0,407200;7420902;32,339000;
2018-08-02;0,407200;7422676;32,341700;
2018-08-03;0,407700;7433036;32,403300;
2018-08-06;0,408000;7439287;32,427700;
2018-08-07;0,408000;7439425;32,428200;
2018-08-08;0,407900;7447582;32,413400;
2018-08-09;0,407900;7459894;32,417000;
2018-08-10;0,407800;7459395;32,408000;
2018-08-13;0,407300;7444011;32,376300;
2018-08-14;0,407500;7447861;32,406400;
2018-08-15;0,407500;7447861;32,406400;
2018-08-16;0,407600;7453217;32,419600;
2018-08-17;0,407500;7451255;32,410700;
2018-08-20;0,407700;7463819;32,440000;
2018-08-21;0,407500;7456132;32,428300;
2018-08-22;0,407500;7455664;32,408800;
2018-08-23;0,407300;7477129;32,387600;
2018-08-24;0,407200;7476008;32,398900;
2018-08-27;0,407200;7477375;32,404400;
2018-08-28;0,407200;7479007;32,367800;
2018-08-29;0,407000;7474886;32,342400;
2018-08-30;0,407000;7473030;32,349200;
2018-08-31;0,406800;7474659;32,347700;
2018-09-03;0,406900;7476851;32,343000;
2018-09-04;0,406500;7471385;32,308100;
2018-09-05;0,406100;7464636;32,271700;
2018-09-06;0,406000;7467317;32,289300;
2018-09-07;0,405900;7464883;32,263700;
2018-09-10;0,405800;7477899;32,265800;
2018-09-11;0,405800;7485612;32,256200;
2018-09-12;0,406000;7490290;32,284800;
2018-09-13;0,406200;7469712;32,302200;
2018-09-14;0,406200;7469908;32,290100;
2018-09-17;0,406100;7469935;32,269600;
2018-09-18;0,406000;7446519;32,262300;
2018-09-19;0,406000;7447750;32,261100;
2018-09-20;0,406100;7452770;32,286500;
2018-09-21;0,406300;7456880;32,298000;
2018-09-24;0,406100;7452425;32,266600;
2018-09-25;0,405900;7448308;32,238200;
2018-09-26;0,406200;7453435;32,269900;
2018-09-27;0,406400;7459067;32,297900;
2018-09-28;0,406800;7468740;32,322000;
2018-10-01;0,406900;7466227;32,346000;
2018-10-02;0,407100;7469669;32,358400;
2018-10-03;0,406800;7465972;32,325200;
2018-10-04;0,406000;7463421;32,234400;
2018-10-05;0,405600;7456508;32,207000;
2018-10-08;0,405600;7464630;32,209800;
2018-10-09;0,405500;7464757;32,210000;
2018-10-10;0,405200;7472713;32,148500;
2018-10-11;0,404700;7444551;32,130100;
2018-10-12;0,404600;7455977;32,149800;
2018-10-15;0,404700;7454745;32,145300;
2018-10-16;0,404800;7457035;32,195900;
2018-10-17;0,405300;7444865;32,207700;
2018-10-18;0,405100;7442193;32,183500;
2018-10-19;0,404700;7423884;32,156100;
2018-10-22;0,404800;7426787;32,165000;
2018-10-23;0,404500;7419127;32,139900;
2018-10-24;0,404600;7422415;32,134700;
2018-10-25;0,404200;7424775;32,148400;
2018-10-26;0,404300;7427338;32,144600;
2018-10-29;0,404200;7441160;32,136800;
2018-10-30;0,404000;7451378;32,125900;
2018-10-31;0,404100;7490142;32,132800;
2018-11-01;0,404100;7490142;32,132800;
2018-11-02;0,404400;7500434;32,146300;
2018-11-05;0,404600;7506685;32,164500;
2018-11-06;0,404800;7511755;32,180000;
2018-11-07;0,405000;7522472;32,206800;
2018-11-08;0,405100;7523912;32,186100;
2018-11-09;0,405100;7537454;32,185100;
2018-11-12;0,405300;7526482;32,180600;
2018-11-13;0,404800;7520556;32,160200;
2018-11-14;0,404500;7512710;32,141100;
2018-11-15;0,404300;7511114;32,136300;
2018-11-16;0,404400;7516640;32,137400;
2018-11-19;0,404100;7511097;32,098500;
2018-11-20;0,403500;7496931;32,039800;
2018-11-21;0,403400;7497260;32,062500;
2018-11-22;0,403400;7488487;32,069300;
2018-11-23;0,403700;7494905;32,069200;
2018-11-26;0,403600;7520153;32,095000;
2018-11-27;0,403800;7526117;32,092000;
2018-11-28;0,403900;7528601;32,123200;
2018-11-29;0,404400;7535933;32,158200;
2018-11-30;0,404300;7665395;32,146000;
2018-12-03;0,404800;7674855;32,207700;
2018-12-04;0,405000;7679214;32,190500;
2018-12-05;0,404600;7673960;32,160100;
2018-12-06;0,403900;7663669;32,131800;
2018-12-07;0,403700;7667610;32,127000;
2018-12-10;0,403200;7686455;32,088400;
2018-12-11;0,403400;7691543;32,094500;
2018-12-12;0,403600;7701490;32,126900;
2018-12-13;0,403900;7716432;32,144600;
2018-12-14;0,403800;7720523;32,128600;
2018-12-17;0,403600;7714922;32,119000;
2018-12-18;0,403300;7733554;32,110100;
2018-12-19;0,403300;7748785;32,105400;
2018-12-20;0,402800;7743428;32,032700;
2018-12-21;0,402200;7742722;31,977600;
2018-12-24;0,402200;7742722;31,977600;
2018-12-25;0,402200;7742722;31,977600;
2018-12-26;0,402200;7742722;31,977600;
2018-12-27;0,402000;7755298;32,008200;
2018-12-28;0,402500;7775038;32,027300;
2018-12-31;0,402500;7822371;32,044200;
2019-01-01;0,402500;7822371;32,044200;
2019-01-02;0,403000;7832782;32,083100;
2019-01-03;0,403200;7934381;32,089300;
2019-01-04;0,403400;7985621;32,133400;
2019-01-07;0,404000;7995363;32,155700;
2019-01-08;0,404000;8000775;32,164400;
2019-01-09;0,404400;7912124;32,212200;
2019-01-10;0,404600;7918429;32,221600;
2019-01-11;0,404800;7919820;32,231500;
2019-01-14;0,404800;7921445;32,227100;
2019-01-15;0,405100;7917479;32,273900;
2019-01-16;0,405500;7930896;32,300700;
2019-01-17;0,405600;7932904;32,306900;
2019-01-18;0,405900;7940847;32,345100;
2019-01-21;0,406000;7942631;32,340600;
2019-01-22;0,406200;7937222;32,352400;
2019-01-23;0,406000;7918046;32,357200;
2019-01-24;0,406500;7943354;32,408200;
2019-01-25;0,406600;7930100;32,425000;
2019-01-28;0,406500;7929178;32,408000;
2019-01-29;0,406600;7930397;32,421500;
2019-01-30;0,406900;7935550;32,453100;
2019-01-31;0,407800;7956473;32,551400;
2019-02-01;0,407900;7960306;32,534800;
2019-02-04;0,407900;7935128;32,537700;
2019-02-05;0,408400;7945451;32,587000;
2019-02-06;0,408600;7950301;32,593400;
2019-02-07;0,408500;7951506;32,595400;
2019-02-08;0,408500;7976112;32,607700;
2019-02-11;0,408500;7969191;32,590400;
2019-02-12;0,408600;7970301;32,612800;
2019-02-13;0,408800;7975713;32,618900;
2019-02-14;0,408800;7984860;32,622200;
2019-02-15;0,409100;7992105;32,657500;
2019-02-18;0,409200;7998674;32,664600;
2019-02-19;0,409200;7997234;32,674100;
2019-02-20;0,409400;7999708;32,694900;
2019-02-21;0,409100;7994559;32,655800;
2019-02-22;0,409400;8000194;32,696600;
2019-02-25;0,409700;8000346;32,714900;
2019-02-26;0,409700;8010887;32,721200;
2019-02-27;0,409500;7976082;32,691200;
2019-02-28;0,409300;7974300;32,678300;
2019-03-01;0,409100;7968780;32,664700;
2019-03-04;0,409500;7980082;32,696800;
2019-03-05;0,409600;7982057;32,708800;
2019-03-06;0,409600;7982480;32,721700;
2019-03-07;0,409800;7998425;32,752500;
2019-03-08;0,409400;8004290;32,731300;
2019-03-11;0,409400;8004290;32,731300;
2019-03-12;0,410100;8019756;32,797900;
2019-03-13;0,410200;7987876;32,800900;
2019-03-14;0,410200;7990001;32,787800;
2019-03-15;0,410500;7996590;32,823100;
2019-03-18;0,410600;7981273;32,847000;
2019-03-19;0,410800;7970758;32,841200;
2019-03-20;0,410900;7967182;32,864500;
2019-03-21;0,411200;7973967;32,911000;
2019-03-22;0,411400;7978465;32,919400;
2019-03-25;0,411300;7987264;32,932800;
2019-03-26;0,411400;7960971;32,947400;
2019-03-27;0,411800;7951549;32,982400;
2019-03-28;0,411700;7950433;32,975300;
2019-03-29;0,412000;7959136;33,003200;
2019-04-01;0,412200;7950284;33,003800;
2019-04-02;0,412400;7955119;33,024900;
2019-04-03;0,412500;7956572;33,018900;
2019-04-04;0,412500;7953791;33,022900;
2019-04-05;0,412700;7955956;33,044500;
2019-04-08;0,412600;7958352;33,040200;
2019-04-09;0,412600;7955081;33,051200;
2019-04-10;0,412900;7974445;33,087700;
2019-04-11;0,412800;7966840;33,077100;
2019-04-12;0,412600;7979832;33,058100;
2019-04-15;0,412600;7979114;33,059200;
2019-04-16;0,412500;7979189;33,055700;
2019-04-17;0,412500;7933038;33,052800;
2019-04-18;0,412800;7940657;33,087200;
2019-04-19;0,412900;7950618;33,094600;
2019-04-22;0,412900;7950618;33,094600;
2019-04-23;0,413000;7946989;33,090600;
2019-04-24;0,413300;7944748;33,122200;
2019-04-25;0,413200;7945483;33,115100;
2019-04-26;0,413500;7954457;33,158400;
2019-04-29;0,413500;7950512;33,145700;
2019-04-30;0,413400;7929680;33,147500;
2019-05-01;0,413400;7929680;33,147500;
2019-05-02;0,413000;7915648;33,098100;
2019-05-03;0,413100;7923001;33,129900;
2019-05-06;0,413200;7925688;33,128100;
2019-05-07;0,413000;7929921;33,116300;
2019-05-08;0,412800;7929733;33,101700;
2019-05-09;0,412400;7924400;33,061000;
2019-05-10;0,412300;7931667;33,075000;
2019-05-13;0,412200;7930031;33,034400;
2019-05-14;0,412100;7929458;33,054900;
2019-05-15;0,412500;7937558;33,088400;
2019-05-16;0,412900;7947969;33,119700;
2019-05-17;0,412900;7949717;33,109700;
2019-05-20;0,412700;7943810;33,090600;
2019-05-21;0,412600;7942013;33,093000;
2019-05-22;0,412800;7947534;33,108500;
2019-05-23;0,412700;7931140;33,108200;
2019-05-24;0,412600;7929254;33,109900;
2019-05-27;0,412600;7929887;33,114500;
2019-05-28;0,412800;7832892;33,125900;
2019-05-29;0,412800;7810500;33,115800;
2019-05-30;0,413100;7828154;33,145700;
2019-05-31;0,413000;7853024;33,163200;
2019-06-03;0,413000;7853786;33,176500;
2019-06-04;0,413100;7858377;33,206400;
2019-06-05;0,413500;7867115;33,230700;
2019-06-06;0,413700;7932776;33,243100;
2019-06-07;0,414200;7942900;33,307400;
2019-06-10;0,414400;7974610;33,319000;
2019-06-11;0,414800;7988668;33,341500;
2019-06-12;0,414800;7984351;33,333400;
2019-06-13;0,415000;7984093;33,354300;
2019-06-14;0,415300;7991184;33,368200;
2019-06-17;0,415300;7991383;33,369500;
2019-06-18;0,416300;8010983;33,486800;
2019-06-19;0,416500;8010993;33,514100;
2019-06-20;0,417300;8027582;33,606300;
2019-06-21;0,417000;8022626;33,553300;
2019-06-24;0,417000;8022626;33,553300;
2019-06-25;0,417100;8019669;33,572300;
2019-06-26;0,416900;8016302;33,550700;
2019-06-27;0,417000;8018039;33,584100;
2019-06-28;0,417400;8029637;33,610500;
2019-07-01;0,418000;7989089;33,663700;
2019-07-02;0,418200;8011632;33,703400;
2019-07-03;0,418800;8023972;33,763700;
2019-07-04;0,418900;8026182;33,777200;
2019-07-05;0,418600;8012459;33,712800;
2019-07-08;0,418700;8015595;33,712700;
2019-07-09;0,418500;8010670;33,696600;
2019-07-10;0,418300;8013060;33,687900;
2019-07-11;0,418200;8016726;33,660000;
2019-07-12;0,418100;8015714;33,646900;
2019-07-15;0,418400;8025220;33,689500;
2019-07-16;0,418400;8028160;33,679100;
2019-07-17;0,418700;8055826;33,714500;
2019-07-18;0,418700;8057498;33,730800;
2019-07-19;0,419000;8064136;33,743000;
2019-07-22;0,418900;8064474;33,758900;
2019-07-23;0,419100;8067305;33,778000;
2019-07-24;0,419500;8076638;33,824400;
2019-07-25;0,419400;8079294;33,807500;
2019-07-26;0,419500;8081710;33,820200;
2019-07-29;0,419600;8084244;33,831900;
2019-07-30;0,419400;8081607;33,817000;
2019-07-31;0,419400;8087895;33,841000;
2019-08-01;0,419700;8093792;33,860500;
2019-08-02;0,419400;8090588;33,847000;
2019-08-05;0,418700;8088659;33,780500;
2019-08-06;0,418400;8130976;33,800300;
2019-08-07;0,418800;8140759;33,840500;
2019-08-08;0,419000;8125343;33,869300;
2019-08-09;0,419200;8143474;33,853700;
2019-08-12;0,419100;8104832;33,866300;
2019-08-13;0,419100;8105435;33,885600;
2019-08-14;0,419100;8105328;33,873900;
2019-08-15;0,419100;8105328;33,873900;
2019-08-16;0,419600;8116436;33,944100;
2019-08-19;0,419500;8116570;33,945300;
2019-08-20;0,419900;8123212;33,976600;
2019-08-21;0,419900;8124710;34,001900;
2019-08-22;0,419900;8170524;33,965400;
2019-08-23;0,419800;8168263;33,981300;
2019-08-26;0,419700;8166676;33,973100;
2019-08-27;0,419900;8178798;34,010000;
2019-08-28;0,420000;8191580;34,034600;
2019-08-29;0,420100;8190382;34,035000;
2019-08-30;0,420600;8203179;34,064600;
2019-09-02;0,420700;8205581;34,036900;
2019-09-03;0,420900;8210384;34,087800;
2019-09-04;0,421000;8207188;34,105600;
2019-09-05;0,420700;8213756;34,043900;
2019-09-06;0,421100;8223761;34,081900;
2019-09-09;0,420800;8234077;34,038800;
2019-09-10;0,420400;8209334;33,990600;
2019-09-11;0,420500;8211943;34,000400;
2019-09-12;0,420500;8212935;33,995700;
2019-09-13;0,420100;8204546;33,926400;
2019-09-16;0,420300;8250200;33,942900;
2019-09-17;0,420100;8256857;33,943200;
2019-09-18;0,420400;8262780;33,975200;
2019-09-19;0,420400;8260026;33,976300;
2019-09-20;0,420600;8253342;33,984100;
2019-09-23;0,421000;8266857;34,038000;
2019-09-24;0,421100;8273877;34,061600;
2019-09-25;0,420700;8252464;34,004000;
2019-09-26;0,420800;8313000;34,027300;
2019-09-27;0,420900;8317418;34,028700;
2019-09-30;0,421000;8284889;34,039800;
2019-10-01;0,420900;8285309;34,031100;
2019-10-02;0,420600;8283356;33,985900;
2019-10-03;0,420700;8245513;34,024200;
2019-10-04;0,421200;8272666;34,061400;
2019-10-07;0,421100;8272282;34,030700;
2019-10-08;0,421000;8272438;34,017500;
2019-10-09;0,420600;8268308;33,993800;
2019-10-10;0,420300;8279142;33,950400;
2019-10-11;0,420300;8233791;33,946800;
2019-10-14;0,420400;8284929;33,946400;
2019-10-15;0,420400;8285149;33,957200;
2019-10-16;0,420400;8281284;33,958300;
2019-10-17;0,420300;8282810;33,964000;
2019-10-18;0,420300;8282756;33,948400;
2019-10-21;0,420100;8280996;33,928600;
2019-10-22;0,420500;8289699;33,955700;
2019-10-23;0,420700;8293847;33,979500;
2019-10-24;0,420900;8300767;33,999200;
2019-10-25;0,420900;8302410;33,989600;
2019-10-28;0,420800;8302323;33,974800;
2019-10-29;0,420800;8302532;33,981200;
2019-10-30;0,420600;8308371;33,984800;
2019-10-31;0,421000;8504771;34,028900;
2019-11-01;0,421000;8504771;34,028900;
2019-11-04;0,421100;8509485;34,021800;
2019-11-05;0,421000;8497900;33,991500;
2019-11-06;0,421100;8512093;34,017100;
2019-11-07;0,420800;8513972;33,961400;
2019-11-08;0,420800;8585101;33,951000;
2019-11-11;0,420700;8585144;33,938000;
2019-11-12;0,420600;8585785;33,943900;
2019-11-13;0,420700;8480335;33,962900;
2019-11-14;0,420900;8485640;33,993000;
2019-11-15;0,421000;8489088;34,004500;
2019-11-18;0,421000;8499077;34,004800;
2019-11-19;0,421000;8499289;34,003300;
2019-11-20;0,421100;8513671;34,006600;
2019-11-21;0,420800;8499605;33,972400;
2019-11-22;0,421000;8495626;33,999300;
2019-11-25;0,421200;8494479;34,027900;
2019-11-26;0,421500;8504351;34,063500;
2019-11-27;0,421400;8506858;34,061700;
2019-11-28;0,421400;8509516;34,057700;
2019-11-29;0,421400;8509985;34,047800;
2019-12-02;0,420700;8506982;33,977100;
2019-12-03;0,421000;8502892;34,036600;
2019-12-04;0,420900;8504744;34,017300;
2019-12-05;0,420800;8510896;34,004500;
2019-12-06;0,421100;8519163;34,025000;
2019-12-09;0,421400;8537083;34,046500;
2019-12-10;0,421300;8550255;34,046300;
2019-12-11;0,421600;8557002;34,088000;
2019-12-12;0,421500;8563229;34,052800;
2019-12-13;0,421800;8558723;34,111800;
2019-12-16;0,422100;8589326;34,105400;
2019-12-17;0,422200;8596276;34,127700;
2019-12-18;0,422100;8615152;34,113000;
2019-12-19;0,422100;8620662;34,127100;
2019-12-20;0,422400;8659268;34,145700;
2019-12-23;0,422600;8670338;34,146300;
2019-12-24;0,422600;8670338;34,146300;
2019-12-25;0,422600;8670338;34,146300;
2019-12-26;0,422600;8670338;34,146300;
2019-12-27;0,422900;8695601;34,192000;
2019-12-30;0,422500;8701442;34,134400;
2019-12-31;0,422500;8727555;34,128100;
2020-01-01;0,422500;8727555;34,128100;
2020-01-02;0,422700;8697211;34,169300;
2020-01-03;0,423200;8706786;34,220700;
2020-01-06;0,423100;8714107;34,208800;
2020-01-07;0,423000;8737799;34,192600;
2020-01-08;0,423000;8714699;34,178400;
2020-01-09;0,423200;8720427;34,204000;
2020-01-10;0,423600;8768588;34,236100;
2020-01-13;0,423300;8734511;34,218800;
2020-01-14;0,423500;8739191;34,230000;
2020-01-15;0,423600;8671415;34,254700;
2020-01-16;0,423600;8679893;34,263400;
2020-01-17;0,423800;8684418;34,270900;
2020-01-20;0,424000;8685779;34,283800;
2020-01-21;0,424200;8689566;34,317600;
2020-01-22;0,424300;8717916;34,335600;
2020-01-23;0,424600;8699348;34,356600;
2020-01-24;0,424800;8729298;34,373300;
2020-01-27;0,424600;8767844;34,362700;
2020-01-28;0,424500;8783029;34,364200;
2020-01-29;0,424900;8815622;34,404300;
2020-01-30;0,424600;8796446;34,390000;
2020-01-31;0,424400;8811862;34,378100;
2020-02-03;0,424500;8810002;34,400500;
2020-02-04;0,424700;8818197;34,409800;
2020-02-05;0,425000;8812902;34,417100;
2020-02-06;0,425200;8786551;34,440900;
2020-02-07;0,425400;8884077;34,459500;
2020-02-10;0,425700;8827319;34,492800;
2020-02-11;0,426000;8870656;34,506100;
2020-02-12;0,426200;8841630;34,519600;
2020-02-13;0,426300;8866897;34,529000;
2020-02-14;0,426700;8875817;34,561900;
2020-02-17;0,426800;8879841;34,567600;
2020-02-18;0,426800;8855859;34,573400;
2020-02-19;0,427000;8888735;34,592300;
2020-02-20;0,426900;8893418;34,597100;
2020-02-21;0,426800;8896531;34,594300;
2020-02-24;0,426100;8885571;34,534300;
2020-02-25;0,425500;8893239;34,491400;
2020-02-26;0,425000;8885793;34,458300;
2020-02-27;0,423500;8861404;34,313900;
2020-02-28;0,422100;8840266;34,257100;
2020-03-02;0,422300;8867003;34,324200;
2020-03-03;0,423100;8925443;34,365400;
2020-03-04;0,423800;8942350;34,461300;
2020-03-05;0,423500;8966484;34,405300;
2020-03-06;0,422400;8943402;34,338200;
2020-03-09;0,418800;8873883;33,989600;
2020-03-10;0,417400;8843121;33,872000;
2020-03-11;0,417400;8843121;33,872000;
2020-03-12;0,411400;8730118;33,209000;
2020-03-13;0,410000;8685502;33,195500;
2020-03-16;0,407900;8643244;32,814000;
2020-03-17;0,405600;8566617;32,628700;
2020-03-18;0,400700;8472045;32,099500;
2020-03-19;0,398600;8384985;31,909000;
2020-03-20;0,399400;8301460;31,941800;
2020-03-23;0,397900;8258722;31,824200;
2020-03-24;0,398500;8229163;31,988900;
2020-03-25;0,400800;8312788;32,170500;
2020-03-26;0,402900;8329248;32,508500;
2020-03-27;0,403700;8374684;32,565900;
2020-03-30;0,404000;8324707;32,661200;
2020-03-31;0,404900;8401469;32,679100;
2020-04-01;0,404000;8363483;32,571000;
2020-04-02;0,403700;8356609;32,571500;
2020-04-03;0,403500;8367989;32,532700;
2020-04-06;0,404200;8297634;32,663100;
2020-04-07;0,405300;8384244;32,740400;
2020-04-08;0,405700;8342884;32,797700;
2020-04-09;0,407800;8448658;33,063600;
2020-04-10;0,407800;8414358;33,065600;
2020-04-13;0,407800;8414358;33,065600;
2020-04-14;0,410000;8419996;33,192200;
2020-04-15;0,409900;8466048;33,292500;
2020-04-16;0,410100;8414230;33,355300;
2020-04-17;0,410500;8410303;33,400600;
2020-04-20;0,410700;8446700;33,368900;
2020-04-21;0,409400;8421782;33,239200;
2020-04-22;0,409400;8419366;33,249000;
2020-04-23;0,410200;8437688;33,268100;
2020-04-24;0,410000;8371362;33,342300;
2020-04-27;0,410300;8439955;33,413500;
2020-04-28;0,410700;8451475;33,483500;
2020-04-29;0,411900;8407949;33,606000;
2020-04-30;0,412500;8493449;33,725300;
2020-05-01;0,412500;8493449;33,725300;
2020-05-04;0,411300;8443865;33,648900;
2020-05-05;0,412000;8480922;33,691900;
2020-05-06;0,411600;8426556;33,669800;
2020-05-07;0,412200;8443773;33,664400;
2020-05-08;0,412600;8391086;33,693100;
2020-05-11;0,412800;8391489;33,724200;
2020-05-12;0,413100;8475246;33,694500;
2020-05-13;0,412500;8462825;33,651700;
2020-05-14;0,412000;8389299;33,620900;
2020-05-15;0,412100;8396913;33,599500;
2020-05-18;0,413200;8485440;33,669300;
2020-05-19;0,413800;8454543;33,652700;
2020-05-20;0,414900;8384631;33,721200;
2020-05-21;0,415500;8488549;33,792000;
2020-05-22;0,415700;8448627;33,837200;
2020-05-25;0,416100;8448760;33,852700;
2020-05-26;0,416600;8460494;33,881200;
2020-05-27;0,417300;8478304;33,939600;
2020-05-28;0,417700;8577076;34,009200;
2020-05-29;0,417900;8494981;34,035300;
2020-06-01;0,418200;8594747;34,071000;
2020-06-02;0,419300;8529238;34,114400;
2020-06-03;0,420400;8637791;34,197200;
2020-06-04;0,420300;8638630;34,201600;
2020-06-05;0,421600;8641659;34,322500;
2020-06-08;0,422500;8594426;34,461400;
2020-06-09;0,422300;8696962;34,485600;
2020-06-10;0,422000;8706482;34,437500;
2020-06-11;0,420800;8695177;34,317700;
2020-06-12;0,420400;8687917;34,353900;
2020-06-15;0,420200;8578981;34,337900;
2020-06-16;0,421900;8707691;34,425200;
2020-06-17;0,422100;8735710;34,502400;
2020-06-18;0,422000;8726434;34,485600;
2020-06-19;0,422400;8736693;34,490000;
2020-06-22;0,422400;8621283;34,502100;
2020-06-23;0,422500;8735262;34,473000;
2020-06-24;0,422500;8735262;34,473000;
2020-06-25;0,421700;8608138;34,470600;
2020-06-26;0,421800;8721913;34,443300;
2020-06-29;0,421700;8608959;34,432900;
2020-06-30;0,422000;8615534;34,440700;
2020-07-01;0,422100;8733517;34,429000;
2020-07-02;0,423200;8755096;34,465200;
2020-07-03;0,423400;8786796;34,515300;
2020-07-06;0,423400;8786796;34,515300;
2020-07-07;0,424100;8800243;34,552500;
2020-07-08;0,423900;8779777;34,553800;
2020-07-09;0,424200;8691423;34,576700;
2020-07-10;0,424400;8705602;34,597600;
2020-07-13;0,424500;8853349;34,568900;
2020-07-14;0,424300;8732064;34,543300;
2020-07-15;0,424900;8748029;34,607400;
2020-07-16;0,425200;8756964;34,632900;
2020-07-17;0,425300;8759633;34,667100;
2020-07-20;0,426000;8773873;34,702300;
2020-07-21;0,427200;8921438;34,762600;
2020-07-22;0,427300;8795108;34,802500;
2020-07-23;0,427300;8923745;34,820500;
2020-07-24;0,426800;8912254;34,775600;
2020-07-27;0,426800;8786535;34,759800;
2020-07-28;0,426800;8911608;34,797000;
2020-07-29;0,426700;8784481;34,819500;
2020-07-30;0,426900;8809855;34,808000;
2020-07-31;0,426800;8805664;34,820200;
2020-08-03;0,427000;8942636;34,838400;
2020-08-04;0,427800;8841687;34,856200;
2020-08-05;0,427900;8855295;34,869100;
2020-08-06;0,428200;8734301;34,878300;
2020-08-07;0,428400;8838474;34,905800;
2020-08-10;0,428600;8756905;34,922300;
2020-08-11;0,428300;8878993;34,941900;
2020-08-12;0,428100;8872408;34,928500;
2020-08-13;0,427800;8871570;34,893400;
2020-08-14;0,427300;8862783;34,866500;
2020-08-17;0,427300;8864339;34,875000;
2020-08-18;0,427300;8859690;34,894900;
2020-08-19;0,427600;8867360;34,917300;
2020-08-20;0,427600;8874665;34,929400;
2020-08-21;0,428000;8883546;34,964500;
2020-08-24;0,428500;8889286;34,989200;
2020-08-25;0,428000;8877858;34,963100;
2020-08-26;0,427800;8737403;34,923700;
2020-08-27;0,427800;8840970;34,914000;
2020-08-28;0,428000;8846185;34,928900;
2020-08-31;0,428000;8924586;34,903600;
2020-09-01;0,428400;8832016;34,961600;
2020-09-02;0,429600;8781847;35,085900;
2020-09-03;0,429800;9030637;35,077800;
2020-09-04;0,428700;9006242;35,029200;
2020-09-07;0,428900;8998950;35,017200;
2020-09-08;0,428400;8990122;35,001500;
2020-09-09;0,428300;9003096;34,994100;
2020-09-10;0,428400;9007622;34,925200;
2020-09-11;0,428300;9020102;34,991300;
2020-09-14;0,428700;9029537;35,016400;
2020-09-15;0,429200;9044264;35,044000;
2020-09-16;0,429300;9051712;35,055000;
2020-09-17;0,429100;9048445;35,065900;
2020-09-18;0,428800;9043429;35,031800;
2020-09-21;0,427700;8920014;35,008200;
2020-09-22;0,427500;8913167;34,980400;
2020-09-23;0,427200;9155531;34,926400;
2020-09-24;0,426400;9132511;34,885300;
2020-09-25;0,426400;9133159;34,909400;
2020-09-28;0,426800;9143326;34,937100;
2020-09-29;0,426900;9145341;34,934800;
2020-09-30;0,427100;9153525;34,944300;
2020-10-01;0,427400;9160921;34,989500;
2020-10-02;0,427400;9167914;34,989400;
2020-10-05;0,427500;9184018;35,014000;
2020-10-06;0,428100;9240706;35,035500;
2020-10-07;0,427800;9241531;35,053900;
2020-10-08;0,428700;9172745;35,121900;
2020-10-09;0,429200;9197789;35,162100;
2020-10-12;0,429500;9206829;35,199600;
2020-10-13;0,430000;9326642;35,230800;
2020-10-14;0,430100;9327523;35,236500;
2020-10-15;0,429600;9324190;35,236500;
2020-10-16;0,430000;9331832;35,262600;
2020-10-19;0,429700;9327375;35,243400;
2020-10-20;0,429200;9300780;35,218300;
2020-10-21;0,429100;9298407;35,204600;
2020-10-22;0,428800;9293680;35,176900;
2020-10-23;0,428900;9295972;35,188200;
2020-10-26;0,428800;9304492;35,160400;
2020-10-27;0,429100;9304538;35,193400;
2020-10-28;0,428200;9327669;35,112800;
2020-10-29;0,427700;9312118;35,149000;
2020-10-30;0,427300;9308098;35,111000;
2020-11-02;0,427300;9308098;35,111000;
2020-11-03;0,428300;9402576;35,191800;
2020-11-04;0,430100;9447670;35,293900;
2020-11-05;0,431500;9490627;35,381900;
2020-11-06;0,431400;9491189;35,375400;
2020-11-09;0,432500;9517591;35,425900;
2020-11-10;0,432400;9486266;35,410000;
2020-11-11;0,432800;9490825;35,466600;
2020-11-12;0,432900;9490093;35,470300;
2020-11-13;0,432900;9384784;35,491800;
2020-11-16;0,433700;9401498;35,550600;
2020-11-17;0,434000;9519846;35,564400;
2020-11-18;0,434300;9532191;35,567700;
2020-11-19;0,434300;9531883;35,585900;
2020-11-20;0,434800;9546992;35,609800;
2020-11-23;0,435000;9552260;35,625500;
2020-11-24;0,435300;9383790;35,657600;
2020-11-25;0,435400;9386860;35,662500;
2020-11-26;0,435500;9388406;35,679500;
2020-11-27;0,435700;9382826;35,672600;
2020-11-30;0,435400;9330722;35,634000;
2020-12-01;0,435300;9518972;35,604700;
2020-12-02;0,435200;9516115;35,608200;
2020-12-03;0,435800;9560078;35,654100;
2020-12-04;0,436000;9565050;35,685800;
2020-12-07;0,436500;9511640;35,734300;
2020-12-08;0,436900;9525793;35,780100;
2020-12-09;0,436700;9513989;35,778700;
2020-12-10;0,436800;9536237;35,759400;
2020-12-11;0,437100;9543927;35,797900;
2020-12-14;0,437000;9543986;35,778700;
2020-12-15;0,436900;9369652;35,782000;
2020-12-16;0,437000;9486637;35,740900;
2020-12-17;0,437500;9503469;35,767000;
2020-12-18;0,437600;9507544;35,761700;
2020-12-21;0,436800;9391453;35,735900;
2020-12-22;0,437200;9503268;35,747000;
2020-12-23;0,436900;9577398;35,697400;
2020-12-24;0,436900;9577398;35,697400;
2020-12-25;0,436900;9577398;35,697400;
2020-12-28;0,437400;9594625;35,711900;
2020-12-29;0,438000;9613268;35,774600;
2020-12-30;0,437900;9639857;35,764100;
2020-12-31;0,438300;9667486;35,788200;
2021-01-01;0,438300;9667486;35,788200;
2021-01-04;0,438600;9672881;35,816500;
2021-01-05;0,438200;9657962;35,810500;
2021-01-06;0,437600;9660129;35,789800;
2021-01-07;0,437500;9656108;35,807400;
2021-01-08;0,437900;9679496;35,838800;
2021-01-11;0,437600;9674756;35,807600;
2021-01-12;0,437100;9663219;35,753200;
2021-01-13;0,438000;9684546;35,822100;
2021-01-14;0,438300;9693047;35,864900;
2021-01-15;0,438200;9692016;35,839600;
2021-01-18;0,438200;9700690;35,820800;
2021-01-19;0,438400;9578559;35,832400;
2021-01-20;0,438900;9581638;35,878000;
2021-01-21;0,438800;9689464;35,832300;
2021-01-22;0,438400;9681510;35,821500;
2021-01-25;0,438800;9691906;35,877500;
2021-01-26;0,438800;9692312;35,846900;
2021-01-27;0,438500;9687182;35,825100;
2021-01-28;0,438000;9687826;35,805100;
2021-01-29;0,437700;9685274;35,750100;
2021-02-01;0,437900;9679269;35,801900;
2021-02-02;0,438700;9685922;35,835900;
2021-02-03;0,439000;9706860;35,848700;
2021-02-04;0,438800;9658945;35,854500;
2021-02-05;0,439400;9675050;35,871100;
2021-02-08;0,439400;9677193;35,879900;
2021-02-09;0,439400;9693090;35,874700;
2021-02-10;0,439500;9697984;35,872100;
2021-02-11;0,439800;9697487;35,902700;
2021-02-12;0,439300;9649456;35,875400;
2021-02-15;0,439400;9729438;35,839000;
2021-02-16;0,439400;9729438;35,839000;
2021-02-17;0,438700;9713375;35,808500;
2021-02-18;0,438300;9704642;35,753400;
2021-02-19;0,437900;9697128;35,717700;
2021-02-22;0,437100;9682133;35,704300;
2021-02-23;0,436500;9668994;35,677200;
2021-02-24;0,436200;9552271;35,663400;
2021-02-25;0,434800;9633348;35,504200;
2021-02-26;0,434600;9630698;35,496500;
2021-03-01;0,435700;9577694;35,670600;
2021-03-02;0,435900;9658808;35,663500;
2021-03-03;0,435200;9657851;35,596900;
2021-03-04;0,434800;9660144;35,584600;
2021-03-05;0,433800;9451486;35,570700;
2021-03-08;0,433800;9645256;35,530500;
2021-03-09;0,434200;9658172;35,574500;
2021-03-10;0,434500;9666826;35,621000;
2021-03-11;0,434500;9666826;35,621000;
2021-03-12;0,434600;9673327;35,621100;
2021-03-15;0,434900;9569007;35,676400;
2021-03-16;0,435200;9567942;35,692500;
2021-03-17;0,434500;9551232;35,625900;
2021-03-18;0,434100;9656418;35,583300;
2021-03-19;0,434400;9662700;35,617000;
2021-03-22;0,434600;9669185;35,630900;
2021-03-23;0,435000;9647414;35,656200;
2021-03-24;0,434900;9646070;35,658900;
2021-03-25;0,435000;9567646;35,690500;
2021-03-26;0,435000;9451219;35,686400;
2021-03-29;0,434900;9462039;35,653600;
2021-03-30;0,434600;9576365;35,607000;
2021-03-31;0,435200;9589578;35,651500;
2021-04-01;0,436000;9606931;35,733800;
2021-04-02;0,436000;9613957;35,736300;
2021-04-05;0,436000;9613957;35,736300;
2021-04-06;0,436400;9709101;35,758300;
2021-04-07;0,436500;9710489;35,758700;
2021-04-08;0,436800;9717775;35,790900;
2021-04-09;0,436400;9742015;35,748300;
2021-04-12;0,436300;9734277;35,746400;
2021-04-13;0,436300;9733766;35,737000;
2021-04-14;0,436400;9732162;35,714100;
2021-04-15;0,437100;9796963;35,786500;
2021-04-16;0,437100;9799235;35,778700;
2021-04-19;0,436700;9765126;35,746400;
2021-04-20;0,436400;9759289;35,730800;
2021-04-21;0,436500;9761217;35,748500;
2021-04-22;0,436800;9768746;35,752400;
2021-04-23;0,436700;9767417;35,753900;
2021-04-26;0,436800;9756063;35,755300;
2021-04-27;0,436600;9750282;35,741900;
2021-04-28;0,436300;9746090;35,719300;
2021-04-29;0,436000;9738883;35,687400;
2021-04-30;0,436200;9746848;35,698100;
2021-05-03;0,436300;9752471;35,707700;
2021-05-04;0,436300;9755485;35,736300;
2021-05-05;0,436500;9771407;35,747100;
2021-05-06;0,436700;9661071;35,761600;
2021-05-07;0,437000;9668178;35,757600;
2021-05-10;0,436800;9812957;35,748000;
2021-05-11;0,435700;9789349;35,653500;
2021-05-12;0,434800;9779926;35,587900;
2021-05-13;0,434700;9778868;35,569800;
2021-05-14;0,435200;9694875;35,598600;
2021-05-17;0,435100;9691344;35,585000;
2021-05-18;0,434900;9770559;35,572900;
2021-05-19;0,434300;9757675;35,544800;
2021-05-20;0,434600;9767998;35,559400;
2021-05-21;0,435100;9777709;35,597500;
2021-05-24;0,435200;9782895;35,619400;
2021-05-25;0,435900;9798422;35,660600;
2021-05-26;0,436400;9809741;35,715900;
2021-05-27;0,436200;9783476;35,691200;
2021-05-28;0,436800;9798457;35,722800;
2021-05-31;0,436800;9808688;35,716200;
2021-06-01;0,436700;9811875;35,726900;
2021-06-02;0,437200;9796300;35,771900;
2021-06-03;0,437100;9801327;35,769500;
2021-06-04;0,437700;9814002;35,813400;
2021-06-07;0,437700;9819972;35,800100;
2021-06-08;0,438200;9799150;35,834900;
2021-06-09;0,438700;9819655;35,877900;
2021-06-10;0,438800;9828050;35,888400;
2021-06-11;0,439400;9842738;35,940200;
2021-06-14;0,439100;9836262;35,921700;
2021-06-15;0,438800;9833472;35,885700;
2021-06-16;0,438800;9829992;35,893300;
2021-06-17;0,438800;9828654;35,889600;
2021-06-18;0,439100;9837123;35,885000;
2021-06-21;0,438600;9828167;35,848900;
2021-06-22;0,438500;9825855;35,845200;
2021-06-23;0,438800;9832233;35,861100;
2021-06-24;0,438800;9832233;35,861100;
2021-06-25;0,439000;9838447;35,856400;
2021-06-28;0,439300;9847902;35,903600;
2021-06-29;0,439400;9845244;35,894700;
2021-06-30;0,440000;9870022;35,940500;
2021-07-01;0,439800;9878779;35,937700;
2021-07-02;0,440200;9889254;35,984500;
2021-07-05;0,440300;9894467;35,962200;
2021-07-06;0,440300;9894467;35,962200;
2021-07-07;0,441200;9916080;36,058200;
2021-07-08;0,441000;9912277;36,033900;
2021-07-09;0,440600;9912149;36,025900;
2021-07-12;0,441000;9902459;36,048500;
2021-07-13;0,441100;9906289;36,061700;
2021-07-14;0,441300;9914065;36,083600;
2021-07-15;0,441700;9929552;36,093700;
2021-07-16;0,441700;9930524;36,110300;
2021-07-19;0,441600;9927878;36,101900;
2021-07-20;0,441800;9919720;36,152500;
2021-07-21;0,441600;9916937;36,153100;
2021-07-22;0,442200;9755599;36,188800;
2021-07-23;0,442300;9728639;36,209000;
2021-07-26;0,442300;9718714;36,197400;
2021-07-27;0,442100;9713575;36,203900;
2021-07-28;0,442200;9717231;36,224400;
2021-07-29;0,442500;9724713;36,238600;
2021-07-30;0,442500;9727542;36,241700;
2021-08-02;0,442800;9606596;36,272500;
2021-08-03;0,443000;9597333;36,292000;
2021-08-04;0,443400;9617767;36,299000;
2021-08-05;0,443300;9652977;36,330600;
2021-08-06;0,442600;9639268;36,278100;
2021-08-09;0,442500;9638541;36,270300;
2021-08-10;0,442500;9651550;36,280500;
2021-08-11;0,442400;9652537;36,272700;
2021-08-12;0,442500;9651199;36,280800;
2021-08-13;0,442800;9660078;36,273500;
2021-08-16;0,443100;9669830;36,280600;
2021-08-17;0,442900;9665212;36,277800;
2021-08-18;0,442900;9666799;36,281100;
2021-08-19;0,442600;9661368;36,265500;
2021-08-20;0,442700;9664162;36,277700;
2021-08-23;0,442800;9667376;36,277900;
2021-08-24;0,443100;9675362;36,291300;
2021-08-25;0,442800;9584939;36,242900;
2021-08-26;0,442400;9734820;36,222400;
2021-08-27;0,442800;9745403;36,242700;
2021-08-30;0,443200;9755404;36,261700;
2021-08-31;0,443500;9749537;36,242600;
2021-09-01;0,443400;9745967;36,229200;
2021-09-02;0,443600;9758347;36,252100;
2021-09-03;0,443400;9766969;36,230600;
2021-09-06;0,443400;9770063;36,246600;
2021-09-07;0,442700;9752869;36,183900;
2021-09-08;0,442600;9750014;36,180900;
2021-09-09;0,443000;9757481;36,219700;
2021-09-10;0,442800;9769233;36,188400;
2021-09-13;0,442900;9769792;36,197400;
2021-09-14;0,443100;9775491;36,199000;
2021-09-15;0,443100;9775491;36,199000;
2021-09-16;0,442500;9768078;36,179000;
2021-09-17;0,442100;9769749;36,138500;
2021-09-20;0,441700;9758632;36,124200;
2021-09-21;0,441700;9762382;36,142000;
2021-09-22;0,441800;9774262;36,152100;
2021-09-23;0,441200;9760685;36,091100;
2021-09-24;0,440500;9749437;36,049500;
2021-09-27;0,440300;9746303;36,032400;
2021-09-28;0,439100;9723905;35,955900;
2021-09-29;0,439300;9729327;35,990700;
2021-09-30;0,439100;9729090;35,964600;
2021-10-01;0,439500;9754341;36,001900;
2021-10-04;0,439000;9745558;35,964800;
2021-10-05;0,438600;9756141;35,944600;
2021-10-06;0,438200;9794454;35,934000;
2021-10-07;0,438700;9803127;35,971200;
2021-10-08;0,438100;9795241;35,920000;
2021-10-11;0,437600;9786951;35,875800;
2021-10-12;0,437200;9785915;35,824300;
2021-10-13;0,437700;9806696;35,863800;
2021-10-14;0,438600;9904550;35,957100;
2021-10-15;0,438800;9910947;35,969400;
2021-10-18;0,438400;9904164;35,908000;
2021-10-19;0,438200;9903623;35,878800;
2021-10-20;0,438300;9904286;35,908900;
2021-10-21;0,437700;9904285;35,908900;
2021-10-22;0,437900;9900404;35,846900;
2021-10-25;0,438300;9890991;35,902900;
2021-10-26;0,438500;9892903;35,913800;
2021-10-27;0,439100;9906005;35,951700;
2021-10-28;0,438500;9901948;35,902900;
2021-10-29;0,438100;9898055;35,827600;
2021-11-01;0,438100;9898055;35,827600;
2021-11-02;0,438100;9898055;35,827600;
2021-11-03;0,438500;9903631;35,954900;
2021-11-04;0,439800;9944712;36,078700;
2021-11-05;0,441000;9984913;36,157800;
2021-11-08;0,440800;9995495;36,143100;
2021-11-09;0,441300;10017398;36,185900;
2021-11-10;0,440400;10008539;36,118400;
2021-11-11;0,440300;10004499;36,101400;
2021-11-12;0,440300;10002432;36,133600;
2021-11-15;0,440000;10014976;36,107200;
2021-11-16;0,439900;10012261;36,103400;
2021-11-17;0,439800;9987019;36,074900;
2021-11-18;0,440100;9993655;36,097600;
2021-11-19;0,440800;10005427;36,174100;
2021-11-22;0,440200;9992866;36,122300;
2021-11-23;0,438500;10056083;36,005100;
2021-11-24;0,438300;10050332;35,984300;
2021-11-25;0,438400;10034135;35,996400;
2021-11-26;0,438000;9999851;35,931600;
2021-11-29;0,437700;9992289;35,942300;
2021-11-30;0,438200;10008705;35,951800;
2021-12-01;0,438400;10015876;35,935700;
2021-12-02;0,438500;10030888;36,028500;
2021-12-03;0,438900;10069838;36,036300;
2021-12-06;0,439300;10086687;36,088000;
2021-12-07;0,440000;10092625;36,154100;
2021-12-08;0,439700;10086061;36,078200;
2021-12-09;0,440000;10097890;36,128100;
2021-12-10;0,439900;10115451;36,126500;
2021-12-13;0,440300;10135588;36,151200;
2021-12-14;0,439700;10125897;36,111300;
2021-12-15;0,439300;10124377;36,115800;
2021-12-16;0,439800;10136565;36,096400;
2021-12-17;0,440000;10148778;36,126700;
2021-12-20;0,439100;10129607;36,092300;
2021-12-21;0,438700;10125159;36,058400;
2021-12-22;0,439100;10147192;36,047300;
2021-12-23;0,439000;10150672;36,023100;
2021-12-24;0,439000;10150672;36,023100;
2021-12-27;0,439300;10163147;36,031500;
2021-12-28;0,439500;10173660;36,038200;
2021-12-29;0,438700;9925002;35,974000;
2021-12-30;0,438900;9944190;35,967900;
2021-12-31;0,438900;9952957;35,961200;
2022-01-03;0,438500;9934636;35,930800;
2022-01-04;0,438000;9912005;35,935400;
2022-01-05;0,437700;9917654;35,904300;
2022-01-06;0,436400;9876019;35,837400;
2022-01-07;0,436000;9868336;35,793600;
2022-01-10;0,435200;9868213;35,772900;
2022-01-11;0,435400;9873418;35,770800;
2022-01-12;0,435900;9884563;35,812400;
2022-01-13;0,435700;9871123;35,804200;
2022-01-14;0,434800;9840431;35,736000;
2022-01-17;0,434600;9832966;35,706900;
2022-01-18;0,433600;9812046;35,655700;
2022-01-19;0,433600;9810883;35,645100;
2022-01-20;0,434100;9821949;35,683100;
2022-01-21;0,434100;9841702;35,688700;
2022-01-24;0,433100;9819509;35,685300;
2022-01-25;0,432800;9841398;35,645700;
2022-01-26;0,432700;9840851;35,635900;
2022-01-27;0,432500;9841190;35,610200;
2022-01-28;0,431800;9826478;35,576300;
2022-01-31;0,431800;9854501;35,522000;
2022-02-01;0,432200;9825907;35,509700;
2022-02-02;0,432400;9723956;35,516000;
2022-02-03;0,429900;9679638;35,256400;
2022-02-04;0,427300;9621364;35,061600;
2022-02-07;0,426500;9604469;34,966000;
2022-02-08;0,426300;9601677;34,968800;
2022-02-09;0,427400;9622697;35,095500;
2022-02-10;0,426400;9602170;34,980500;
2022-02-11;0,425700;9589083;34,924600;
2022-02-14;0,424400;9604542;34,898700;
2022-02-15;0,424300;9601734;34,889900;
2022-02-16;0,424300;9601734;34,889900;
2022-02-17;0,425000;9610344;34,970300;
2022-02-18;0,424700;9606241;34,995500;
2022-02-21;0,424200;9591239;34,943800;
2022-02-22;0,423100;9587663;34,821300;
2022-02-23;0,422300;9569761;34,785800;
2022-02-24;0,420300;9517566;34,711800;
2022-02-25;0,421300;9545894;34,761900;
2022-02-28;0,420800;9530172;34,743500;
2022-03-01;0,422300;9565433;35,027700;
2022-03-02;0,420600;9521347;34,926400;
2022-03-03;0,420800;9546158;34,897700;
2022-03-04;0,420800;9546943;34,982400;
2022-03-07;0,418300;9491274;34,729100;
2022-03-08;0,416200;9422541;34,563500;
2022-03-09;0,416100;9407664;34,516100;
2022-03-10;0,414800;9372219;34,402100;
2022-03-11;0,414800;9372219;34,402100;
2022-03-14;0,413200;9298092;34,244600;
2022-03-15;0,413200;9290937;34,330200;
2022-03-16;0,414200;9313127;34,367800;
2022-03-17;0,415500;9326095;34,415500;
2022-03-18;0,416400;9347004;34,499700;
2022-03-21;0,415600;9330183;34,420100;
2022-03-22;0,415300;9306282;34,354000;
2022-03-23;0,415800;9307628;34,382000;
2022-03-24;0,415300;9296419;34,356700;
2022-03-25;0,414700;9283924;34,321600;
2022-03-28;0,415000;9292114;34,309700;
2022-03-29;0,416000;9314766;34,308400;
2022-03-30;0,415800;9308917;34,269300;
2022-03-31;0,416700;9359011;34,372900;
2022-04-01;0,416500;9353485;34,355500;
2022-04-04;0,417500;9378703;34,450300;
2022-04-05;0,416300;9349659;34,301300;
2022-04-06;0,414900;9311023;34,220200;
2022-04-07;0,414200;9302899;34,161900;
2022-04-08;0,413500;9263140;34,119500;
2022-04-11;0,411300;9221310;33,948500;
2022-04-12;0,411600;9226677;33,989000;
2022-04-13;0,411500;9224409;34,038800;
2022-04-14;0,411300;9218711;33,984200;
2022-04-15;0,411300;9218673;33,983000;
2022-04-18;0,411300;9218673;33,983000;
2022-04-19;0,409700;9190317;33,889900;
2022-04-20;0,409900;9195604;33,917400;
2022-04-21;0,408800;9171663;33,792900;
2022-04-22;0,407300;9141117;33,656400;
2022-04-25;0,407500;9148080;33,746700;
2022-04-26;0,407700;9072825;33,757700;
2022-04-27;0,407200;9060764;33,740800;
2022-04-28;0,406400;9039176;33,643100;
2022-04-29;0,405700;9027505;33,536700;
2022-05-02;0,404700;9005887;33,515100;
2022-05-03;0,404500;8995663;33,509300;
2022-05-04;0,403900;8994410;33,475300;
2022-05-05;0,403200;8992371;33,386200;
2022-05-06;0,401000;8942377;33,142300;
2022-05-09;0,400000;8921743;33,086600;
2022-05-10;0,400400;8935300;33,184300;
2022-05-11;0,400600;8936791;33,192700;
2022-05-12;0,401300;8953171;33,348500;
2022-05-13;0,401400;8926346;33,335800;
2022-05-16;0,401600;8870082;33,343200;
2022-05-17;0,400400;8835991;33,234200;
2022-05-18;0,400100;8830723;33,198600;
2022-05-19;0,399700;8823670;33,177900;
2022-05-20;0,399600;8821831;33,223400;
2022-05-23;0,399400;8821785;33,169900;
2022-05-24;0,399600;8826258;33,194500;
2022-05-25;0,400300;8842030;33,247900;
2022-05-26;0,400900;8856961;33,270000;
2022-05-27;0,402400;8889274;33,377500;
2022-05-30;0,402100;8878867;33,302300;
2022-05-31;0,400600;8875120;33,211100;
2022-06-01;0,400600;8874486;33,147600;
2022-06-02;0,400300;8876867;33,164400;
2022-06-03;0,399900;8883500;33,136700;
2022-06-06;0,399500;8849724;32,959000;
2022-06-07;0,398800;8747202;33,002600;
2022-06-08;0,398000;8730496;32,899500;
2022-06-09;0,396100;8689854;32,711300;
2022-06-10;0,393700;8633601;32,484000;
2022-06-13;0,388600;8531062;32,054400;
2022-06-14;0,386500;8495016;31,900700;
2022-06-15;0,387800;8519933;32,080300;
2022-06-16;0,386300;8487159;31,880200;
2022-06-17;0,386500;8472350;31,924900;
2022-06-20;0,386200;8468575;31,843700;
2022-06-21;0,386100;8471108;31,848300;
2022-06-22;0,387000;8491653;31,968100;
2022-06-23;0,387300;8480055;32,228800;
2022-06-24;0,387300;8480055;32,228800;
2022-06-27;0,387200;8469073;32,126600;
2022-06-28;0,385900;8443776;31,989600;
2022-06-29;0,385900;8441746;32,096000;
2022-06-30;0,386500;8455696;32,168100;
2022-07-01;0,388300;8494025;32,415800;
2022-07-04;0,387700;8477423;32,257400;
2022-07-05;0,388800;8515323;32,484200;
2022-07-06;0,388800;8515323;32,484200;
2022-07-07;0,388900;8529130;32,506800;
2022-07-08;0,389100;8533741;32,536300;
2022-07-11;0,389900;8559119;32,648300;
2022-07-12;0,390500;8568006;32,756800;
2022-07-13;0,389400;8543911;32,645100;
2022-07-14;0,388600;8526842;32,560000;
2022-07-15;0,389500;8549995;32,659000;
2022-07-18;0,389400;8548017;32,575600;
2022-07-19;0,389300;8546427;32,531200;
2022-07-20;0,390300;8575595;32,651500;
2022-07-21;0,390700;8580358;32,732400;
2022-07-22;0,393900;8651381;33,008200;
2022-07-25;0,394000;8655859;33,080000;
2022-07-26;0,394100;8649397;33,165500;
2022-07-27;0,394300;8657054;33,197200;
2022-07-28;0,397000;8709402;33,454200;
2022-07-29;0,397600;8723772;33,500400;
2022-08-01;0,398700;8749669;33,579200;
2022-08-02;0,398100;8746626;33,532800;
2022-08-03;0,397700;8746651;33,466500;
2022-08-04;0,398800;8782282;33,573100;
2022-08-05;0,397400;8753169;33,423100;
2022-08-08;0,398200;8774685;33,490900;
2022-08-09;0,397600;8770480;33,425600;
2022-08-10;0,398600;8795460;33,525100;
2022-08-11;0,398600;8796152;33,471800;
2022-08-12;0,398800;8808952;33,501800;
2022-08-15;0,398800;8808952;33,501800;
2022-08-16;0,399000;8819788;33,532200;
2022-08-17;0,397300;8782069;33,318400;
2022-08-18;0,396900;8774220;33,286400;
2022-08-19;0,395400;8737010;33,078200;
2022-08-22;0,393800;8706134;32,922400;
2022-08-23;0,393500;8700372;32,884800;
2022-08-24;0,393300;8703501;32,833900;
2022-08-25;0,394100;8717292;32,949300;
2022-08-26;0,393200;8698338;32,794200;
2022-08-29;0,391800;8665473;32,761300;
2022-08-30;0,390600;8640707;32,540100;
2022-08-31;0,389600;8615258;32,421600;
2022-09-01;0,388500;8504566;32,351000;
2022-09-02;0,389500;8526402;32,455000;
2022-09-05;0,388900;8526183;32,397600;
2022-09-06;0,387700;8502771;32,361500;
2022-09-07;0,388000;8489600;32,409500;
2022-09-08;0,387700;8486738;32,285800;
2022-09-09;0,388400;8489970;32,352400;
2022-09-12;0,388800;8510293;32,456900;
2022-09-13;0,387400;8478988;32,285400;
2022-09-14;0,386800;8466170;32,265100;
2022-09-15;0,386000;8453860;32,180700;
2022-09-16;0,385000;8429260;32,055000;
2022-09-19;0,384800;8426306;32,067100;
2022-09-20;0,383600;8399363;31,871600;
2022-09-21;0,383800;8403719;31,879700;
2022-09-22;0,382700;8385952;31,745200;
2022-09-23;0,381200;8334204;31,631300;
2022-09-26;0,379300;8287532;31,482900;
2022-09-27;0,377800;8257492;31,340500;
2022-09-28;0,377700;8261012;31,363400;
2022-09-29;0,375400;8205396;31,229600;
2022-09-30;0,375800;8213311;31,298600;
2022-10-03;0,377100;8219892;31,555900;
2022-10-04;0,378800;8266809;31,705500;
2022-10-05;0,377200;8246625;31,554300;
2022-10-06;0,376800;8235052;31,458100;
2022-10-07;0,375300;8204979;31,303800;
2022-10-10;0,374300;8192011;31,194600;
2022-10-11;0,373700;8181339;31,173600;
2022-10-12;0,372800;8161991;31,089000;
2022-10-13;0,372300;8158222;31,056600;
2022-10-14;0,372200;8155713;31,026500;
2022-10-17;0,372600;8158619;31,101900;
2022-10-18;0,372800;8162143;31,162700;
2022-10-19;0,371600;8122296;31,022800;
2022-10-20;0,371000;8108625;30,957200;
2022-10-21;0,370300;8095166;30,957100;
2022-10-24;0,371100;8115476;31,041900;
2022-10-25;0,372700;8152487;31,234900;
2022-10-26;0,373600;8139220;31,301700;
2022-10-27;0,374800;8169933;31,492700;
2022-10-28;0,374500;8166606;31,449200;
2022-10-31;0,374000;8156629;31,409000;
2022-11-01;0,374000;8156629;31,409000;
2022-11-02;0,374000;8156629;31,409000;
2022-11-03;0,373800;8157518;31,305000;
2022-11-04;0,374200;8168374;31,305100;
2022-11-07;0,374100;8411338;31,313200;
2022-11-08;0,374600;8438416;31,364200;
2022-11-09;0,375200;8445366;31,443700;
2022-11-10;0,378100;8525615;31,766800;
2022-11-11;0,378200;8495698;31,649700;
2022-11-14;0,378500;8502293;31,684300;
2022-11-15;0,379300;8521940;31,789600;
2022-11-16;0,379800;8536628;31,854100;
2022-11-17;0,379100;8508979;31,808400;
2022-11-18;0,379400;8588947;31,860500;
2022-11-21;0,379900;8590927;31,906200;
2022-11-22;0,380300;8603013;31,948700;
2022-11-23;0,380900;8618512;32,008900;
2022-11-24;0,381500;8633225;32,121200;
2022-11-25;0,381300;8628570;32,001700;
2022-11-28;0,381400;8628823;31,988000;
2022-11-29;0,382100;8665953;32,104400;
2022-11-30;0,382600;8678515;32,134800;
2022-12-01;0,384700;8744298;32,317400;
2022-12-02;0,384800;8748096;32,281800;
2022-12-05;0,384400;8754199;32,255400;
2022-12-06;0,384400;8754667;32,310800;
2022-12-07;0,384600;8759248;32,337300;
2022-12-08;0,384400;8753380;32,317700;
2022-12-09;0,383800;8740909;32,187500;
2022-12-12;0,383500;8737115;32,180700;
2022-12-13;0,384500;8763684;32,267300;
2022-12-14;0,384600;8767709;32,258400;
2022-12-15;0,382500;8717018;31,988600;
2022-12-16;0,380900;8682120;31,849500;
2022-12-19;0,380600;8681111;31,828300;
2022-12-20;0,379800;8660138;31,701600;
2022-12-21;0,380300;8672827;31,737300;
2022-12-22;0,380100;8674121;31,689400;
2022-12-23;0,379700;8667661;31,638400;
2022-12-26;0,379700;8667661;31,638400;
2022-12-27;0,379400;8653523;31,610500;
2022-12-28;0,378800;8650990;31,511900;
2022-12-29;0,379200;8681396;31,564200;
2022-12-30;0,378800;8672424;31,470700;
2023-01-02;0,379400;8620250;31,474100;
2023-01-03;0,380100;8636056;31,670400;
2023-01-04;0,381100;8661774;31,818800;
2023-01-05;0,380700;8664958;31,768600;
2023-01-06;0,382000;8692785;31,936800;
2023-01-09;0,382300;8711451;31,935100;
2023-01-10;0,381500;8696919;31,870700;
2023-01-11;0,382700;8725038;32,017600;
2023-01-12;0,383800;8749769;32,122700;
2023-01-13;0,384300;8759935;32,170200;
2023-01-16;0,384400;8769474;32,182900;
2023-01-17;0,385300;8789198;32,306100;
2023-01-18;0,386400;8810800;32,407000;
2023-01-19;0,385400;8785384;32,314400;
2023-01-20;0,384700;8770425;32,228700;
2023-01-23;0,385000;8777359;32,222600;
2023-01-24;0,385500;8789483;32,272500;
2023-01-25;0,385700;8794901;32,287000;
2023-01-26;0,385600;8793289;32,271600;
2023-01-27;0,385700;8795695;32,258200;
2023-01-30;0,384800;8783315;32,143500;
2023-01-31;0,384800;8787923;32,184700;
2023-02-01;0,385400;8817317;32,202200;
2023-02-02;0,388400;8886001;32,609700;
2023-02-03;0,387800;8889696;32,457200;
2023-02-06;0,386600;8866301;32,340100;
2023-02-07;0,386400;8861394;32,342600;
2023-02-08;0,386200;8842138;32,257100;
2023-02-09;0,386500;8857509;32,291300;
2023-02-10;0,385400;8832806;32,184100;
2023-02-13;0,385200;8830490;32,167900;
2023-02-14;0,384700;8820451;32,104300;
2023-02-15;0,384400;8813352;32,055200;
2023-02-16;0,384400;8813352;32,055200;
2023-02-17;0,384200;8810343;32,025000;
2023-02-20;0,384100;8805808;32,015900;
2023-02-21;0,383000;8778494;31,862000;
2023-02-22;0,382900;8777746;31,891800;
2023-02-23;0,383500;8792012;31,963700;
2023-02-24;0,382600;8739641;31,859800;
2023-02-27;0,382300;8736368;31,827300;
2023-02-28;0,381500;8716874;31,748000;
2023-03-01;0,380800;8701778;31,637000;
2023-03-02;0,380700;8692478;31,622200;
2023-03-03;0,381300;8714656;31,664900;
2023-03-06;0,381500;8722243;31,667400;
2023-03-07;0,381400;8706383;31,673300;
2023-03-08;0,381500;8704218;31,710400;
2023-03-09;0,381500;8715932;31,691500;
2023-03-10;0,382000;8729926;31,823800;
2023-03-13;0,382600;8742287;31,992700;
2023-03-14;0,380900;8696634;31,762500;
2023-03-15;0,382600;8734187;32,074700;
2023-03-16;0,381600;8712441;31,946200;
2023-03-17;0,381900;8716062;32,060900;
2023-03-20;0,382000;8717737;32,009500;
2023-03-21;0,382300;8713222;31,961900;
2023-03-22;0,382200;8712035;31,925200;
2023-03-23;0,383100;8732031;32,091100;
2023-03-24;0,383400;8740073;32,161900;
2023-03-27;0,382800;8720207;32,073700;
2023-03-28;0,382300;8704356;31,979000;
2023-03-29;0,382600;8711777;32,012400;
2023-03-30;0,382600;8709579;31,987500;
2023-03-31;0,383600;8726945;32,119200;
2023-04-03;0,384400;8749698;32,229600;
2023-04-04;0,384300;8744963;32,213700;
2023-04-05;0,384900;8803942;32,310400;
2023-04-06;0,385100;8823008;32,300200;
2023-04-07;0,385100;8823710;32,297900;
2023-04-10;0,385100;8823710;32,297900;
2023-04-11;0,384200;8817585;32,170900;
2023-04-12;0,384000;8811124;32,101900;
2023-04-13;0,384000;8811535;32,131800;
2023-04-14;0,383900;8792387;32,083300;
2023-04-17;0,383700;8790739;32,066800;
2023-04-18;0,384000;8797555;32,108300;
2023-04-19;0,383500;8783043;32,034400;
2023-04-20;0,383800;8790279;32,080000;
2023-04-21;0,383500;8783558;32,043300;
2023-04-24;0,383300;8783605;32,038700;
2023-04-25;0,384200;8759823;32,159000;
2023-04-26;0,383800;8715290;32,130600;
2023-04-27;0,383400;8703917;32,092300;
2023-04-28;0,384800;8736084;32,260300;
2023-05-01;0,384800;8736084;32,260300;
2023-05-02;0,385100;8727799;32,311500;
2023-05-03;0,385200;8743152;32,291600;
2023-05-04;0,385400;8763373;32,372800;
2023-05-05;0,385300;8775720;32,315500;
2023-05-08;0,385200;8775823;32,282900;
2023-05-09;0,385000;8773910;32,270100;
2023-05-10;0,385400;8796815;32,331900;
2023-05-11;0,386100;8810074;32,406800;
2023-05-12;0,386000;8807278;32,374600;
2023-05-15;0,385600;8802658;32,345000;
2023-05-16;0,385100;8791896;32,268500;
2023-05-17;0,384800;8785642;32,253100;
2023-05-18;0,384400;8776015;32,170200;
2023-05-19;0,384700;8784800;32,197000;
2023-05-22;0,384700;8771844;32,182700;
2023-05-23;0,384500;8767478;32,162900;
2023-05-24;0,384200;8746332;32,147500;
2023-05-25;0,383900;8740126;32,112300;
2023-05-26;0,384000;8738009;32,084800;
2023-05-29;0,384500;8747942;32,191300;
2023-05-30;0,385500;8771821;32,313100;
2023-05-31;0,386000;8785326;32,394600;
2023-06-01;0,386500;8796058;32,425100;
2023-06-02;0,386700;8806031;32,409200;
2023-06-05;0,386400;8815617;32,362800;
2023-06-06;0,386700;8811764;32,391700;
2023-06-07;0,386300;8799634;32,324600;
2023-06-08;0,386400;8810218;32,357200;
2023-06-09;0,387100;8820203;32,417900;
2023-06-12;0,387300;8842241;32,459200;
2023-06-13;0,387200;8840823;32,413600;
2023-06-14;0,387100;8841102;32,386300;
2023-06-15;0,386600;8827045;32,302300;
2023-06-16;0,387100;8839031;32,355300;
2023-06-19;0,386700;8874011;32,299200;
2023-06-20;0,387400;8822542;32,400000;
2023-06-21;0,387100;8816059;32,340800;
2023-06-22;0,386400;8802294;32,251500;
2023-06-23;0,387300;8824031;32,393800;
2023-06-26;0,387700;8827252;32,424800;
2023-06-27;0,387300;8817540;32,362200;
2023-06-28;0,387700;8827662;32,420600;
2023-06-29;0,387100;8814942;32,333200;
2023-06-30;0,387500;8825688;32,366400;
2023-07-03;0,387600;8827548;32,351000;
2023-07-04;0,387600;9058151;32,366400;
2023-07-05;0,387600;9071710;32,366600;
2023-07-06;0,387600;9071710;32,366600;
2023-07-07;0,385600;9052301;32,162800;
2023-07-10;0,385600;8986885;32,158600;
2023-07-11;0,385900;8994744;32,183700;
2023-07-12;0,387300;9029937;32,333400;
2023-07-13;0,388400;9057152;32,462400;
2023-07-14;0,388200;9053744;32,441600;
2023-07-17;0,388200;9059016;32,462100;
2023-07-18;0,389400;9058386;32,615800;
2023-07-19;0,389400;9046616;32,599100;
2023-07-20;0,389000;9039029;32,516500;
2023-07-21;0,389200;9044171;32,560700;
2023-07-24;0,389800;9064702;32,628500;
2023-07-25;0,389900;9075205;32,624800;
2023-07-26;0,389500;9065859;32,567500;
2023-07-27;0,390100;9079676;32,618200;
2023-07-28;0,390200;9081798;32,644000;
2023-07-31;0,390400;9076678;32,680500;
2023-08-01;0,390000;9068805;32,607200;
2023-08-02;0,389700;9071373;32,597000;
2023-08-03;0,389100;9057230;32,532100;
2023-08-04;0,389300;9065409;32,534800;
2023-08-07;0,389300;9065230;32,550900;
2023-08-08;0,390100;9084953;32,663300;
2023-08-09;0,389800;9077043;32,624000;
2023-08-10;0,389800;9077298;32,594800;
2023-08-11;0,389000;9059339;32,505500;
2023-08-14;0,388700;9049509;32,483400;
2023-08-15;0,388700;9049509;32,483400;
2023-08-16;0,388100;9012594;32,417500;
2023-08-17;0,387400;8994766;32,348300;
2023-08-18;0,387800;9020201;32,410700;
2023-08-21;0,387100;9004983;32,325000;
2023-08-22;0,387800;9024912;32,390600;
2023-08-23;0,389400;9062446;32,580200;
2023-08-24;0,389500;9058368;32,576500;
2023-08-25;0,389200;9051975;32,535400;
2023-08-28;0,389500;9061842;32,528500;
2023-08-29;0,390000;9052630;32,623000;
2023-08-30;0,390100;9053040;32,603800;
2023-08-31;0,390700;9047977;32,713100;
2023-09-01;0,390600;9047016;32,672400;
2023-09-04;0,390300;9041445;32,631900;
2023-09-05;0,389900;9047801;32,597900;
2023-09-06;0,389200;9033628;32,508600;
2023-09-07;0,389500;9046487;32,544000;
2023-09-08;0,389700;9062541;32,584300;
2023-09-11;0,389600;9053903;32,567900;
2023-09-12;0,389500;9044193;32,564600;
2023-09-13;0,389500;9046503;32,535300;
2023-09-14;0,390400;9069267;32,656900;
2023-09-15;0,390100;9065210;32,584800;
2023-09-18;0,389500;9053757;32,528400;
2023-09-19;0,389300;9036188;32,501700;
2023-09-20;0,389700;9042450;32,530700;
2023-09-21;0,388700;9018714;32,466500;
2023-09-22;0,388700;9016491;32,466700;
2023-09-25;0,388400;9011432;32,442900;
2023-09-26;0,388000;9014139;32,382200;
2023-09-27;0,387500;9000125;32,347600;
2023-09-28;0,386200;8969117;32,192100;
2023-09-29;0,387600;9005245;32,373500;
2023-10-02;0,386900;8988406;32,298200;
2023-10-03;0,386000;8971989;32,203000;
2023-10-04;0,385500;8973174;32,164900;
2023-10-05;0,385800;8994636;32,224500;
2023-10-06;0,385700;8978807;32,215000;
2023-10-09;0,386900;9027239;32,329900;
2023-10-10;0,387500;9046488;32,374900;
2023-10-11;0,388100;9061649;32,436100;
2023-10-12;0,387700;9054165;32,384700;
2023-10-13;0,387900;9062664;32,408500;
2023-10-16;0,387600;9049325;32,373400;
2023-10-17;0,386700;9030699;32,262200;
2023-10-18;0,385900;9013129;32,188200;
2023-10-19;0,385500;8994097;32,131900;
2023-10-20;0,385500;8995800;32,177800;
2023-10-23;0,385600;8755446;32,175700;
2023-10-24;0,386500;8774900;32,275200;
2023-10-25;0,386300;8770215;32,225700;
2023-10-26;0,386600;8776954;32,263700;
2023-10-27;0,386800;8765589;32,296800;
2023-10-30;0,387100;8771316;32,339800;
2023-10-31;0,387700;8795396;32,399200;
2023-11-01;0,387700;8795396;32,399200;
2023-11-02;0,387700;8795396;32,399200;
2023-11-03;0,390900;8870652;32,714300;
2023-11-06;0,390200;8860864;32,646700;
2023-11-07;0,390800;8856266;32,700800;
2023-11-08;0,391200;8867420;32,729200;
2023-11-09;0,391000;8878498;32,710000;
2023-11-10;0,390400;8870283;32,665900;
2023-11-13;0,390600;8822499;32,658500;
2023-11-14;0,392100;8851017;32,845200;
2023-11-15;0,392300;8850096;32,854600;
2023-11-16;0,392700;8821758;32,924500;
2023-11-17;0,392900;8827548;32,909700;
2023-11-20;0,393000;8827414;32,886500;
2023-11-21;0,393400;8838294;32,948400;
2023-11-22;0,393700;8847073;32,958100;
2023-11-23;0,393200;8838999;32,901700;
2023-11-24;0,393100;8838412;32,874700;
2023-11-27;0,394000;8862529;32,993200;
2023-11-28;0,394700;8892838;33,066500;
2023-11-29;0,395800;8919855;33,203300;
2023-11-30;0,395900;8920992;33,189800;
2023-12-01;0,397500;8964070;33,371800;
2023-12-04;0,398000;8980071;33,402900;
2023-12-05;0,399100;9021383;33,511300;
2023-12-06;0,399800;9041010;33,572900;
2023-12-07;0,399900;9048535;33,600100;
2023-12-08;0,399300;9051355;33,509900;
2023-12-11;0,399200;9058305;33,508800;
2023-12-12;0,399800;9072908;33,539300;
2023-12-13;0,400700;9095263;33,635800;
2023-12-14;0,402800;9145780;33,813300;
2023-12-15;0,404100;9179785;33,938100;
2023-12-18;0,403500;9169083;33,891900;
2023-12-19;0,404200;9188688;33,959900;
2023-12-20;0,405100;9275288;34,011000;
2023-12-21;0,405300;9282720;34,054500;
2023-12-22;0,405700;9287969;34,072700;
2023-12-25;0,405700;9287969;34,072700;
2023-12-26;0,405700;9287969;34,072700;
2023-12-27;0,406300;9317286;34,142400;
2023-12-28;0,406200;9342116;34,135700;
2023-12-29;0,405600;9330945;34,068700;
2024-01-01;0,405600;9330945;34,068700;
2024-01-02;0,404800;9331369;34,019100;
2024-01-03;0,404900;9384830;33,969400;
2024-01-04;0,403700;9370043;33,848400;
2024-01-05;0,403100;9360542;33,813600;
2024-01-08;0,403500;9355217;33,843400;
2024-01-09;0,403300;9361240;33,803500;
2024-01-10;0,403300;9366295;33,791700;
2024-01-11;0,403700;9374332;33,835700;
2024-01-12;0,404700;9384423;33,938200;
2024-01-15;0,404300;9389700;33,894100;
2024-01-16;0,404000;9354615;33,856200;
2024-01-17;0,402900;9324395;33,723400;
2024-01-18;0,402900;9301206;33,748500;
2024-01-19;0,403200;9308904;33,768900;
2024-01-22;0,404000;9282741;33,839500;
2024-01-23;0,403600;9271820;33,806700;
2024-01-24;0,403800;9286376;33,814700;
2024-01-25;0,404700;9308575;33,935100;
2024-01-26;0,404700;9308575;33,935100;
2024-01-29;0,405800;9336037;34,050800;
2024-01-30;0,405600;9327987;34,000800;
2024-01-31;0,406600;9334679;34,115300;
2024-02-01;0,406800;9341002;34,162000;
2024-02-02;0,406000;9332815;34,025900;
2024-02-05;0,405100;9325297;33,925100;
2024-02-06;0,405600;9350300;33,976100;
2024-02-07;0,405500;9337071;33,987500;
2024-02-08;0,405000;9336731;33,921100;
2024-02-09;0,404800;9332512;33,884100;
2024-02-12;0,405300;9355792;33,921000;
2024-02-13;0,404800;9336537;33,849400;
2024-02-14;0,405200;9363377;33,921100;
2024-02-15;0,405700;9376518;33,956200;
2024-02-16;0,405700;9376518;33,956200;
2024-02-19;0,405200;9365589;33,905100;
2024-02-20;0,405500;9367506;33,937700;
2024-02-21;0,405000;9356461;33,875400;
2024-02-22;0,405400;9361977;33,919100;
2024-02-23;0,406300;9353458;33,992100;
2024-02-26;0,405800;9342910;33,928800;
2024-02-27;0,405400;9332504;33,911800;
2024-02-28;0,405200;9312396;33,891400;
2024-02-29;0,405900;9331080;33,953300;
2024-03-01;0,406100;9334217;33,991000;
2024-03-04;0,406400;9346534;33,993100;
2024-03-05;0,407200;9387763;34,068900;
2024-03-06;0,407200;9391699;34,064100;
2024-03-07;0,407900;9409409;34,134300;
2024-03-08;0,408700;9428761;34,206400;
2024-03-11;0,408700;9428761;34,206400;
2024-03-12;0,408300;9430558;34,174200;
2024-03-13;0,408300;9430300;34,163300;
2024-03-14;0,407700;9417490;34,104000;
2024-03-15;0,407300;9412462;34,060400;
2024-03-18;0,407200;9394458;34,058600;
2024-03-19;0,407500;9401377;34,102000;
2024-03-20;0,407700;9407589;34,112600;
2024-03-21;0,408600;9406065;34,193700;
2024-03-22;0,409400;9421415;34,269000;
2024-03-25;0,408900;9402125;34,198600;
2024-03-26;0,409000;9406856;34,218800;
2024-03-27;0,409800;9424778;34,305100;
2024-03-28;0,410000;9432856;34,318600;
2024-03-29;0,410000;9433276;34,319900;
2024-04-01;0,410000;9433276;34,319900;
2024-04-02;0,408800;9409649;34,216700;
2024-04-03;0,409000;9430831;34,213500;
2024-04-04;0,409600;9450281;34,271500;
2024-04-05;0,409200;9444127;34,241400;
2024-04-08;0,409000;9416393;34,203900;
2024-04-09;0,409700;9451018;34,292400;
2024-04-10;0,408900;9422106;34,205900;
2024-04-11;0,408400;9403292;34,158400;
2024-04-12;0,409500;9429860;34,279100;
2024-04-15;0,408200;9406606;34,143900;
2024-04-16;0,406900;9374921;34,012700;
2024-04-17;0,407200;9369555;34,048000;
2024-04-18;0,407200;9360761;34,025200;
2024-04-19;0,406900;9361341;33,978300;
2024-04-22;0,407400;9341332;34,066100;
2024-04-23;0,407700;9349852;34,091700;
2024-04-24;0,406800;9326605;34,008900;
2024-04-25;0,406100;9310105;33,927400;
2024-04-26;0,407000;9335076;34,022100;
2024-04-29;0,407900;9356624;34,106200;
2024-04-30;0,407200;9343509;33,996200;
2024-05-01;0,407200;9343509;33,996200;
2024-05-02;0,407600;9345773;34,069700;
2024-05-03;0,408600;9373480;34,169900;
2024-05-06;0,409100;9394247;34,226900;
2024-05-07;0,410000;9418629;34,295800;
2024-05-08;0,409600;9426341;34,256900;
2024-05-09;0,409300;9423317;34,236100;
2024-05-10;0,409200;9397119;34,215600;
2024-05-13;0,409300;9404093;34,237200;
2024-05-14;0,409000;9389003;34,203200;
2024-05-15;0,410600;9427180;34,367500;
2024-05-16;0,410600;9412492;34,361300;
2024-05-17;0,409900;9397438;34,284900;
2024-05-20;0,409900;9392900;34,277700;
2024-05-21;0,410300;9402223;34,318100;
2024-05-22;0,410000;9398630;34,281400;
2024-05-23;0,409300;9385012;34,177000;
2024-05-24;0,409200;9398539;34,201800;
2024-05-27;0,409700;9406821;34,254200;
2024-05-28;0,409400;9398445;34,225500;
2024-05-29;0,408400;9376432;34,122500;
2024-05-30;0,408500;9384066;34,128000;
2024-05-31;0,408400;9387764;34,152800;
2024-06-03;0,409400;9417039;34,247600;
2024-06-04;0,409800;9440581;34,287700;
2024-06-05;0,410300;9421945;34,338500;
2024-06-06;0,410100;9418314;34,294200;
2024-06-07;0,409300;9407728;34,208900;
2024-06-10;0,408700;9387743;34,166100;
2024-06-11;0,409100;9412361;34,215600;
2024-06-12;0,410300;9441597;34,315000;
2024-06-13;0,410700;9449484;34,351400;
2024-06-14;0,411400;9467033;34,455800;
2024-06-17;0,410900;9461381;34,387100;
2024-06-18;0,411500;9504077;34,434300;
2024-06-19;0,411500;9539797;34,431900;
2024-06-20;0,411300;9523092;34,417300;
2024-06-21;0,411600;9545921;34,456500;
2024-06-24;0,411600;9545921;34,456500;
2024-06-25;0,411700;9543016;34,474000;
2024-06-26;0,411300;9536246;34,432700;
2024-06-27;0,411300;9535311;34,423600;
2024-06-28;0,411300;9536463;34,394200;
2024-07-01;0,410400;9519749;34,319700;
2024-07-02;0,410400;9520448;34,340600;
2024-07-03;0,411300;9672279;34,437600;
2024-07-04;0,411300;9676624;34,418400;
2024-07-05;0,411900;9687119;34,503800;
2024-07-08;0,412500;9704136;34,548200;
2024-07-09;0,412100;9705932;34,503600;
2024-07-10;0,412800;9727645;34,574100;
2024-07-11;0,413600;9749514;34,674100;
2024-07-12;0,413500;9748636;34,649500;
2024-07-15;0,413700;9745062;34,678400;
2024-07-16;0,414200;9756582;34,733600;
2024-07-17;0,414100;9754388;34,701000;
2024-07-18;0,414100;9742897;34,720900;
2024-07-19;0,413400;9728743;34,656200;
2024-07-22;0,413200;9723974;34,657700;
2024-07-23;0,414200;9745515;34,716400;
2024-07-24;0,414000;9736991;34,696700;
2024-07-25;0,413900;9734628;34,716000;
2024-07-26;0,414100;9738906;34,753000;
2024-07-29;0,414700;9739549;34,807000;
2024-07-30;0,415200;9754091;34,840000;
2024-07-31;0,416200;9773974;34,921500;
2024-08-01;0,416700;9786310;34,979600;
2024-08-02;0,416500;9772982;34,952900;
2024-08-05;0,415400;9763188;34,795600;
2024-08-06;0,415100;9811756;34,843900;
2024-08-07;0,415100;9847772;34,806700;
2024-08-08;0,415300;9837155;34,854900;
2024-08-09;0,416000;9866396;34,925000;
2024-08-12;0,416200;9866345;34,916100;
2024-08-13;0,416900;9902409;35,019200;
2024-08-14;0,417200;9906327;35,032400;
2024-08-15;0,417200;9906327;35,032400;
2024-08-16;0,417100;9912786;35,019400;
2024-08-19;0,417500;9928365;35,033700;
2024-08-20;0,418000;9942562;35,080100;
2024-08-21;0,418200;9920604;35,115600;
2024-08-22;0,417800;9908256;35,052500;
2024-08-23;0,418000;9914922;35,120100;
2024-08-26;0,418000;9913580;35,097900;
2024-08-27;0,417600;9873073;35,062700;
2024-08-28;0,417800;9880236;35,086100;
2024-08-29;0,418100;9886619;35,096400;
2024-08-30;0,417900;9886341;35,111700;
2024-09-02;0,417600;9882410;35,057300;
2024-09-03;0,418000;9890278;35,086600;
2024-09-04;0,418500;9935120;35,144900;
2024-09-05;0,418700;9940612;35,164600;
2024-09-06;0,418800;9943504;35,204500;
2024-09-09;0,418900;9949219;35,241900;
2024-09-10;0,419400;9965635;35,268400;
2024-09-11;0,419700;9971324;35,334600;
2024-09-12;0,419900;9971798;35,287700;
2024-09-13;0,420400;9985518;35,324800;
2024-09-16;0,420700;9999187;35,373900;
2024-09-17;0,420800;9999579;35,361000;
2024-09-18;0,420300;9980847;35,320000;
2024-09-19;0,420800;9991826;35,407000;
2024-09-20;0,420800;9974565;35,353300;
2024-09-23;0,421300;9991700;35,436700;
2024-09-24;0,421800;10006353;35,513000;
2024-09-25;0,421500;9989599;35,444600;
2024-09-26;0,421900;10000191;35,482600;
2024-09-27;0,422500;10018382;35,529300;
2024-09-30;0,422600;10006647;35,554100;
2024-10-01;0,423600;10021966;35,652400;
2024-10-02;0,423300;10059196;35,601600;
2024-10-03;0,422900;10059771;35,563000;
2024-10-04;0,422400;10022065;35,494600;
2024-10-07;0,422000;10019425;35,431700;
2024-10-08;0,421800;10013636;35,438100;
2024-10-09;0,421900;10027293;35,444300;
2024-10-10;0,422100;10032899;35,451200;
2024-10-11;0,422100;10037295;35,453700;
2024-10-14;0,422400;10049320;35,481600;
2024-10-15;0,423100;10084477;35,556300;
2024-10-16;0,423600;10101793;35,618200;
2024-10-17;0,423900;10126205;35,624600;
2024-10-18;0,424300;10138739;35,688300;
2024-10-21;0,423200;10111192;35,563900;
2024-10-22;0,422800;10102640;35,530600;
2024-10-23;0,422700;10100752;35,522600;
2024-10-24;0,423400;10116990;35,614500;
2024-10-25;0,423200;10113095;35,557400;
2024-10-28;0,423300;10118633;35,569100;
2024-10-29;0,422800;10111230;35,523500;
2024-10-30;0,422100;10100346;35,417400;
2024-10-31;0,421100;10078613;35,360900;
2024-11-01;0,421100;10078613;35,360900;
2024-11-04;0,421400;10091912;35,379200;
2024-11-05;0,421300;10080353;35,366300;
2024-11-06;0,422500;10097674;35,511500;
2024-11-07;0,422800;10098327;35,526100;
2024-11-08;0,423700;10134026;35,603400;
2024-11-11;0,424600;10168805;35,691000;
2024-11-12;0,424400;10189896;35,656700;
2024-11-13;0,424000;10175592;35,618900;
2024-11-14;0,424500;10188122;35,666300;
2024-11-15;0,424300;10191225;35,650000;
2024-11-18;0,423900;10184994;35,616200;
2024-11-19;0,424200;10162110;35,656000;
2024-11-20;0,424200;10166711;35,648400;
2024-11-21;0,424700;10178931;35,687100;
2024-11-22;0,425800;10198873;35,787700;
2024-11-25;0,426300;10217990;35,834600;
2024-11-26;0,426300;10261486;35,819900;
2024-11-27;0,426500;10258140;35,825600;
2024-11-28;0,427100;10268735;35,892700;
2024-11-29;0,427800;10386516;35,975700;
2024-12-02;0,428700;10400148;36,066300;
2024-12-03;0,428900;10418068;36,078700;
2024-12-04;0,428900;10427819;36,103200;
2024-12-05;0,428800;10439920;36,083700;
2024-12-06;0,429000;10451161;36,117100;
2024-12-09;0,429300;10473273;36,095900;
2024-12-10;0,429500;10469040;36,128300;
2024-12-11;0,429700;10492519;36,136200;
2024-12-12;0,429100;10469165;36,069600;
2024-12-13;0,428100;10440449;35,977800;
2024-12-16;0,428000;10448352;35,947800;
2024-12-17;0,427900;10304964;35,945200;
2024-12-18;0,427900;10277086;35,882400;
2024-12-19;0,426700;10254328;35,765600;
2024-12-20;0,427000;10285185;35,838000;
2024-12-23;0,426700;10287141;35,809600;
2024-12-24;0,426700;10287141;35,809600;
2024-12-25;0,426700;10287141;35,809600;
2024-12-26;0,426700;10287141;35,809600;
2024-12-27;0,426300;10287409;35,726500;
2024-12-30;0,426400;10305375;35,735800;
2024-12-31;0,426400;10311078;35,722200;
2025-01-01;0,426400;10311078;35,722200;
2025-01-02;0,427000;10297805;35,771800;
2025-01-03;0,426300;10284898;35,709600;
2025-01-06;0,426000;10291164;35,677500;
2025-01-07;0,425700;10286204;35,634700;
2025-01-08;0,425300;10233832;35,604200;
2025-01-09;0,425200;10232082;35,575600;
2025-01-10;0,424600;10235777;35,485400;
2025-01-13;0,424000;10226136;35,414600;
2025-01-14;0,423600;10208950;35,410400;
2025-01-15;0,424900;10247170;35,581800;
2025-01-16;0,425600;10263275;35,611800;
2025-01-17;0,426000;10293882;35,684900;
2025-01-20;0,426100;10291491;35,678200;
2025-01-21;0,426500;10301940;35,726900;
2025-01-22;0,426900;10314017;35,754500;
2025-01-23;0,426700;10320526;35,718900;
2025-01-24;0,426400;10304542;35,687000;
2025-01-27;0,426300;10251233;35,700500;
2025-01-28;0,426500;10245054;35,706500;
2025-01-29;0,426800;10189412;35,740600;
2025-01-30;0,427700;10211807;35,839400;
2025-01-31;0,428600;10232080;35,957100;
2025-02-03;0,429400;10256479;36,039900;
2025-02-04;0,429400;10300195;36,000800;
2025-02-05;0,429800;10325720;36,112300;
2025-02-06;0,430300;10337098;36,144700;
2025-02-07;0,430200;10349533;36,113000;
2025-02-10;0,430800;10314817;36,156400;
2025-02-11;0,430200;10302255;36,070300;
2025-02-12;0,429500;10369113;35,991700;
2025-02-13;0,430000;10382945;36,104500;
2025-02-14;0,430100;10386863;36,104200;
2025-02-17;0,429800;10389651;36,052300;
2025-02-18;0,429800;10377969;36,065700;
2025-02-19;0,429500;10369887;35,995200;
2025-02-20;0,429400;10372177;36,002100;
2025-02-21;0,430100;10386993;36,087200;
2025-02-24;0,429800;10385404;36,092700;
2025-02-25;0,429700;10388746;36,096100;
2025-02-26;0,430200;10403340;36,129700;
2025-02-27;0,430500;10405322;36,132600;
2025-02-28;0,430300;10393933;36,150800;
2025-03-03;0,429600;10396360;36,013600;
2025-03-04;0,428700;10375367;36,009600;
2025-03-05;0,425500;10389950;35,628300;
2025-03-06;0,424100;10396060;35,402800;
2025-03-07;0,423800;10435302;35,487000;
2025-03-10;0,423800;10453047;35,472500;
2025-03-11;0,423800;10453047;35,472500;
2025-03-12;0,422600;10524312;35,321400;
2025-03-13;0,422600;10525372;35,321100;
2025-03-14;0,422600;10557652;35,346800;
2025-03-17;0,423300;10574834;35,430300;
2025-03-18;0,423400;10567889;35,432100;
2025-03-19;0,423700;10560298;35,489800;
2025-03-20;0,424000;10559491;35,500400;
2025-03-21;0,424100;10563686;35,527900;
2025-03-24;0,424500;10579455;35,528100;
2025-03-25;0,424500;10514172;35,526600;
2025-03-26;0,424500;10516476;35,515500;
2025-03-27;0,424500;10519996;35,559100;
2025-03-28;0,424300;10522152;35,558200;
2025-03-31;0,424200;10522670;35,558200;
2025-04-01;0,424800;10554423;35,609100;
2025-04-02;0,424600;10564240;35,594300;
2025-04-03;0,423800;10558026;35,500200;
2025-04-04;0,422900;10582128;35,415600;
2025-04-07;0,421200;10580296;35,201600;
2025-04-08;0,421000;10550943;35,202800;
2025-04-09;0,419700;10547823;35,277100;
2025-04-10;0,421000;10601453;35,291200;
2025-04-11;0,420800;10605780;35,331000;
2025-04-14;0,421700;10627841;35,395500;
2025-04-15;0,422300;10625151;35,420200;
2025-04-16;0,422600;10513243;35,462000;
2025-04-17;0,423100;10527760;35,555000;
2025-04-18;0,423200;10532171;35,556400;
2025-04-21;0,423200;10532171;35,556400;
2025-04-22;0,423700;10556996;35,584400;
2025-04-23;0,424600;10564764;35,623500;
2025-04-24;0,425500;10582960;35,773000;
2025-04-25;0,425700;10591136;35,755900;
2025-04-28;0,425600;10593447;35,729800;
2025-04-29;0,425800;10600868;35,756800;
2025-04-30;0,426300;10614860;35,790400;
2025-05-01;0,426300;10614860;35,790400;
2025-05-02;0,426400;10618916;35,766000;
2025-05-05;0,426600;10640590;35,782300;
2025-05-06;0,426500;10675260;35,763700;
2025-05-07;0,426900;10688588;35,854300;
2025-05-08;0,427300;10706233;35,867500;
2025-05-09;0,427100;10700782;35,837200;
2025-05-12;0,427300;10703244;35,840100;
2025-05-13;0,427600;10705191;35,848800;
2025-05-14;0,427300;10692644;35,829000;
2025-05-15;0,427800;10713810;35,892200;
2025-05-16;0,428600;10705262;35,978200;
2025-05-19;0,428700;10713735;35,985400;
2025-05-20;0,428600;10715946;35,950700;
2025-05-21;0,428100;10703525;35,868800;
2025-05-22;0,427800;10699404;35,856500;
2025-05-23;0,428300;10700814;35,917300;
2025-05-26;0,428700;10717498;35,952900;
2025-05-27;0,429100;10730435;36,042800;
2025-05-28;0,429600;10742481;36,038900;
2025-05-29;0,429800;10750782;36,111600;
2025-05-30;0,429800;10717042;36,098600;
2025-06-02;0,429700;10719338;36,082500;
2025-06-03;0,430100;10738281;36,128600;
2025-06-04;0,430300;10759218;36,108600;
2025-06-05;0,430000;10755154;36,071100;
2025-06-06;0,430000;10757590;36,101600;
2025-06-09;0,430200;10776734;36,109800;
2025-06-10;0,430700;10795753;36,182900;
2025-06-11;0,430800;10801016;36,170200;
2025-06-12;0,431000;10808549;36,208000;
2025-06-13;0,430300;10797317;36,053000;
2025-06-16;0,430200;10801970;36,112100;
2025-06-17;0,430300;10814417;36,092200;
2025-06-18;0,430600;10822468;36,154500;
2025-06-19;0,430300;10814949;36,107800;
2025-06-20;0,430400;10819809;36,103600;
2025-06-23;0,430400;10861900;36,115200;
2025-06-24;0,430400;10861900;36,115200;
2025-06-25;0,430800;10869288;36,121500;
2025-06-26;0,431000;10875337;36,126400;
2025-06-27;0,430900;10868813;36,093300;
2025-06-30;0,431000;10872414;36,134500;
2025-07-01;0,431500;10888051;36,182200;
2025-07-02;0,431300;10901104;36,125500;
2025-07-03;0,432100;10936295;36,215700;
2025-07-04;0,432400;10951812;36,239200;
2025-07-07;0,432100;10955214;36,193400;
2025-07-08;0,431600;10943387;36,148500;
2025-07-09;0,431800;10956108;36,181600;
2025-07-10;0,431800;10963576;36,142300;
2025-07-11;0,431400;10957253;36,090800;
2025-07-14;0,431200;10956340;36,091400;
2025-07-15;0,431700;10972565;36,155700;
2025-07-16;0,431700;10990672;36,174100;
2025-07-17;0,432200;11004727;36,220800;
2025-07-18;0,432000;10997671;36,181200;
2025-07-21;0,432600;11018287;36,294000;
2025-07-22;0,433000;11005236;36,318300;
2025-07-23;0,433200;11006318;36,339100;
2025-07-24;0,432600;10992598;36,239000;
2025-07-25;0,432200;10984801;36,203200;
2025-07-28;0,432800;11003375;36,279500;
2025-07-29;0,433200;11015132;36,303200;
2025-07-30;0,433300;11018100;36,313200;
2025-07-31;0,433400;11023050;36,323000;
2025-08-01;0,432700;11025167;36,279400;
2025-08-04;0,433400;11040472;36,401900;
2025-08-05;0,433800;11050622;36,397500;
2025-08-06;0,433600;11048068;36,385200;
2025-08-07;0,433900;11062078;36,409100;
2025-08-08;0,433700;11068425;36,352400;
2025-08-11;0,433800;11080175;36,356700;
2025-08-12;0,433500;11074577;36,305900;
2025-08-13;0,434100;11089985;36,431300;
2025-08-14;0,434300;11099876;36,387700;
2025-08-15;0,434300;11099876;36,387700;
2025-08-18;0,433700;11094973;36,305900;
2025-08-19;0,433700;11090579;36,329200;
2025-08-20;0,433800;11090327;36,352000;
2025-08-21;0,433600;11104640;36,274300;
2025-08-22;0,433700;11112584;36,334500;
2025-08-25;0,433500;11107936;36,276900;
2025-08-26;0,433800;11117342;36,306500;
2025-08-27;0,434100;11130080;36,341100;
2025-08-28;0,434200;11120172;36,353900;
2025-08-29;0,433700;11097470;36,293700;
2025-09-01;0,433500;11092032;36,257400;
2025-09-02;0,432700;11102009;36,169900;
2025-09-03;0,433100;11123780;36,250300;
2025-09-04;0,433700;11142200;36,326000;
2025-09-05;0,434000;11153218;36,415300;
2025-09-08;0,434900;11183837;36,469200;
2025-09-09;0,435000;11199347;36,447600;
2025-09-10;0,435100;11206918;36,470000;
2025-09-11;0,435400;11216927;36,493200;
2025-09-12;0,435200;11197956;36,452700;
2025-09-15;0,435500;11217650;36,493200;
2025-09-16;0,435400;11214916;36,468700;
2025-09-17;0,435600;11220276;36,503700;
2025-09-18;0,435700;11227248;36,481900;
2025-09-19;0,435500;11212939;36,446300;
2025-09-22;0,435500;11220915;36,486100;
2025-09-23;0,435600;11224859;36,466200;
2025-09-24;0,435400;11222211;36,461800;
2025-09-25;0,435100;11173772;36,422400;
2025-09-26;0,435100;11177071;36,448700;
2025-09-29;0,435600;11168919;36,517100;
2025-09-30;0,435700;11165066;36,514100;
2025-10-01;0,436100;11176639;36,543400;
2025-10-02;0,436300;11202139;36,573200;
2025-10-03;0,436600;11222012;36,576300;
2025-10-06;0,436700;11225186;36,566000;
2025-10-07;0,436700;11228907;36,567200;
2025-10-08;0,437300;11233041;36,645400;
2025-10-09;0,437400;11246611;36,642600;
2025-10-10;0,437100;11243705;36,643400;
2025-10-13;0,437300;11379035;36,673000;
2025-10-14;0,437400;11386774;36,704600;
2025-10-15;0,438200;11416422;36,833900;
2025-10-16;0,438600;11428163;36,806800;
2025-10-17;0,438100;11413413;36,771900;
2025-10-20;0,438600;11309787;36,803600;
2025-10-21;0,439100;11327819;36,845500;
2025-10-22;0,439100;11324458;36,834400;
2025-10-23;0,439000;11323275;36,825600;
2025-10-24;0,438800;11320361;36,799100;
2025-10-27;0,439300;11339978;36,841100;
2025-10-28;0,439500;11378806;36,847400;
2025-10-29;0,439800;11386040;36,855000;
2025-10-30;0,439600;11382963;36,847100;
2025-10-31;0,439600;11388808;36,870400;
2025-11-03;0,439500;11449166;36,846200;
2025-11-04;0,439300;11462162;36,822000;
2025-11-05;0,439200;11456400;36,809800;
2025-11-06;0,438900;11457239;36,787900;
2025-11-07;0,438400;11446862;36,732800;
2025-11-10;0,439000;11472805;36,780000;
2025-11-11;0,439300;11497895;36,822100;
2025-11-12;0,439600;11510397;36,846700;
2025-11-13;0,439100;11495603;36,776200;
2025-11-14;0,438500;11488484;36,703000;
2025-11-17;0,438200;11501917;36,687500;
2025-11-18;0,437800;11491471;36,658600;
2025-11-19;0,438000;11500869;36,686000;
2025-11-20;0,438100;11545779;36,681900;
2025-11-21;0,437900;11563756;36,699000;
2025-11-24;0,438400;11270656;36,739000;
2025-11-25;0,438900;11285441;36,796700;
2025-11-26;0,439300;11311689;36,811600;
2025-11-27;0,439400;11315666;36,816600;
2025-11-28;0,439500;11288727;36,797200;
2025-12-01;0,438900;11274267;36,738900;
2025-12-02;0,439000;11286511;36,745300;
2025-12-03;0,439200;11303782;36,770000;
2025-12-04;0,439200;11443250;36,748700;
2025-12-05;0,439000;11424936;36,702200;
2025-12-08;0,438200;11418342;36,601500;
2025-12-09;0,438000;11411166;36,641100;
2025-12-10;0,437600;11417976;36,626300;
2025-12-11;0,437700;11427742;36,635200;
2025-12-12;0,437500;11427213;36,603400;
2025-12-15;0,437700;11456685;36,639200;
2025-12-16;0,437600;11495848;36,627200;
2025-12-17;0,437400;11478347;36,594100;
2025-12-18;0,437800;11491499;36,636700;
2025-12-19;0,437700;11489088;36,611800;
2025-12-22;0,437700;11501277;36,591100;
2025-12-23;0,438200;11516437;36,657800;
2025-12-24;0,438200;11516437;36,657800;
2025-12-25;0,438200;11516437;36,657800;
2025-12-26;0,438200;11516437;36,657800;
2025-12-29;0,438800;11538971;36,742200;
2025-12-30;0,439000;11529332;36,723400;
2025-12-31;0,439000;11470839;36,712500;
2026-01-01;0,439000;11470839;36,712500;
2026-01-02;0,438700;11471722;36,667700;
2026-01-05;0,439300;11470424;36,771800;
2026-01-06;0,440200;11503912;36,842700;
2026-01-07;0,440700;11524151;36,895600;
2026-01-08;0,440600;11529978;36,869200;
2026-01-09;0,440800;11541433;36,910700;
2026-01-12;0,441200;11553274;36,938200;
2026-01-13;0,441200;11567519;36,938600;
2026-01-14;0,441400;11573198;36,964400;
2026-01-15;0,442000;11594853;36,996100;
2026-01-16;0,441700;11585147;36,970000;
2026-01-19;0,441400;11577539;36,968900;
2026-01-20;0,440800;11605075;36,859000;
2026-01-21;0,440700;11611592;36,873100;
2026-01-22;0,441100;11646526;36,925600;
2026-01-23;0,441200;11660129;36,917200;
2026-01-26;0,441300;11648521;36,960800;
2026-01-27;0,441400;11652458;36,945500;
2026-01-28;0,441900;11671671;36,984300;
2026-01-29;0,442000;11668869;37,013100;
2026-01-30;0,442100;11675721;36,989200;
2026-02-02;0,442200;11687192;37,000600;
2026-02-03;0,442200;11704226;36,997000;
2026-02-04;0,442300;11637019;37,016000;
2026-02-05;0,442200;11634502;36,994400;
2026-02-06;0,442400;11645702;37,019500;
2026-02-09;0,442800;11661868;37,042700;
2026-02-10;0,443200;11673903;37,083500;
2026-02-11;0,443500;11674613;37,121500;
2026-02-12;0,443600;11686345;37,135400;
2026-02-13;0,443900;11696692;37,160800;
2026-02-16;0,443900;11696692;37,160800;
2026-02-17;0,444200;11689436;37,194900;
2026-02-18;0,444500;11699086;37,209000;
2026-02-19;0,444500;11686030;37,217200;
2026-02-20;0,444800;11680282;37,246200;
2026-02-23;0,444900;11695160;37,281200;
2026-02-24;0,445100;11699343;37,293700;
2026-02-25;0,445300;11712886;37,324100;
2026-02-26;0,445600;11711511;37,332900;
2026-02-27;0,445500;11701079;37,346800;
2026-03-02;0,444600;11734501;37,244500;
2026-03-03;0,442800;11748847;37,039400;
2026-03-04;0,443300;11822459;37,129800;
2026-03-05;0,442300;11770672;37,007400;
2026-03-06;0,440900;11713152;36,856200;
2026-03-09;0,439200;11679654;36,783800;
2026-03-10;0,441500;11782000;36,964600;
2026-03-11;0,441500;11782000;36,964600;
2026-03-12;0,439000;11642363;36,676100;
2026-03-13;0,438100;11620810;36,596200;
2026-03-16;0,438300;11663131;36,659000;
2026-03-17;0,439100;11691720;36,723400;
2026-03-18;0,438700;11691014;36,663300;
2026-03-19;0,437300;11656930;36,537000;
2026-03-20;0,435500;11636770;36,342800;
2026-03-23;0,435400;11635526;36,365200;
2026-03-24;0,435100;11658580;36,337900;
2026-03-25;0,436100;11739680;36,486500;
2026-03-26;0,435100;11728790;36,306300;
2026-03-27;0,433600;11681181;36,161500;
2026-03-30;0,433800;11726840;36,243700;
2026-03-31;0,434300;11753602;36,340400;
2026-04-01;0,435900;11773234;36,486100;
2026-04-02;0,436300;11734068;36,494000;
2026-04-03;0,436200;11757935;36,496000;
2026-04-06;0,436200;11757935;36,496000;
2026-04-07;0,435400;11740369;36,365700;
2026-04-08;0,438700;11827833;36,811700;
2026-04-09;0,439200;11794874;36,690700;
2026-04-10;0,438700;11788545;36,686800;
2026-04-13;0,438300;11720046;36,619500;
2026-04-14;0,439300;11753939;36,761500;
2026-04-15;0,439800;11765026;36,778100;
2026-04-16;0,440100;11717019;36,819300;
2026-04-17;0,441700;11759678;36,990600;
2026-04-20;0,441700;11802974;36,945700;
2026-04-21;0,441400;11797647;36,917000;
2026-04-22;0,441100;11818849;36,920000;
2026-04-23;0,441000;11753315;36,880400;
2026-04-24;0,440700;11732392;36,876000;
2026-04-27;0,440400;11721435;36,844000;
2026-04-28;0,439700;11710600;36,786700;
2026-04-29;0,438900;11658397;36,696500;
2026-04-30;0,439600;11768170;36,783000;
2026-05-01;0,439600;11768170;36,783000;
2026-05-04;0,439300;11677333;36,764800;
2026-05-05;0,439800;11710442;36,777800;
2026-05-06;0,441400;11766168;36,985700;
2026-05-07;0,442000;11785290;37,017800;
2026-05-08;0,441900;11786014;37,007000;
2026-05-11;0,441400;11753164;36,927400;
2026-05-12;0,440400;11731662;36,824900;
2026-05-13;0,440400;11713282;36,850800;
2026-05-14;0,441300;11715762;36,957700;
2026-05-15;0,439900;11683317;36,783900;
2026-05-18;0,439500;11670438;36,766800;
2026-05-19;0,439100;11682169;36,715400;
2026-05-20;0,440200;11626563;36,869800;
2026-05-21;0,440700;11645936;36,897300;
2026-05-22;0,441700;11681324;37,006200;
2026-05-25;0,443100;11721491;37,137500;
2026-05-26;0,443000;11714792;37,133000;
2026-05-27;0,443300;11745777;37,148800;
2026-05-28;0,443700;11755509;37,179900;
2026-05-29;0,444200;11773409;37,253000;
2026-06-01;0,444000;11788732;37,150000;
2026-06-02;0,444300;11800184;37,219400;
2026-06-03;0,443600;11808010;37,135400;
2026-06-04;0,443400;11804158;37,127400;
2026-06-05;0,443000;11793408;37,060800;
2026-06-08;0,442200;11787810;37,013900;
2026-06-09;0,442200;11784438;37,053900;
2026-06-10;0,442000;11787194;36,988700;
2026-06-11;0,442400;11802795;37,094500;
2026-06-12;0,443900;11847506;37,185600;
2026-06-15;0,445300;11900563;37,337400;
2026-06-16;0,445900;11922323;37,355900;
2026-06-17;0,446100;11951132;37,365400;
2026-06-18;0,445900;11963296;37,408700;
2026-06-19;0,445300;11948657;37,308700;
2026-06-22;0,445800;11978195;37,382200;
2026-06-23;0,446000;11985742;37,409000;
2026-06-24;0,446000;11985742;37,409000;
2026-06-25;0,446900;12036154;37,498500;
2026-06-26;0,447100;12061455;37,499800;
2026-06-29;0,446900;12088989;37,500900;
2026-06-30;0,447200;12106864;37,504700;
2026-07-01;0,447000;12105680;37,483300;
2026-07-02;0,447000;12125961;37,465300;
2026-07-03;0,446800;12131626;37,426400;
2026-07-06;0,446800;12131626;37,426400;
2026-07-07;0,446500;12140447;37,391300;
2026-07-08;0,444700;12093696;37,215000;
2026-07-09;0,445000;12108993;37,280000;
2026-07-10;0,445600;12147147;37,329500;
2026-07-13;0,445000;12157928;37,260100;
2026-07-14;0,444500;12155712;37,242200;
2026-07-15;0,444600;12168951;37,243700;
2026-07-16;0,444200;12169614;37,182300;
2026-07-17;0,443700;12159239;37,161800;
2026-07-20;0,443700;12171133;37,152400;
2026-07-21;0,443800;12191684;37,152500;
2026-07-22;0,443400;12174842;37,114200;
2026-07-23;0,442400;12149903;37,028700;
2026-07-24;0,442700;12195233;37,081900;
2026-07-27;0,443400;12223869;37,188900;
2026-07-28;0,444000;12242667;37,212700;
2026-07-29;0,443300;12226490;37,114600;
2026-07-30;0,443100;12223608;37,097900;
2026-07-31;0,443000;12243628;37,122600;
2026-08-03;0,444100;12257651;37,216300;
2026-08-04;0,445200;12303289;37,312000;
2026-08-05;0,445700;12334489;37,340200;
2026-08-06;0,445700;12336392;37,331200;
2026-08-07;0,445800;12345455;37,325000;
2026-08-10;0,445500;12371033;37,280200;
2026-08-11;0,445300;12359022;37,297200;
2026-08-12;0,445500;12369642;37,303300;
2026-08-13;0,445900;12379387;37,359600;
2026-08-14;0,445300;12365378;37,264400;
2026-08-17;0,445000;12363956;37,230900;
2026-08-18;0,444000;12341447;37,136400;
2026-08-19;0,443700;12301933;37,107000;
2026-08-20;0,443500;12303396;37,121400;
2026-08-21;0,443800;12312210;37,129200;
2026-08-24;0,443700;12386634;37,124800;
2026-08-25;0,444500;12408183;37,212400;
2026-08-26;0,444500;12411952;37,207100;
2026-08-27;0,444200;12405660;37,173100;
2026-08-28;0,443800;12400518;37,136400;
2026-08-31;0,443000;12382779;37,066300;
2026-09-01;0,442700;12204986;37,035500;
2026-09-02;0,442000;12173658;36,939100;
2026-09-03;0,442700;12176676;37,035900;
2026-09-04;0,443000;12191159;37,077000;
2026-09-07;0,442600;12188297;37,019400;
2026-09-08;0,442700;12186382;37,028400;
2026-09-09;0,441600;12151494;36,919100;
2026-09-10;0,440000;12125646;36,770200;
2026-09-11;0,439700;12121747;36,721300;
2026-09-14;0,438700;12101904;36,642600;
2026-09-15;0,438100;12084733;36,616000;
2026-09-16;0,438500;12095460;36,690200;
2026-09-17;0,439400;12148679;36,764500;
2026-09-18;0,439000;12134296;36,672300;
2026-09-21;0,440000;12167764;36,842500;
2026-09-22;0,440700;12177053;36,862900;
2026-09-23;0,439300;12142169;36,708900;
2026-09-24;0,437900;12106646;36,601800;
2026-09-25;0,437500;12064683;36,577300;
2026-09-28;0,436800;12052228;36,488600;
2026-09-29;0,436800;12052959;36,526900;
2026-09-30;0,437200;12069733;36,576500;
2026-10-01;0,437400;12090688;36,551900;
2026-10-02;0,438200;12116177;36,654200;
