Data;Vieneto vertė;Grynųjų aktyvų vertė;Lyginamasis indeksas;
2004-10-27;0,289600;0;
2004-10-28;0,289600;0;
2004-10-29;0,289600;0;
2004-11-01;0,289600;0;
2004-11-02;0,289600;0;
2004-11-03;0,289600;130;
2004-11-04;0,289600;10296;
2004-11-05;0,289600;13453;
2004-11-08;0,289600;16554;
2004-11-09;0,289600;16612;
2004-11-10;0,289600;17174;
2004-11-11;0,289700;17275;
2004-11-12;0,289700;18535;
2004-11-15;0,289700;19027;
2004-11-16;0,289700;19027;
2004-11-17;0,289700;20597;
2004-11-18;0,289700;23116;
2004-11-19;0,289700;24538;
2004-11-22;0,289700;26713;
2004-11-23;0,289700;28262;
2004-11-24;0,289700;39691;
2004-11-25;0,289700;42790;
2004-11-26;0,289700;43660;
2004-11-29;0,289800;49198;
2004-11-30;0,289800;64824;
2004-12-01;0,289800;65172;
2004-12-02;0,289100;81822;
2004-12-03;0,289000;84923;
2004-12-06;0,288300;105578;
2004-12-07;0,289500;115104;
2004-12-08;0,289400;121000;
2004-12-09;0,290600;132601;
2004-12-10;0,290500;136381;
2004-12-13;0,291000;137608;
2004-12-14;0,291000;139724;
2004-12-15;0,291700;147262;
2004-12-16;0,291900;155454;
2004-12-17;0,291800;173089;
2004-12-20;0,293000;183402;
2004-12-21;0,292900;208240;
2004-12-22;0,293300;228186;
2004-12-23;0,293800;259540;
2004-12-24;0,294200;291447;
2004-12-27;0,294800;331488;
2004-12-28;0,295200;377172;
2004-12-29;0,294900;426099;
2004-12-30;0,295600;529639;
2004-12-31;0,295600;588166;
2005-01-03;0,297000;591671;
2005-01-04;0,297200;592237;
2005-01-05;0,296700;604538;
2005-01-06;0,296500;604569;
2005-01-07;0,296600;605731;
2005-01-10;0,296800;607232;
2005-01-11;0,297500;609085;
2005-01-12;0,296900;610408;
2005-01-13;0,297400;611612;
2005-01-14;0,296900;611033;
2005-01-17;0,298900;616385;
2005-01-18;0,298300;615414;
2005-01-19;0,299300;617808;
2005-01-20;0,297900;615785;
2005-01-21;0,298000;616069;
2005-01-24;0,297900;616602;
2005-01-25;0,297900;617124;
2005-01-26;0,299400;620406;
2005-01-27;0,299600;621561;
2005-01-28;0,299300;621918;
2005-01-31;0,300900;627717;
2005-02-01;0,300900;628136;
2005-02-02;0,302100;632717;
2005-02-03;0,302000;636669;
2005-02-04;0,304100;641227;
2005-02-07;0,306600;649044;
2005-02-08;0,308600;654395;
2005-02-09;0,309000;655580;
2005-02-10;0,308500;655713;
2005-02-11;0,309400;657771;
2005-02-14;0,311000;662020;
2005-02-15;0,311800;667054;
2005-02-16;0,311800;667054;
2005-02-17;0,311900;667860;
2005-02-18;0,312300;671991;
2005-02-21;0,312000;672439;
2005-02-22;0,311700;672193;
2005-02-23;0,309200;667885;
2005-02-24;0,311500;673558;
2005-02-25;0,313300;678694;
2005-02-28;0,315900;687022;
2005-03-01;0,315400;686920;
2005-03-02;0,314600;685491;
2005-03-03;0,314800;689325;
2005-03-04;0,315500;693042;
2005-03-07;0,317300;698562;
2005-03-08;0,316500;697236;
2005-03-09;0,316200;697465;
2005-03-10;0,312800;691542;
2005-03-11;0,312800;691542;
2005-03-14;0,310800;688065;
2005-03-15;0,309900;689003;
2005-03-16;0,308600;687960;
2005-03-17;0,307400;714039;
2005-03-18;0,307000;714401;
2005-03-21;0,306200;723252;
2005-03-22;0,307200;728276;
2005-03-23;0,307000;731339;
2005-03-24;0,309300;739869;
2005-03-25;0,309900;752988;
2005-03-28;0,309900;752988;
2005-03-29;0,309400;753071;
2005-03-30;0,308600;751883;
2005-03-31;0,310000;758902;
2005-04-01;0,311300;771264;
2005-04-04;0,310900;771402;
2005-04-05;0,312400;776007;
2005-04-06;0,314100;784685;
2005-04-07;0,314800;788218;
2005-04-08;0,315300;790385;
2005-04-11;0,314300;789155;
2005-04-12;0,312800;786120;
2005-04-13;0,313100;787194;
2005-04-14;0,312700;786596;
2005-04-15;0,311300;784694;
2005-04-18;0,307400;776180;
2005-04-19;0,307500;776971;
2005-04-20;0,307300;778646;
2005-04-21;0,307400;779099;
2005-04-22;0,307900;782634;
2005-04-25;0,308700;788966;
2005-04-26;0,308400;788835;
2005-04-27;0,308400;788835;
2005-04-28;0,305700;783522;
2005-04-29;0,305100;783786;
2005-05-02;0,304800;783857;
2005-05-03;0,305400;785891;
2005-05-04;0,306400;789315;
2005-05-05;0,305800;790245;
2005-05-06;0,307400;796702;
2005-05-09;0,307000;796971;
2005-05-10;0,307100;798910;
2005-05-11;0,306000;798162;
2005-05-12;0,305400;797170;
2005-05-13;0,306400;800683;
2005-05-16;0,306200;802307;
2005-05-17;0,307200;805535;
2005-05-18;0,308400;808965;
2005-05-19;0,309400;812057;
2005-05-20;0,310000;815120;
2005-05-23;0,310000;815711;
2005-05-24;0,312100;821751;
2005-05-25;0,310800;820051;
2005-05-26;0,311900;823121;
2005-05-27;0,313200;833563;
2005-05-30;0,313700;835832;
2005-05-31;0,316200;842841;
2005-06-01;0,316200;843530;
2005-06-02;0,317500;847614;
2005-06-03;0,319100;852457;
2005-06-06;0,319000;854165;
2005-06-07;0,319100;854670;
2005-06-08;0,319800;857396;
2005-06-09;0,318600;843303;
2005-06-10;0,320600;859028;
2005-06-13;0,320700;860982;
2005-06-14;0,322100;866465;
2005-06-15;0,322100;869321;
2005-06-16;0,323200;873347;
2005-06-17;0,323900;876468;
2005-06-20;0,323600;879807;
2005-06-21;0,322500;885817;
2005-06-22;0,324500;892187;
2005-06-23;0,324400;921285;
2005-06-24;0,324400;921285;
2005-06-27;0,322700;919520;
2005-06-28;0,323400;926271;
2005-06-29;0,324600;933597;
2005-06-30;0,326200;939345;
2005-07-01;0,328300;946951;
2005-07-04;0,329600;952727;
2005-07-05;0,329700;955245;
2005-07-06;0,329700;955245;
2005-07-07;0,329400;960681;
2005-07-08;0,330400;964427;
2005-07-11;0,331800;970768;
2005-07-12;0,331700;972565;
2005-07-13;0,332000;978382;
2005-07-14;0,332700;988067;
2005-07-15;0,333000;990603;
2005-07-18;0,332500;992350;
2005-07-19;0,333300;998557;
2005-07-20;0,334400;1003269;
2005-07-21;0,334400;1003976;
2005-07-22;0,334600;1007636;
2005-07-25;0,335300;1015831;
2005-07-26;0,336000;1019358;
2005-07-27;0,337300;1024460;
2005-07-28;0,339400;1034211;
2005-07-29;0,339600;1036097;
2005-08-01;0,340100;1041485;
2005-08-02;0,342100;1048158;
2005-08-03;0,342000;1049400;
2005-08-04;0,341500;1051741;
2005-08-05;0,339800;1051185;
2005-08-08;0,340000;1053064;
2005-08-09;0,341300;1060231;
2005-08-10;0,342900;1068803;
2005-08-11;0,342700;1069746;
2005-08-12;0,343000;1074389;
2005-08-15;0,343000;1074389;
2005-08-16;0,343900;1079787;
2005-08-17;0,344200;1083474;
2005-08-18;0,343400;1084286;
2005-08-19;0,344300;1089834;
2005-08-22;0,347000;1100986;
2005-08-23;0,348200;1106450;
2005-08-24;0,346500;1102702;
2005-08-25;0,346900;1106844;
2005-08-26;0,346300;1108725;
2005-08-29;0,344300;1103882;
2005-08-30;0,345900;1109854;
2005-08-31;0,348500;1121512;
2005-09-01;0,350500;1132763;
2005-09-02;0,351700;1138275;
2005-09-05;0,351400;1138871;
2005-09-06;0,351000;1139635;
2005-09-07;0,351600;1142255;
2005-09-08;0,352200;1149254;
2005-09-09;0,355000;1159516;
2005-09-12;0,356800;1168422;
2005-09-13;0,356500;1172645;
2005-09-14;0,356500;1175850;
2005-09-15;0,358700;1201680;
2005-09-16;0,360000;1235046;
2005-09-19;0,361400;1245136;
2005-09-20;0,363500;1269702;
2005-09-21;0,364100;1286398;
2005-09-22;0,363800;1291968;
2005-09-23;0,363200;1340875;
2005-09-26;0,365700;1356497;
2005-09-27;0,367300;1376802;
2005-09-28;0,369200;1397525;
2005-09-29;0,370700;1411140;
2005-09-30;0,369900;1444139;
2005-10-03;0,372400;1468155;
2005-10-04;0,373500;1477971;
2005-10-05;0,371700;1478936;
2005-10-06;0,366000;1460890;
2005-10-07;0,363600;1458568;
2005-10-10;0,364300;1475159;
2005-10-11;0,367200;1494683;
2005-10-12;0,365400;1491741;
2005-10-13;0,361600;1477083;
2005-10-14;0,359700;1472729;
2005-10-17;0,358800;1473954;
2005-10-18;0,357900;1473773;
2005-10-19;0,354100;1462459;
2005-10-20;0,355700;1479776;
2005-10-21;0,354100;1480107;
2005-10-24;0,356100;1491469;
2005-10-25;0,357000;1498845;
2005-10-26;0,357700;1503469;
2005-10-27;0,354800;1535972;
2005-10-28;0,354900;1542423;
2005-10-31;0,353700;1552342;
2005-11-01;0,353700;1552342;
2005-11-02;0,359400;1579175;
2005-11-03;0,362100;1602665;
2005-11-04;0,363700;1617479;
2005-11-07;0,365000;1628966;
2005-11-08;0,365500;1656841;
2005-11-09;0,366400;1706649;
2005-11-10;0,365500;1710796;
2005-11-11;0,365700;1729632;
2005-11-14;0,366300;1764437;
2005-11-15;0,365000;1766508;
2005-11-16;0,365800;1790179;
2005-11-17;0,368000;1832287;
2005-11-18;0,369100;1857049;
2005-11-21;0,368300;1866151;
2005-11-22;0,368100;1876505;
2005-11-23;0,369300;1891538;
2005-11-24;0,369200;1905921;
2005-11-25;0,370100;1958158;
2005-11-28;0,371500;1997979;
2005-11-29;0,371000;2042707;
2005-11-30;0,369600;2059910;
2005-12-01;0,371900;2091751;
2005-12-02;0,374100;2173702;
2005-12-05;0,374600;2209411;
2005-12-06;0,374600;2292011;
2005-12-07;0,375600;2329375;
2005-12-08;0,374000;2371905;
2005-12-09;0,373300;2422136;
2005-12-12;0,373500;2490444;
2005-12-13;0,373300;2542169;
2005-12-14;0,372600;2626928;
2005-12-15;0,371700;2704592;
2005-12-16;0,371600;2809109;
2005-12-19;0,372200;2870530;
2005-12-20;0,372600;2989559;
2005-12-21;0,375500;3139364;
2005-12-22;0,377100;3300540;
2005-12-23;0,378300;3457727;
2005-12-26;0,378300;3457727;
2005-12-27;0,378300;3457727;
2005-12-28;0,378700;3611017;
2005-12-29;0,379300;3850488;
2005-12-30;0,379200;4329718;
2006-01-02;0,379200;4329718;
2006-01-03;0,382000;4369160;
2006-01-04;0,385200;4407560;
2006-01-05;0,386200;4425246;
2006-01-06;0,386200;4428793;
2006-01-09;0,388400;4456116;
2006-01-10;0,389200;4470731;
2006-01-11;0,391700;4505284;
2006-01-12;0,394500;4541235;
2006-01-13;0,392800;4534149;
2006-01-16;0,394800;4573888;
2006-01-17;0,391500;4537093;
2006-01-18;0,386800;4505312;
2006-01-19;0,390700;4551648;
2006-01-20;0,393300;4587733;
2006-01-23;0,389900;4556166;
2006-01-24;0,390300;4568135;
2006-01-25;0,391300;4586173;
2006-01-26;0,392500;4601638;
2006-01-27;0,395700;4651112;
2006-01-30;0,395900;4654068;
2006-01-31;0,395500;4654855;
2006-02-01;0,396100;4664362;
2006-02-02;0,395500;4667773;
2006-02-03;0,392800;4638802;
2006-02-06;0,394600;4668848;
2006-02-07;0,396200;4691405;
2006-02-08;0,394200;4675651;
2006-02-09;0,396300;4704091;
2006-02-10;0,395200;4701824;
2006-02-13;0,394800;4710319;
2006-02-14;0,396300;4728574;
2006-02-15;0,396400;4750958;
2006-02-16;0,396400;4750958;
2006-02-17;0,396400;4750958;
2006-02-20;0,400900;4809886;
2006-02-21;0,402200;4832531;
2006-02-22;0,402300;4838622;
2006-02-23;0,402400;4839897;
2006-02-24;0,404000;4866466;
2006-02-27;0,406500;4899095;
2006-02-28;0,404800;4895820;
2006-03-01;0,403900;4897122;
2006-03-02;0,404200;4906131;
2006-03-03;0,403500;4918787;
2006-03-06;0,402900;4934330;
2006-03-07;0,396500;4862269;
2006-03-08;0,393800;4849042;
2006-03-09;0,395400;4871631;
2006-03-10;0,394700;4875787;
2006-03-13;0,394700;4875787;
2006-03-14;0,396800;4915803;
2006-03-15;0,397100;4924241;
2006-03-16;0,398700;4961481;
2006-03-17;0,401300;5008758;
2006-03-20;0,402500;5042000;
2006-03-21;0,400900;5029291;
2006-03-22;0,400600;5044434;
2006-03-23;0,402000;5092678;
2006-03-24;0,403100;5111654;
2006-03-27;0,405400;5250221;
2006-03-28;0,404500;5276429;
2006-03-29;0,403300;5306561;
2006-03-30;0,405700;5347523;
2006-03-31;0,407000;5379616;
2006-04-03;0,408900;5416782;
2006-04-04;0,409000;5423179;
2006-04-05;0,411000;5461710;
2006-04-06;0,411400;5489463;
2006-04-07;0,412900;5542910;
2006-04-10;0,413100;5553527;
2006-04-11;0,412400;5550658;
2006-04-12;0,410700;5563170;
2006-04-13;0,410400;5589731;
2006-04-14;0,411100;5615046;
2006-04-17;0,411100;5615046;
2006-04-18;0,411100;5615046;
2006-04-19;0,416600;5705508;
2006-04-20;0,417700;5741529;
2006-04-21;0,418700;5754490;
2006-04-24;0,418200;5754029;
2006-04-25;0,417100;5754556;
2006-04-26;0,418700;5790424;
2006-04-27;0,416000;5763447;
2006-04-28;0,416100;5799864;
2006-05-01;0,416100;5799864;
2006-05-02;0,418800;5844621;
2006-05-03;0,419800;5874394;
2006-05-04;0,421400;5928316;
2006-05-05;0,423500;6004168;
2006-05-08;0,423500;6004168;
2006-05-09;0,424900;6044906;
2006-05-10;0,424100;6112180;
2006-05-11;0,423800;6127641;
2006-05-12;0,419900;6078853;
2006-05-15;0,410600;5953762;
2006-05-16;0,407800;5917005;
2006-05-17;0,406500;5907716;
2006-05-18;0,401800;5862662;
2006-05-19;0,399600;5839090;
2006-05-22;0,399600;5839090;
2006-05-23;0,389900;5708996;
2006-05-24;0,387600;5673815;
2006-05-25;0,388100;5720005;
2006-05-26;0,392900;5801145;
2006-05-29;0,394300;5837636;
2006-05-30;0,393300;5829793;
2006-05-31;0,389700;5813843;
2006-06-01;0,389700;5838184;
2006-06-02;0,392900;5892064;
2006-06-05;0,395100;5931688;
2006-06-06;0,391900;5907846;
2006-06-07;0,385100;5820593;
2006-06-08;0,378900;5730119;
2006-06-09;0,378500;5726753;
2006-06-12;0,377100;5719572;
2006-06-13;0,369800;5613380;
2006-06-14;0,368900;5626076;
2006-06-15;0,372000;5680989;
2006-06-16;0,375700;5749021;
2006-06-19;0,375800;5762318;
2006-06-20;0,374900;5759832;
2006-06-21;0,375500;5781234;
2006-06-22;0,376100;5811787;
2006-06-23;0,376800;5846832;
2006-06-26;0,376800;5846832;
2006-06-27;0,378300;5875578;
2006-06-28;0,378000;5879311;
2006-06-29;0,380700;5930545;
2006-06-30;0,385400;6034652;
2006-07-03;0,388800;6154491;
2006-07-04;0,389600;6175817;
2006-07-05;0,388700;6168552;
2006-07-06;0,388700;6168552;
2006-07-07;0,388700;6168552;
2006-07-10;0,390800;6211406;
2006-07-11;0,390000;6204374;
2006-07-12;0,391500;6234375;
2006-07-13;0,387800;6179992;
2006-07-14;0,385200;6144077;
2006-07-17;0,383500;6132214;
2006-07-18;0,381700;6108958;
2006-07-19;0,382000;6117729;
2006-07-20;0,386300;6197436;
2006-07-21;0,384600;6173640;
2006-07-24;0,384800;6180582;
2006-07-25;0,387000;6236428;
2006-07-26;0,387600;6248542;
2006-07-27;0,389900;6294802;
2006-07-28;0,391300;6340252;
2006-07-31;0,392900;6378835;
2006-08-01;0,391800;6371079;
2006-08-02;0,392200;6382504;
2006-08-03;0,392700;6399869;
2006-08-04;0,393600;6422581;
2006-08-07;0,393200;6418340;
2006-08-08;0,393300;6429704;
2006-08-09;0,394800;6666576;
2006-08-10;0,394800;6678931;
2006-08-11;0,393100;6653907;
2006-08-14;0,393100;6653907;
2006-08-15;0,393100;6653907;
2006-08-16;0,395900;6717053;
2006-08-17;0,396100;6740094;
2006-08-18;0,394500;6716806;
2006-08-21;0,393900;6714613;
2006-08-22;0,395600;6744608;
2006-08-23;0,396200;6764013;
2006-08-24;0,395200;6753607;
2006-08-25;0,395100;6755211;
2006-08-28;0,394500;6754645;
2006-08-29;0,395400;6778197;
2006-08-30;0,395200;6775847;
2006-08-31;0,395700;6781373;
2006-09-01;0,396400;6799814;
2006-09-04;0,398600;6845050;
2006-09-05;0,399800;6876758;
2006-09-06;0,398000;6855043;
2006-09-07;0,395100;6810173;
2006-09-08;0,394100;6800527;
2006-09-11;0,392100;6804408;
2006-09-12;0,391100;6790488;
2006-09-13;0,392100;6814889;
2006-09-14;0,393000;6830925;
2006-09-15;0,393100;6836331;
2006-09-18;0,393100;6847302;
2006-09-19;0,393800;6862199;
2006-09-20;0,392100;6843956;
2006-09-21;0,392500;6856683;
2006-09-22;0,390500;6828468;
2006-09-25;0,388600;6804836;
2006-09-26;0,389700;6829975;
2006-09-27;0,393200;6902902;
2006-09-28;0,394500;6936245;
2006-09-29;0,395300;6972680;
2006-10-02;0,395700;6989273;
2006-10-03;0,395000;6987220;
2006-10-04;0,394100;6975704;
2006-10-05;0,396200;7021237;
2006-10-06;0,396600;7043408;
2006-10-09;0,398000;7148787;
2006-10-10;0,399800;7191614;
2006-10-11;0,399800;7197192;
2006-10-12;0,399800;7214203;
2006-10-13;0,401600;7254789;
2006-10-16;0,403100;7307414;
2006-10-17;0,403800;7368660;
2006-10-18;0,404700;7378477;
2006-10-19;0,404700;7410378;
2006-10-20;0,405200;7429006;
2006-10-23;0,405100;7436014;
2006-10-24;0,406400;7472621;
2006-10-25;0,406700;7494992;
2006-10-26;0,407800;7512893;
2006-10-27;0,408000;7525082;
2006-10-30;0,406100;7509890;
2006-10-31;0,406500;7739774;
2006-11-01;0,406500;7739774;
2006-11-02;0,406600;7790498;
2006-11-03;0,405800;7817824;
2006-11-06;0,407400;7863709;
2006-11-07;0,410400;7958221;
2006-11-08;0,410700;7973184;
2006-11-09;0,411000;8016482;
2006-11-10;0,409900;8027886;
2006-11-13;0,408800;8043957;
2006-11-14;0,409300;8094076;
2006-11-15;0,410300;8195577;
2006-11-16;0,411200;8237205;
2006-11-17;0,410400;8236072;
2006-11-20;0,408600;8211218;
2006-11-21;0,410400;8258307;
2006-11-22;0,412500;8323729;
2006-11-23;0,412500;8335330;
2006-11-24;0,410100;8333895;
2006-11-27;0,409600;8361854;
2006-11-28;0,405700;8354754;
2006-11-29;0,410300;8535555;
2006-11-30;0,413200;8699563;
2006-12-01;0,413400;8764146;
2006-12-04;0,414400;8802534;
2006-12-05;0,416000;8879696;
2006-12-06;0,417200;8934722;
2006-12-07;0,417500;9025441;
2006-12-08;0,417100;9044405;
2006-12-11;0,417300;9089518;
2006-12-12;0,418200;9159593;
2006-12-13;0,419000;9201906;
2006-12-14;0,420600;9839319;
2006-12-15;0,423600;9963465;
2006-12-18;0,425800;10114642;
2006-12-19;0,423500;10142726;
2006-12-20;0,425100;10247758;
2006-12-21;0,424000;10313086;
2006-12-22;0,424200;10425890;
2006-12-25;0,424200;10425890;
2006-12-26;0,424200;10425890;
2006-12-27;0,425300;10624184;
2006-12-28;0,428200;10904445;
2006-12-29;0,429100;11219350;
2007-01-01;0,429100;11219350;
2007-01-02;0,430100;11257817;
2007-01-03;0,430100;11253739;
2007-01-04;0,427100;11174839;
2007-01-05;0,425900;11143769;
2007-01-08;0,424500;11096535;
2007-01-09;0,424600;11094507;
2007-01-10;0,422100;11032647;
2007-01-11;0,423400;11078493;
2007-01-12;0,426800;11202796;
2007-01-15;0,429100;11281751;
2007-01-16;0,431200;11343298;
2007-01-17;0,431100;11341273;
2007-01-18;0,431900;11361428;
2007-01-19;0,430900;11349270;
2007-01-22;0,433300;11413811;
2007-01-23;0,432800;11399154;
2007-01-24;0,434100;11430577;
2007-01-25;0,436000;11493782;
2007-01-26;0,433100;11419749;
2007-01-29;0,432600;11412583;
2007-01-30;0,432000;11399040;
2007-01-31;0,432800;11420591;
2007-02-01;0,437100;11536367;
2007-02-02;0,439300;11612737;
2007-02-05;0,439100;11611294;
2007-02-06;0,441100;11664966;
2007-02-07;0,441000;11664221;
2007-02-08;0,438100;11604409;
2007-02-09;0,438700;11630889;
2007-02-12;0,435500;11553372;
2007-02-13;0,434500;11526814;
2007-02-14;0,437400;11606591;
2007-02-15;0,440100;11695521;
2007-02-16;0,440100;11695521;
2007-02-19;0,439800;11696707;
2007-02-20;0,439700;11705922;
2007-02-21;0,439600;11713821;
2007-02-22;0,441300;11768731;
2007-02-23;0,442800;11810413;
2007-02-26;0,443000;11854774;
2007-02-27;0,434300;11625175;
2007-02-28;0,426800;11409235;
2007-03-01;0,422200;11277216;
2007-03-02;0,422900;11296816;
2007-03-05;0,415400;11105851;
2007-03-06;0,418600;11195436;
2007-03-07;0,420400;11241396;
2007-03-08;0,424700;11367235;
2007-03-09;0,426500;11422681;
2007-03-12;0,426500;11422681;
2007-03-13;0,426000;11426823;
2007-03-14;0,419600;11277766;
2007-03-15;0,422300;11364802;
2007-03-16;0,422400;11427112;
2007-03-19;0,424100;11486653;
2007-03-20;0,425500;11528601;
2007-03-21;0,427000;11580648;
2007-03-22;0,431000;11705721;
2007-03-23;0,432400;11744319;
2007-03-26;0,432300;11756405;
2007-03-27;0,431900;11869773;
2007-03-28;0,430100;11831200;
2007-03-29;0,431500;11871052;
2007-03-30;0,432000;11913525;
2007-04-02;0,431900;11919791;
2007-04-03;0,434000;11990421;
2007-04-04;0,435600;12071571;
2007-04-05;0,436300;12092585;
2007-04-06;0,436300;12097499;
2007-04-09;0,436300;12097499;
2007-04-10;0,436300;12097499;
2007-04-11;0,440500;12226818;
2007-04-12;0,436900;12132412;
2007-04-13;0,438900;12206967;
2007-04-16;0,442000;12299803;
2007-04-17;0,442000;12301195;
2007-04-18;0,440300;12253705;
2007-04-19;0,436900;12134116;
2007-04-20;0,442200;12333735;
2007-04-23;0,442700;12375613;
2007-04-24;0,441200;12331808;
2007-04-25;0,442000;12364082;
2007-04-26;0,443400;12402029;
2007-04-27;0,440700;12339029;
2007-04-30;0,440700;12339029;
2007-05-01;0,440700;12339029;
2007-05-02;0,440000;12329464;
2007-05-03;0,441700;12394466;
2007-05-04;0,442300;12428422;
2007-05-07;0,443800;12478963;
2007-05-08;0,442100;12479018;
2007-05-09;0,441900;12469980;
2007-05-10;0,441400;12450390;
2007-05-11;0,438000;12356320;
2007-05-14;0,441400;12483005;
2007-05-15;0,439600;12440476;
2007-05-16;0,440200;12610378;
2007-05-17;0,441300;12648250;
2007-05-18;0,444900;12746409;
2007-05-21;0,447500;12822618;
2007-05-22;0,448500;12840394;
2007-05-23;0,449500;12870819;
2007-05-24;0,448100;12837144;
2007-05-25;0,446600;12804521;
2007-05-28;0,445000;12767549;
2007-05-29;0,445900;12797899;
2007-05-30;0,444200;12757028;
2007-05-31;0,449200;12904991;
2007-06-01;0,451700;12990302;
2007-06-04;0,451700;12997575;
2007-06-05;0,452300;13018972;
2007-06-06;0,451000;12985385;
2007-06-07;0,446200;12861844;
2007-06-08;0,443400;12784041;
2007-06-11;0,444000;12810652;
2007-06-12;0,444500;12830629;
2007-06-13;0,444900;12848987;
2007-06-14;0,448700;12967841;
2007-06-15;0,452800;13101805;
2007-06-18;0,455100;13216209;
2007-06-19;0,455100;13216256;
2007-06-20;0,456300;13259800;
2007-06-21;0,453700;13201083;
2007-06-22;0,453300;13192546;
2007-06-25;0,453300;13192546;
2007-06-26;0,451300;13143523;
2007-06-27;0,447600;13038568;
2007-06-28;0,451400;13155500;
2007-06-29;0,453000;13230370;
2007-07-02;0,453600;13261021;
2007-07-03;0,457800;13390050;
2007-07-04;0,458600;13417263;
2007-07-05;0,460300;13479812;
2007-07-06;0,460300;13479812;
2007-07-09;0,463800;13603738;
2007-07-10;0,461300;13541405;
2007-07-11;0,460300;13513801;
2007-07-12;0,463200;13597006;
2007-07-13;0,467300;13745779;
2007-07-16;0,467400;13795138;
2007-07-17;0,466000;13758414;
2007-07-18;0,463900;13703837;
2007-07-19;0,467400;13819877;
2007-07-20;0,468200;13856910;
2007-07-23;0,467900;13855759;
2007-07-24;0,465700;13797629;
2007-07-25;0,462700;13709154;
2007-07-26;0,457100;13545316;
2007-07-27;0,450400;13356458;
2007-07-30;0,449000;13329701;
2007-07-31;0,455100;13524005;
2007-08-01;0,446600;13277444;
2007-08-02;0,447100;13299612;
2007-08-03;0,449500;13382581;
2007-08-06;0,442900;13189857;
2007-08-07;0,441800;13171004;
2007-08-08;0,444400;13258789;
2007-08-09;0,443100;13229956;
2007-08-10;0,433000;12959805;
2007-08-13;0,436000;13042998;
2007-08-14;0,434800;13019625;
2007-08-15;0,434800;13019625;
2007-08-16;0,415700;12497160;
2007-08-17;0,414200;12460854;
2007-08-20;0,419800;12632551;
2007-08-21;0,419400;12633981;
2007-08-22;0,424800;12800202;
2007-08-23;0,429900;12967672;
2007-08-24;0,429400;12952916;
2007-08-27;0,432000;13040485;
2007-08-28;0,430300;12997247;
2007-08-29;0,427800;12920928;
2007-08-30;0,432200;13051927;
2007-08-31;0,439700;13283135;
2007-09-03;0,440300;13307740;
2007-09-04;0,440600;13319660;
2007-09-05;0,440600;13321479;
2007-09-06;0,439800;13308468;
2007-09-07;0,436800;13223206;
2007-09-10;0,433400;13134261;
2007-09-11;0,433700;13146425;
2007-09-12;0,434400;13175677;
2007-09-13;0,437200;13266877;
2007-09-14;0,437200;13276448;
2007-09-17;0,434800;13252358;
2007-09-18;0,436500;13314793;
2007-09-19;0,449000;13697302;
2007-09-20;0,448700;13684756;
2007-09-21;0,449900;13731231;
2007-09-24;0,451600;13787377;
2007-09-25;0,447800;13670659;
2007-09-26;0,451200;13780408;
2007-09-27;0,455000;13903575;
2007-09-28;0,456200;13947330;
2007-10-01;0,454800;13910449;
2007-10-02;0,460400;14081086;
2007-10-03;0,460200;14075218;
2007-10-04;0,459400;14058532;
2007-10-05;0,462700;14155702;
2007-10-08;0,464700;14222184;
2007-10-09;0,465300;14288057;
2007-10-10;0,467300;14352554;
2007-10-11;0,470100;14443441;
2007-10-12;0,467900;14381258;
2007-10-15;0,469100;14433472;
2007-10-16;0,465600;14333170;
2007-10-17;0,465500;14379085;
2007-10-18;0,464400;14352844;
2007-10-19;0,464400;14385358;
2007-10-22;0,455900;14125921;
2007-10-23;0,460200;14251517;
2007-10-24;0,460400;14270319;
2007-10-25;0,461500;14309794;
2007-10-26;0,464900;14418592;
2007-10-29;0,468600;14544313;
2007-10-30;0,467500;14515380;
2007-10-31;0,469000;14555223;
2007-11-01;0,469000;14555223;
2007-11-02;0,469000;14555223;
2007-11-05;0,463700;14393363;
2007-11-06;0,464300;14425515;
2007-11-07;0,465500;14469428;
2007-11-08;0,462100;14404584;
2007-11-09;0,461200;14381335;
2007-11-12;0,455600;14232870;
2007-11-13;0,453000;14173295;
2007-11-14;0,458300;14350993;
2007-11-15;0,454500;14248967;
2007-11-16;0,450500;14130193;
2007-11-19;0,448700;14119659;
2007-11-20;0,446600;14064052;
2007-11-21;0,442300;13951039;
2007-11-22;0,439200;13865871;
2007-11-23;0,441500;13960431;
2007-11-26;0,444800;14088322;
2007-11-27;0,441600;14002927;
2007-11-28;0,445900;14129463;
2007-11-29;0,450900;14297246;
2007-11-30;0,455100;14407742;
2007-12-03;0,455100;14419155;
2007-12-04;0,453100;14378493;
2007-12-05;0,457300;14528901;
2007-12-06;0,460100;14653415;
2007-12-07;0,464100;14830124;
2007-12-10;0,464800;14836896;
2007-12-11;0,466700;14950083;
2007-12-12;0,465400;14968678;
2007-12-13;0,461700;14922229;
2007-12-14;0,458300;14874450;
2007-12-17;0,453700;14864576;
2007-12-18;0,452300;14936717;
2007-12-19;0,452400;15027893;
2007-12-20;0,453400;15216751;
2007-12-21;0,455500;15438346;
2007-12-24;0,458700;15601142;
2007-12-25;0,458700;15601142;
2007-12-26;0,458700;15601142;
2007-12-27;0,463100;15896266;
2007-12-28;0,462000;16075692;
2007-12-31;0,461600;16335642;
2008-01-01;0,461600;16335642;
2008-01-02;0,460800;16339326;
2008-01-03;0,458900;16270093;
2008-01-04;0,456000;16146032;
2008-01-07;0,451800;15994394;
2008-01-08;0,452800;16024654;
2008-01-09;0,449900;15937168;
2008-01-10;0,448900;15899706;
2008-01-11;0,449000;15905068;
2008-01-14;0,448500;15863124;
2008-01-15;0,445800;15788668;
2008-01-16;0,435000;15397498;
2008-01-17;0,431800;15320109;
2008-01-18;0,427300;15142871;
2008-01-21;0,416800;14727981;
2008-01-22;0,408100;14444587;
2008-01-23;0,404300;14307412;
2008-01-24;0,414400;14624562;
2008-01-25;0,423600;14962679;
2008-01-28;0,415800;14673727;
2008-01-29;0,420800;14832704;
2008-01-30;0,420000;14798042;
2008-01-31;0,415200;14630921;
2008-02-01;0,423000;14901149;
2008-02-04;0,429000;15103992;
2008-02-05;0,424600;14793534;
2008-02-06;0,419600;14604087;
2008-02-07;0,413900;14398349;
2008-02-08;0,415600;14458570;
2008-02-11;0,415800;14469723;
2008-02-12;0,421300;14663237;
2008-02-13;0,425000;14785451;
2008-02-14;0,429500;14943859;
2008-02-15;0,425100;14833802;
2008-02-18;0,425100;14833802;
2008-02-19;0,430200;15017504;
2008-02-20;0,427700;14928555;
2008-02-21;0,432400;15094010;
2008-02-22;0,429100;14973830;
2008-02-25;0,430900;15039785;
2008-02-26;0,434000;15151232;
2008-02-27;0,435400;15193327;
2008-02-28;0,433900;15140665;
2008-02-29;0,430700;15030982;
2008-03-03;0,423300;14786395;
2008-03-04;0,421100;14706295;
2008-03-05;0,420500;14689659;
2008-03-06;0,422400;14746320;
2008-03-07;0,414200;14463925;
2008-03-10;0,414200;14463925;
2008-03-11;0,414200;14463925;
2008-03-12;0,418700;14629826;
2008-03-13;0,414900;14496646;
2008-03-14;0,413900;14465491;
2008-03-17;0,407100;14294036;
2008-03-18;0,405600;14223771;
2008-03-19;0,410300;14393137;
2008-03-20;0,406400;14252563;
2008-03-21;0,405300;14194394;
2008-03-24;0,405300;14194394;
2008-03-25;0,405300;14194394;
2008-03-26;0,412400;14443863;
2008-03-27;0,412900;14443910;
2008-03-28;0,413300;14446850;
2008-03-31;0,411000;14364740;
2008-04-01;0,412300;14409149;
2008-04-02;0,418300;14614133;
2008-04-03;0,419200;14641661;
2008-04-04;0,419800;14660176;
2008-04-07;0,423000;14782043;
2008-04-08;0,422200;14748240;
2008-04-09;0,421900;14738421;
2008-04-10;0,421200;14707410;
2008-04-11;0,421300;14718545;
2008-04-14;0,417400;14591908;
2008-04-15;0,418000;14625849;
2008-04-16;0,420400;14160699;
2008-04-17;0,424300;14292947;
2008-04-18;0,425800;14382716;
2008-04-21;0,428400;14464328;
2008-04-22;0,427300;14431504;
2008-04-23;0,427200;14418897;
2008-04-24;0,427300;14407363;
2008-04-25;0,428600;14447783;
2008-04-28;0,431800;14556302;
2008-04-29;0,431300;14541359;
2008-04-30;0,429000;14468057;
2008-05-01;0,429000;14468057;
2008-05-02;0,429000;14468057;
2008-05-05;0,429000;14468057;
2008-05-06;0,434700;14670137;
2008-05-07;0,438300;14771106;
2008-05-08;0,438200;14703287;
2008-05-09;0,439500;14745646;
2008-05-12;0,438700;14726691;
2008-05-13;0,440400;14785898;
2008-05-14;0,441900;14835350;
2008-05-15;0,443200;14882413;
2008-05-16;0,446600;15037289;
2008-05-19;0,448900;15121705;
2008-05-20;0,447400;15085898;
2008-05-21;0,445400;15020272;
2008-05-22;0,443100;14909483;
2008-05-23;0,441000;14819582;
2008-05-26;0,439200;14755579;
2008-05-27;0,438900;14741201;
2008-05-28;0,437900;14716833;
2008-05-29;0,440900;14777014;
2008-05-30;0,442400;14831273;
2008-06-02;0,443500;14876717;
2008-06-03;0,441600;14809196;
2008-06-04;0,437800;14686517;
2008-06-05;0,436700;14635687;
2008-06-06;0,439900;14748679;
2008-06-09;0,435800;14615673;
2008-06-10;0,430700;14438098;
2008-06-11;0,430100;14397752;
2008-06-12;0,428100;14320734;
2008-06-13;0,429200;14359910;
2008-06-16;0,431600;14487758;
2008-06-17;0,433700;14539884;
2008-06-18;0,433700;14541406;
2008-06-19;0,431500;14469623;
2008-06-20;0,430300;14335814;
2008-06-23;0,430300;14335814;
2008-06-24;0,430300;14335814;
2008-06-25;0,423700;14121553;
2008-06-26;0,425700;14183049;
2008-06-27;0,423000;14099813;
2008-06-30;0,422100;14027828;
2008-07-01;0,419200;13935352;
2008-07-02;0,419400;13942024;
2008-07-03;0,414300;13765717;
2008-07-04;0,414200;13759822;
2008-07-07;0,414200;13759822;
2008-07-08;0,411300;13672422;
2008-07-09;0,414100;13766244;
2008-07-10;0,412200;13709986;
2008-07-11;0,412600;13725860;
2008-07-14;0,411800;13697361;
2008-07-15;0,410800;13677633;
2008-07-16;0,407100;13548511;
2008-07-17;0,411800;13746400;
2008-07-18;0,411000;13728823;
2008-07-21;0,411700;13754750;
2008-07-22;0,410600;13721804;
2008-07-23;0,411800;13765736;
2008-07-24;0,411200;13739640;
2008-07-25;0,404600;13524696;
2008-07-28;0,404300;13519968;
2008-07-29;0,401400;13424587;
2008-07-30;0,406700;13585885;
2008-07-31;0,411700;13750422;
2008-08-01;0,408900;13662557;
2008-08-04;0,406100;13570187;
2008-08-05;0,402000;13436298;
2008-08-06;0,404500;13490139;
2008-08-07;0,406000;13534567;
2008-08-08;0,401600;13392415;
2008-08-11;0,402900;13447069;
2008-08-12;0,404600;13503828;
2008-08-13;0,403000;13456053;
2008-08-14;0,403000;13457970;
2008-08-15;0,403000;13457970;
2008-08-18;0,403400;13486712;
2008-08-19;0,397500;13298291;
2008-08-20;0,397500;13292877;
2008-08-21;0,398800;13240936;
2008-08-22;0,400500;13341380;
2008-08-25;0,400700;13344314;
2008-08-26;0,395300;13154516;
2008-08-27;0,395800;13172609;
2008-08-28;0,398500;13232532;
2008-08-29;0,400700;13297456;
2008-09-01;0,401300;13309909;
2008-09-02;0,399200;13243423;
2008-09-03;0,396300;13133728;
2008-09-04;0,391500;12977083;
2008-09-05;0,381100;12625986;
2008-09-08;0,388300;12864850;
2008-09-09;0,383400;12687859;
2008-09-10;0,376700;12472761;
2008-09-11;0,373000;12351844;
2008-09-12;0,379100;12557510;
2008-09-15;0,375300;12443724;
2008-09-16;0,357600;11860573;
2008-09-17;0,356300;11805049;
2008-09-18;0,349900;11624298;
2008-09-19;0,359000;11880547;
2008-09-22;0,368700;12194315;
2008-09-23;0,363100;12006881;
2008-09-24;0,359400;11877090;
2008-09-25;0,359000;11855560;
2008-09-26;0,358000;11813040;
2008-09-29;0,349000;11496616;
2008-09-30;0,339800;11170043;
2008-10-01;0,344000;11301929;
2008-10-02;0,340000;11171506;
2008-10-03;0,330700;10866328;
2008-10-06;0,313300;10294018;
2008-10-07;0,306100;10048477;
2008-10-08;0,289900;9499231;
2008-10-09;0,290800;9527390;
2008-10-10;0,273500;8960368;
2008-10-13;0,280800;9190133;
2008-10-14;0,299100;9800438;
2008-10-15;0,287700;9438156;
2008-10-16;0,272000;8918456;
2008-10-17;0,269900;8887521;
2008-10-20;0,277900;9151578;
2008-10-21;0,280700;9241929;
2008-10-22;0,270800;8917013;
2008-10-23;0,260500;8573215;
2008-10-24;0,249300;8182834;
2008-10-27;0,243200;7985319;
2008-10-28;0,245200;8056232;
2008-10-29;0,257500;8458034;
2008-10-30;0,267200;8769897;
2008-10-31;0,266600;8733398;
2008-11-03;0,266600;8733398;
2008-11-04;0,275300;9015544;
2008-11-05;0,282600;9246759;
2008-11-06;0,271400;8889754;
2008-11-07;0,265200;8687709;
2008-11-10;0,271100;8885098;
2008-11-11;0,261900;8586779;
2008-11-12;0,257300;8429413;
2008-11-13;0,247900;8120110;
2008-11-14;0,254300;8319517;
2008-11-17;0,248600;8175478;
2008-11-18;0,243000;7962974;
2008-11-19;0,242800;7956050;
2008-11-20;0,231500;7575437;
2008-11-21;0,228400;7475555;
2008-11-24;0,234300;7680862;
2008-11-25;0,244600;8022104;
2008-11-26;0,241500;7914903;
2008-11-27;0,244900;8026572;
2008-11-28;0,247700;8122085;
2008-12-01;0,245500;8031936;
2008-12-02;0,237800;7790438;
2008-12-03;0,239200;7837384;
2008-12-04;0,242900;7962556;
2008-12-05;0,237900;7803783;
2008-12-08;0,246000;8063692;
2008-12-09;0,249200;8168967;
2008-12-10;0,249800;8176933;
2008-12-11;0,250500;8202355;
2008-12-12;0,243900;7993236;
2008-12-15;0,247500;8152764;
2008-12-16;0,247400;8147225;
2008-12-17;0,250600;8259941;
2008-12-18;0,249200;8217881;
2008-12-19;0,246400;8122642;
2008-12-22;0,245000;8084201;
2008-12-23;0,244800;8090190;
2008-12-24;0,244200;8080654;
2008-12-25;0,244200;8080654;
2008-12-26;0,244200;8080654;
2008-12-29;0,243600;8073581;
2008-12-30;0,243900;8108818;
2008-12-31;0,246200;8211195;
2009-01-01;0,246200;8211195;
2009-01-02;0,246200;8211195;
2009-01-05;0,254300;8485497;
2009-01-06;0,255900;8537500;
2009-01-07;0,257100;8579736;
2009-01-08;0,252400;8423306;
2009-01-09;0,252100;8412761;
2009-01-12;0,250300;8357388;
2009-01-13;0,246800;8242375;
2009-01-14;0,244800;8178435;
2009-01-15;0,239900;8016242;
2009-01-16;0,239300;7999259;
2009-01-19;0,238500;8015036;
2009-01-20;0,235700;7921243;
2009-01-21;0,231400;7777741;
2009-01-22;0,232700;7822397;
2009-01-23;0,229100;7700595;
2009-01-26;0,232600;7832264;
2009-01-27;0,235400;7920594;
2009-01-28;0,237500;7990141;
2009-01-29;0,237800;8000677;
2009-01-30;0,236300;7949933;
2009-02-02;0,232300;7819531;
2009-02-03;0,233100;7846927;
2009-02-04;0,235800;7939140;
2009-02-05;0,235000;7913001;
2009-02-06;0,239000;8048866;
2009-02-09;0,243400;8197958;
2009-02-10;0,243900;8217987;
2009-02-11;0,240700;8121610;
2009-02-12;0,240100;8100879;
2009-02-13;0,241500;8185974;
2009-02-16;0,241500;8185974;
2009-02-17;0,234800;7967466;
2009-02-18;0,230500;7820650;
2009-02-19;0,232700;7894459;
2009-02-20;0,230200;7803334;
2009-02-23;0,227100;7696047;
2009-02-24;0,223600;7577161;
2009-02-25;0,226200;7666246;
2009-02-26;0,225300;7634600;
2009-02-27;0,223100;7562872;
2009-03-02;0,219400;7439420;
2009-03-03;0,214300;7263900;
2009-03-04;0,214400;7265414;
2009-03-05;0,215300;7289854;
2009-03-06;0,212800;7203558;
2009-03-09;0,211900;7175660;
2009-03-10;0,216600;7318244;
2009-03-11;0,216600;7318244;
2009-03-12;0,219200;7410275;
2009-03-13;0,224200;7580405;
2009-03-16;0,226100;7652778;
2009-03-17;0,227100;7677212;
2009-03-18;0,228700;7728333;
2009-03-19;0,231300;7875492;
2009-03-20;0,231100;7855140;
2009-03-23;0,234500;7972137;
2009-03-24;0,237700;8080622;
2009-03-25;0,239100;8129673;
2009-03-26;0,240900;8187934;
2009-03-27;0,240600;8176716;
2009-03-30;0,235100;7988282;
2009-03-31;0,235200;7993729;
2009-04-01;0,236300;8019782;
2009-04-02;0,243800;8274298;
2009-04-03;0,246700;8373206;
2009-04-06;0,247200;8391408;
2009-04-07;0,245300;8321558;
2009-04-08;0,244700;8302649;
2009-04-09;0,248100;8418060;
2009-04-10;0,249900;8480744;
2009-04-13;0,249900;8480744;
2009-04-14;0,252500;8575689;
2009-04-15;0,252200;8567056;
2009-04-16;0,253400;8616288;
2009-04-17;0,255900;8699235;
2009-04-20;0,254500;8697854;
2009-04-21;0,251200;8584276;
2009-04-22;0,251200;8588043;
2009-04-23;0,252700;8638886;
2009-04-24;0,253400;8662807;
2009-04-27;0,252800;8646251;
2009-04-28;0,250100;8554417;
2009-04-29;0,252700;8642039;
2009-04-30;0,256500;8773048;
2009-05-01;0,256500;8773048;
2009-05-04;0,258100;8828148;
2009-05-05;0,264000;9031518;
2009-05-06;0,266700;9125238;
2009-05-07;0,271300;9280258;
2009-05-08;0,271100;9277082;
2009-05-11;0,270500;9261853;
2009-05-12;0,270700;9269591;
2009-05-13;0,269400;9225268;
2009-05-14;0,264500;9061163;
2009-05-15;0,266800;9143966;
2009-05-18;0,267400;9169993;
2009-05-19;0,274500;9414912;
2009-05-20;0,276200;9503855;
2009-05-21;0,276500;9516772;
2009-05-22;0,273900;9428515;
2009-05-25;0,273300;9410728;
2009-05-26;0,270900;9330880;
2009-05-27;0,274200;9432678;
2009-05-28;0,275800;9490825;
2009-05-29;0,278000;9568192;
2009-06-01;0,280400;9649386;
2009-06-02;0,285000;9804950;
2009-06-03;0,284300;9785502;
2009-06-04;0,281400;9686684;
2009-06-05;0,284300;9776396;
2009-06-08;0,281300;9678147;
2009-06-09;0,282300;9704405;
2009-06-10;0,285500;9819791;
2009-06-11;0,285400;9815663;
2009-06-12;0,285700;9826862;
2009-06-15;0,282300;9712393;
2009-06-16;0,279700;9622788;
2009-06-17;0,275700;9479138;
2009-06-18;0,274100;9420156;
2009-06-19;0,275500;9510888;
2009-06-22;0,274800;9489072;
2009-06-23;0,272100;9397240;
2009-06-24;0,272100;9397240;
2009-06-25;0,272600;9416958;
2009-06-26;0,275000;9499526;
2009-06-29;0,274600;9486263;
2009-06-30;0,277500;9587082;
2009-07-01;0,276500;9555701;
2009-07-02;0,275500;9523134;
2009-07-03;0,272900;9428918;
2009-07-06;0,272900;9428918;
2009-07-07;0,270000;9331596;
2009-07-08;0,266800;9219102;
2009-07-09;0,266200;9201164;
2009-07-10;0,264800;9154628;
2009-07-13;0,262800;9077070;
2009-07-14;0,267800;9251785;
2009-07-15;0,269900;9325663;
2009-07-16;0,272600;9455677;
2009-07-17;0,274500;9563888;
2009-07-20;0,277700;9675819;
2009-07-21;0,280200;9778992;
2009-07-22;0,279500;9755228;
2009-07-23;0,281000;9810323;
2009-07-24;0,284900;9945766;
2009-07-27;0,286900;10028347;
2009-07-28;0,286500;10011584;
2009-07-29;0,284600;9940507;
2009-07-30;0,286400;10002021;
2009-07-31;0,290100;10118389;
2009-08-03;0,293800;10247614;
2009-08-04;0,295400;10305973;
2009-08-05;0,295300;10302554;
2009-08-06;0,295200;10298976;
2009-08-07;0,294100;10261651;
2009-08-10;0,295400;10309445;
2009-08-11;0,294500;10278417;
2009-08-12;0,291600;10178849;
2009-08-13;0,295200;10305732;
2009-08-14;0,296300;10342661;
2009-08-17;0,290700;10193095;
2009-08-18;0,289300;10143244;
2009-08-19;0,289600;10152680;
2009-08-20;0,293100;10277217;
2009-08-21;0,295800;10367324;
2009-08-24;0,300800;10546258;
2009-08-25;0,301600;10577990;
2009-08-26;0,301100;10564945;
2009-08-27;0,299800;10520477;
2009-08-28;0,301300;10572980;
2009-08-31;0,300200;10535393;
2009-09-01;0,299100;10498531;
2009-09-02;0,293800;10315424;
2009-09-03;0,294700;10348519;
2009-09-04;0,296000;10395610;
2009-09-07;0,298500;10483419;
2009-09-08;0,301000;10571781;
2009-09-09;0,303000;10636768;
2009-09-10;0,303800;10673394;
2009-09-11;0,305800;10745801;
2009-09-14;0,304100;10688956;
2009-09-15;0,306200;10765006;
2009-09-16;0,308800;10901297;
2009-09-17;0,310900;10977736;
2009-09-18;0,310800;10975912;
2009-09-21;0,309100;10917238;
2009-09-22;0,310100;10952501;
2009-09-23;0,311800;11014056;
2009-09-24;0,309900;10938470;
2009-09-25;0,306900;10835839;
2009-09-28;0,306900;10834213;
2009-09-29;0,309800;10937402;
2009-09-30;0,309900;10941459;
2009-10-01;0,308800;10921599;
2009-10-02;0,304100;10754182;
2009-10-05;0,303700;10745565;
2009-10-06;0,307200;10862640;
2009-10-07;0,309700;10954278;
2009-10-08;0,311700;11030857;
2009-10-09;0,313800;11106018;
2009-10-12;0,315700;11165610;
2009-10-13;0,315700;11163496;
2009-10-14;0,317400;11224383;
2009-10-15;0,318300;11261410;
2009-10-16;0,317400;11233057;
2009-10-19;0,317800;11290996;
2009-10-20;0,319800;11364750;
2009-10-21;0,318000;11299808;
2009-10-22;0,317200;11271471;
2009-10-23;0,318300;11314141;
2009-10-26;0,317200;11276759;
2009-10-27;0,312500;11108669;
2009-10-28;0,309500;11003961;
2009-10-29;0,307400;10927258;
2009-10-30;0,310800;11050511;
2009-11-02;0,305800;10874132;
2009-11-03;0,306100;10881514;
2009-11-04;0,307100;10919251;
2009-11-05;0,309100;10988202;
2009-11-06;0,309900;11019890;
2009-11-09;0,312300;11111422;
2009-11-10;0,315400;11223105;
2009-11-11;0,316500;11263680;
2009-11-12;0,316900;11276902;
2009-11-13;0,315600;11228000;
2009-11-16;0,318700;11389698;
2009-11-17;0,321000;11456936;
2009-11-18;0,321400;11473267;
2009-11-19;0,319500;11406006;
2009-11-20;0,316500;11294847;
2009-11-23;0,317900;11339638;
2009-11-24;0,317800;11337920;
2009-11-25;0,317200;11313063;
2009-11-26;0,313700;11195266;
2009-11-27;0,310700;11090368;
2009-11-30;0,312900;11171710;
2009-12-01;0,314300;11222682;
2009-12-02;0,316700;11286666;
2009-12-03;0,317700;11320600;
2009-12-04;0,317700;11319526;
2009-12-07;0,317700;11322522;
2009-12-08;0,316800;11298318;
2009-12-09;0,314600;11213645;
2009-12-10;0,315400;11247607;
2009-12-11;0,317500;11332247;
2009-12-14;0,318000;11359638;
2009-12-15;0,319200;11408391;
2009-12-16;0,321500;11494045;
2009-12-17;0,321900;11512946;
2009-12-18;0,321500;11540011;
2009-12-21;0,322500;11586543;
2009-12-22;0,324300;11668987;
2009-12-23;0,325200;11702644;
2009-12-24;0,326200;11744417;
2009-12-25;0,326200;11744417;
2009-12-28;0,326300;11849199;
2009-12-29;0,326700;11880056;
2009-12-30;0,326300;11886711;
2009-12-31;0,326800;11925050;
2010-01-01;0,326800;11925050;
2010-01-04;0,327000;11949305;
2010-01-05;0,330600;12082901;
2010-01-06;0,330100;12063626;
2010-01-07;0,331300;12108904;
2010-01-08;0,331800;12129343;
2010-01-11;0,336700;12308406;
2010-01-12;0,334200;12220481;
2010-01-13;0,333100;12192183;
2010-01-14;0,335400;12282480;
2010-01-15;0,335100;12314685;
2010-01-18;0,335700;12339774;
2010-01-19;0,336100;12354780;
2010-01-20;0,337400;12403102;
2010-01-21;0,336400;12365293;
2010-01-22;0,330900;12164559;
2010-01-25;0,328100;12068904;
2010-01-26;0,326200;11996525;
2010-01-27;0,325600;11973101;
2010-01-28;0,327800;12054489;
2010-01-29;0,326300;11999990;
2010-02-01;0,326900;12022063;
2010-02-02;0,330700;12159232;
2010-02-03;0,332600;12232083;
2010-02-04;0,327900;12058406;
2010-02-05;0,321500;11588405;
2010-02-08;0,320900;11568137;
2010-02-09;0,321900;11603478;
2010-02-10;0,323400;11660633;
2010-02-11;0,322900;11639355;
2010-02-12;0,323400;11658285;
2010-02-15;0,323400;11658285;
2010-02-16;0,323400;11658285;
2010-02-17;0,331500;11955946;
2010-02-18;0,330100;11905806;
2010-02-19;0,332100;11997349;
2010-02-22;0,334800;12098655;
2010-02-23;0,332000;12031973;
2010-02-24;0,330600;11980290;
2010-02-25;0,329100;11927809;
2010-02-26;0,330900;11995122;
2010-03-01;0,333300;12085012;
2010-03-02;0,336600;12203210;
2010-03-03;0,339000;12291679;
2010-03-04;0,338500;12297657;
2010-03-05;0,341100;12393971;
2010-03-08;0,343500;12482620;
2010-03-09;0,342500;12447903;
2010-03-10;0,343900;12500258;
2010-03-11;0,343900;12500258;
2010-03-12;0,343900;12500258;
2010-03-15;0,345500;12562307;
2010-03-16;0,344100;12514971;
2010-03-17;0,347900;12722636;
2010-03-18;0,347000;12690397;
2010-03-19;0,348100;12731691;
2010-03-22;0,347300;12702567;
2010-03-23;0,349000;12767834;
2010-03-24;0,349600;12791458;
2010-03-25;0,351700;12868916;
2010-03-26;0,353300;12930082;
2010-03-29;0,353800;12949038;
2010-03-30;0,354300;12956110;
2010-03-31;0,353100;12913224;
2010-04-01;0,357500;13078126;
2010-04-02;0,357000;13061851;
2010-04-05;0,357000;13061851;
2010-04-06;0,359000;13133901;
2010-04-07;0,360700;13199314;
2010-04-08;0,359600;13143283;
2010-04-09;0,362500;13256651;
2010-04-12;0,362700;13270010;
2010-04-13;0,359800;13164790;
2010-04-14;0,362100;13247776;
2010-04-15;0,363400;13341534;
2010-04-16;0,361300;13269420;
2010-04-19;0,358100;13152199;
2010-04-20;0,360800;13255599;
2010-04-21;0,361600;13284923;
2010-04-22;0,359300;13199640;
2010-04-23;0,361900;13297521;
2010-04-26;0,365600;13436034;
2010-04-27;0,361200;13276547;
2010-04-28;0,357200;13129630;
2010-04-29;0,360000;13226136;
2010-04-30;0,360400;13241152;
2010-05-03;0,358700;13183410;
2010-05-04;0,355500;13063883;
2010-05-05;0,349600;12846190;
2010-05-06;0,348000;12781326;
2010-05-07;0,342400;12563356;
2010-05-10;0,348600;12796114;
2010-05-11;0,348300;12779590;
2010-05-12;0,355800;13057881;
2010-05-13;0,356100;13068639;
2010-05-14;0,354100;12995275;
2010-05-17;0,351400;12937320;
2010-05-18;0,355000;13070031;
2010-05-19;0,348200;12819177;
2010-05-20;0,340200;12526030;
2010-05-21;0,334100;12304541;
2010-05-24;0,332400;12236840;
2010-05-25;0,328900;12111532;
2010-05-26;0,336000;12371358;
2010-05-27;0,342200;12602245;
2010-05-28;0,345700;12726156;
2010-05-31;0,345100;12707642;
2010-06-01;0,342900;12629299;
2010-06-02;0,344300;12678244;
2010-06-03;0,348100;12818246;
2010-06-04;0,343500;12654189;
2010-06-07;0,340700;12547359;
2010-06-08;0,340600;12543339;
2010-06-09;0,341500;12574134;
2010-06-10;0,345300;12719385;
2010-06-11;0,346300;12759537;
2010-06-14;0,348100;12827500;
2010-06-15;0,349500;12877584;
2010-06-16;0,350900;12930804;
2010-06-17;0,349500;12883094;
2010-06-18;0,349900;12894894;
2010-06-21;0,353100;13016246;
2010-06-22;0,351100;12900847;
2010-06-23;0,351700;12963309;
2010-06-24;0,351700;12963309;
2010-06-25;0,351700;12963309;
2010-06-28;0,344200;12689767;
2010-06-29;0,338700;12488854;
2010-06-30;0,336700;12416070;
2010-07-01;0,333500;12300951;
2010-07-02;0,332900;12275802;
2010-07-05;0,332900;12275802;
2010-07-06;0,332900;12275802;
2010-07-07;0,333500;12304862;
2010-07-08;0,337500;12450479;
2010-07-09;0,337700;12459259;
2010-07-12;0,338900;12510915;
2010-07-13;0,342300;12635452;
2010-07-14;0,343100;12670687;
2010-07-15;0,341800;12624590;
2010-07-16;0,337500;12463901;
2010-07-19;0,334100;12341790;
2010-07-20;0,333600;12323976;
2010-07-21;0,335800;12449917;
2010-07-22;0,339800;12597936;
2010-07-23;0,342900;12711497;
2010-07-26;0,344200;12760622;
2010-07-27;0,345700;12815433;
2010-07-28;0,344200;12763877;
2010-07-29;0,344600;12784741;
2010-07-30;0,342600;12693202;
2010-08-02;0,345900;12815465;
2010-08-03;0,347400;12874591;
2010-08-04;0,347700;12885889;
2010-08-05;0,347500;12881474;
2010-08-06;0,347100;12869427;
2010-08-09;0,346900;12861380;
2010-08-10;0,345300;12803034;
2010-08-11;0,342500;12697894;
2010-08-12;0,341500;12662062;
2010-08-13;0,343500;12734007;
2010-08-16;0,343200;12733516;
2010-08-17;0,346400;12850090;
2010-08-18;0,347100;12877127;
2010-08-19;0,346900;12863586;
2010-08-20;0,344600;12777360;
2010-08-23;0,345000;12792421;
2010-08-24;0,342000;12681294;
2010-08-25;0,340100;12606173;
2010-08-26;0,341800;12711251;
2010-08-27;0,341800;12716453;
2010-08-30;0,343100;12766692;
2010-08-31;0,341100;12692640;
2010-09-01;0,344900;12836832;
2010-09-02;0,348000;12955030;
2010-09-03;0,349600;13016358;
2010-09-06;0,350000;13029116;
2010-09-07;0,347900;12952877;
2010-09-08;0,350400;13045895;
2010-09-09;0,353500;13153702;
2010-09-10;0,354200;13183381;
2010-09-13;0,355400;13231624;
2010-09-14;0,354300;13192906;
2010-09-15;0,353500;13165311;
2010-09-16;0,351200;13080157;
2010-09-17;0,350600;13099093;
2010-09-20;0,350000;13081736;
2010-09-21;0,352200;13161313;
2010-09-22;0,351400;13133613;
2010-09-23;0,347500;12982072;
2010-09-24;0,348700;13026402;
2010-09-27;0,350500;13096527;
2010-09-28;0,348900;13035503;
2010-09-29;0,349300;13048829;
2010-09-30;0,348100;13006301;
2010-10-01;0,348600;13043930;
2010-10-04;0,347900;13016781;
2010-10-05;0,348200;13029977;
2010-10-06;0,351000;13132823;
2010-10-07;0,349500;13069221;
2010-10-08;0,347300;12988724;
2010-10-11;0,349500;13065439;
2010-10-12;0,348600;13033079;
2010-10-13;0,351800;13157390;
2010-10-14;0,351000;13167476;
2010-10-15;0,350200;13140612;
2010-10-18;0,350900;13174996;
2010-10-19;0,351200;13184888;
2010-10-20;0,350100;13145253;
2010-10-21;0,352300;13230148;
2010-10-22;0,351500;13200936;
2010-10-25;0,353600;13286862;
2010-10-26;0,351300;13206932;
2010-10-27;0,352500;13249854;
2010-10-28;0,353200;13273805;
2010-10-29;0,352600;13254930;
2010-11-01;0,352600;13254930;
2010-11-02;0,353900;13306064;
2010-11-03;0,354700;13333754;
2010-11-04;0,357100;13425235;
2010-11-05;0,358400;13474613;
2010-11-08;0,358800;13498167;
2010-11-09;0,361800;13611860;
2010-11-10;0,362900;13655337;
2010-11-11;0,362300;13634542;
2010-11-12;0,360500;13580111;
2010-11-15;0,361300;13628624;
2010-11-16;0,357900;13505236;
2010-11-17;0,356200;13441451;
2010-11-18;0,360400;13603051;
2010-11-19;0,360100;13598852;
2010-11-22;0,359400;13576016;
2010-11-23;0,356200;13456053;
2010-11-24;0,359000;13568140;
2010-11-25;0,362800;13713589;
2010-11-26;0,363000;13723596;
2010-11-29;0,362500;13705223;
2010-11-30;0,360800;13607154;
2010-12-01;0,367600;13867286;
2010-12-02;0,371900;14032910;
2010-12-03;0,373200;14081041;
2010-12-06;0,373600;14095154;
2010-12-07;0,374400;14126453;
2010-12-08;0,374200;14161103;
2010-12-09;0,376000;14231317;
2010-12-10;0,374900;14195776;
2010-12-13;0,376500;14262938;
2010-12-14;0,377600;14308621;
2010-12-15;0,374600;14204623;
2010-12-16;0,375700;14302075;
2010-12-17;0,377000;14359004;
2010-12-20;0,376800;14341867;
2010-12-21;0,380300;14479213;
2010-12-22;0,382200;14558381;
2010-12-23;0,383500;14630695;
2010-12-24;0,383500;14630695;
2010-12-27;0,382700;14624166;
2010-12-28;0,383200;14634842;
2010-12-29;0,382900;14767539;
2010-12-30;0,383800;14842130;
2010-12-31;0,382700;14829961;
2011-01-03;0,382600;14815087;
2011-01-04;0,385100;14900283;
2011-01-05;0,383700;14845624;
2011-01-06;0,385400;14906713;
2011-01-07;0,387300;14974472;
2011-01-10;0,386600;14955973;
2011-01-11;0,391700;15153162;
2011-01-12;0,395100;15326628;
2011-01-13;0,395000;15325973;
2011-01-14;0,391700;15194797;
2011-01-17;0,388800;15086803;
2011-01-18;0,391100;15161952;
2011-01-19;0,390800;15145334;
2011-01-20;0,383800;14877649;
2011-01-21;0,384100;14877301;
2011-01-24;0,380200;14725832;
2011-01-25;0,380000;14720030;
2011-01-26;0,379900;14710777;
2011-01-27;0,381600;14778074;
2011-01-28;0,379200;14684567;
2011-01-31;0,375100;14522737;
2011-02-01;0,380000;14713034;
2011-02-02;0,380900;14743484;
2011-02-03;0,379700;14698355;
2011-02-04;0,380200;14718045;
2011-02-07;0,384300;14861114;
2011-02-08;0,384400;14862152;
2011-02-09;0,383000;14803975;
2011-02-10;0,380200;14702458;
2011-02-11;0,379800;14687745;
2011-02-14;0,383300;14813705;
2011-02-15;0,384100;14849164;
2011-02-16;0,384100;14849164;
2011-02-17;0,385900;14963554;
2011-02-18;0,385400;14945150;
2011-02-21;0,384300;14901939;
2011-02-22;0,379700;14723040;
2011-02-23;0,378600;14674858;
2011-02-24;0,373900;14490285;
2011-02-25;0,376000;14582178;
2011-02-28;0,377800;14656891;
2011-03-01;0,379200;14707878;
2011-03-02;0,376600;14591640;
2011-03-03;0,379600;14705122;
2011-03-04;0,379600;14712802;
2011-03-07;0,377300;14621392;
2011-03-08;0,376500;14592225;
2011-03-09;0,377400;14625461;
2011-03-10;0,373900;14489057;
2011-03-11;0,373900;14489057;
2011-03-14;0,370700;14365175;
2011-03-15;0,366400;14193546;
2011-03-16;0,364900;14176500;
2011-03-17;0,364600;14159534;
2011-03-18;0,366100;14222241;
2011-03-21;0,368200;14302707;
2011-03-22;0,368800;14324416;
2011-03-23;0,368200;14298683;
2011-03-24;0,371100;14411458;
2011-03-25;0,375100;14561806;
2011-03-28;0,374000;14517066;
2011-03-29;0,374600;14535243;
2011-03-30;0,376200;14595540;
2011-03-31;0,378000;14663353;
2011-04-01;0,378700;14636211;
2011-04-04;0,379900;14683317;
2011-04-05;0,379500;14671286;
2011-04-06;0,381100;14735265;
2011-04-07;0,379900;14693275;
2011-04-08;0,379500;14675564;
2011-04-11;0,377800;14601602;
2011-04-12;0,374300;14511593;
2011-04-13;0,374300;14511244;
2011-04-14;0,372200;14431866;
2011-04-15;0,372800;14458818;
2011-04-18;0,370300;14358844;
2011-04-19;0,371000;14380482;
2011-04-20;0,376400;14591747;
2011-04-21;0,377000;14615941;
2011-04-22;0,374900;14529411;
2011-04-25;0,374900;14529411;
2011-04-26;0,375800;14515494;
2011-04-27;0,376400;14533714;
2011-04-28;0,375400;14497497;
2011-04-29;0,373700;14431571;
2011-05-02;0,374200;14450909;
2011-05-03;0,373600;14429958;
2011-05-04;0,370900;14325965;
2011-05-05;0,368000;14204882;
2011-05-06;0,368100;14211746;
2011-05-09;0,372500;14376774;
2011-05-10;0,376200;14508859;
2011-05-11;0,378400;14591511;
2011-05-12;0,374300;14430341;
2011-05-13;0,376600;14563938;
2011-05-16;0,374200;14409917;
2011-05-17;0,373900;14398407;
2011-05-18;0,373800;14394435;
2011-05-19;0,374400;14418049;
2011-05-20;0,373400;14382268;
2011-05-23;0,369500;14232367;
2011-05-24;0,372800;14359887;
2011-05-25;0,372000;14331819;
2011-05-26;0,374000;14412470;
2011-05-27;0,374600;14431953;
2011-05-30;0,374100;14416260;
2011-05-31;0,376100;14496116;
2011-06-01;0,375500;14473633;
2011-06-02;0,373400;14389762;
2011-06-03;0,371300;14310846;
2011-06-06;0,369100;14228371;
2011-06-07;0,366500;14128621;
2011-06-08;0,365100;14073175;
2011-06-09;0,364500;14053207;
2011-06-10;0,364800;14067169;
2011-06-13;0,365700;14100695;
2011-06-14;0,368000;14194030;
2011-06-15;0,367000;14196652;
2011-06-16;0,364500;14103773;
2011-06-17;0,366200;14165621;
2011-06-20;0,364400;14099857;
2011-06-21;0,365700;14149792;
2011-06-22;0,365800;14151051;
2011-06-23;0,363400;14060174;
2011-06-24;0,363400;14060174;
2011-06-27;0,362900;14037461;
2011-06-28;0,366200;14165230;
2011-06-29;0,367700;14223692;
2011-06-30;0,368700;14263890;
2011-07-01;0,370000;14313119;
2011-07-04;0,371700;14382257;
2011-07-05;0,372100;14397722;
2011-07-06;0,372100;14397722;
2011-07-07;0,374600;14487468;
2011-07-08;0,375800;14533822;
2011-07-11;0,372900;14428676;
2011-07-12;0,370900;14349951;
2011-07-13;0,374200;14463033;
2011-07-14;0,374000;14455900;
2011-07-15;0,370000;14345849;
2011-07-18;0,369000;14292164;
2011-07-19;0,369400;14296380;
2011-07-20;0,370900;14357254;
2011-07-21;0,371100;14361159;
2011-07-22;0,372100;14401781;
2011-07-25;0,370900;14355721;
2011-07-26;0,371000;14372072;
2011-07-27;0,367800;14251193;
2011-07-28;0,366500;14194731;
2011-07-29;0,366600;14196846;
2011-08-01;0,368800;14285829;
2011-08-02;0,363900;14093437;
2011-08-03;0,360600;13964939;
2011-08-04;0,355700;13771554;
2011-08-05;0,344000;13316004;
2011-08-08;0,337700;13037135;
2011-08-09;0,326300;12557956;
2011-08-10;0,327900;12607498;
2011-08-11;0,323600;12487684;
2011-08-12;0,333200;12886873;
2011-08-15;0,333200;12886873;
2011-08-16;0,336400;13017143;
2011-08-17;0,336100;13007924;
2011-08-18;0,330700;12798995;
2011-08-19;0,322600;12477210;
2011-08-22;0,323000;12473083;
2011-08-23;0,323200;12477896;
2011-08-24;0,326100;12577775;
2011-08-25;0,326500;12592220;
2011-08-26;0,324500;12514694;
2011-08-29;0,327200;12622104;
2011-08-30;0,331500;12785744;
2011-08-31;0,336300;12971969;
2011-09-01;0,338800;13067907;
2011-09-02;0,335900;12927001;
2011-09-05;0,331100;12742031;
2011-09-06;0,329600;12656864;
2011-09-07;0,334000;12818870;
2011-09-08;0,337300;12943271;
2011-09-09;0,333100;12774151;
2011-09-12;0,329100;12616459;
2011-09-13;0,333200;12773843;
2011-09-14;0,332000;12768905;
2011-09-15;0,335800;12910947;
2011-09-16;0,336900;12945025;
2011-09-19;0,332000;12752025;
2011-09-20;0,333600;12816046;
2011-09-21;0,333400;12810350;
2011-09-22;0,322200;12378750;
2011-09-23;0,316600;12150436;
2011-09-26;0,317700;12195584;
2011-09-27;0,325400;12484713;
2011-09-28;0,324800;12466073;
2011-09-29;0,323700;12419353;
2011-09-30;0,319500;12259700;
2011-10-03;0,315800;12119298;
2011-10-04;0,312600;11996354;
2011-10-05;0,316500;12133770;
2011-10-06;0,320300;12277917;
2011-10-07;0,323900;12413416;
2011-10-10;0,325600;12478383;
2011-10-11;0,327700;12559539;
2011-10-12;0,329500;12628606;
2011-10-13;0,329500;12628793;
2011-10-14;0,329900;12685773;
2011-10-17;0,330400;12706840;
2011-10-18;0,326500;12553501;
2011-10-19;0,329000;12638837;
2011-10-20;0,325900;12520704;
2011-10-21;0,328600;12620402;
2011-10-24;0,332600;12753898;
2011-10-25;0,331600;12720901;
2011-10-26;0,332300;12743095;
2011-10-27;0,338300;12975913;
2011-10-28;0,340100;13041976;
2011-10-31;0,340100;13041976;
2011-11-01;0,340100;13041976;
2011-11-02;0,330600;12677619;
2011-11-03;0,336500;12904615;
2011-11-04;0,338400;12979018;
2011-11-07;0,337800;12960308;
2011-11-08;0,339300;12945738;
2011-11-09;0,336200;12825014;
2011-11-10;0,332900;12679421;
2011-11-11;0,337700;12868726;
2011-11-14;0,337500;12850691;
2011-11-15;0,335000;12793711;
2011-11-16;0,335600;12816659;
2011-11-17;0,335300;12775508;
2011-11-18;0,332300;12651751;
2011-11-21;0,326100;12407378;
2011-11-22;0,324500;12343177;
2011-11-23;0,320800;12198550;
2011-11-24;0,319700;12131891;
2011-11-25;0,319900;12131853;
2011-11-28;0,325100;12324400;
2011-11-29;0,327300;12390312;
2011-11-30;0,332600;12579179;
2011-12-01;0,337100;12724883;
2011-12-02;0,336600;12656797;
2011-12-05;0,337800;12701826;
2011-12-06;0,336500;12647105;
2011-12-07;0,337200;12664926;
2011-12-08;0,334600;12560546;
2011-12-09;0,333000;12494881;
2011-12-12;0,331600;12445272;
2011-12-13;0,330500;12389541;
2011-12-14;0,329400;12389417;
2011-12-15;0,330700;12413266;
2011-12-16;0,330600;12411046;
2011-12-19;0,329500;12369473;
2011-12-20;0,331500;12440643;
2011-12-21;0,333500;12490842;
2011-12-22;0,333500;12492004;
2011-12-23;0,336200;12594281;
2011-12-26;0,336200;12594281;
2011-12-27;0,336300;12607192;
2011-12-28;0,335000;12554910;
2011-12-29;0,334900;12636504;
2011-12-30;0,337700;12727931;
2012-01-02;0,338300;12754267;
2012-01-03;0,340900;12847595;
2012-01-04;0,341300;12853097;
2012-01-05;0,339300;12763085;
2012-01-06;0,340300;12791066;
2012-01-09;0,343100;12886581;
2012-01-10;0,347300;13045796;
2012-01-11;0,347500;13053315;
2012-01-12;0,349000;13104567;
2012-01-13;0,349700;13172829;
2012-01-16;0,347600;13096163;
2012-01-17;0,352600;13285430;
2012-01-18;0,353800;13327291;
2012-01-19;0,355600;13393531;
2012-01-20;0,356200;13415688;
2012-01-23;0,355900;13400895;
2012-01-24;0,356700;13428928;
2012-01-25;0,356100;13404472;
2012-01-26;0,359700;13538289;
2012-01-27;0,358800;13494872;
2012-01-30;0,357000;13428800;
2012-01-31;0,357400;13440944;
2012-02-01;0,360500;13556458;
2012-02-02;0,364000;13670913;
2012-02-03;0,365300;13719123;
2012-02-06;0,367000;13770334;
2012-02-07;0,368000;13808154;
2012-02-08;0,368500;13826446;
2012-02-09;0,366400;13749691;
2012-02-10;0,363800;13646117;
2012-02-13;0,365800;13724326;
2012-02-14;0,366100;13725482;
2012-02-15;0,369200;13876342;
2012-02-16;0,369200;13876342;
2012-02-17;0,370700;13933579;
2012-02-20;0,372500;14001041;
2012-02-21;0,371200;13947916;
2012-02-22;0,370000;13905342;
2012-02-23;0,369200;13877189;
2012-02-24;0,370800;13921784;
2012-02-27;0,368400;13827026;
2012-02-28;0,368600;13821293;
2012-02-29;0,370500;13893708;
2012-03-01;0,370500;13893798;
2012-03-02;0,373000;13966649;
2012-03-05;0,372400;13944602;
2012-03-06;0,368100;13782985;
2012-03-07;0,367200;13749674;
2012-03-08;0,370900;13867781;
2012-03-09;0,372200;13915658;
2012-03-12;0,371800;13899043;
2012-03-13;0,375300;14033425;
2012-03-14;0,377200;14175813;
2012-03-15;0,379100;14249071;
2012-03-16;0,378900;14245215;
2012-03-19;0,378700;14237410;
2012-03-20;0,376500;14152410;
2012-03-21;0,373200;14026359;
2012-03-22;0,370800;13938839;
2012-03-23;0,370900;13938947;
2012-03-26;0,373400;14031087;
2012-03-27;0,374900;14096104;
2012-03-28;0,372000;13988047;
2012-03-29;0,368900;13844760;
2012-03-30;0,369700;13869782;
2012-04-02;0,370500;13872576;
2012-04-03;0,372800;13958130;
2012-04-04;0,369400;13823893;
2012-04-05;0,369600;13795743;
2012-04-06;0,370100;13814656;
2012-04-09;0,370100;13814656;
2012-04-10;0,367800;13731337;
2012-04-11;0,366000;13662116;
2012-04-12;0,367100;13741015;
2012-04-13;0,367800;13756172;
2012-04-16;0,366300;13705486;
2012-04-17;0,369200;13814154;
2012-04-18;0,368400;13757294;
2012-04-19;0,368000;13740836;
2012-04-20;0,367500;13723390;
2012-04-23;0,363600;13579430;
2012-04-24;0,363100;13546228;
2012-04-25;0,365200;13627786;
2012-04-26;0,365500;13631599;
2012-04-27;0,366800;13678556;
2012-04-30;0,368300;13727583;
2012-05-01;0,368300;13727583;
2012-05-02;0,367400;13698353;
2012-05-03;0,367500;13696078;
2012-05-04;0,365100;13607096;
2012-05-07;0,363500;13545716;
2012-05-08;0,362800;13517778;
2012-05-09;0,359800;13371138;
2012-05-10;0,361000;13420257;
2012-05-11;0,360400;13394972;
2012-05-14;0,356900;13263019;
2012-05-15;0,355100;13240692;
2012-05-16;0,353300;13174035;
2012-05-17;0,354400;13196617;
2012-05-18;0,349100;12953958;
2012-05-21;0,350200;12995489;
2012-05-22;0,351300;13038819;
2012-05-23;0,347900;12908236;
2012-05-24;0,349300;12955091;
2012-05-25;0,351100;13024259;
2012-05-28;0,351900;13056268;
2012-05-29;0,353700;13120833;
2012-05-30;0,352400;13053036;
2012-05-31;0,351300;12999368;
2012-06-01;0,348600;12896726;
2012-06-04;0,347900;12894605;
2012-06-05;0,347700;12890482;
2012-06-06;0,349500;12952512;
2012-06-07;0,353800;13108323;
2012-06-08;0,351800;13031684;
2012-06-11;0,353600;13147988;
2012-06-12;0,351600;13071317;
2012-06-13;0,353600;13149317;
2012-06-14;0,353200;13113240;
2012-06-15;0,354400;13154778;
2012-06-18;0,355400;13187591;
2012-06-19;0,357200;13255152;
2012-06-20;0,359400;13339521;
2012-06-21;0,356800;13199044;
2012-06-22;0,354100;13089548;
2012-06-25;0,352700;13037033;
2012-06-26;0,353400;13060239;
2012-06-27;0,355300;13120500;
2012-06-28;0,355100;13110884;
2012-06-29;0,360200;13276670;
2012-07-02;0,362300;13345668;
2012-07-03;0,365800;13476902;
2012-07-04;0,367100;13525559;
2012-07-05;0,367000;13508096;
2012-07-06;0,367000;13508096;
2012-07-09;0,364000;13398077;
2012-07-10;0,368500;13560970;
2012-07-11;0,367500;13519045;
2012-07-12;0,365700;13444115;
2012-07-13;0,368700;13593765;
2012-07-16;0,370300;13655591;
2012-07-17;0,370700;13662124;
2012-07-18;0,370100;13633413;
2012-07-19;0,373000;13741019;
2012-07-20;0,372500;13716981;
2012-07-23;0,366800;13505193;
2012-07-24;0,367700;13504037;
2012-07-25;0,367100;13466756;
2012-07-26;0,370600;13595974;
2012-07-27;0,373800;13714226;
2012-07-30;0,374800;13752845;
2012-07-31;0,375500;13758968;
2012-08-01;0,375000;13726928;
2012-08-02;0,372800;13640340;
2012-08-03;0,376800;13787240;
2012-08-06;0,380400;13919553;
2012-08-07;0,379500;13879207;
2012-08-08;0,379400;13864318;
2012-08-09;0,381000;13830081;
2012-08-10;0,380800;13816316;
2012-08-13;0,382400;13875879;
2012-08-14;0,382600;13929853;
2012-08-15;0,382600;13929853;
2012-08-16;0,382000;13899104;
2012-08-17;0,384500;13988353;
2012-08-20;0,382100;13879207;
2012-08-21;0,383500;13918190;
2012-08-22;0,381600;13849741;
2012-08-23;0,379900;13777219;
2012-08-24;0,377700;13693823;
2012-08-27;0,378000;13708332;
2012-08-28;0,377800;13603699;
2012-08-29;0,377700;13566734;
2012-08-30;0,374700;13462341;
2012-08-31;0,375400;13484382;
2012-09-03;0,377000;13536361;
2012-09-04;0,375700;13485530;
2012-09-05;0,374100;13429731;
2012-09-06;0,378400;13586091;
2012-09-07;0,381500;13693177;
2012-09-10;0,381700;13705767;
2012-09-11;0,379800;13633569;
2012-09-12;0,380900;13716642;
2012-09-13;0,380200;13690114;
2012-09-14;0,386000;13898777;
2012-09-17;0,384100;13845433;
2012-09-18;0,381200;13741313;
2012-09-19;0,380900;13719446;
2012-09-20;0,379800;13676152;
2012-09-21;0,383200;13800211;
2012-09-24;0,382000;13757105;
2012-09-25;0,382700;13780846;
2012-09-26;0,379900;13678963;
2012-09-27;0,381100;13720406;
2012-09-28;0,380800;13711348;
2012-10-01;0,382600;13782132;
2012-10-02;0,384700;13859356;
2012-10-03;0,383800;13824306;
2012-10-04;0,383900;13831558;
2012-10-05;0,385000;13888047;
2012-10-08;0,382600;13802315;
2012-10-09;0,381400;13759040;
2012-10-10;0,379700;13697608;
2012-10-11;0,382100;13782997;
2012-10-12;0,381800;13819453;
2012-10-15;0,380900;13788624;
2012-10-16;0,383600;13882539;
2012-10-17;0,384000;13886519;
2012-10-18;0,382700;13826780;
2012-10-19;0,380900;13754157;
2012-10-22;0,380500;13712975;
2012-10-23;0,376800;13576879;
2012-10-24;0,376600;13571410;
2012-10-25;0,378000;13627095;
2012-10-26;0,376300;13555877;
2012-10-29;0,376400;13559890;
2012-10-30;0,377000;13582497;
2012-10-31;0,377300;13593470;
2012-11-01;0,377300;13593470;
2012-11-02;0,379100;13618603;
2012-11-05;0,380400;13667281;
2012-11-06;0,383600;13776872;
2012-11-07;0,381700;13704962;
2012-11-08;0,378100;13573705;
2012-11-09;0,378200;13616668;
2012-11-12;0,378200;13606882;
2012-11-13;0,377700;13583578;
2012-11-14;0,377200;13559974;
2012-11-15;0,374800;13476723;
2012-11-16;0,373800;13446091;
2012-11-19;0,374000;13454363;
2012-11-20;0,375000;13487804;
2012-11-21;0,375700;13488248;
2012-11-22;0,376300;13493849;
2012-11-23;0,377000;13510255;
2012-11-26;0,376400;13494309;
2012-11-27;0,376200;13484968;
2012-11-28;0,374900;13434380;
2012-11-29;0,378900;13552489;
2012-11-30;0,379400;13571776;
2012-12-03;0,378800;13538589;
2012-12-04;0,378000;13517594;
2012-12-05;0,378800;13532080;
2012-12-06;0,379000;13540812;
2012-12-07;0,381000;13608791;
2012-12-10;0,383400;13680015;
2012-12-11;0,385900;13768577;
2012-12-12;0,386300;13789051;
2012-12-13;0,385200;13752123;
2012-12-14;0,383300;13704360;
2012-12-17;0,382800;13664954;
2012-12-18;0,383900;13708363;
2012-12-19;0,385300;13765644;
2012-12-20;0,384600;13754490;
2012-12-21;0,383400;13721822;
2012-12-24;0,383400;13721822;
2012-12-25;0,383400;13721822;
2012-12-26;0,383400;13721822;
2012-12-27;0,384600;13778307;
2012-12-28;0,382800;13734953;
2012-12-31;0,382900;13747560;28,962000;
2013-01-01;0,382900;13747560;28,962000;
2013-01-02;0,388700;13947278;29,338200;
2013-01-03;0,389900;13984952;29,483600;
2013-01-04;0,392700;14086999;29,682300;
2013-01-07;0,394200;14134432;29,773000;
2013-01-08;0,394100;14133773;29,714400;
2013-01-09;0,394200;14129914;29,709000;
2013-01-10;0,395800;14190222;29,849200;
2013-01-11;0,395300;14169938;29,798900;
2013-01-14;0,392800;14080248;29,596600;
2013-01-15;0,390400;14002194;29,415500;
2013-01-16;0,391200;14032376;29,474400;
2013-01-17;0,394200;14139592;29,641600;
2013-01-18;0,395000;14168037;29,760600;
2013-01-21;0,393600;14120995;29,582800;
2013-01-22;0,393700;14067171;29,688400;
2013-01-23;0,394100;14078714;29,652500;
2013-01-24;0,395700;14133318;29,722900;
2013-01-25;0,395400;14121913;29,727500;
2013-01-28;0,392800;14030233;29,493300;
2013-01-29;0,393200;14042591;29,548200;
2013-01-30;0,392700;14027704;29,487300;
2013-01-31;0,391200;13960625;29,375600;
2013-02-01;0,392200;13996015;29,428100;
2013-02-04;0,389900;13954349;29,249600;
2013-02-05;0,389700;13948561;29,201500;
2013-02-06;0,392400;14042879;29,408800;
2013-02-07;0,390800;13981341;29,253200;
2013-02-08;0,391600;14004141;29,337000;
2013-02-11;0,394100;14097346;29,518800;
2013-02-12;0,393700;14084165;29,507500;
2013-02-13;0,394600;14114855;29,587100;
2013-02-14;0,393100;14056494;29,478000;
2013-02-15;0,394900;14150261;29,523700;
2013-02-18;0,395100;14156686;29,565500;
2013-02-19;0,396300;14197144;29,652300;
2013-02-20;0,396100;14189962;29,637800;
2013-02-21;0,391100;14011594;29,341500;
2013-02-22;0,393800;14109138;29,520600;
2013-02-25;0,395200;14162916;29,571100;
2013-02-26;0,392200;14051062;29,423300;
2013-02-27;0,396300;14196678;29,748300;
2013-02-28;0,398000;14253675;29,846800;
2013-03-01;0,397100;14219701;29,842800;
2013-03-04;0,397600;14235998;29,817000;
2013-03-05;0,401600;14370546;30,073200;
2013-03-06;0,403200;14399120;30,219600;
2013-03-07;0,403400;14397886;30,190900;
2013-03-08;0,405400;14463764;30,396900;
2013-03-11;0,405400;14463764;30,396900;
2013-03-12;0,404100;14414629;30,257900;
2013-03-13;0,404500;14424862;30,281800;
2013-03-14;0,404700;14432435;30,254800;
2013-03-15;0,406000;14554313;30,402800;
2013-03-18;0,402300;14420543;30,063000;
2013-03-19;0,402600;14427343;30,134700;
2013-03-20;0,402600;14428164;30,127900;
2013-03-21;0,402700;14431326;30,126000;
2013-03-22;0,400300;14342441;29,987700;
2013-03-25;0,401100;14374706;30,040900;
2013-03-26;0,399200;14296432;29,989100;
2013-03-27;0,402100;14393028;30,258800;
2013-03-28;0,404100;14462124;30,331700;
2013-03-29;0,404500;14478187;30,370200;
2013-04-01;0,404500;14478187;30,370200;
2013-04-02;0,404000;14459481;30,283700;
2013-04-03;0,401800;14383856;30,146600;
2013-04-04;0,402900;14422218;30,171800;
2013-04-05;0,399200;14292599;30,002500;
2013-04-08;0,398800;14277321;29,938600;
2013-04-09;0,397600;14232145;29,935200;
2013-04-10;0,400400;14371160;30,090400;
2013-04-11;0,401000;14392902;30,159300;
2013-04-12;0,400600;14375527;30,138900;
2013-04-15;0,396400;14230524;29,710000;
2013-04-16;0,395100;14179365;29,766200;
2013-04-17;0,394100;14145074;29,584400;
2013-04-18;0,390800;14011009;29,248300;
2013-04-19;0,393200;14095299;29,587900;
2013-04-22;0,394100;14127464;29,638700;
2013-04-23;0,395400;14177100;29,662000;
2013-04-24;0,398500;14278935;29,933700;
2013-04-25;0,401600;14421913;30,156900;
2013-04-26;0,400600;14386619;30,096600;
2013-04-29;0,401900;14439768;30,237200;
2013-04-30;0,402800;14459995;30,392900;
2013-05-01;0,402800;14459995;30,392900;
2013-05-02;0,403800;14495285;30,359100;
2013-05-03;0,404500;14526673;30,400500;
2013-05-06;0,406500;14597958;30,596100;
2013-05-07;0,408200;14658710;30,723600;
2013-05-08;0,410300;14732598;30,897900;
2013-05-09;0,409800;14709203;30,849100;
2013-05-10;0,410000;14714508;30,765100;
2013-05-13;0,410900;14789563;30,846800;
2013-05-14;0,412900;14861213;31,034500;
2013-05-15;0,413600;14889859;31,081900;
2013-05-16;0,415500;14957225;31,169300;
2013-05-17;0,416900;15010453;31,330500;
2013-05-20;0,417200;15004934;31,347200;
2013-05-21;0,418200;15038693;31,450200;
2013-05-22;0,418900;15068372;31,417700;
2013-05-23;0,412100;14818754;30,998800;
2013-05-24;0,412000;14818949;31,046700;
2013-05-27;0,410300;14748914;30,937000;
2013-05-28;0,413700;14872034;31,069500;
2013-05-29;0,410300;14750216;30,910400;
2013-05-30;0,409100;14707323;30,770900;
2013-05-31;0,405100;14565352;30,492200;
2013-06-03;0,400500;14388642;30,204100;
2013-06-04;0,402900;14473691;30,302000;
2013-06-05;0,399300;14322973;29,986400;
2013-06-06;0,395400;14178427;29,814200;
2013-06-07;0,396200;14208060;29,882400;
2013-06-10;0,395100;14214886;29,752600;
2013-06-11;0,391900;14102316;29,519700;
2013-06-12;0,389700;14023725;29,325900;
2013-06-13;0,387400;13942980;29,255900;
2013-06-14;0,390000;14042420;29,371900;
2013-06-17;0,391900;14113629;29,534200;
2013-06-18;0,392500;14136755;29,548500;
2013-06-19;0,391200;14089610;29,371600;
2013-06-20;0,382600;13782616;28,585400;
2013-06-21;0,380000;13689726;28,433400;
2013-06-24;0,380000;13689726;28,433400;
2013-06-25;0,376600;13573424;28,204700;
2013-06-26;0,380200;13702722;28,605100;
2013-06-27;0,385600;13901273;28,921300;
2013-06-28;0,388200;13999577;29,246100;
2013-07-01;0,389500;14048292;29,241800;
2013-07-02;0,391300;14118631;29,337900;
2013-07-03;0,386600;13947557;29,094700;
2013-07-04;0,390600;14091720;29,349900;
2013-07-05;0,391500;14124451;29,419200;
2013-07-08;0,392900;14176405;29,387900;
2013-07-09;0,395100;14259934;29,669100;
2013-07-10;0,394600;14282676;29,658300;
2013-07-11;0,400300;14487829;30,170500;
2013-07-12;0,398200;14412019;29,993600;
2013-07-15;0,399200;14453350;30,057300;
2013-07-16;0,399500;14463971;30,124000;
2013-07-17;0,399500;14464178;30,161900;
2013-07-18;0,400300;14497986;30,135000;
2013-07-19;0,400800;14515883;30,179100;
2013-07-22;0,400300;14499694;30,186100;
2013-07-23;0,402300;14575898;30,308200;
2013-07-24;0,401600;14551800;30,191300;
2013-07-25;0,399100;14462021;30,074300;
2013-07-26;0,398300;14434627;29,967200;
2013-07-29;0,396000;14360881;29,773000;
2013-07-30;0,396700;14384684;29,805400;
2013-07-31;0,396100;14364970;29,715700;
2013-08-01;0,399200;14478273;29,965400;
2013-08-02;0,400800;14537101;30,150500;
2013-08-05;0,402100;14585604;30,177800;
2013-08-06;0,399400;14490194;29,964100;
2013-08-07;0,397400;14415574;29,838000;
2013-08-08;0,397700;14422829;29,914700;
2013-08-09;0,398500;14453558;29,931200;
2013-08-12;0,399600;14495735;29,986200;
2013-08-13;0,401800;14576456;30,184200;
2013-08-14;0,402500;14556379;30,241200;
2013-08-15;0,402500;14556379;30,241200;
2013-08-16;0,399300;14447085;29,957900;
2013-08-19;0,395300;14303042;29,679600;
2013-08-20;0,393400;14278211;29,570900;
2013-08-21;0,391900;14228763;29,369800;
2013-08-22;0,391000;14193819;29,344200;
2013-08-23;0,392900;14264710;29,644900;
2013-08-26;0,394000;14307300;29,603300;
2013-08-27;0,389700;14152090;29,177800;
2013-08-28;0,386300;13987083;29,082500;
2013-08-29;0,388800;14079274;29,167400;
2013-08-30;0,390300;14125875;29,343500;
2013-09-02;0,392000;14183422;29,555200;
2013-09-03;0,392200;14168835;29,522200;
2013-09-04;0,393400;14208232;29,676300;
2013-09-05;0,394800;14300369;29,697400;
2013-09-06;0,396600;14365449;29,840900;
2013-09-09;0,398500;14435910;30,254100;
2013-09-10;0,401400;14545827;30,517300;
2013-09-11;0,403300;14615069;30,501700;
2013-09-12;0,404300;14650270;30,509600;
2013-09-13;0,403700;14617982;30,397900;
2013-09-16;0,406400;14719191;30,696500;
2013-09-17;0,405900;14688133;30,588500;
2013-09-18;0,406900;14727756;30,691800;
2013-09-19;0,411500;14908702;31,097200;
2013-09-20;0,410300;14863640;30,603000;
2013-09-23;0,407800;14770050;30,559200;
2013-09-24;0,406700;14732146;30,480400;
2013-09-25;0,407400;14759894;30,519700;
2013-09-26;0,406700;14729151;30,572900;
2013-09-27;0,405100;14672625;30,426600;
2013-09-30;0,403800;14627135;30,253500;
2013-10-01;0,403700;14623379;30,462500;
2013-10-02;0,404100;14638040;30,272400;
2013-10-03;0,403800;14628546;30,392800;
2013-10-04;0,402700;14582148;30,297400;
2013-10-07;0,403200;14599554;30,172700;
2013-10-08;0,403100;14579714;30,207100;
2013-10-09;0,401900;14520892;30,156500;
2013-10-10;0,404900;14677291;30,545200;
2013-10-11;0,407300;14763892;30,778300;
2013-10-14;0,407300;14766163;30,776500;
2013-10-15;0,410600;14882678;30,785000;
2013-10-16;0,410800;14888989;30,922900;
2013-10-17;0,410400;14876050;31,117200;
2013-10-18;0,411800;14931257;31,232200;
2013-10-21;0,414000;15010506;31,124300;
2013-10-22;0,415500;15063177;31,252100;
2013-10-23;0,414200;15012100;31,057800;
2013-10-24;0,411700;14914614;30,947000;
2013-10-25;0,411600;14908559;30,855300;
2013-10-28;0,412600;14947745;30,940500;
2013-10-29;0,413600;14998591;30,991300;
2013-10-30;0,414900;15040809;31,058800;
2013-10-31;0,415400;15060724;30,952900;
2013-11-01;0,415400;15060724;30,952900;
2013-11-04;0,416200;15089873;30,962200;
2013-11-05;0,417400;15115739;31,097300;
2013-11-06;0,417500;15117765;31,201900;
2013-11-07;0,417700;15131529;31,002700;
2013-11-08;0,416400;15089534;30,824900;
2013-11-11;0,417000;15160727;30,962900;
2013-11-12;0,416600;15145124;31,007700;
2013-11-13;0,413900;15002212;30,866600;
2013-11-14;0,415300;15056221;31,035400;
2013-11-15;0,417000;15117535;31,205200;
2013-11-18;0,420700;15256800;31,485200;
2013-11-19;0,419900;15228190;31,288500;
2013-11-20;0,417700;15159698;31,172400;
2013-11-21;0,416800;15124845;31,029300;
2013-11-22;0,418200;15193906;31,370700;
2013-11-25;0,420000;15266787;31,279800;
2013-11-26;0,417400;15179481;31,070100;
2013-11-27;0,416700;15151208;31,101000;
2013-11-28;0,417100;15166726;31,080000;
2013-11-29;0,417700;15195615;31,120300;
2013-12-02;0,417700;15202248;30,944300;
2013-12-03;0,414400;15081490;30,753600;
2013-12-04;0,412400;15006640;30,709400;
2013-12-05;0,411800;14986070;30,623900;
2013-12-06;0,411100;14961790;30,712500;
2013-12-09;0,412300;15014998;30,788100;
2013-12-10;0,411000;14980995;30,718800;
2013-12-11;0,409900;14939825;30,465100;
2013-12-12;0,407400;14896188;30,230400;
2013-12-13;0,406400;14870955;30,158800;
2013-12-16;0,406500;14885691;30,337400;
2013-12-17;0,406100;14878211;30,268800;
2013-12-18;0,406800;14905884;30,411700;
2013-12-19;0,410100;15039529;30,431000;
2013-12-20;0,411400;15103505;30,638400;
2013-12-23;0,413700;15214754;30,880200;
2013-12-24;0,413700;15214754;30,880200;
2013-12-25;0,413700;15214754;30,880200;
2013-12-26;0,413700;15214754;30,880200;
2013-12-27;0,413800;15243740;30,886800;
2013-12-30;0,413900;15275486;30,841900;
2013-12-31;0,414200;15316400;30,882200;
2014-01-01;0,414200;15316400;30,882200;
2014-01-02;0,415000;15345897;30,660200;
2014-01-03;0,414100;15312653;30,639800;
2014-01-06;0,413800;15299966;30,618100;
2014-01-07;0,414100;15308577;30,733500;
2014-01-08;0,414700;15326054;30,693800;
2014-01-09;0,413900;15277561;30,560400;
2014-01-10;0,413500;15302273;30,732000;
2014-01-13;0,414600;15320501;30,771500;
2014-01-14;0,411800;15219164;30,701200;
2014-01-15;0,415100;15336484;30,837600;
2014-01-16;0,416500;15392815;30,830600;
2014-01-17;0,415900;15358227;30,819200;
2014-01-20;0,415000;15330089;30,820000;
2014-01-21;0,416600;15380939;30,942200;
2014-01-22;0,416000;15358866;31,007700;
2014-01-23;0,413500;15264503;30,788900;
2014-01-24;0,407100;15024661;30,251800;
2014-01-27;0,401600;14817770;29,832500;
2014-01-28;0,400200;14763690;29,873000;
2014-01-29;0,400900;14791740;29,824500;
2014-01-30;0,401200;14805239;29,902000;
2014-01-31;0,401800;14851496;29,892900;
2014-02-03;0,401200;14831683;29,730800;
2014-02-04;0,398300;14724228;29,760700;
2014-02-05;0,399000;14747779;29,787100;
2014-02-06;0,400500;14803720;30,147600;
2014-02-07;0,403800;14922395;30,321900;
2014-02-10;0,403600;14921056;30,232400;
2014-02-11;0,404600;14943220;30,384500;
2014-02-12;0,408800;15139384;30,519700;
2014-02-13;0,407100;15072695;30,518000;
2014-02-14;0,409300;15155315;30,718600;
2014-02-17;0,410300;15198576;30,691100;
2014-02-18;0,409600;15159324;30,667500;
2014-02-19;0,408800;15121867;30,597300;
2014-02-20;0,409200;15140074;30,464900;
2014-02-21;0,411100;15211404;30,676100;
2014-02-24;0,410800;15200826;30,779900;
2014-02-25;0,410500;15193639;30,678600;
2014-02-26;0,410700;15201785;30,580500;
2014-02-27;0,410300;15187343;30,616200;
2014-02-28;0,411800;15238547;30,892500;
2014-03-03;0,406000;15009800;30,204800;
2014-03-04;0,407900;15075407;30,503400;
2014-03-05;0,410900;15190735;30,560400;
2014-03-06;0,412700;15249837;30,730100;
2014-03-07;0,410900;15177785;30,612300;
2014-03-10;0,406800;15028568;30,211400;
2014-03-11;0,406800;15028568;30,211400;
2014-03-12;0,402700;14880358;29,889600;
2014-03-13;0,401600;14896540;29,779900;
2014-03-14;0,398300;14777899;29,500100;
2014-03-17;0,400300;14841976;29,926500;
2014-03-18;0,402700;14924001;30,128500;
2014-03-19;0,403800;14963694;30,006700;
2014-03-20;0,403500;14953503;29,872900;
2014-03-21;0,404200;14972943;29,994200;
2014-03-24;0,403300;14941309;30,101300;
2014-03-25;0,403600;14954242;30,241100;
2014-03-26;0,407600;15101255;30,389800;
2014-03-27;0,407000;15078235;30,456900;
2014-03-28;0,409300;15165245;30,709700;
2014-03-31;0,412200;15266398;31,030500;
2014-04-01;0,414200;15343183;31,140000;
2014-04-02;0,415500;15394617;31,152800;
2014-04-03;0,416200;15421538;31,022000;
2014-04-04;0,417700;15473461;31,131900;
2014-04-07;0,414800;15366689;31,056400;
2014-04-08;0,413600;15322944;31,137300;
2014-04-09;0,413500;15320796;31,174900;
2014-04-10;0,415200;15384299;31,098800;
2014-04-11;0,410400;15197052;30,801100;
2014-04-14;0,409000;15146140;30,680400;
2014-04-15;0,409000;15131990;30,582700;
2014-04-16;0,409500;15138234;30,785900;
2014-04-17;0,411300;15240463;30,931400;
2014-04-18;0,411100;15236114;30,969500;
2014-04-21;0,411100;15236114;30,969500;
2014-04-22;0,414500;15366289;31,055800;
2014-04-23;0,415500;15396378;31,014800;
2014-04-24;0,414700;15366951;30,962400;
2014-04-25;0,413200;15315919;30,710600;
2014-04-28;0,411500;15251750;30,762200;
2014-04-29;0,411800;15257098;30,921300;
2014-04-30;0,412000;15280819;30,915700;
2014-05-01;0,412000;15280819;30,915700;
2014-05-02;0,413600;15339093;31,065200;
2014-05-05;0,413600;15327469;30,936100;
2014-05-06;0,413100;15297371;30,947400;
2014-05-07;0,412400;15270745;31,047200;
2014-05-08;0,413300;15301485;31,091600;
2014-05-09;0,414700;15356003;31,033500;
2014-05-12;0,418400;15496146;31,356700;
2014-05-13;0,421700;15614649;31,570200;
2014-05-14;0,422400;15673621;31,668700;
2014-05-15;0,422600;15682288;31,586600;
2014-05-16;0,420900;15620982;31,627100;
2014-05-19;0,421900;15639955;31,728900;
2014-05-20;0,423500;15686453;31,675100;
2014-05-21;0,423500;15669288;31,822200;
2014-05-22;0,425700;15751045;31,968100;
2014-05-23;0,428600;15851049;32,169100;
2014-05-26;0,429600;15888842;32,225900;
2014-05-27;0,429500;15884601;32,179200;
2014-05-28;0,430100;15901736;32,164000;
2014-05-29;0,430600;15909288;32,256100;
2014-05-30;0,432200;15971671;32,269700;
2014-06-02;0,432200;15974621;32,290100;
2014-06-03;0,432400;15863634;32,284800;
2014-06-04;0,431700;15839029;32,310200;
2014-06-05;0,433200;15896832;32,428500;
2014-06-06;0,435000;15963656;32,675600;
2014-06-09;0,435500;15978672;32,629700;
2014-06-10;0,437800;16067515;32,696000;
2014-06-11;0,438100;16076490;32,743300;
2014-06-12;0,438400;16081299;32,795300;
2014-06-13;0,436400;16054264;32,745000;
2014-06-16;0,435800;16040644;32,672800;
2014-06-17;0,435900;16042837;32,664600;
2014-06-18;0,436500;16051648;32,747700;
2014-06-19;0,440000;16180313;32,932700;
2014-06-20;0,439100;16149705;32,717300;
2014-06-23;0,437800;16098564;32,756700;
2014-06-24;0,437800;16098564;32,756700;
2014-06-25;0,436200;16034074;32,712700;
2014-06-26;0,436200;16032622;32,685200;
2014-06-27;0,435700;16018641;32,660900;
2014-06-30;0,436100;16029929;32,698700;
2014-07-01;0,436700;16051419;32,730800;
2014-07-02;0,438400;16110103;32,754700;
2014-07-03;0,439400;16152556;32,841500;
2014-07-04;0,440400;16187706;32,840900;
2014-07-07;0,440100;16163809;32,953700;
2014-07-08;0,439000;16124896;32,885300;
2014-07-09;0,436600;16036048;32,870200;
2014-07-10;0,434600;16010161;32,702700;
2014-07-11;0,434500;16004673;32,704500;
2014-07-14;0,436200;16067311;32,861400;
2014-07-15;0,437900;16116689;32,849800;
2014-07-16;0,438200;16130088;32,949500;
2014-07-17;0,438600;16142886;32,820600;
2014-07-18;0,437400;16102227;32,904900;
2014-07-21;0,438200;16132148;32,822800;
2014-07-22;0,440100;16206484;33,042900;
2014-07-23;0,441900;16261533;33,121100;
2014-07-24;0,443100;16307765;33,254100;
2014-07-25;0,442500;16287470;33,187100;
2014-07-28;0,441100;16240871;33,099000;
2014-07-29;0,441500;16251881;33,104000;
2014-07-30;0,441200;16226277;33,019500;
2014-07-31;0,439200;16155796;32,701300;
2014-08-01;0,434700;15989704;32,658100;
2014-08-04;0,433900;15960509;32,756400;
2014-08-05;0,434300;15973990;32,551800;
2014-08-06;0,431600;15851746;32,376600;
2014-08-07;0,430600;15814834;32,345600;
2014-08-08;0,427500;15711249;32,338000;
2014-08-11;0,429800;15791936;32,592100;
2014-08-12;0,431400;15821842;32,607000;
2014-08-13;0,433500;15884338;32,859100;
2014-08-14;0,435400;15994963;32,967100;
2014-08-15;0,435400;15994963;32,967100;
2014-08-18;0,437600;16078898;33,152700;
2014-08-19;0,440800;16194825;33,248300;
2014-08-20;0,442500;16259484;33,323700;
2014-08-21;0,443400;16293963;33,466900;
2014-08-22;0,444000;16310348;33,484400;
2014-08-25;0,446000;16387312;33,548200;
2014-08-26;0,449300;16510907;33,807500;
2014-08-27;0,449800;16530361;33,848400;
2014-08-28;0,449100;16494418;33,667300;
2014-08-29;0,448500;16466680;33,631200;
2014-09-01;0,450000;16522781;33,722500;
2014-09-02;0,450000;16526051;33,736000;
2014-09-03;0,452700;16626113;34,073700;
2014-09-04;0,454200;16682005;34,085100;
2014-09-05;0,455100;16707740;34,093200;
2014-09-08;0,457400;16795223;34,378700;
2014-09-09;0,456300;16750927;34,207600;
2014-09-10;0,453800;16661809;34,195300;
2014-09-11;0,453200;16619360;34,000500;
2014-09-12;0,452600;16596526;33,895400;
2014-09-15;0,450000;16509152;33,775700;
2014-09-16;0,448900;16516429;33,818400;
2014-09-17;0,450700;16585410;33,944700;
2014-09-18;0,449300;16531713;33,893300;
2014-09-19;0,451100;16599816;34,006800;
2014-09-22;0,450600;16587042;33,744800;
2014-09-23;0,447000;16456380;33,619700;
2014-09-24;0,445900;16415064;33,731700;
2014-09-25;0,448000;16479511;33,503200;
2014-09-26;0,445400;16375103;33,679000;
2014-09-29;0,445600;16348661;33,486000;
2014-09-30;0,445100;16331535;33,559300;
2014-10-01;0,444200;16301543;33,290400;
2014-10-02;0,439900;16148116;33,212300;
2014-10-03;0,440400;16166002;33,311300;
2014-10-06;0,443300;16273804;33,511400;
2014-10-07;0,442600;16251525;33,570800;
2014-10-08;0,436500;16028076;33,278000;
2014-10-09;0,438000;16110877;33,230600;
2014-10-10;0,432300;15903697;32,569200;
2014-10-13;0,428200;15736781;32,635700;
2014-10-14;0,427000;15697366;32,670800;
2014-10-15;0,425400;15630321;32,344000;
2014-10-16;0,419000;15396460;32,212800;
2014-10-17;0,421700;15497175;32,281200;
2014-10-20;0,425100;15615618;32,382200;
2014-10-21;0,428800;15753865;32,751200;
2014-10-22;0,432600;15896602;32,587100;
2014-10-23;0,432200;15874271;32,784100;
2014-10-24;0,434700;15960506;33,084500;
2014-10-27;0,435100;15981826;32,968500;
2014-10-28;0,435700;16005554;33,182800;
2014-10-29;0,439200;16135256;33,250700;
2014-10-30;0,441300;16215382;33,359000;
2014-10-31;0,445900;16386159;33,861100;
2014-11-03;0,448300;16477854;33,722000;
2014-11-04;0,447800;16467114;33,800200;
2014-11-05;0,445700;16379472;33,693900;
2014-11-06;0,445000;16353374;33,540400;
2014-11-07;0,446000;16386985;33,531700;
2014-11-10;0,446500;16409775;33,987100;
2014-11-11;0,447800;16457728;33,760500;
2014-11-12;0,447000;16425925;33,945300;
2014-11-13;0,447000;16458418;33,692700;
2014-11-14;0,446400;16426598;33,737700;
2014-11-17;0,445400;16399157;33,709200;
2014-11-18;0,446100;16438880;33,725500;
2014-11-19;0,447000;16460024;33,759200;
2014-11-20;0,446000;16425579;33,723100;
2014-11-21;0,450300;16582698;34,006200;
2014-11-24;0,453500;16700725;34,100400;
2014-11-25;0,454400;16733588;34,359600;
2014-11-26;0,454400;16726074;34,338800;
2014-11-27;0,455500;16761979;34,199400;
2014-11-28;0,454800;16760649;33,967200;
2014-12-01;0,450900;16613403;33,816600;
2014-12-02;0,449800;16572753;33,892400;
2014-12-03;0,453000;16691247;33,884400;
2014-12-04;0,453700;16716727;33,997800;
2014-12-05;0,454000;16743578;34,126700;
2014-12-08;0,454200;16755051;33,816200;
2014-12-09;0,447600;16512618;33,846000;
2014-12-10;0,445800;16445918;33,404000;
2014-12-11;0,442000;16354368;33,246300;
2014-12-12;0,438700;16194672;32,723800;
2014-12-15;0,433400;15885366;32,524500;
2014-12-16;0,426600;15633672;32,224900;
2014-12-17;0,427000;15664072;32,472500;
2014-12-18;0,436300;16007401;32,965900;
2014-12-19;0,443600;16286464;33,442000;
2014-12-22;0,447000;16442143;33,668900;
2014-12-23;0,449600;16551781;33,660600;
2014-12-24;0,449600;16551781;33,660600;
2014-12-25;0,449600;16551781;33,660600;
2014-12-26;0,449600;16551781;33,660600;
2014-12-29;0,449800;16581120;33,846200;
2014-12-30;0,449900;16672579;33,740900;
2014-12-31;0,450400;16716019;33,774600;
2015-01-01;0,450400;16716019;33,774600;
2015-01-02;0,450200;16709973;33,736900;
2015-01-05;0,449600;16687903;33,491000;
2015-01-06;0,445700;16544269;33,539700;
2015-01-07;0,447100;16569410;33,704800;
2015-01-08;0,453800;16793793;34,390500;
2015-01-09;0,457100;16907911;34,445900;
2015-01-12;0,455400;16843372;34,222800;
2015-01-13;0,456400;16877679;34,291700;
2015-01-14;0,453900;16784606;34,172100;
2015-01-15;0,455800;16861047;34,158900;
2015-01-16;0,458600;16966973;34,400900;
2015-01-19;0,462500;17104146;34,702700;
2015-01-20;0,462200;17081395;34,742500;
2015-01-21;0,464300;17159439;35,057800;
2015-01-22;0,468100;17300417;35,333600;
2015-01-23;0,480300;17747204;35,351900;
2015-01-26;0,482400;17813651;36,347700;
2015-01-27;0,480200;17728765;36,143700;
2015-01-28;0,478400;17663301;35,813300;
2015-01-29;0,474700;17511146;35,682000;
2015-01-30;0,474300;17495887;35,490600;
2015-02-02;0,471800;17401785;35,741400;
2015-02-03;0,474900;17511506;36,042200;
2015-02-04;0,476700;17570810;35,955100;
2015-02-05;0,477000;17599646;35,907400;
2015-02-06;0,479000;17660812;35,906500;
2015-02-09;0,477800;17619489;35,691200;
2015-02-10;0,478600;17651772;36,161300;
2015-02-11;0,479900;17696325;35,980300;
2015-02-12;0,481000;17786002;36,275700;
2015-02-13;0,483500;17880387;36,519500;
2015-02-16;0,483500;17880387;36,519500;
2015-02-17;0,484200;17903996;36,317200;
2015-02-18;0,486300;17978836;36,365600;
2015-02-19;0,487400;18031276;36,493600;
2015-02-20;0,488300;18058795;36,523600;
2015-02-23;0,491000;18140559;36,771900;
2015-02-24;0,492100;18166875;36,871000;
2015-02-25;0,492200;18175556;36,869200;
2015-02-26;0,494400;18254639;36,835900;
2015-02-27;0,497600;18377606;36,854000;
2015-03-02;0,497800;18376308;37,061400;
2015-03-03;0,498100;18399593;36,932000;
2015-03-04;0,498100;18402895;36,941300;
2015-03-05;0,501000;18509009;37,096400;
2015-03-06;0,504200;18625481;36,951500;
2015-03-09;0,502700;18571412;37,123100;
2015-03-10;0,502200;18555935;36,900800;
2015-03-11;0,502200;18555935;36,900800;
2015-03-12;0,507200;18741873;37,903300;
2015-03-13;0,508600;18786492;37,600100;
2015-03-16;0,511200;18886820;37,932700;
2015-03-17;0,511400;18895337;38,011500;
2015-03-18;0,511500;18972272;38,076400;
2015-03-19;0,514500;19083710;38,317900;
2015-03-20;0,513900;19031446;38,397000;
2015-03-23;0,512100;18969190;38,274000;
2015-03-24;0,510200;18897309;37,908600;
2015-03-25;0,507300;18785092;37,608500;
2015-03-26;0,501400;18567582;37,264000;
2015-03-27;0,503300;18630930;37,271500;
2015-03-30;0,506900;18759605;37,792800;
2015-03-31;0,509600;18859629;37,706500;
2015-04-01;0,507900;18786156;37,966100;
2015-04-02;0,507900;18786918;38,196800;
2015-04-03;0,507700;18767294;38,029400;
2015-04-06;0,507700;18767294;38,029400;
2015-04-07;0,510900;18880893;38,342500;
2015-04-08;0,512900;18951750;38,486900;
2015-04-09;0,517100;19108041;38,550200;
2015-04-10;0,523600;19397065;38,923900;
2015-04-13;0,526800;19506232;39,461800;
2015-04-14;0,523700;19385846;39,556400;
2015-04-15;0,524800;19519201;39,604200;
2015-04-16;0,523800;19484419;39,757600;
2015-04-17;0,518200;19283658;39,098000;
2015-04-20;0,517600;19247465;38,905800;
2015-04-21;0,520700;19364029;39,248200;
2015-04-22;0,520300;19342810;39,378800;
2015-04-23;0,520900;19366962;39,374100;
2015-04-24;0,519900;19331878;39,440300;
2015-04-27;0,520900;19374778;39,410800;
2015-04-28;0,517400;19245910;39,429900;
2015-04-29;0,511600;19032691;38,948400;
2015-04-30;0,503800;18744942;38,455700;
2015-05-01;0,503800;18744942;38,455700;
2015-05-04;0,502200;18649604;38,048400;
2015-05-05;0,503500;18707384;37,995200;
2015-05-06;0,497800;18496865;38,019200;
2015-05-07;0,494000;18345644;37,604000;
2015-05-08;0,501500;18620234;37,789700;
2015-05-11;0,505900;18785065;37,939500;
2015-05-12;0,500800;18599335;38,000400;
2015-05-13;0,500000;18567891;37,869300;
2015-05-14;0,499000;18507701;38,082800;
2015-05-15;0,499700;18533693;37,736900;
2015-05-18;0,501400;18503010;37,954900;
2015-05-19;0,507500;18712426;37,774800;
2015-05-20;0,510900;18841230;38,218900;
2015-05-21;0,511000;18843898;38,431300;
2015-05-22;0,512100;18881087;38,354700;
2015-05-25;0,512900;18915151;38,210000;
2015-05-26;0,515100;18995476;38,349300;
2015-05-27;0,515200;18992136;38,566900;
2015-05-28;0,515200;18964185;38,603200;
2015-05-29;0,511800;18775086;38,356900;
2015-06-01;0,511000;18751875;38,133800;
2015-06-02;0,506000;18557269;38,163900;
2015-06-03;0,502800;18468066;37,948500;
2015-06-04;0,497200;18262183;37,461600;
2015-06-05;0,495000;18184593;36,771400;
2015-06-08;0,494000;18155492;36,832300;
2015-06-09;0,489700;17995688;36,912300;
2015-06-10;0,491400;18110326;37,086300;
2015-06-11;0,496700;18306910;37,089700;
2015-06-12;0,495900;18276555;37,075600;
2015-06-15;0,491900;18124358;36,878100;
2015-06-16;0,490700;18082596;36,920400;
2015-06-17;0,491500;18110905;36,910100;
2015-06-18;0,490300;18069127;37,012600;
2015-06-19;0,493100;18173938;36,640600;
2015-06-22;0,495500;18264867;37,237600;
2015-06-23;0,501100;18474980;37,179100;
2015-06-24;0,501100;18474980;37,179100;
2015-06-25;0,500200;18443196;37,340700;
2015-06-26;0,499400;18417206;37,238600;
2015-06-29;0,494800;18248833;36,651900;
2015-06-30;0,489600;18042208;36,909300;
2015-07-01;0,493800;18224816;36,901000;
2015-07-02;0,494900;18267845;37,111600;
2015-07-03;0,493600;18221969;37,105200;
2015-07-06;0,493600;18221969;37,105200;
2015-07-07;0,490100;18067705;36,719000;
2015-07-08;0,487900;17995015;36,467500;
2015-07-09;0,488000;17973257;36,489700;
2015-07-10;0,489800;18094811;36,850500;
2015-07-13;0,497000;18367828;36,830500;
2015-07-14;0,501700;18534496;37,288000;
2015-07-15;0,503300;18600111;37,317400;
2015-07-16;0,507900;18769190;37,592700;
2015-07-17;0,510500;18865125;37,939200;
2015-07-20;0,511000;18889873;37,789000;
2015-07-21;0,509100;18818626;37,852000;
2015-07-22;0,506000;18694508;37,591700;
2015-07-23;0,502900;18585144;37,364100;
2015-07-24;0,500000;18482297;36,801600;
2015-07-27;0,490700;18143620;36,638200;
2015-07-28;0,490900;18149914;36,470800;
2015-07-29;0,494900;18269139;36,795600;
2015-07-30;0,498600;18404338;36,726900;
2015-07-31;0,499000;18422882;37,067700;
2015-08-03;0,499800;18454659;36,897000;
2015-08-04;0,499500;18475227;36,895900;
2015-08-05;0,502600;18587220;36,888000;
2015-08-06;0,500400;18509030;36,880100;
2015-08-07;0,496600;18368556;36,827700;
2015-08-10;0,497300;18442271;36,908400;
2015-08-11;0,494100;18325879;36,652800;
2015-08-12;0,484600;17974136;36,162300;
2015-08-13;0,486100;18047331;35,945900;
2015-08-14;0,485500;18027090;36,042200;
2015-08-17;0,486300;18061931;35,872300;
2015-08-18;0,487800;18113394;35,907100;
2015-08-19;0,484000;17976467;35,752700;
2015-08-20;0,476300;17701621;35,381200;
2015-08-21;0,463900;17242490;34,371700;
2015-08-24;0,441500;16409857;32,975100;
2015-08-25;0,444500;16512573;32,596700;
2015-08-26;0,441600;16406577;32,896400;
2015-08-27;0,454900;16901246;33,749400;
2015-08-28;0,460800;17121918;34,219000;
2015-08-31;0,459800;17081445;34,145600;
2015-09-01;0,452600;16844218;33,614900;
2015-09-02;0,449300;16723872;33,642700;
2015-09-03;0,456700;17001506;33,801400;
2015-09-04;0,453100;16867571;33,450200;
2015-09-07;0,451500;16808348;33,545100;
2015-09-08;0,454200;16936164;33,932900;
2015-09-09;0,460800;17180809;34,095300;
2015-09-10;0,455200;17047282;34,080700;
2015-09-11;0,452200;16935381;33,993900;
2015-09-14;0,451400;16900678;33,777300;
2015-09-15;0,452500;16947666;33,827300;
2015-09-16;0,457600;17141927;34,134400;
2015-09-17;0,459500;17206386;34,400600;
2015-09-18;0,454400;17023352;33,997200;
2015-09-21;0,455400;17059628;33,624000;
2015-09-22;0,452500;16948915;33,600800;
2015-09-23;0,450700;16883666;33,583400;
2015-09-24;0,443800;16626646;33,381900;
2015-09-25;0,449400;16834477;33,325000;
2015-09-28;0,444400;16640154;33,063100;
2015-09-29;0,437100;16367195;32,849600;
2015-09-30;0,443100;16593419;33,277900;
2015-10-01;0,446800;16754152;33,395300;
2015-10-02;0,446300;16734141;33,748600;
2015-10-05;0,455800;17107988;34,278600;
2015-10-06;0,458800;17213463;34,242600;
2015-10-07;0,460400;17274275;34,649000;
2015-10-08;0,461200;17304304;34,650800;
2015-10-09;0,463700;17389662;34,917400;
2015-10-12;0,462700;17393335;34,735800;
2015-10-13;0,460900;17314815;34,437900;
2015-10-14;0,457000;17170673;34,318900;
2015-10-15;0,459700;17273903;34,622700;
2015-10-16;0,464900;17427381;34,634200;
2015-10-19;0,465900;17462232;34,781500;
2015-10-20;0,464800;17422746;34,763100;
2015-10-21;0,464500;17417144;34,560500;
2015-10-22;0,468500;17569055;34,806200;
2015-10-23;0,478300;17938406;35,185400;
2015-10-26;0,480000;17987351;35,695400;
2015-10-27;0,478300;17924730;35,723100;
2015-10-28;0,479400;17966222;35,765500;
2015-10-29;0,481300;18037783;35,495000;
2015-10-30;0,480300;18006892;35,868900;
2015-11-02;0,480600;18019568;35,822200;
2015-11-03;0,484000;18183649;35,893700;
2015-11-04;0,487500;18315822;36,087700;
2015-11-05;0,487600;18290560;36,071300;
2015-11-06;0,487000;18271705;35,974900;
2015-11-09;0,484800;18192003;35,800700;
2015-11-10;0,484600;18187390;35,928100;
2015-11-11;0,485900;18246481;36,117000;
2015-11-12;0,483200;18187910;35,860700;
2015-11-13;0,477800;17987426;35,496200;
2015-11-16;0,476900;17953895;35,457900;
2015-11-17;0,484700;18228320;35,794200;
2015-11-18;0,485500;18260566;36,094700;
2015-11-19;0,487800;18349156;36,320300;
2015-11-20;0,490600;18448882;36,376100;
2015-11-23;0,490800;18461773;36,260700;
2015-11-24;0,488300;18372517;36,316800;
2015-11-25;0,490500;18456965;36,279400;
2015-11-26;0,492400;18530842;36,535000;
2015-11-27;0,491400;18493411;36,315100;
2015-11-30;0,491200;18504643;36,207900;
2015-12-01;0,490800;18485039;36,485600;
2015-12-02;0,492100;18567006;36,235700;
2015-12-03;0,484200;18270851;35,868900;
2015-12-04;0,477100;18008479;35,847100;
2015-12-07;0,479300;18097312;35,170500;
2015-12-08;0,474500;17914672;35,010400;
2015-12-09;0,470900;17782833;34,742200;
2015-12-10;0,468300;17695848;34,523000;
2015-12-11;0,463000;17501438;34,037400;
2015-12-14;0,457800;17356458;33,882600;
2015-12-15;0,462700;17554893;34,057000;
2015-12-16;0,466500;17701864;34,408500;
2015-12-17;0,471800;17921685;34,529900;
2015-12-18;0,468300;17788118;34,456700;
2015-12-21;0,464400;17656837;34,555800;
2015-12-22;0,463900;17677590;34,612500;
2015-12-23;0,470300;17941999;34,741700;
2015-12-24;0,470300;17941999;34,741700;
2015-12-25;0,470300;17941999;34,741700;
2015-12-28;0,468700;17922103;34,752900;
2015-12-29;0,471800;18104193;34,897900;
2015-12-30;0,472200;18240209;34,736800;
2015-12-31;0,471100;18251635;34,661700;
2016-01-01;0,471100;18251635;34,661700;
2016-01-04;0,463700;18000407;34,132200;
2016-01-05;0,465300;18052365;34,100900;
2016-01-06;0,463600;17989156;34,141800;
2016-01-07;0,456200;17703172;33,540000;
2016-01-08;0,450500;17483944;33,069300;
2016-01-11;0,448200;17383213;32,873300;
2016-01-12;0,449300;17426821;32,878100;
2016-01-13;0,452000;17497164;32,885500;
2016-01-14;0,444100;17193445;32,894400;
2016-01-15;0,440100;17031162;32,228100;
2016-01-18;0,438200;16962161;31,965200;
2016-01-19;0,441300;17052617;32,191600;
2016-01-20;0,433800;16759852;31,681600;
2016-01-21;0,435900;16836184;31,636600;
2016-01-22;0,443500;17112988;32,376500;
2016-01-25;0,445400;17163845;32,466000;
2016-01-26;0,444400;17126181;32,532300;
2016-01-27;0,446700;17220234;32,545600;
2016-01-28;0,444000;17070207;32,544000;
2016-01-29;0,449200;17260706;33,092100;
2016-02-01;0,453000;17392392;33,125200;
2016-02-02;0,449200;17249302;32,714500;
2016-02-03;0,443600;17031830;32,566500;
2016-02-04;0,441200;16938957;32,852400;
2016-02-05;0,439200;16894913;31,998900;
2016-02-08;0,432000;16618319;31,631400;
2016-02-09;0,427400;16442043;31,645600;
2016-02-10;0,428600;16537107;31,359000;
2016-02-11;0,421400;16263426;30,950800;
2016-02-12;0,424400;16370816;30,945000;
2016-02-15;0,431800;16594645;31,478300;
2016-02-16;0,431800;16594645;31,478300;
2016-02-17;0,440200;16919285;32,266400;
2016-02-18;0,443700;17048472;32,473300;
2016-02-19;0,442100;16987687;32,468600;
2016-02-22;0,447600;17202995;32,769300;
2016-02-23;0,447400;17197397;32,702700;
2016-02-24;0,441900;16986110;32,565300;
2016-02-25;0,446200;17147481;32,871600;
2016-02-26;0,450500;17307319;32,828800;
2016-02-29;0,452300;17366121;32,808400;
2016-03-01;0,456000;17540088;33,507200;
2016-03-02;0,459700;17684026;33,854300;
2016-03-03;0,459300;17630694;34,159100;
2016-03-04;0,460900;17692440;34,273200;
2016-03-07;0,461500;17717915;34,203600;
2016-03-08;0,458700;17611397;34,047100;
2016-03-09;0,459800;17657731;33,920700;
2016-03-10;0,457300;17561621;34,060200;
2016-03-11;0,457300;17561621;34,060200;
2016-03-14;0,463000;17877226;34,329800;
2016-03-15;0,460900;17799586;34,026600;
2016-03-16;0,460300;17772661;34,067200;
2016-03-17;0,460700;17797983;34,707400;
2016-03-18;0,462100;17856757;34,330200;
2016-03-21;0,462600;17849448;34,387900;
2016-03-22;0,463400;17883104;34,424600;
2016-03-23;0,463200;17866211;34,343800;
2016-03-24;0,460100;17749972;34,231800;
2016-03-25;0,459900;17740615;34,269400;
2016-03-28;0,459900;17740615;34,269400;
2016-03-29;0,460500;17763876;34,475100;
2016-03-30;0,463400;17882993;34,770800;
2016-03-31;0,461500;17846325;34,463500;
2016-04-01;0,457800;17705318;34,143800;
2016-04-04;0,459200;17761953;34,059800;
2016-04-05;0,455600;17620197;33,761000;
2016-04-06;0,454800;17589008;33,884100;
2016-04-07;0,455100;17602353;33,830800;
2016-04-08;0,455500;17663632;33,967200;
2016-04-11;0,457200;17733914;34,066500;
2016-04-12;0,457800;17754222;34,183900;
2016-04-13;0,465200;18042336;34,600200;
2016-04-14;0,468700;18179213;34,920500;
2016-04-15;0,468000;18156170;35,010200;
2016-04-18;0,467500;18140255;34,961100;
2016-04-19;0,469900;18236194;35,205400;
2016-04-20;0,472100;18316059;35,164400;
2016-04-21;0,471800;18300558;35,077500;
2016-04-22;0,471300;18282495;34,980600;
2016-04-25;0,469600;18218469;35,053600;
2016-04-26;0,469300;18205908;35,112000;
2016-04-27;0,469700;18222555;35,075300;
2016-04-28;0,469900;18231063;34,998700;
2016-04-29;0,463700;17984971;34,784600;
2016-05-02;0,463000;17958723;34,686900;
2016-05-03;0,458200;17776172;34,151700;
2016-05-04;0,454900;17680185;33,710100;
2016-05-05;0,455900;17720754;33,802100;
2016-05-06;0,455400;17699916;33,886000;
2016-05-09;0,457500;17765226;33,887300;
2016-05-10;0,459700;17910989;34,182600;
2016-05-11;0,459800;17917631;34,169800;
2016-05-12;0,458800;17865576;34,084700;
2016-05-13;0,459700;17901821;33,903200;
2016-05-16;0,459400;17886859;34,162800;
2016-05-17;0,459500;17891455;34,185100;
2016-05-18;0,459200;17879138;34,108300;
2016-05-19;0,457200;17799773;33,906200;
2016-05-20;0,460000;17911320;34,246200;
2016-05-23;0,460000;17912466;34,188200;
2016-05-24;0,463500;18041687;34,424000;
2016-05-25;0,467900;18216749;34,812500;
2016-05-26;0,469000;18260879;34,955100;
2016-05-27;0,470200;18309740;35,000100;
2016-05-30;0,470900;18341759;34,993800;
2016-05-31;0,470500;18344810;35,021800;
2016-06-01;0,468600;18269343;34,956100;
2016-06-02;0,468500;18263446;34,954700;
2016-06-03;0,467800;18261856;35,064900;
2016-06-06;0,468700;18300330;35,325600;
2016-06-07;0,470100;18348360;35,058000;
2016-06-08;0,470300;18355376;35,197300;
2016-06-09;0,469700;18333708;34,971200;
2016-06-10;0,466300;18270575;34,654400;
2016-06-13;0,462200;18111162;34,372000;
2016-06-14;0,458900;17978730;34,207100;
2016-06-15;0,459800;18011024;34,405900;
2016-06-16;0,458300;17951242;34,254200;
2016-06-17;0,459200;17989442;34,532300;
2016-06-20;0,464400;18188805;34,837100;
2016-06-21;0,466400;18267282;34,743300;
2016-06-22;0,468000;18309407;34,817000;
2016-06-23;0,469300;18359758;35,248400;
2016-06-24;0,469300;18359758;35,248400;
2016-06-27;0,456800;17843516;33,945400;
2016-06-28;0,458400;17873782;34,580300;
2016-06-29;0,464900;18131038;35,031200;
2016-06-30;0,468700;18280466;35,358900;
2016-07-01;0,472900;18447461;35,476600;
2016-07-04;0,473200;18492980;35,444700;
2016-07-05;0,469500;18352464;35,136500;
2016-07-06;0,469500;18352464;35,136500;
2016-07-07;0,470700;18432701;35,270700;
2016-07-08;0,473100;18531007;35,498200;
2016-07-11;0,478500;18745887;35,875200;
2016-07-12;0,481400;18858658;36,178200;
2016-07-13;0,481600;18854640;36,151500;
2016-07-14;0,483900;18943720;36,395200;
2016-07-15;0,483500;18936219;36,141300;
2016-07-18;0,484400;18975330;36,278200;
2016-07-19;0,484500;18977514;36,403200;
2016-07-20;0,486600;19055903;36,578300;
2016-07-21;0,486600;19077347;36,618200;
2016-07-22;0,486400;19073358;36,618000;
2016-07-25;0,487000;19097879;36,577500;
2016-07-26;0,487200;19092689;36,692400;
2016-07-27;0,487700;19117296;36,695600;
2016-07-28;0,485000;19038708;36,732800;
2016-07-29;0,484300;18987083;36,638700;
2016-08-01;0,484200;18956410;36,601000;
2016-08-02;0,480900;18863431;36,246000;
2016-08-03;0,479400;18805827;36,057800;
2016-08-04;0,482200;18915618;36,197200;
2016-08-05;0,486000;19065525;36,569600;
2016-08-08;0,487900;19135506;36,653100;
2016-08-09;0,489600;19202393;37,007100;
2016-08-10;0,488700;19213649;37,056800;
2016-08-11;0,489900;19261659;36,910700;
2016-08-12;0,490500;19293659;37,036200;
2016-08-15;0,490500;19293659;37,036200;
2016-08-16;0,488500;19220511;36,940800;
2016-08-17;0,485300;19095639;36,612000;
2016-08-18;0,486300;19120676;36,793200;
2016-08-19;0,485100;19076761;36,563300;
2016-08-22;0,484500;19058621;36,511200;
2016-08-23;0,486200;19115698;36,659500;
2016-08-24;0,487100;19150659;36,399300;
2016-08-25;0,485200;19077923;36,536500;
2016-08-26;0,486100;19120302;36,489800;
2016-08-29;0,486300;19134861;36,448800;
2016-08-30;0,488500;19226607;36,764600;
2016-08-31;0,487100;19175083;36,667800;
2016-09-01;0,486100;19159196;36,782300;
2016-09-02;0,489000;19271407;36,952900;
2016-09-05;0,491100;19357629;36,959100;
2016-09-06;0,491500;19342851;37,298000;
2016-09-07;0,492400;19379815;37,348400;
2016-09-08;0,490800;19296593;37,097100;
2016-09-09;0,486800;19189951;36,313700;
2016-09-12;0,480300;18935343;36,305500;
2016-09-13;0,479600;18900963;36,109000;
2016-09-14;0,477400;18811388;36,010900;
2016-09-15;0,478300;18854350;36,276100;
2016-09-16;0,479300;18895929;36,050700;
2016-09-19;0,481900;18988555;36,319100;
2016-09-20;0,482800;19026001;36,507400;
2016-09-21;0,484700;19100129;36,762400;
2016-09-22;0,489100;19274871;37,253600;
2016-09-23;0,488900;19264994;36,857500;
2016-09-26;0,484000;19073689;36,623700;
2016-09-27;0,483900;19070538;36,622500;
2016-09-28;0,486300;19157057;36,832200;
2016-09-29;0,487800;19215744;36,764600;
2016-09-30;0,486500;19162646;36,762800;
2016-10-03;0,487000;19172768;36,962100;
2016-10-04;0,489000;19251400;36,726600;
2016-10-05;0,486800;19164193;36,956700;
2016-10-06;0,486400;19145587;36,807000;
2016-10-07;0,485900;19164104;36,779200;
2016-10-10;0,487400;19270104;37,023100;
2016-10-11;0,487100;19258565;36,625700;
2016-10-12;0,486000;19191350;36,751700;
2016-10-13;0,483500;19074013;36,736900;
2016-10-14;0,486700;19193657;36,797000;
2016-10-17;0,485900;19170542;36,802800;
2016-10-18;0,488500;19263675;37,123300;
2016-10-19;0,490800;19335089;37,252200;
2016-10-20;0,491900;19379872;37,268900;
2016-10-21;0,493300;19435273;37,206200;
2016-10-24;0,495100;19508515;37,599200;
2016-10-25;0,495100;19473594;37,521500;
2016-10-26;0,492300;19365560;37,473500;
2016-10-27;0,490800;19305952;37,188100;
2016-10-28;0,489600;19259513;37,118900;
2016-10-31;0,488700;19200435;37,143700;
2016-11-01;0,488700;19200435;37,143700;
2016-11-02;0,480600;18878291;36,474400;
2016-11-03;0,478400;18777071;36,156900;
2016-11-04;0,476000;18712116;36,107400;
2016-11-07;0,480600;18897787;36,489000;
2016-11-08;0,483800;19023391;36,725400;
2016-11-09;0,483900;19026342;36,632600;
2016-11-10;0,485300;19133511;36,676600;
2016-11-11;0,482000;18918813;36,731300;
2016-11-14;0,483000;18964953;36,517900;
2016-11-15;0,484200;19013249;37,037100;
2016-11-16;0,486500;19111150;37,091800;
2016-11-17;0,488500;19188900;37,375900;
2016-11-18;0,489400;19227392;37,170400;
2016-11-21;0,490600;19306750;37,631100;
2016-11-22;0,493100;19397789;37,777100;
2016-11-23;0,493900;19461323;37,751300;
2016-11-24;0,494600;19491633;37,812700;
2016-11-25;0,495200;19516033;38,103600;
2016-11-28;0,494800;19508184;37,954200;
2016-11-29;0,494900;19487051;37,966100;
2016-11-30;0,495200;19504861;37,981100;
2016-12-01;0,492700;19416517;37,721200;
2016-12-02;0,490100;19309381;37,719100;
2016-12-05;0,490800;19380093;37,806700;
2016-12-06;0,491300;19408155;37,848700;
2016-12-07;0,494300;19533581;38,114100;
2016-12-08;0,500700;19774174;38,275700;
2016-12-09;0,505400;19995245;38,261500;
2016-12-12;0,505600;19991211;38,819900;
2016-12-13;0,505700;19994841;38,943600;
2016-12-14;0,505500;20000179;38,727800;
2016-12-15;0,508000;20119686;38,363000;
2016-12-16;0,508400;20142263;39,022500;
2016-12-19;0,507900;20135749;38,986000;
2016-12-20;0,510000;20117168;39,074200;
2016-12-21;0,509300;20096256;39,240000;
2016-12-22;0,506300;20002890;38,959400;
2016-12-23;0,506400;20028158;38,906600;
2016-12-26;0,506400;20028158;38,906600;
2016-12-27;0,507300;20175588;38,948600;
2016-12-28;0,508500;20245683;38,921500;
2016-12-29;0,507400;20240159;39,163600;
2016-12-30;0,505800;20203340;39,014000;
2017-01-02;0,506900;20259826;38,768000;
2017-01-03;0,509900;20370347;39,130000;
2017-01-04;0,512000;20452852;39,611600;
2017-01-05;0,510700;20402167;39,678600;
2017-01-06;0,510600;20434405;39,483400;
2017-01-09;0,510200;20418256;39,115200;
2017-01-10;0,510100;20413489;39,426600;
2017-01-11;0,512300;20549654;39,267800;
2017-01-12;0,509900;20455324;39,632500;
2017-01-13;0,511500;20514662;39,160900;
2017-01-16;0,511300;20518769;39,097000;
2017-01-17;0,508900;20424364;39,348400;
2017-01-18;0,508300;20398431;39,131300;
2017-01-19;0,509600;20432249;39,018400;
2017-01-20;0,508700;20401874;39,078200;
2017-01-23;0,507100;20339716;39,264200;
2017-01-24;0,508300;20388440;39,185800;
2017-01-25;0,512600;20566320;39,310500;
2017-01-26;0,515300;20674413;39,338300;
2017-01-27;0,514500;20644370;39,465800;
2017-01-30;0,512200;20551711;39,350000;
2017-01-31;0,508700;20416915;39,462800;
2017-02-01;0,510500;20492835;39,135800;
2017-02-02;0,509900;20459848;39,093600;
2017-02-03;0,512300;20557285;39,212900;
2017-02-06;0,512900;20623520;39,363700;
2017-02-07;0,514200;20672285;39,417700;
2017-02-08;0,514700;20689870;39,624900;
2017-02-09;0,517300;20785919;39,765800;
2017-02-10;0,519700;20885176;39,822000;
2017-02-13;0,523200;21025937;40,190100;
2017-02-14;0,523600;21087101;40,177500;
2017-02-15;0,526200;21198321;40,400900;
2017-02-16;0,526200;21198321;40,400900;
2017-02-17;0,524100;21114747;40,336200;
2017-02-20;0,525300;21145602;40,386400;
2017-02-21;0,529200;21293350;40,601200;
2017-02-22;0,531700;21394744;40,902400;
2017-02-23;0,531100;21371150;41,046700;
2017-02-24;0,527700;21222642;40,736200;
2017-02-27;0,526700;21190421;40,601300;
2017-02-28;0,525700;21145794;40,595300;
2017-03-01;0,529900;21275023;40,814100;
2017-03-02;0,531700;21348153;40,905600;
2017-03-03;0,529400;21258156;40,906400;
2017-03-06;0,527700;21192913;40,732200;
2017-03-07;0,527500;21223309;40,592900;
2017-03-08;0,527100;21203390;40,528200;
2017-03-09;0,525000;21113136;40,471800;
2017-03-10;0,524000;21142585;40,638900;
2017-03-13;0,525100;21191570;40,625400;
2017-03-14;0,525000;21185369;40,366800;
2017-03-15;0,526500;21231877;40,666900;
2017-03-16;0,528900;21327336;41,017100;
2017-03-17;0,528600;21319458;40,708400;
2017-03-20;0,529700;21368424;40,709100;
2017-03-21;0,526100;21222345;40,484700;
2017-03-22;0,522700;21082087;40,239000;
2017-03-23;0,525300;21185714;40,260300;
2017-03-24;0,525200;21186009;40,354700;
2017-03-27;0,521600;21050547;40,254600;
2017-03-28;0,523400;21123920;40,214600;
2017-03-29;0,527800;21300781;40,336600;
2017-03-30;0,530500;21410373;40,717100;
2017-03-31;0,530400;21412137;40,575500;
2017-04-03;0,531300;21450165;40,731600;
2017-04-04;0,531500;21459844;40,834900;
2017-04-05;0,532300;21497249;40,857600;
2017-04-06;0,530700;21433364;40,741700;
2017-04-07;0,531800;21478324;40,754900;
2017-04-10;0,532400;21543622;40,862300;
2017-04-11;0,531100;21532660;41,023400;
2017-04-12;0,531600;21550534;40,875900;
2017-04-13;0,530800;21510395;40,833300;
2017-04-14;0,530800;21510165;40,754600;
2017-04-17;0,530800;21510165;40,754600;
2017-04-18;0,527200;21362153;40,929800;
2017-04-19;0,526300;21325590;40,534400;
2017-04-20;0,525000;21274919;40,587000;
2017-04-21;0,528500;21421135;40,500600;
2017-04-24;0,528900;21441212;41,110500;
2017-04-25;0,530200;21495245;40,859300;
2017-04-26;0,531800;21560821;40,741100;
2017-04-27;0,531100;21529558;40,705900;
2017-04-28;0,529800;21488061;40,694000;
2017-05-01;0,529800;21488061;40,694000;
2017-05-02;0,531400;21560731;40,747400;
2017-05-03;0,531000;21544458;40,735400;
2017-05-04;0,529600;21488819;40,704800;
2017-05-05;0,529000;21466377;40,784000;
2017-05-08;0,532100;21587801;40,755300;
2017-05-09;0,534700;21733975;40,815800;
2017-05-10;0,536000;21844468;41,050800;
2017-05-11;0,535500;21820256;41,070800;
2017-05-12;0,535200;21788000;41,198100;
2017-05-15;0,535100;21788712;41,337900;
2017-05-16;0,533100;21709138;41,149100;
2017-05-17;0,527800;21478639;40,541700;
2017-05-18;0,522200;21229560;40,178000;
2017-05-19;0,523800;21298410;40,380800;
2017-05-22;0,524200;21318133;40,441500;
2017-05-23;0,525200;21358397;40,289700;
2017-05-24;0,526900;21425236;40,394900;
2017-05-25;0,527500;21452082;40,628500;
2017-05-26;0,528600;21499473;40,556700;
2017-05-29;0,528900;21510702;40,591900;
2017-05-30;0,528700;21502921;40,575300;
2017-05-31;0,526000;21396054;40,587900;
2017-06-01;0,527700;21456593;40,619100;
2017-06-02;0,529600;21535626;40,841800;
2017-06-05;0,529800;21551763;40,823800;
2017-06-06;0,529000;21509963;40,649000;
2017-06-07;0,528800;21502146;40,635300;
2017-06-08;0,530100;21596934;40,743600;
2017-06-09;0,532300;21740606;40,691500;
2017-06-12;0,529000;21611829;40,728400;
2017-06-13;0,529800;21645477;40,727300;
2017-06-14;0,530000;21653483;40,812900;
2017-06-15;0,529100;21622330;40,583600;
2017-06-16;0,528500;21594449;40,776800;
2017-06-19;0,532400;21754100;41,026000;
2017-06-20;0,532500;21747530;40,715800;
2017-06-21;0,530600;21670626;40,786200;
2017-06-22;0,530900;21684464;40,855500;
2017-06-23;0,530300;21650759;40,861100;
2017-06-26;0,531800;21702833;40,955700;
2017-06-27;0,528200;21552199;40,754900;
2017-06-28;0,524900;21418834;40,629300;
2017-06-29;0,521800;21292116;40,200500;
2017-06-30;0,521000;21265521;40,025300;
2017-07-03;0,523500;21371545;40,122400;
2017-07-04;0,523100;21351305;40,174100;
2017-07-05;0,523400;21366481;40,257100;
2017-07-06;0,523400;21366481;40,257100;
2017-07-07;0,519100;21233803;40,003300;
2017-07-10;0,521000;21371612;40,035100;
2017-07-11;0,520900;21366500;40,164800;
2017-07-12;0,525300;21543728;40,450200;
2017-07-13;0,528600;21637153;40,460400;
2017-07-14;0,529300;21667703;40,746500;
2017-07-17;0,529600;21682117;40,811200;
2017-07-18;0,526000;21524132;40,708600;
2017-07-19;0,529300;21660679;40,620200;
2017-07-20;0,527600;21590957;40,740900;
2017-07-21;0,524900;21481443;40,837500;
2017-07-24;0,524400;21462299;40,359400;
2017-07-25;0,524400;21465403;40,373800;
2017-07-26;0,525700;21518440;40,279600;
2017-07-27;0,525900;21526377;40,501700;
2017-07-28;0,521200;21342041;40,279000;
2017-07-31;0,520600;21320085;40,214100;
2017-08-01;0,520900;21299690;40,367900;
2017-08-02;0,519200;21214120;40,126500;
2017-08-03;0,518000;21212800;40,031900;
2017-08-04;0,521800;21370900;39,953300;
2017-08-07;0,522100;21383326;40,041200;
2017-08-08;0,524900;21500470;40,203900;
2017-08-09;0,521900;21361423;40,027700;
2017-08-10;0,518400;21269487;39,915300;
2017-08-11;0,513200;21053652;39,770300;
2017-08-14;0,517400;21232185;39,950400;
2017-08-15;0,517400;21232185;39,950400;
2017-08-16;0,521700;21415928;40,085800;
2017-08-17;0,520300;21359424;39,984900;
2017-08-18;0,517300;21140178;39,920000;
2017-08-21;0,515400;21059437;39,862800;
2017-08-22;0,519300;21222646;40,028800;
2017-08-23;0,519100;21211453;39,992000;
2017-08-24;0,518900;21206635;39,939000;
2017-08-25;0,518700;21203147;40,009800;
2017-08-28;0,515700;21083744;40,020400;
2017-08-29;0,510900;20875662;39,659100;
2017-08-30;0,514900;21037980;39,415000;
2017-08-31;0,518600;21193551;39,932200;
2017-09-01;0,521500;21355200;40,300700;
2017-09-04;0,519000;21258631;39,950800;
2017-09-05;0,518700;21258226;39,916400;
2017-09-06;0,517500;21210162;40,000300;
2017-09-07;0,517200;21201503;40,024800;
2017-09-08;0,516500;21170502;39,919000;
2017-09-11;0,521000;21409824;39,934000;
2017-09-12;0,523600;21517881;40,195400;
2017-09-13;0,524300;21550341;40,331300;
2017-09-14;0,525400;21594993;40,175700;
2017-09-15;0,523500;21509154;40,503300;
2017-09-18;0,525100;21567438;40,399300;
2017-09-19;0,524400;21532123;40,480200;
2017-09-20;0,524400;21532392;40,462600;
2017-09-21;0,525600;21582929;40,244200;
2017-09-22;0,524000;21512552;40,531400;
2017-09-25;0,525600;21583815;40,223200;
2017-09-26;0,527400;21653203;40,358400;
2017-09-27;0,527700;21665157;40,621700;
2017-09-28;0,527300;21649505;40,762300;
2017-09-29;0,528900;21708118;40,833000;
2017-10-02;0,532200;21844470;40,814800;
2017-10-03;0,533300;21927649;41,151700;
2017-10-04;0,534800;21983661;41,183400;
2017-10-05;0,537600;22088080;41,162700;
2017-10-06;0,536700;22054916;41,268600;
2017-10-09;0,536000;22077919;41,328400;
2017-10-10;0,535700;22070031;41,418600;
2017-10-11;0,535300;22056323;41,350400;
2017-10-12;0,535900;22083695;41,283700;
2017-10-13;0,538200;22179880;41,311300;
2017-10-16;0,539800;22235964;41,519200;
2017-10-17;0,540200;22251593;41,468900;
2017-10-18;0,540400;22258904;41,631800;
2017-10-19;0,536500;22094616;41,622900;
2017-10-20;0,539200;22148394;41,417400;
2017-10-23;0,540400;22147719;41,372700;
2017-10-24;0,539300;22099020;41,586800;
2017-10-25;0,536400;21982647;41,426500;
2017-10-26;0,539600;22114927;41,343200;
2017-10-27;0,545400;22354789;41,574200;
2017-10-30;0,544900;22334142;42,061800;
2017-10-31;0,545500;22364328;42,098800;
2017-11-01;0,545500;22364328;42,098800;
2017-11-02;0,547100;22439584;42,250300;
2017-11-03;0,548400;22499964;42,174900;
2017-11-06;0,550300;22580783;42,205000;
2017-11-07;0,551100;22577093;42,445300;
2017-11-08;0,550300;22539092;42,568100;
2017-11-09;0,546700;22488146;42,363100;
2017-11-10;0,544300;22386252;42,161400;
2017-11-13;0,543000;22335456;41,992300;
2017-11-14;0,538600;22136191;41,896200;
2017-11-15;0,534400;21967585;41,439900;
2017-11-16;0,538700;22148983;41,468500;
2017-11-17;0,539800;22175471;41,720000;
2017-11-20;0,541900;22258458;41,693500;
2017-11-21;0,546300;22422823;41,989600;
2017-11-22;0,545600;22392402;42,264300;
2017-11-23;0,543800;22315092;42,189400;
2017-11-24;0,541900;22238709;41,984900;
2017-11-27;0,539800;22159168;41,790500;
2017-11-28;0,542000;22238789;41,724000;
2017-11-29;0,543400;22292500;41,858800;
2017-11-30;0,540800;22174183;42,015800;
2017-12-01;0,537600;22042854;41,829700;
2017-12-04;0,542200;22280725;41,786600;
2017-12-05;0,542600;22298074;41,738200;
2017-12-06;0,539800;22188886;41,599100;
2017-12-07;0,540800;22177408;41,728200;
2017-12-08;0,544500;22385373;42,017000;
2017-12-11;0,545200;22426349;42,314300;
2017-12-12;0,547000;22497889;42,125400;
2017-12-13;0,548100;22547489;42,276000;
2017-12-14;0,546500;22488957;42,301800;
2017-12-15;0,546500;22497411;42,068200;
2017-12-18;0,550500;22668762;42,500200;
2017-12-19;0,549600;22638557;42,439800;
2017-12-20;0,547000;22547873;42,342500;
2017-12-21;0,548100;22597089;42,364500;
2017-12-22;0,549300;22656323;42,364900;
2017-12-25;0,549300;22656323;42,364900;
2017-12-26;0,549300;22656323;42,364900;
2017-12-27;0,549500;22680377;42,487600;
2017-12-28;0,548400;22654470;42,490800;
2017-12-29;0,548100;22661752;42,378400;
2018-01-01;0,548100;22661752;42,378400;
2018-01-02;0,547200;22630799;42,498200;
2018-01-03;0,551300;22847787;42,469400;
2018-01-04;0,554300;22982384;42,866800;
2018-01-05;0,558300;23140765;42,972100;
2018-01-08;0,562100;23313402;43,088100;
2018-01-09;0,564700;23419515;43,324700;
2018-01-10;0,561500;23310750;43,394600;
2018-01-11;0,560300;23262581;43,330100;
2018-01-12;0,560500;23273473;43,498500;
2018-01-15;0,557400;23132735;43,265800;
2018-01-16;0,559500;23211629;42,851200;
2018-01-17;0,559200;23198767;43,152100;
2018-01-18;0,560500;23261536;43,227100;
2018-01-19;0,561900;23324080;43,291200;
2018-01-22;0,564000;23407918;43,432400;
2018-01-23;0,566500;23511825;43,691900;
2018-01-24;0,564200;23413875;43,734700;
2018-01-25;0,561700;23310054;43,508200;
2018-01-26;0,564400;23424917;43,581400;
2018-01-29;0,566200;23489866;43,286700;
2018-01-30;0,559000;23188413;43,062300;
2018-01-31;0,557300;23124630;42,985100;
2018-02-01;0,555900;23067825;42,829100;
2018-02-02;0,550100;22826761;42,202400;
2018-02-05;0,543000;22524710;41,169200;
2018-02-06;0,529700;21949867;41,021100;
2018-02-07;0,538800;22372342;41,327100;
2018-02-08;0,531900;22011742;40,541800;
2018-02-09;0,523100;21650649;40,692100;
2018-02-12;0,528800;21942482;40,999400;
2018-02-13;0,528000;21909336;41,157100;
2018-02-14;0,531100;22042242;41,412500;
2018-02-15;0,536800;22284329;41,822300;
2018-02-16;0,536800;22284329;41,822300;
2018-02-19;0,541100;22465810;41,570700;
2018-02-20;0,542100;22508005;41,558200;
2018-02-21;0,544900;22623777;41,761000;
2018-02-22;0,543300;22556836;41,772200;
2018-02-23;0,545800;22659228;42,281000;
2018-02-26;0,550100;22836447;42,481900;
2018-02-27;0,550900;22870635;42,133500;
2018-02-28;0,547700;22752018;41,805800;
2018-03-01;0,544000;22600218;41,698100;
2018-03-02;0,532600;22126705;41,726300;
2018-03-05;0,535700;22248025;41,492300;
2018-03-06;0,537800;22374020;41,775800;
2018-03-07;0,537600;22353471;41,437100;
2018-03-08;0,541700;22524489;41,575600;
2018-03-09;0,546600;22720413;41,925300;
2018-03-12;0,550700;22974968;42,459600;
2018-03-13;0,548200;22871510;42,323900;
2018-03-14;0,545800;22769200;41,968800;
2018-03-15;0,546700;22809392;41,960900;
2018-03-16;0,547500;22845244;42,024600;
2018-03-19;0,542200;22615518;41,784700;
2018-03-20;0,544300;22701997;41,802800;
2018-03-21;0,545100;22735117;41,873600;
2018-03-22;0,538300;22451805;41,345500;
2018-03-23;0,529300;22078579;40,650900;
2018-03-26;0,524900;21890686;41,030700;
2018-03-27;0,532200;22180064;40,729200;
2018-03-28;0,527200;21973374;40,599400;
2018-03-29;0,531600;22159235;40,810700;
2018-03-30;0,532100;22166280;41,053200;
2018-04-02;0,532100;22166280;41,053200;
2018-04-03;0,530700;22111375;40,824300;
2018-04-04;0,528300;21971725;40,908800;
2018-04-05;0,537900;22380451;41,305800;
2018-04-06;0,534500;22239772;41,001000;
2018-04-09;0,532300;22128114;41,178300;
2018-04-10;0,533800;22183670;41,424100;
2018-04-11;0,533800;22181784;41,195000;
2018-04-12;0,536100;22323216;41,250600;
2018-04-13;0,535700;22308204;41,350900;
2018-04-16;0,533500;22215356;41,451500;
2018-04-17;0,536800;22350677;41,520700;
2018-04-18;0,539200;22437569;41,721300;
2018-04-19;0,539400;22442122;41,596600;
2018-04-20;0,539000;22430707;41,298400;
2018-04-23;0,539600;22430638;41,387300;
2018-04-24;0,538900;22392907;41,358200;
2018-04-25;0,533600;22177108;41,262500;
2018-04-26;0,538100;22354950;41,573400;
2018-04-27;0,542700;22551592;41,770200;
2018-04-30;0,544700;22632674;41,999000;
2018-05-01;0,544700;22632674;41,999000;
2018-05-02;0,544600;22633057;41,749200;
2018-05-03;0,540300;22454669;41,797700;
2018-05-04;0,544500;22671833;42,055900;
2018-05-07;0,547100;22784443;42,243600;
2018-05-08;0,549800;22897773;42,428700;
2018-05-09;0,550800;22934883;42,707200;
2018-05-10;0,554700;23091076;42,971400;
2018-05-11;0,555600;23186971;43,147900;
2018-05-14;0,556100;23196989;43,053400;
2018-05-15;0,554600;23116556;42,543900;
2018-05-16;0,558500;23281368;42,922100;
2018-05-17;0,559100;23307459;43,169200;
2018-05-18;0,557600;23238112;43,009900;
2018-05-21;0,558500;23277432;43,197800;
2018-05-22;0,560200;23346593;43,296000;
2018-05-23;0,559600;23318996;43,065200;
2018-05-24;0,557500;23211038;43,290700;
2018-05-25;0,560700;23348461;43,172700;
2018-05-28;0,560900;23357146;43,291300;
2018-05-29;0,559400;23287667;43,026200;
2018-05-30;0,556500;23168554;43,384800;
2018-05-31;0,556100;23157323;43,142700;
2018-06-01;0,557900;23225013;43,207100;
2018-06-04;0,560500;23333073;43,578500;
2018-06-05;0,562200;23405531;43,314900;
2018-06-06;0,560900;23405088;43,742800;
2018-06-07;0,560300;23373217;43,483500;
2018-06-08;0,559500;23392745;43,167200;
2018-06-11;0,560500;23465273;43,523800;
2018-06-12;0,560700;23472803;43,436100;
2018-06-13;0,561300;23502655;43,347100;
2018-06-14;0,562800;23563150;43,389300;
2018-06-15;0,561500;23514372;43,299400;
2018-06-18;0,559600;23437933;43,527500;
2018-06-19;0,556600;23315173;43,140800;
2018-06-20;0,557900;23361702;43,514800;
2018-06-21;0,554900;23237401;43,128900;
2018-06-22;0,554400;23220237;43,424400;
2018-06-25;0,546700;22896260;42,609300;
2018-06-26;0,545500;22849288;42,451800;
2018-06-27;0,547600;22942909;42,279000;
2018-06-28;0,544600;22821986;42,449000;
2018-06-29;0,547200;22934444;42,851100;
2018-07-02;0,543700;22768837;42,455400;
2018-07-03;0,545200;22782880;42,493200;
2018-07-04;0,544000;22714170;42,410600;
2018-07-05;0,543000;22676834;42,650700;
2018-07-06;0,543000;22676834;42,650700;
2018-07-09;0,549200;22941073;43,035500;
2018-07-10;0,551600;23141068;42,908100;
2018-07-11;0,548200;22996995;42,816400;
2018-07-12;0,550200;23084329;42,945400;
2018-07-13;0,553800;23237343;43,283000;
2018-07-16;0,550800;23127220;43,255000;
2018-07-17;0,551800;23168847;43,087800;
2018-07-18;0,555300;23311786;43,160800;
2018-07-19;0,555400;23317845;43,304100;
2018-07-20;0,553200;23219436;43,491700;
2018-07-23;0,551700;23156448;43,234100;
2018-07-24;0,555700;23326528;43,332600;
2018-07-25;0,557200;23385154;43,578200;
2018-07-26;0,560600;23528820;43,641500;
2018-07-27;0,562400;23607979;43,524800;
2018-07-30;0,558000;23397959;43,682400;
2018-07-31;0,556900;23353832;43,554400;
2018-08-01;0,557400;23378661;43,338000;
2018-08-02;0,555300;23292104;43,272900;
2018-08-03;0,558600;23430253;43,678800;
2018-08-06;0,559700;23477097;43,784200;
2018-08-07;0,562200;23557351;44,111300;
2018-08-08;0,561600;23552034;43,919700;
2018-08-09;0,562700;23653916;43,928600;
2018-08-10;0,562600;23621081;43,495800;
2018-08-13;0,559500;23501451;43,585200;
2018-08-14;0,561000;23565548;43,872000;
2018-08-15;0,561000;23565548;43,872000;
2018-08-16;0,557600;23392250;43,874700;
2018-08-17;0,556300;23340235;43,822900;
2018-08-20;0,558600;23435356;43,952800;
2018-08-21;0,557700;23399357;44,030200;
2018-08-22;0,556400;23350099;43,876400;
2018-08-23;0,555600;23292116;43,424300;
2018-08-24;0,555800;23301525;43,704900;
2018-08-27;0,558100;23401138;44,059100;
2018-08-28;0,557700;23388214;43,949500;
2018-08-29;0,559100;23424714;43,801400;
2018-08-30;0,557800;23371889;43,747100;
2018-08-31;0,557100;23347137;43,564200;
2018-09-03;0,557500;23369843;43,590300;
2018-09-04;0,556400;23327261;43,522000;
2018-09-05;0,550800;23093412;43,374500;
2018-09-06;0,548500;22992758;43,192100;
2018-09-07;0,549100;23017385;42,992700;
2018-09-10;0,548200;23029177;43,013200;
2018-09-11;0,547700;23062700;43,140600;
2018-09-12;0,548800;23096712;43,215500;
2018-09-13;0,549200;23112079;43,430500;
2018-09-14;0,551300;23198095;43,454100;
2018-09-17;0,549900;23148240;43,067200;
2018-09-18;0,550800;23190645;43,283900;
2018-09-19;0,553500;23286677;43,373600;
2018-09-20;0,553800;23269950;43,739100;
2018-09-21;0,556100;23368746;43,613900;
2018-09-24;0,553200;23243413;43,486300;
2018-09-25;0,553700;23264572;43,449700;
2018-09-26;0,555400;23336616;43,450000;
2018-09-27;0,557500;23400243;43,623300;
2018-09-28;0,558900;23466990;43,638200;
2018-10-01;0,561000;23557600;44,085800;
2018-10-02;0,560100;23523457;43,845200;
2018-10-03;0,559900;23494123;44,051300;
2018-10-04;0,555900;23376879;43,583800;
2018-10-05;0,552100;23220494;43,456100;
2018-10-08;0,550600;23159163;43,307100;
2018-10-09;0,550900;23169501;43,321900;
2018-10-10;0,544000;22931942;42,770300;
2018-10-11;0,531100;22394570;41,771100;
2018-10-12;0,531600;22392577;41,997900;
2018-10-15;0,531900;22404503;41,832000;
2018-10-16;0,535200;22538596;42,383700;
2018-10-17;0,538700;22685022;42,341100;
2018-10-18;0,536400;22589003;42,086700;
2018-10-19;0,535600;22555377;42,122200;
2018-10-22;0,535400;22541892;42,224100;
2018-10-23;0,528100;22232385;41,712600;
2018-10-24;0,528700;22254367;41,140100;
2018-10-25;0,526300;22149403;41,584100;
2018-10-26;0,523000;22006321;41,121900;
2018-10-29;0,523700;21999145;41,214300;
2018-10-30;0,522500;21923995;41,374800;
2018-10-31;0,530900;22251516;41,866300;
2018-11-01;0,530900;22251516;41,866300;
2018-11-02;0,537000;22508435;42,353700;
2018-11-05;0,537200;22522393;42,305100;
2018-11-06;0,538000;22559176;42,576900;
2018-11-07;0,541200;22678932;42,868900;
2018-11-08;0,544700;22826362;42,631700;
2018-11-09;0,541700;22757881;42,432700;
2018-11-12;0,540000;22728998;42,158700;
2018-11-13;0,539700;22713513;42,368800;
2018-11-14;0,536300;22567107;42,250100;
2018-11-15;0,536400;22562243;42,417400;
2018-11-16;0,536500;22570387;42,488600;
2018-11-19;0,533700;22456048;42,108000;
2018-11-20;0,526700;22162897;41,321500;
2018-11-21;0,528500;22242843;41,451900;
2018-11-22;0,526300;22118929;41,496000;
2018-11-23;0,528600;22214290;41,345100;
2018-11-26;0,530900;22226650;41,848100;
2018-11-27;0,533900;22347097;41,854600;
2018-11-28;0,536900;22472877;42,433900;
2018-11-29;0,539100;22569372;42,715000;
2018-11-30;0,539300;22585978;42,453900;
2018-12-03;0,546000;22877633;43,063000;
2018-12-04;0,544800;22827738;42,513000;
2018-12-05;0,538200;22553494;42,071300;
2018-12-06;0,526500;22070716;41,812100;
2018-12-07;0,528300;22136105;41,520100;
2018-12-10;0,518600;21835691;41,150400;
2018-12-11;0,524900;22074246;41,028300;
2018-12-12;0,529300;22260903;41,558500;
2018-12-13;0,529100;22260172;41,697700;
2018-12-14;0,527500;22195848;41,112900;
2018-12-17;0,521600;21968590;40,962800;
2018-12-18;0,516500;21755474;40,670400;
2018-12-19;0,515700;21710762;40,408300;
2018-12-20;0,507000;21362221;39,864400;
2018-12-21;0,504800;21283701;39,333400;
2018-12-24;0,504800;21283701;39,333400;
2018-12-25;0,504800;21283701;39,333400;
2018-12-26;0,504800;21283701;39,333400;
2018-12-27;0,499300;21083050;39,777000;
2018-12-28;0,507000;21414163;40,077000;
2018-12-31;0,508400;21539610;39,887100;
2019-01-01;0,508400;21539610;39,887100;
2019-01-02;0,509500;21586874;39,955200;
2019-01-03;0,507000;21355934;39,714600;
2019-01-04;0,512100;21535226;40,654600;
2019-01-07;0,515800;21689655;40,819500;
2019-01-08;0,517200;21743637;40,885600;
2019-01-09;0,521000;21953657;41,270300;
2019-01-10;0,521900;21998628;41,360200;
2019-01-11;0,523500;22064382;41,143200;
2019-01-14;0,522400;22019936;40,968300;
2019-01-15;0,526600;22200976;41,470800;
2019-01-16;0,530100;22325919;41,683300;
2019-01-17;0,531200;22368312;41,902400;
2019-01-18;0,537600;22640489;42,286500;
2019-01-21;0,537500;22638244;42,281000;
2019-01-22;0,535800;22567924;42,066500;
2019-01-23;0,533300;22451740;42,102700;
2019-01-24;0,536400;22561498;42,186200;
2019-01-25;0,539600;22695661;42,613400;
2019-01-28;0,535300;22517643;42,405500;
2019-01-29;0,536100;22550961;42,203900;
2019-01-30;0,538100;22636180;42,536400;
2019-01-31;0,543200;22856612;42,890200;
2019-02-01;0,543600;22860741;42,720800;
2019-02-04;0,545600;22952006;42,860600;
2019-02-05;0,549900;23133220;43,160600;
2019-02-06;0,550900;23169454;43,149200;
2019-02-07;0,546700;22871802;42,933200;
2019-02-08;0,544400;22824166;42,950800;
2019-02-11;0,548500;23002317;42,951500;
2019-02-12;0,551500;23128694;43,421500;
2019-02-13;0,553100;23198581;43,563200;
2019-02-14;0,552700;23223212;43,459300;
2019-02-15;0,555800;23363144;43,754800;
2019-02-18;0,556400;23371783;43,918800;
2019-02-19;0,556200;23361365;43,753100;
2019-02-20;0,558200;23446384;44,072000;
2019-02-21;0,557500;23411248;43,855400;
2019-02-22;0,560100;23514456;44,021900;
2019-02-25;0,563500;23657617;44,261000;
2019-02-26;0,562000;23587811;44,139500;
2019-02-27;0,559600;23475025;44,086000;
2019-02-28;0,557400;23396314;43,850900;
2019-03-01;0,557800;23416281;43,884300;
2019-03-04;0,560600;23541293;43,941100;
2019-03-05;0,562000;23606126;44,065100;
2019-03-06;0,561000;23561521;43,995000;
2019-03-07;0,559200;23520272;43,770900;
2019-03-08;0,554400;23395589;43,627200;
2019-03-11;0,554400;23395589;43,627200;
2019-03-12;0,561500;23703486;44,322300;
2019-03-13;0,562400;23775681;44,378300;
2019-03-14;0,562600;23774884;44,288800;
2019-03-15;0,565200;23893937;44,559000;
2019-03-18;0,566200;23934762;44,743700;
2019-03-19;0,568900;24047636;44,663300;
2019-03-20;0,565200;23854743;44,524800;
2019-03-21;0,566500;23910713;44,766600;
2019-03-22;0,565400;23863205;44,172600;
2019-03-25;0,561000;23673987;44,247800;
2019-03-26;0,564400;23817448;44,398100;
2019-03-27;0,564400;23811160;44,373900;
2019-03-28;0,565200;23848167;44,498000;
2019-03-29;0,569300;24031596;44,911700;
2019-04-01;0,574700;24260281;45,263200;
2019-04-02;0,577000;24346759;45,281200;
2019-04-03;0,578900;24416460;45,616700;
2019-04-04;0,578700;24410896;45,491500;
2019-04-05;0,580300;24482682;45,707600;
2019-04-08;0,579100;24420718;45,727000;
2019-04-09;0,578100;24370761;45,618000;
2019-04-10;0,579100;24471705;45,613700;
2019-04-11;0,578200;24471656;45,534800;
2019-04-12;0,578000;24459361;45,733600;
2019-04-15;0,578100;24471989;45,554400;
2019-04-16;0,580200;24559645;45,657400;
2019-04-17;0,579700;24537498;45,679200;
2019-04-18;0,581400;24617314;45,660300;
2019-04-19;0,581500;24607150;45,830000;
2019-04-22;0,581500;24607150;45,830000;
2019-04-23;0,583700;24701922;45,990600;
2019-04-24;0,584400;24733739;45,900800;
2019-04-25;0,584900;24762115;45,909800;
2019-04-26;0,585300;24787786;46,330900;
2019-04-29;0,586500;24839951;46,354800;
2019-04-30;0,583800;24734034;46,306200;
2019-05-01;0,583800;24734034;46,306200;
2019-05-02;0,582100;24670167;45,843700;
2019-05-03;0,585000;24795995;46,112000;
2019-05-06;0,581000;24635340;45,997900;
2019-05-07;0,576600;24494709;45,409100;
2019-05-08;0,573200;24352646;45,348000;
2019-05-09;0,565800;24044051;44,937600;
2019-05-10;0,565100;24080300;45,104600;
2019-05-13;0,560600;23890064;44,331000;
2019-05-14;0,562700;23985397;44,427900;
2019-05-15;0,565000;24082189;44,673800;
2019-05-16;0,569600;24278728;44,990800;
2019-05-17;0,567900;24205741;44,683700;
2019-05-20;0,564000;24024415;44,607600;
2019-05-21;0,565400;24085099;44,839500;
2019-05-22;0,565700;24101133;44,785100;
2019-05-23;0,560900;23893690;44,333500;
2019-05-24;0,559800;23823610;44,540600;
2019-05-27;0,560900;23857029;44,437900;
2019-05-28;0,561500;23874817;44,252700;
2019-05-29;0,558200;23701673;44,007400;
2019-05-30;0,559800;23750799;44,245500;
2019-05-31;0,557600;23635012;44,095600;
2019-06-03;0,556300;23570044;44,108600;
2019-06-04;0,556100;23558624;44,396400;
2019-06-05;0,559100;23683735;44,444600;
2019-06-06;0,560100;23717825;44,486400;
2019-06-07;0,563000;23842259;44,813600;
2019-06-10;0,565700;24032931;45,035700;
2019-06-11;0,569300;24190003;45,097600;
2019-06-12;0,567300;24110666;44,925100;
2019-06-13;0,568600;24158752;44,924500;
2019-06-14;0,569500;24169565;44,911900;
2019-06-17;0,569600;24178275;44,955300;
2019-06-18;0,576300;24462827;45,460000;
2019-06-19;0,578000;24535810;45,895800;
2019-06-20;0,580400;24640641;46,275100;
2019-06-21;0,579700;24613415;45,868200;
2019-06-24;0,579700;24613415;45,868200;
2019-06-25;0,575200;24427098;45,364100;
2019-06-26;0,574100;24382102;45,337800;
2019-06-27;0,575000;24428212;45,607400;
2019-06-28;0,576500;24500332;45,740800;
2019-07-01;0,583400;24792729;45,972100;
2019-07-02;0,585000;24903415;46,166200;
2019-07-03;0,587800;25023598;46,492100;
2019-07-04;0,589600;25098929;46,608200;
2019-07-05;0,588800;25066923;46,441600;
2019-07-08;0,587400;24998228;46,283500;
2019-07-09;0,585900;24932310;46,386000;
2019-07-10;0,586800;25049834;46,584900;
2019-07-11;0,587300;25073427;46,636100;
2019-07-12;0,587600;25075478;46,477200;
2019-07-15;0,588800;25140570;46,676200;
2019-07-16;0,590800;25225253;46,553500;
2019-07-17;0,588900;25120620;46,550600;
2019-07-18;0,586500;25019866;46,555600;
2019-07-19;0,589600;25155242;46,566300;
2019-07-22;0,588200;25090027;46,542900;
2019-07-23;0,591900;25247694;46,753200;
2019-07-24;0,594100;25339170;47,014900;
2019-07-25;0,592900;25292036;46,977500;
2019-07-26;0,593800;25329765;47,125100;
2019-07-29;0,593500;25294524;46,986700;
2019-07-30;0,590800;25192034;46,909000;
2019-07-31;0,590800;25206223;46,546900;
2019-08-01;0,592400;25276335;46,255800;
2019-08-02;0,579300;24698107;46,156700;
2019-08-05;0,568800;24243970;44,953700;
2019-08-06;0,562700;23981924;44,855900;
2019-08-07;0,563400;24017605;44,908900;
2019-08-08;0,571400;24442360;45,415800;
2019-08-09;0,570300;24464410;45,274300;
2019-08-12;0,567300;24373890;44,977200;
2019-08-13;0,569900;24490787;45,170000;
2019-08-14;0,565900;24320005;44,431800;
2019-08-15;0,565900;24320005;44,431800;
2019-08-16;0,570200;24516008;45,039100;
2019-08-19;0,574700;24716566;45,641600;
2019-08-20;0,574900;24729457;45,432900;
2019-08-21;0,576100;24787047;45,767500;
2019-08-22;0,575200;24693759;45,544900;
2019-08-23;0,570100;24444258;45,130900;
2019-08-26;0,569800;24433196;45,210100;
2019-08-27;0,570200;24438619;45,090200;
2019-08-28;0,570700;24469179;45,246000;
2019-08-29;0,575600;24686209;45,637500;
2019-08-30;0,579900;24874418;45,884900;
2019-09-02;0,581000;24926771;45,967100;
2019-09-03;0,580600;24913521;46,000600;
2019-09-04;0,582400;24995390;46,592100;
2019-09-05;0,587100;25268503;46,718800;
2019-09-06;0,589400;25370677;46,699500;
2019-09-09;0,589700;25357429;46,813900;
2019-09-10;0,587500;25303802;46,768100;
2019-09-11;0,592300;25513166;47,014900;
2019-09-12;0,593500;25563859;47,297300;
2019-09-13;0,594000;25585175;47,504200;
2019-09-16;0,594100;25570243;46,970900;
2019-09-17;0,592300;25486820;47,179000;
2019-09-18;0,592200;25483280;47,218300;
2019-09-19;0,594100;25565711;47,134100;
2019-09-20;0,595500;25631150;47,039800;
2019-09-23;0,593900;25564269;47,091000;
2019-09-24;0,593300;25532274;47,068900;
2019-09-25;0,590800;25432067;46,957300;
2019-09-26;0,592800;25461089;47,061200;
2019-09-27;0,593800;25504926;47,062700;
2019-09-30;0,593500;25543695;47,122500;
2019-10-01;0,591200;25439675;46,979900;
2019-10-02;0,581300;25024353;46,370700;
2019-10-03;0,579900;25010322;46,458000;
2019-10-04;0,584500;25242571;46,718200;
2019-10-07;0,586600;25341293;46,557700;
2019-10-08;0,582500;25162768;46,150900;
2019-10-09;0,582000;25144698;46,336600;
2019-10-10;0,584700;25329603;46,537000;
2019-10-11;0,590500;25575780;46,886100;
2019-10-14;0,589700;25487307;46,842500;
2019-10-15;0,592200;25603364;47,172300;
2019-10-16;0,591600;25570816;47,287300;
2019-10-17;0,590000;25505805;47,354700;
2019-10-18;0,588300;25432043;46,927900;
2019-10-21;0,588900;25468488;47,027500;
2019-10-22;0,590900;25555158;46,932100;
2019-10-23;0,590600;25536072;47,118300;
2019-10-24;0,592900;25639064;47,306400;
2019-10-25;0,595000;25726902;47,364300;
2019-10-28;0,596700;25795625;47,604500;
2019-10-29;0,597100;25806370;47,695600;
2019-10-30;0,595700;25737465;47,712700;
2019-10-31;0,594000;25660947;47,652500;
2019-11-01;0,594000;25660947;47,652500;
2019-11-04;0,601400;25964600;48,090700;
2019-11-05;0,604700;26109991;48,059800;
2019-11-06;0,604600;26209729;48,247200;
2019-11-07;0,607600;26332347;48,404400;
2019-11-08;0,606700;26311740;48,394400;
2019-11-11;0,605000;26260433;48,403200;
2019-11-12;0,607200;26356874;48,445000;
2019-11-13;0,605300;26287135;48,412100;
2019-11-14;0,605000;26252354;48,411500;
2019-11-15;0,606900;26337545;48,730800;
2019-11-18;0,606900;26339687;48,669200;
2019-11-19;0,607200;26352065;48,600000;
2019-11-20;0,606900;26336838;48,372300;
2019-11-21;0,604100;26218709;48,307300;
2019-11-22;0,605700;26284335;48,286700;
2019-11-25;0,610400;26493291;48,673900;
2019-11-26;0,611000;26516697;48,864400;
2019-11-27;0,612800;26596337;48,970800;
2019-11-28;0,612700;26599450;48,972500;
2019-11-29;0,610500;26519288;48,772100;
2019-12-02;0,605000;26277204;48,615200;
2019-12-03;0,600100;26072395;48,299200;
2019-12-04;0,603800;26270711;48,275200;
2019-12-05;0,603600;26310592;48,346500;
2019-12-06;0,609500;26574130;48,591900;
2019-12-09;0,609300;26574891;48,574000;
2019-12-10;0,607400;26558135;48,590200;
2019-12-11;0,608500;26612915;48,751400;
2019-12-12;0,611300;26750461;49,040900;
2019-12-13;0,613200;26850596;49,133600;
2019-12-16;0,617300;27024920;49,233600;
2019-12-17;0,617400;27034936;49,474200;
2019-12-18;0,619000;27113672;49,434600;
2019-12-19;0,619400;27117212;49,683100;
2019-12-20;0,623600;27262242;49,811300;
2019-12-23;0,624100;27327983;49,929400;
2019-12-24;0,624100;27327983;49,929400;
2019-12-25;0,624100;27327983;49,929400;
2019-12-26;0,624100;27327983;49,929400;
2019-12-27;0,624400;27346106;50,291200;
2019-12-30;0,621900;27281906;49,863600;
2019-12-31;0,620300;27281159;49,697600;
2020-01-01;0,620300;27281159;49,697600;
2020-01-02;0,623300;27431030;49,949700;
2020-01-03;0,624300;27481016;49,925700;
2020-01-06;0,621300;27403957;50,008800;
2020-01-07;0,623700;27489305;49,839900;
2020-01-08;0,624900;27562808;49,931000;
2020-01-09;0,629500;27770959;50,467400;
2020-01-10;0,630600;27867981;50,509300;
2020-01-13;0,630700;27904595;50,801100;
2020-01-14;0,632100;27972208;50,677500;
2020-01-15;0,631400;28012390;50,720800;
2020-01-16;0,633300;28105134;50,820200;
2020-01-17;0,637400;28291906;50,890600;
2020-01-20;0,638200;28330805;51,107900;
2020-01-21;0,635600;28212645;50,969600;
2020-01-22;0,637100;28260274;50,929200;
2020-01-23;0,634200;28158032;50,880600;
2020-01-24;0,636700;28248254;50,712300;
2020-01-27;0,626000;27738578;50,260800;
2020-01-28;0,627800;27810237;50,482600;
2020-01-29;0,630000;27837029;50,549600;
2020-01-30;0,623900;27579910;50,306600;
2020-01-31;0,618500;27322861;49,721800;
2020-02-03;0,618700;27339534;49,732600;
2020-02-04;0,627500;27725185;50,303400;
2020-02-05;0,632900;28026808;50,680700;
2020-02-06;0,636800;28291227;51,060900;
2020-02-07;0,636200;28170426;50,905600;
2020-02-10;0,636400;28256844;51,107900;
2020-02-11;0,641300;28524808;51,394600;
2020-02-12;0,645100;28734987;51,860000;
2020-02-13;0,647000;28803996;51,737200;
2020-02-14;0,647700;28827217;51,957700;
2020-02-17;0,649200;28906935;52,064900;
2020-02-18;0,646400;28811155;51,876500;
2020-02-19;0,650000;28959296;52,159000;
2020-02-20;0,646600;28801839;52,015000;
2020-02-21;0,643100;28647778;51,731000;
2020-02-24;0,628300;27983964;50,475800;
2020-02-25;0,619600;27585634;49,609900;
2020-02-26;0,614300;27348814;49,246000;
2020-02-27;0,599300;26612297;47,897600;
2020-02-28;0,579900;25733862;46,855800;
2020-03-02;0,580600;25734023;47,838800;
2020-03-03;0,588300;26032101;47,067800;
2020-03-04;0,589100;26118568;48,034600;
2020-03-05;0,591200;26202992;47,363000;
2020-03-06;0,572500;25369782;46,336800;
2020-03-09;0,543300;24067847;43,174300;
2020-03-10;0,540600;24082985;43,610000;
2020-03-11;0,540600;24082985;43,610000;
2020-03-12;0,503700;22420611;39,504400;
2020-03-13;0,505500;22488340;41,214900;
2020-03-16;0,494700;21997580;38,613500;
2020-03-17;0,492000;21884694;39,240100;
2020-03-18;0,481800;21394984;37,980700;
2020-03-19;0,480900;21355144;37,984900;
2020-03-20;0,487200;21674529;38,193400;
2020-03-23;0,472000;21012151;37,321200;
2020-03-24;0,489600;21825638;39,516900;
2020-03-25;0,505500;22493238;40,354800;
2020-03-26;0,512200;22794240;41,862300;
2020-03-27;0,506800;22542395;40,690100;
2020-03-30;0,509100;22704372;41,222300;
2020-03-31;0,517600;23032517;40,991200;
2020-04-01;0,504600;22466224;40,047700;
2020-04-02;0,504900;22481911;40,486600;
2020-04-03;0,505800;22554938;40,170800;
2020-04-06;0,518200;23219492;42,205600;
2020-04-07;0,532600;23806852;42,651900;
2020-04-08;0,530600;23765889;42,942700;
2020-04-09;0,538600;24070289;43,630100;
2020-04-10;0,538600;24112464;43,671700;
2020-04-13;0,538600;24112464;43,671700;
2020-04-14;0,541600;24376779;44,255800;
2020-04-15;0,537400;24156137;43,592500;
2020-04-16;0,540200;24358401;43,866000;
2020-04-17;0,547600;24719328;44,817300;
2020-04-20;0,552000;24853889;44,396500;
2020-04-21;0,535100;24077244;43,177500;
2020-04-22;0,540000;24299043;44,058800;
2020-04-23;0,548000;24660912;44,198700;
2020-04-24;0,544500;24567262;44,422500;
2020-04-27;0,553200;24910924;45,081900;
2020-04-28;0,558500;25145969;45,189000;
2020-04-29;0,564800;25507946;46,111800;
2020-04-30;0,561400;25295503;45,417500;
2020-05-01;0,561400;25295503;45,417500;
2020-05-04;0,545400;24610427;44,283700;
2020-05-05;0,554200;24991019;45,027500;
2020-05-06;0,555400;25093591;45,027300;
2020-05-07;0,559300;25313252;45,456500;
2020-05-08;0,562800;25523625;45,843800;
2020-05-11;0,565800;25670853;46,051800;
2020-05-12;0,566100;25698319;45,309000;
2020-05-13;0,555700;25224238;44,794400;
2020-05-14;0,549500;25004077;44,872100;
2020-05-15;0,552000;25141628;45,018700;
2020-05-18;0,565800;25717087;46,075300;
2020-05-19;0,567400;25854422;45,660700;
2020-05-20;0,567900;25968968;46,090600;
2020-05-21;0,564500;25735818;45,964300;
2020-05-22;0,565000;25802010;45,958800;
2020-05-25;0,571600;26116372;46,178100;
2020-05-26;0,572800;26166807;46,510000;
2020-05-27;0,572900;26178006;46,980000;
2020-05-28;0,579000;26372057;46,834100;
2020-05-29;0,571300;26112282;46,588400;
2020-06-01;0,574200;26163564;46,978000;
2020-06-02;0,579800;26510664;47,326500;
2020-06-03;0,588400;26852463;47,962100;
2020-06-04;0,586100;26757831;47,386600;
2020-06-05;0,594800;27182183;48,470500;
2020-06-08;0,597900;27413530;48,940000;
2020-06-09;0,596600;27244829;48,504000;
2020-06-10;0,594100;27207184;48,395000;
2020-06-11;0,579100;26562687;46,146900;
2020-06-12;0,573200;26289556;46,830400;
2020-06-15;0,570600;26301593;46,700300;
2020-06-16;0,584200;26845374;47,876400;
2020-06-17;0,590600;27116557;47,952300;
2020-06-18;0,589200;27053023;47,933600;
2020-06-19;0,593100;27233880;48,014700;
2020-06-22;0,588800;27141148;47,902100;
2020-06-23;0,592400;27197028;47,976800;
2020-06-24;0,592400;27197028;47,976800;
2020-06-25;0,581700;26821187;47,643200;
2020-06-26;0,582200;26733885;46,997700;
2020-06-29;0,579500;26722278;47,145500;
2020-06-30;0,583100;26897532;47,673700;
2020-07-01;0,587500;26998747;47,764600;
2020-07-02;0,594700;27318552;48,370300;
2020-07-03;0,595300;27455628;48,356400;
2020-07-06;0,595300;27455628;48,356400;
2020-07-07;0,602400;27784364;48,620600;
2020-07-08;0,598000;27605653;48,735100;
2020-07-09;0,598300;27714157;48,739100;
2020-07-10;0,601000;27897986;48,906500;
2020-07-13;0,607300;28021217;48,604200;
2020-07-14;0,597100;27634086;48,710700;
2020-07-15;0,603200;27933129;49,177800;
2020-07-16;0,601500;27863445;48,809500;
2020-07-17;0,602000;27888695;49,003300;
2020-07-20;0,605000;28032727;49,332400;
2020-07-21;0,610400;28158994;49,427700;
2020-07-22;0,604400;28008459;49,046600;
2020-07-23;0,604500;27885373;48,696500;
2020-07-24;0,594800;27388115;48,171800;
2020-07-27;0,590600;27317545;47,990500;
2020-07-28;0,593600;27331832;48,043100;
2020-07-29;0,592800;27422402;48,232600;
2020-07-30;0,589500;27252078;47,856700;
2020-07-31;0,586300;27121078;47,734600;
2020-08-03;0,594800;27401578;48,407000;
2020-08-04;0,597900;27663653;48,636100;
2020-08-05;0,598700;27741106;48,540800;
2020-08-06;0,598300;27894736;48,798100;
2020-08-07;0,601500;27947186;48,843000;
2020-08-10;0,602500;28176155;49,000300;
2020-08-11;0,606500;28241434;49,010700;
2020-08-12;0,607900;28312370;49,430100;
2020-08-13;0,607900;28318191;49,291700;
2020-08-14;0,606300;28249139;49,208500;
2020-08-17;0,606800;28278392;49,266600;
2020-08-18;0,605300;28211822;49,180800;
2020-08-19;0,607000;28291654;49,146500;
2020-08-20;0,604100;28137921;49,175000;
2020-08-21;0,607900;28314404;49,557500;
2020-08-24;0,613000;28568148;49,959000;
2020-08-25;0,614800;28655934;50,061200;
2020-08-26;0,618600;28969190;50,515600;
2020-08-27;0,622400;29041590;50,563300;
2020-08-28;0,619300;28902816;50,387800;
2020-08-31;0,615800;28717193;49,982400;
2020-09-01;0,617000;28889845;50,290700;
2020-09-02;0,625400;29359193;51,261000;
2020-09-03;0,620900;29016150;50,044600;
2020-09-04;0,607800;28402833;49,696600;
2020-09-07;0,612800;28646409;49,691400;
2020-09-08;0,604800;28274272;48,862600;
2020-09-09;0,606300;28338301;49,464200;
2020-09-10;0,606900;28370533;48,766500;
2020-09-11;0,602300;28225986;48,977600;
2020-09-14;0,606600;28422645;49,385300;
2020-09-15;0,612300;28708296;49,728100;
2020-09-16;0,615000;28848346;49,772600;
2020-09-17;0,609100;28572472;49,451600;
2020-09-18;0,605100;28395852;48,981000;
2020-09-21;0,594700;28018116;48,672600;
2020-09-22;0,598000;28168230;49,020700;
2020-09-23;0,602500;28271716;48,458300;
2020-09-24;0,595500;27938369;48,369300;
2020-09-25;0,597700;28044347;48,935200;
2020-09-28;0,608100;28534697;49,594400;
2020-09-29;0,606500;28446030;49,141900;
2020-09-30;0,608500;28554331;49,382200;
2020-10-01;0,610500;28652945;49,590800;
2020-10-02;0,609700;28613011;49,353800;
2020-10-05;0,611000;28729405;49,810900;
2020-10-06;0,614300;28886239;49,529300;
2020-10-07;0,614500;28885581;50,154900;
2020-10-08;0,619800;29291295;50,592600;
2020-10-09;0,622700;29503376;50,702900;
2020-10-12;0,629100;29824333;51,329700;
2020-10-13;0,632200;29871120;51,380100;
2020-10-14;0,631300;29832975;51,127800;
2020-10-15;0,625200;29559688;50,978300;
2020-10-16;0,628600;29724618;50,988800;
2020-10-19;0,624900;29555928;50,354100;
2020-10-20;0,618700;29281014;50,286100;
2020-10-21;0,617100;29208503;50,045400;
2020-10-22;0,616400;29151966;50,287100;
2020-10-23;0,618100;29234072;50,420500;
2020-10-26;0,612200;28952956;49,758000;
2020-10-27;0,610200;28876720;49,571600;
2020-10-28;0,601200;28411150;48,513600;
2020-10-29;0,600900;28397958;49,105800;
2020-10-30;0,597500;28246259;48,587800;
2020-11-02;0,597500;28246259;48,587800;
2020-11-03;0,611400;28847819;49,706600;
2020-11-04;0,622700;29383183;50,722000;
2020-11-05;0,629000;29759042;51,296900;
2020-11-06;0,628900;29773025;51,221100;
2020-11-09;0,644300;30514646;52,093500;
2020-11-10;0,638600;30363802;52,119000;
2020-11-11;0,643500;30603669;52,753300;
2020-11-12;0,642500;30608881;52,225500;
2020-11-13;0,640900;30643407;52,574800;
2020-11-16;0,648700;31036284;53,156400;
2020-11-17;0,648100;30892664;52,926000;
2020-11-18;0,648900;30941673;52,707300;
2020-11-19;0,644600;30737880;52,872100;
2020-11-20;0,647600;30860933;52,760500;
2020-11-23;0,647500;30846910;53,110200;
2020-11-24;0,653700;31310967;53,606600;
2020-11-25;0,653300;31302005;53,477700;
2020-11-26;0,654300;31349805;53,554500;
2020-11-27;0,654300;31363265;53,554000;
2020-11-30;0,648900;31177112;53,020200;
2020-12-01;0,651700;31129230;53,279500;
2020-12-02;0,650100;31044454;53,198800;
2020-12-03;0,650100;31133953;53,044900;
2020-12-04;0,652600;31255826;53,508600;
2020-12-07;0,654200;31401343;53,496500;
2020-12-08;0,655200;31455891;53,695200;
2020-12-09;0,657200;31548977;53,599900;
2020-12-10;0,654200;31488729;53,406100;
2020-12-11;0,650800;31335968;53,406500;
2020-12-14;0,652300;31427450;53,247800;
2020-12-15;0,651600;31605853;53,539100;
2020-12-16;0,655900;31718797;53,662300;
2020-12-17;0,656400;31739339;53,811100;
2020-12-18;0,656300;31754849;53,685800;
2020-12-21;0,650600;31614136;53,352600;
2020-12-22;0,652700;31625519;53,459400;
2020-12-23;0,655900;31725527;53,580400;
2020-12-24;0,655900;31725527;53,580400;
2020-12-25;0,655900;31725527;53,580400;
2020-12-28;0,658400;31875354;53,853200;
2020-12-29;0,659900;31995881;53,932700;
2020-12-30;0,661000;32107203;53,886700;
2020-12-31;0,662100;32239282;54,249600;
2021-01-01;0,662100;32239282;54,249600;
2021-01-04;0,660600;32177541;53,841500;
2021-01-05;0,661900;32247882;54,155800;
2021-01-06;0,667900;32574477;54,365100;
2021-01-07;0,671900;32776209;55,088900;
2021-01-08;0,680000;33239129;55,619600;
2021-01-11;0,683500;33432146;55,673100;
2021-01-12;0,684100;33463203;55,733500;
2021-01-13;0,685000;33515885;55,883600;
2021-01-14;0,688700;33687503;56,012600;
2021-01-15;0,684900;33522075;55,730700;
2021-01-18;0,685400;33564694;55,793300;
2021-01-19;0,685300;33663701;56,015800;
2021-01-20;0,692800;34042344;56,731800;
2021-01-21;0,695000;34042682;56,623200;
2021-01-22;0,690700;33820880;56,277200;
2021-01-25;0,691000;33848174;56,597200;
2021-01-26;0,692100;33902557;56,257400;
2021-01-27;0,685300;33573338;55,476500;
2021-01-28;0,682500;33428218;55,491000;
2021-01-29;0,673000;32982541;54,421500;
2021-02-01;0,677300;33227802;55,526200;
2021-02-02;0,691800;33945321;56,477400;
2021-02-03;0,695200;34152113;56,722900;
2021-02-04;0,699100;34446933;57,195800;
2021-02-05;0,702500;34613294;57,297800;
2021-02-08;0,704400;34712367;57,608000;
2021-02-09;0,705200;34828020;57,480400;
2021-02-10;0,704000;34781000;57,446300;
2021-02-11;0,707200;34954720;57,585600;
2021-02-12;0,709100;35104301;57,854400;
2021-02-15;0,713600;35270298;58,027500;
2021-02-16;0,713600;35270298;58,027500;
2021-02-17;0,711700;35184850;58,312900;
2021-02-18;0,708200;35013693;57,783300;
2021-02-19;0,708600;35021703;57,621700;
2021-02-22;0,701400;34679683;57,071400;
2021-02-23;0,695400;34386096;56,992500;
2021-02-24;0,697600;34612613;57,259500;
2021-02-25;0,694300;34346879;56,130700;
2021-02-26;0,688400;34065189;55,689400;
2021-03-01;0,695400;34531032;57,203700;
2021-03-02;0,696400;34503627;56,872100;
2021-03-03;0,694900;34467188;56,476000;
2021-03-04;0,688600;34207826;55,853100;
2021-03-05;0,680700;34007029;56,803500;
2021-03-08;0,695400;34552350;56,744600;
2021-03-09;0,697900;34685324;57,371900;
2021-03-10;0,701300;34854284;57,592000;
2021-03-11;0,701300;34854284;57,592000;
2021-03-12;0,704700;35152713;58,103800;
2021-03-15;0,707100;35406688;58,412100;
2021-03-16;0,713100;35714450;58,607300;
2021-03-17;0,710000;35560731;58,574000;
2021-03-18;0,711700;35510375;58,089100;
2021-03-19;0,706800;35260326;57,994300;
2021-03-22;0,707500;35306968;58,117800;
2021-03-23;0,708600;35363033;57,952900;
2021-03-24;0,705700;35218053;57,631600;
2021-03-25;0,703000;35164671;57,974300;
2021-03-26;0,708800;35569073;58,689700;
2021-03-29;0,713400;35799775;58,813200;
2021-03-30;0,716600;35831134;58,971300;
2021-03-31;0,718400;35927126;58,945200;
2021-04-01;0,721800;36106832;59,534500;
2021-04-02;0,721800;36166876;59,583800;
2021-04-05;0,721800;36166876;59,583800;
2021-04-06;0,728000;36460749;59,855700;
2021-04-07;0,724300;36280687;59,586000;
2021-04-08;0,726500;36367744;59,888600;
2021-04-09;0,727800;36510859;60,093400;
2021-04-12;0,727300;36507244;59,902700;
2021-04-13;0,728500;36542158;60,013500;
2021-04-14;0,729500;36591210;59,814500;
2021-04-15;0,730900;36687097;60,319300;
2021-04-16;0,734000;36852347;60,521800;
2021-04-19;0,730700;36693908;60,172100;
2021-04-20;0,722900;36313812;59,548400;
2021-04-21;0,724700;36410657;59,870300;
2021-04-22;0,729500;36657260;59,780900;
2021-04-23;0,728400;36599577;60,103900;
2021-04-26;0,730700;36713732;60,163700;
2021-04-27;0,730500;36708397;60,109300;
2021-04-28;0,730100;36693506;60,090400;
2021-04-29;0,728200;36604224;60,175400;
2021-04-30;0,728800;36646081;60,016200;
2021-05-03;0,729300;36687127;59,952000;
2021-05-04;0,722500;36343523;59,692200;
2021-05-05;0,728100;36656911;59,990600;
2021-05-06;0,726200;36737026;60,115800;
2021-05-07;0,730000;36935259;60,233200;
2021-05-10;0,728600;36821556;59,838400;
2021-05-11;0,716600;36224693;59,159700;
2021-05-12;0,712600;36018483;58,607300;
2021-05-13;0,712000;35993871;58,747100;
2021-05-14;0,715200;36243616;59,342100;
2021-05-17;0,715600;36270988;59,240700;
2021-05-18;0,716400;36235826;58,948500;
2021-05-19;0,707600;35792297;58,632200;
2021-05-20;0,714900;36171818;59,177600;
2021-05-21;0,718400;36355242;59,329300;
2021-05-24;0,718800;36356800;59,561600;
2021-05-25;0,720400;36439861;59,554100;
2021-05-26;0,723200;36581762;59,795000;
2021-05-27;0,725600;36710587;59,910700;
2021-05-28;0,728500;36863122;60,200800;
2021-05-31;0,726400;36829898;60,025800;
2021-06-01;0,729500;36994352;60,138200;
2021-06-02;0,731200;37083188;60,381300;
2021-06-03;0,731900;37155994;60,472700;
2021-06-04;0,733400;37241116;60,747600;
2021-06-07;0,733000;37214861;60,687900;
2021-06-08;0,733200;37223536;60,687200;
2021-06-09;0,733700;37258631;60,579100;
2021-06-10;0,735200;37408947;60,868600;
2021-06-11;0,739100;37619529;61,283200;
2021-06-14;0,740100;37683766;61,348800;
2021-06-15;0,740100;37704343;61,264100;
2021-06-16;0,740800;37740706;61,099900;
2021-06-17;0,745700;37996287;61,737200;
2021-06-18;0,743400;37887171;61,435100;
2021-06-21;0,743600;37911556;61,569800;
2021-06-22;0,746200;38040160;61,933900;
2021-06-23;0,746400;38064231;61,725700;
2021-06-24;0,746400;38064231;61,725700;
2021-06-25;0,752800;38395180;62,307900;
2021-06-28;0,753300;38428992;62,451400;
2021-06-29;0,756100;38577601;62,534300;
2021-06-30;0,757300;38642866;62,636900;
2021-07-01;0,757900;38742593;62,740200;
2021-07-02;0,760300;38917897;63,098900;
2021-07-05;0,762100;39010964;63,063000;
2021-07-06;0,762100;39010964;63,063000;
2021-07-07;0,763500;39092777;63,304200;
2021-07-08;0,755100;38664454;62,384000;
2021-07-09;0,758600;38925127;62,876900;
2021-07-12;0,762500;39146651;63,180000;
2021-07-13;0,767400;39404592;63,343600;
2021-07-14;0,765900;39329433;63,356900;
2021-07-15;0,765000;39305052;63,173800;
2021-07-16;0,762000;39152527;62,840800;
2021-07-19;0,750400;38563585;61,855200;
2021-07-20;0,753500;38731248;62,563300;
2021-07-21;0,759300;39008271;62,969400;
2021-07-22;0,763600;39192256;63,225500;
2021-07-23;0,767800;39407042;63,733300;
2021-07-26;0,765900;39320165;63,405800;
2021-07-27;0,757500;38891222;62,917500;
2021-07-28;0,761600;39105745;63,182100;
2021-07-29;0,763900;39218458;63,287300;
2021-07-30;0,761300;39103413;62,951200;
2021-08-02;0,762900;39303025;63,076300;
2021-08-03;0,762600;39217926;63,462600;
2021-08-04;0,767300;39506849;63,490700;
2021-08-05;0,769400;39641027;63,790100;
2021-08-06;0,772200;39796537;64,081600;
2021-08-09;0,774400;39916582;64,162000;
2021-08-10;0,776500;40110258;64,384300;
2021-08-11;0,776900;40127202;64,442500;
2021-08-12;0,777200;40148051;64,566700;
2021-08-13;0,776100;40099328;64,317100;
2021-08-16;0,773300;39970783;64,228100;
2021-08-17;0,773200;39974482;64,123600;
2021-08-18;0,773500;39992084;63,819100;
2021-08-19;0,765500;39587945;63,510100;
2021-08-20;0,767900;39719222;63,730100;
2021-08-23;0,772700;39971760;64,096900;
2021-08-24;0,777500;40225529;64,396900;
2021-08-25;0,779000;40308899;64,549700;
2021-08-26;0,776500;40176589;64,201500;
2021-08-27;0,777900;40255089;64,484400;
2021-08-30;0,780800;40414547;64,734700;
2021-08-31;0,782700;40526430;64,789600;
2021-09-01;0,783500;40588971;64,730900;
2021-09-02;0,784600;40692764;64,839900;
2021-09-03;0,784200;40718146;64,840200;
2021-09-06;0,788300;40944345;65,107200;
2021-09-07;0,785600;40809627;65,018700;
2021-09-08;0,783100;40678289;64,909400;
2021-09-09;0,782400;40650834;64,600200;
2021-09-10;0,780100;40622728;64,335800;
2021-09-13;0,778800;40565238;64,483300;
2021-09-14;0,777700;40442093;64,218400;
2021-09-15;0,777700;40442093;64,218400;
2021-09-16;0,777400;40447862;64,503500;
2021-09-17;0,776200;40377545;64,216700;
2021-09-20;0,764400;39775008;63,256600;
2021-09-21;0,765500;39830672;63,342200;
2021-09-22;0,769100;40015338;63,731700;
2021-09-23;0,774700;40317878;64,277500;
2021-09-24;0,774300;40296516;64,365300;
2021-09-27;0,775700;40386696;64,315100;
2021-09-28;0,765100;39837478;63,325600;
2021-09-29;0,764800;39816788;63,527400;
2021-09-30;0,765700;39882402;63,295700;
2021-10-01;0,761100;39652057;63,496700;
2021-10-04;0,754900;39372589;62,756400;
2021-10-05;0,760800;39721819;63,331400;
2021-10-06;0,758500;39601338;63,527600;
2021-10-07;0,771800;40312795;64,173600;
2021-10-08;0,771500;40375771;64,079100;
2021-10-11;0,772900;40475623;63,937100;
2021-10-12;0,768900;40276894;63,853500;
2021-10-13;0,768000;40210369;64,018100;
2021-10-14;0,776000;40531247;64,789300;
2021-10-15;0,783600;40840018;65,263700;
2021-10-18;0,784900;40920542;65,359900;
2021-10-19;0,788400;41103419;65,594600;
2021-10-20;0,791000;41235008;65,829200;
2021-10-21;0,791000;41235007;65,829200;
2021-10-22;0,791900;41288081;65,836500;
2021-10-25;0,795500;41479854;66,208900;
2021-10-26;0,800100;41726877;66,438900;
2021-10-27;0,797700;41612979;66,062500;
2021-10-28;0,794500;41448219;66,040100;
2021-10-29;0,800200;41733977;66,454000;
2021-11-01;0,800200;41733977;66,454000;
2021-11-02;0,800200;41733977;66,454000;
2021-11-03;0,804600;41981839;67,032700;
2021-11-04;0,811300;42397073;67,525800;
2021-11-05;0,815000;42643161;67,579900;
2021-11-08;0,814000;42583272;67,516300;
2021-11-09;0,812300;42488228;67,406900;
2021-11-10;0,814100;42680736;67,341000;
2021-11-11;0,815800;42769965;67,678200;
2021-11-12;0,820100;43004449;68,254700;
2021-11-15;0,823800;43226727;68,455300;
2021-11-16;0,830000;43551570;68,998800;
2021-11-17;0,830900;43634100;69,034500;
2021-11-18;0,827400;43455114;68,791900;
2021-11-19;0,829500;43579834;68,828700;
2021-11-22;0,832600;43754851;68,866900;
2021-11-23;0,824400;43388449;68,630300;
2021-11-24;0,828000;43581523;69,037500;
2021-11-25;0,829800;43691060;69,049600;
2021-11-26;0,808500;42587906;66,918100;
2021-11-29;0,809800;42674499;67,584400;
2021-11-30;0,805000;42444723;66,647500;
2021-12-01;0,809900;42764255;66,068100;
2021-12-02;0,799400;42231792;66,665500;
2021-12-03;0,798600;42237497;66,349500;
2021-12-06;0,802300;42451395;66,874600;
2021-12-07;0,818900;43352003;68,384000;
2021-12-08;0,819800;43410663;68,136800;
2021-12-09;0,820800;43470631;68,049600;
2021-12-10;0,816500;43335354;68,145700;
2021-12-13;0,814500;43245419;67,787500;
2021-12-14;0,807800;42888509;67,306800;
2021-12-15;0,805900;42826233;68,037700;
2021-12-16;0,815500;43333137;67,652600;
2021-12-17;0,809700;43021723;67,294100;
2021-12-20;0,795200;42267503;66,297100;
2021-12-21;0,803000;42707198;67,488200;
2021-12-22;0,811600;43154603;67,740500;
2021-12-23;0,818700;43558079;68,306700;
2021-12-24;0,818700;43558079;68,306700;
2021-12-27;0,823300;43832536;68,824200;
2021-12-28;0,827100;44052733;69,031100;
2021-12-29;0,824800;43946389;68,726600;
2021-12-30;0,826900;44192945;68,766100;
2021-12-31;0,827000;44255209;68,507100;
2022-01-03;0,827500;44292956;69,167200;
2022-01-04;0,830400;44474729;69,195500;
2022-01-05;0,826600;44317022;68,137500;
2022-01-06;0,814400;43672126;68,003400;
2022-01-07;0,811000;43499635;67,650900;
2022-01-10;0,803200;43170589;67,665200;
2022-01-11;0,810500;43567973;68,112300;
2022-01-12;0,815800;43852219;68,209200;
2022-01-13;0,813300;43714338;67,385000;
2022-01-14;0,803400;43191979;67,334300;
2022-01-17;0,807100;43398402;67,539500;
2022-01-18;0,800800;43050007;66,862100;
2022-01-19;0,796500;42818475;66,380400;
2022-01-20;0,800700;43051827;66,200300;
2022-01-21;0,786500;42270961;65,096800;
2022-01-24;0,761900;40957266;64,791500;
2022-01-25;0,765900;41151291;64,356600;
2022-01-26;0,773200;41545487;64,391800;
2022-01-27;0,775100;41646195;64,550900;
2022-01-28;0,768800;41314213;65,366400;
2022-01-31;0,782500;42067424;66,210400;
2022-02-01;0,790100;42574724;66,525700;
2022-02-02;0,791200;42752330;66,731300;
2022-02-03;0,781900;42293961;64,923900;
2022-02-04;0,771000;41706508;65,025700;
2022-02-07;0,774000;41861688;64,960900;
2022-02-08;0,776300;41978200;65,419700;
2022-02-09;0,786400;42587547;66,381500;
2022-02-10;0,786600;42604391;65,597400;
2022-02-11;0,779900;42247342;65,011300;
2022-02-14;0,772000;41756826;64,898700;
2022-02-15;0,778400;42120997;65,464100;
2022-02-16;0,778400;42120997;65,464100;
2022-02-17;0,775700;41969940;64,717200;
2022-02-18;0,765600;41430751;64,330600;
2022-02-21;0,759100;41083598;64,128100;
2022-02-22;0,757700;40979885;63,565100;
2022-02-23;0,752800;40707981;62,897700;
2022-02-24;0,740700;40052800;63,618200;
2022-02-25;0,759700;41089826;64,366400;
2022-02-28;0,764100;41282342;64,405900;
2022-03-01;0,761100;41075277;64,057000;
2022-03-02;0,764600;41264568;65,049000;
2022-03-03;0,764800;41305815;64,676200;
2022-03-04;0,758000;40946449;64,421100;
2022-03-07;0,752200;40628446;62,875100;
2022-03-08;0,736200;39742001;62,381700;
2022-03-09;0,742900;40112740;63,092200;
2022-03-10;0,740700;39960296;63,126000;
2022-03-11;0,740700;39960296;63,126000;
2022-03-14;0,736000;39814322;62,174800;
2022-03-15;0,738600;39973241;62,825400;
2022-03-16;0,754600;40848749;64,484500;
2022-03-17;0,760500;41155711;64,940000;
2022-03-18;0,770900;41692068;65,893200;
2022-03-21;0,777000;42033191;65,782800;
2022-03-22;0,784100;42434943;66,633800;
2022-03-23;0,785100;42496175;66,260600;
2022-03-24;0,783400;42410929;66,753100;
2022-03-25;0,787000;42612142;66,936000;
2022-03-28;0,789300;42748861;67,301400;
2022-03-29;0,795000;43057011;67,544500;
2022-03-30;0,793500;42976302;66,987700;
2022-03-31;0,790500;42823314;66,321300;
2022-04-01;0,787300;42656393;66,923600;
2022-04-04;0,797000;43249019;67,757200;
2022-04-05;0,800100;43487081;67,441800;
2022-04-06;0,787400;42801319;66,700100;
2022-04-07;0,783700;42682683;66,689100;
2022-04-08;0,789700;43016503;66,871500;
2022-04-11;0,780300;42538087;65,826500;
2022-04-12;0,780100;42536738;65,687900;
2022-04-13;0,778300;42438081;66,412100;
2022-04-14;0,782200;42660668;66,319500;
2022-04-15;0,782200;42636651;66,270100;
2022-04-18;0,782200;42636651;66,270100;
2022-04-19;0,781500;42607972;66,608300;
2022-04-20;0,782800;42685345;66,326400;
2022-04-21;0,780500;42570698;65,729400;
2022-04-22;0,767100;41849722;64,556900;
2022-04-25;0,755000;41209553;64,737400;
2022-04-26;0,754700;41198957;63,748000;
2022-04-27;0,757400;41334875;64,432200;
2022-04-28;0,762300;41593323;65,608500;
2022-04-29;0,768600;41946379;64,205500;
2022-05-02;0,754600;41196721;64,387800;
2022-05-03;0,760700;41534462;64,531800;
2022-05-04;0,754300;41206396;65,540200;
2022-05-05;0,757500;41388365;63,954800;
2022-05-06;0,743000;40599840;63,010400;
2022-05-09;0,728600;39825567;61,402000;
2022-05-10;0,721700;39537514;61,415200;
2022-05-11;0,724700;39707312;60,872500;
2022-05-12;0,718200;39416437;61,272700;
2022-05-13;0,732500;40260288;62,767200;
2022-05-16;0,733400;40320693;62,550800;
2022-05-17;0,736400;40485757;63,000000;
2022-05-18;0,730500;40164564;61,464700;
2022-05-19;0,716500;39402498;60,649200;
2022-05-20;0,714200;39277116;61,065600;
2022-05-23;0,719900;39586803;61,361500;
2022-05-24;0,707800;38923956;60,464800;
2022-05-25;0,714200;39312818;61,131400;
2022-05-26;0,722000;39754006;61,829300;
2022-05-27;0,735000;40451800;63,198400;
2022-05-30;0,739900;40725739;63,180600;
2022-05-31;0,736400;40580529;63,197800;
2022-06-01;0,739100;40745285;62,934100;
2022-06-02;0,740100;40869385;63,509500;
2022-06-03;0,739200;40871006;62,718700;
2022-06-06;0,744200;41167364;63,012600;
2022-06-07;0,740100;40943065;63,283600;
2022-06-08;0,742800;41099899;62,791700;
2022-06-09;0,736600;40762228;62,010000;
2022-06-10;0,719600;39811706;60,962700;
2022-06-13;0,703300;38997455;59,376400;
2022-06-14;0,696000;38599500;59,077700;
2022-06-15;0,699600;38828429;59,802300;
2022-06-16;0,685600;38061841;57,942300;
2022-06-17;0,682200;37854858;58,163100;
2022-06-20;0,684400;37978204;57,886900;
2022-06-21;0,690700;38320037;58,789300;
2022-06-22;0,690900;38332587;58,429400;
2022-06-23;0,691200;38366799;59,157000;
2022-06-24;0,691200;38366799;59,157000;
2022-06-27;0,710700;39462085;60,449600;
2022-06-28;0,709500;39398788;60,031300;
2022-06-29;0,704100;39105070;60,007900;
2022-06-30;0,698800;38823591;59,492400;
2022-07-01;0,700200;38907608;60,073500;
2022-07-04;0,701600;39010906;60,036500;
2022-07-05;0,705000;39259372;60,963300;
2022-07-06;0,705000;39259372;60,963300;
2022-07-07;0,726900;40537681;62,444100;
2022-07-08;0,732300;40857008;62,498800;
2022-07-11;0,729000;40770141;62,249300;
2022-07-12;0,728300;40741995;61,978300;
2022-07-13;0,720100;40279587;61,443300;
2022-07-14;0,715200;39962135;61,627000;
2022-07-15;0,723400;40446409;62,129700;
2022-07-18;0,727400;40683016;61,507100;
2022-07-19;0,726100;40610421;62,455000;
2022-07-20;0,736000;41153685;63,055500;
2022-07-21;0,739300;41347485;63,683000;
2022-07-22;0,740900;41449932;63,166100;
2022-07-25;0,738600;41331704;63,152300;
2022-07-26;0,738000;41301544;63,102000;
2022-07-27;0,742700;41574730;64,277900;
2022-07-28;0,753300;42163186;64,844500;
2022-07-29;0,758000;42405981;65,269700;
2022-08-01;0,759500;42504591;64,894600;
2022-08-02;0,758800;42513298;64,826500;
2022-08-03;0,764200;42863656;65,927400;
2022-08-04;0,765300;42920995;65,697300;
2022-08-05;0,764400;42891255;65,808800;
2022-08-08;0,768300;43129731;65,596500;
2022-08-09;0,761800;42831079;65,190300;
2022-08-10;0,764700;43008488;65,612500;
2022-08-11;0,770300;43337292;65,723100;
2022-08-12;0,775600;43653923;67,078100;
2022-08-15;0,775600;43653923;67,078100;
2022-08-16;0,788000;44385395;67,716400;
2022-08-17;0,784100;44165858;67,353600;
2022-08-18;0,786800;44328245;67,562200;
2022-08-19;0,783700;44154935;67,220100;
2022-08-22;0,779800;43947775;66,504500;
2022-08-23;0,773500;43563724;66,143400;
2022-08-24;0,774600;43619364;66,175600;
2022-08-25;0,777600;43728169;67,083200;
2022-08-26;0,771400;43382865;65,255600;
2022-08-29;0,758100;42648085;64,756800;
2022-08-30;0,749700;42176737;64,297700;
2022-08-31;0,744700;41948195;63,527700;
2022-09-01;0,739700;41830363;63,821000;
2022-09-02;0,745800;42166933;63,087400;
2022-09-05;0,742300;42028192;63,523000;
2022-09-06;0,740200;41913178;63,361500;
2022-09-07;0,739100;41842672;63,685600;
2022-09-08;0,746900;42298743;64,123000;
2022-09-09;0,752500;42607267;64,658400;
2022-09-12;0,756900;42966053;64,921700;
2022-09-13;0,748200;42474162;63,526900;
2022-09-14;0,740200;42033742;63,430300;
2022-09-15;0,736800;41871107;62,904100;
2022-09-16;0,726000;41267584;62,114900;
2022-09-19;0,725000;41225432;62,424000;
2022-09-20;0,725100;41275912;62,004000;
2022-09-21;0,729700;41544162;61,806600;
2022-09-22;0,717800;40864487;61,515800;
2022-09-23;0,711800;40537140;61,059400;
2022-09-26;0,712700;40595699;60,662200;
2022-09-27;0,710500;40468206;60,757100;
2022-09-28;0,712300;40569005;61,314100;
2022-09-29;0,700700;39920106;59,665300;
2022-09-30;0,700000;39899250;59,025600;
2022-10-03;0,697800;39770916;59,955700;
2022-10-04;0,710700;40584057;60,996600;
2022-10-05;0,713200;40806287;61,455700;
2022-10-06;0,717700;41068106;61,052000;
2022-10-07;0,706700;40450935;59,920700;
2022-10-10;0,700800;40223098;59,841600;
2022-10-11;0,696800;40007680;59,213800;
2022-10-12;0,694000;39861936;59,092800;
2022-10-13;0,694100;39867588;59,838900;
2022-10-14;0,697200;40069278;58,966500;
2022-10-17;0,699400;40222214;59,836400;
2022-10-18;0,702800;40420333;60,285400;
2022-10-19;0,704500;40520413;60,071300;
2022-10-20;0,703500;40472293;59,515300;
2022-10-21;0,700300;40294212;60,497100;
2022-10-24;0,706300;40645477;60,471800;
2022-10-25;0,711800;40900651;61,033900;
2022-10-26;0,714300;41043291;60,466000;
2022-10-27;0,712300;40928129;60,546200;
2022-10-28;0,715600;41118197;61,531200;
2022-10-31;0,721600;41477532;61,652200;
2022-11-01;0,721600;41477532;61,652200;
2022-11-02;0,721600;41477532;61,652200;
2022-11-03;0,714400;41100385;60,669100;
2022-11-04;0,710700;40912258;60,872900;
2022-11-07;0,714000;41160079;60,902800;
2022-11-08;0,719400;41558062;60,981700;
2022-11-09;0,713900;41248760;60,324300;
2022-11-10;0,725700;42007020;62,089700;
2022-11-11;0,727200;42122038;62,346600;
2022-11-14;0,730300;42317663;61,935000;
2022-11-15;0,732100;42452385;62,372600;
2022-11-16;0,725500;42092919;61,694900;
2022-11-17;0,721900;41888637;61,740600;
2022-11-18;0,725200;42145467;61,918200;
2022-11-21;0,728300;42347759;62,176300;
2022-11-22;0,731100;42517103;62,590000;
2022-11-23;0,733900;42670012;62,570000;
2022-11-24;0,734800;42729896;62,644700;
2022-11-25;0,733700;42669030;62,569300;
2022-11-28;0,730300;42494534;61,857400;
2022-11-29;0,727000;42300562;62,122000;
2022-11-30;0,731800;42606317;63,854000;
2022-12-01;0,740700;43253905;63,197800;
2022-12-02;0,737100;43046680;63,071300;
2022-12-05;0,732500;42853043;62,098900;
2022-12-06;0,724700;42406225;61,496100;
2022-12-07;0,720700;42174055;61,235900;
2022-12-08;0,721300;42214644;61,411400;
2022-12-09;0,724500;42408284;61,370900;
2022-12-12;0,720600;42323486;61,773700;
2022-12-13;0,728000;42747687;61,765400;
2022-12-14;0,726500;42652723;61,568900;
2022-12-15;0,710300;41730866;60,044700;
2022-12-16;0,703100;41314345;59,593800;
2022-12-19;0,699900;41157984;59,361400;
2022-12-20;0,697300;41021076;59,097700;
2022-12-21;0,704500;41454449;59,912700;
2022-12-22;0,700700;41230744;59,456300;
2022-12-23;0,699600;41182534;59,463000;
2022-12-26;0,699600;41182534;59,463000;
2022-12-27;0,699900;41234679;59,171800;
2022-12-28;0,696400;41099974;58,851100;
2022-12-29;0,699600;41436316;59,344700;
2022-12-30;0,696900;41357721;59,101400;
2023-01-02;0,705100;41861562;59,195100;
2023-01-03;0,702600;41717241;59,825100;
2023-01-04;0,709400;42118903;60,148000;
2023-01-05;0,707700;42091898;60,051000;
2023-01-06;0,711800;42339069;60,724900;
2023-01-09;0,716500;42723924;60,432000;
2023-01-10;0,711600;42435627;60,675100;
2023-01-11;0,716200;42722689;61,170800;
2023-01-12;0,719600;42935360;61,248100;
2023-01-13;0,721800;43089275;61,536700;
2023-01-16;0,723500;43175506;61,575200;
2023-01-17;0,725900;43319070;61,710900;
2023-01-18;0,722900;43143642;61,137700;
2023-01-19;0,715400;42694158;60,760300;
2023-01-20;0,717900;42839424;61,382600;
2023-01-23;0,727200;43406038;61,821200;
2023-01-24;0,726400;43362453;61,779100;
2023-01-25;0,722600;43131235;61,665600;
2023-01-26;0,728500;43461000;62,392100;
2023-01-27;0,733700;43775640;62,673100;
2023-01-30;0,731200;43628311;61,945400;
2023-01-31;0,728700;43476891;62,416600;
2023-02-01;0,730100;43605283;62,693800;
2023-02-02;0,741300;44279564;63,470500;
2023-02-03;0,745000;44581283;63,365000;
2023-02-06;0,741800;44406418;63,354900;
2023-02-07;0,742900;44477153;64,108800;
2023-02-08;0,743700;44450406;63,593300;
2023-02-09;0,743600;44522643;63,190400;
2023-02-10;0,739800;44326172;63,392200;
2023-02-13;0,743100;44534067;63,690600;
2023-02-14;0,741300;44431041;63,758800;
2023-02-15;0,745300;44690683;64,037000;
2023-02-16;0,745300;44690683;64,037000;
2023-02-17;0,738100;44274235;63,395700;
2023-02-20;0,739800;44381481;63,364300;
2023-02-21;0,733500;44008459;62,428600;
2023-02-22;0,730500;43834028;62,481300;
2023-02-23;0,731200;43870069;62,845800;
2023-02-24;0,727900;43670030;62,419800;
2023-02-27;0,729700;43820884;62,361400;
2023-02-28;0,727400;43679487;62,201600;
2023-03-01;0,723100;43430928;61,773700;
2023-03-02;0,725000;43677076;62,331400;
2023-03-03;0,733900;44273475;63,243300;
2023-03-06;0,737100;44482755;62,955200;
2023-03-07;0,733500;44262986;62,670900;
2023-03-08;0,731800;44165776;62,816900;
2023-03-09;0,730800;44253602;61,966900;
2023-03-10;0,717800;43491130;60,521900;
2023-03-13;0,703900;42666850;60,058700;
2023-03-14;0,708400;42941095;60,624500;
2023-03-15;0,706100;42888843;61,081500;
2023-03-16;0,713200;43308546;61,394600;
2023-03-17;0,709100;43056102;60,909500;
2023-03-20;0,708600;43005800;60,830700;
2023-03-21;0,712200;43204814;61,288900;
2023-03-22;0,715200;43388132;60,745400;
2023-03-23;0,711400;43162826;60,589200;
2023-03-24;0,710400;43108673;61,160500;
2023-03-27;0,714100;43339155;61,159100;
2023-03-28;0,712500;43228093;60,920900;
2023-03-29;0,717100;43506163;61,684600;
2023-03-30;0,721300;43756153;61,714500;
2023-03-31;0,726900;44124604;62,667300;
2023-04-03;0,728400;44236094;62,677100;
2023-04-04;0,725000;44007343;62,095200;
2023-04-05;0,722800;43942649;62,141500;
2023-04-06;0,723700;44096433;62,200700;
2023-04-07;0,723700;44101290;62,227900;
2023-04-10;0,723700;44101290;62,227900;
2023-04-11;0,727600;44413808;62,447700;
2023-04-12;0,724800;44246621;62,014900;
2023-04-13;0,723900;44195688;62,334800;
2023-04-14;0,727800;44439682;62,517300;
2023-04-17;0,731000;44664615;63,097000;
2023-04-18;0,732900;44774702;62,970900;
2023-04-19;0,731000;44670229;62,866300;
2023-04-20;0,729200;44556399;62,559500;
2023-04-21;0,727100;44431767;62,548900;
2023-04-24;0,724500;44287639;62,276200;
2023-04-25;0,721900;44130770;61,763200;
2023-04-26;0,716100;43779821;61,268500;
2023-04-27;0,719100;43965135;62,208500;
2023-04-28;0,725200;44328644;62,482100;
2023-05-01;0,725200;44328644;62,482100;
2023-05-02;0,720900;44083544;62,250700;
2023-05-03;0,720600;44085316;61,701100;
2023-05-04;0,717200;43931257;61,726000;
2023-05-05;0,724000;44444556;62,563800;
2023-05-08;0,727300;44646061;62,697600;
2023-05-09;0,728400;44715740;62,727600;
2023-05-10;0,727900;44762368;62,800300;
2023-05-11;0,729400;44866166;63,003700;
2023-05-12;0,731500;45006038;63,181900;
2023-05-15;0,734200;45206322;63,406500;
2023-05-16;0,733800;45115654;63,118300;
2023-05-17;0,734800;45177977;63,733400;
2023-05-18;0,741800;45613600;64,469500;
2023-05-19;0,742500;45658382;64,405100;
2023-05-22;0,746300;45864235;64,461900;
2023-05-23;0,744700;45765470;63,940900;
2023-05-24;0,735200;45182942;63,410000;
2023-05-25;0,737200;45315018;63,798200;
2023-05-26;0,745900;45851908;64,657200;
2023-05-29;0,746800;45921304;64,681200;
2023-05-30;0,745700;45853982;64,517100;
2023-05-31;0,741700;45611587;64,354200;
2023-06-01;0,745200;45832637;64,604800;
2023-06-02;0,756000;46546823;65,607300;
2023-06-05;0,758800;46805841;65,662600;
2023-06-06;0,761200;46964672;65,968000;
2023-06-07;0,760600;46923949;65,614400;
2023-06-08;0,757000;46734329;65,555500;
2023-06-09;0,759900;46911090;65,785600;
2023-06-12;0,762000;47179651;66,322800;
2023-06-13;0,768200;47566009;66,567500;
2023-06-14;0,768800;47594522;66,490000;
2023-06-15;0,766800;47491658;66,739000;
2023-06-16;0,769400;47646545;66,600300;
2023-06-19;0,766100;47501557;66,410300;
2023-06-20;0,762300;47269748;66,219100;
2023-06-21;0,758100;47006674;65,546300;
2023-06-22;0,755200;46837639;65,594900;
2023-06-23;0,753800;46756498;65,438400;
2023-06-26;0,752700;46695367;65,068300;
2023-06-27;0,752100;46663958;65,423500;
2023-06-28;0,757100;46968733;65,790500;
2023-06-29;0,759600;47130814;65,999400;
2023-06-30;0,764800;47468411;66,558400;
2023-07-03;0,768400;47731680;66,781800;
2023-07-04;0,769400;47803294;66,835800;
2023-07-05;0,768500;47815994;66,737200;
2023-07-06;0,768500;47815994;66,737200;
2023-07-07;0,757000;47300937;65,445500;
2023-07-10;0,754300;47154579;65,433100;
2023-07-11;0,757000;47333033;65,863700;
2023-07-12;0,761300;47624687;65,850700;
2023-07-13;0,762500;47721570;66,198400;
2023-07-14;0,762800;47733160;65,994100;
2023-07-17;0,761600;47695022;66,166300;
2023-07-18;0,764600;47883248;66,531500;
2023-07-19;0,769500;48194437;66,870300;
2023-07-20;0,769400;48186921;66,673100;
2023-07-21;0,770200;48227124;66,796400;
2023-07-24;0,773500;48428402;67,141700;
2023-07-25;0,778300;48732448;67,646800;
2023-07-26;0,776700;48640219;67,490600;
2023-07-27;0,784100;49096885;67,786100;
2023-07-28;0,784700;49136838;68,059100;
2023-07-31;0,785200;49172823;68,255500;
2023-08-01;0,784200;49127826;68,206100;
2023-08-02;0,776700;48774378;67,380600;
2023-08-03;0,773100;48596010;67,117600;
2023-08-04;0,771800;48545586;66,533400;
2023-08-07;0,769600;48416030;66,992800;
2023-08-08;0,767200;48275834;66,919400;
2023-08-09;0,766900;48259458;66,444300;
2023-08-10;0,769300;48428292;66,425300;
2023-08-11;0,764100;48150002;66,355000;
2023-08-14;0,766500;48296165;66,804600;
2023-08-15;0,766500;48296165;66,804600;
2023-08-16;0,762100;48040606;65,740500;
2023-08-17;0,756800;47711809;65,318200;
2023-08-18;0,751400;47465771;65,231400;
2023-08-21;0,751000;47428861;65,412400;
2023-08-22;0,756600;47766759;65,664900;
2023-08-23;0,761300;48061929;66,332000;
2023-08-24;0,761100;48054898;65,813000;
2023-08-25;0,760500;48027091;66,244300;
2023-08-28;0,765700;48345170;66,562000;
2023-08-29;0,771100;48689382;67,335700;
2023-08-30;0,771400;48712929;67,065900;
2023-08-31;0,773800;48882134;67,383800;
2023-09-01;0,777500;49121561;67,773300;
2023-09-04;0,777900;49127780;67,990800;
2023-09-05;0,779900;49350567;68,075500;
2023-09-06;0,775600;49133800;67,683200;
2023-09-07;0,773400;49075737;67,452600;
2023-09-08;0,773900;49209396;67,420300;
2023-09-11;0,774400;49275530;67,706600;
2023-09-12;0,775300;49358041;67,595600;
2023-09-13;0,774500;49272701;67,450500;
2023-09-14;0,781500;49719308;68,488100;
2023-09-15;0,780400;49679372;68,033500;
2023-09-18;0,776500;49452077;67,793600;
2023-09-19;0,773500;49261664;67,602800;
2023-09-20;0,775100;49356387;67,076600;
2023-09-21;0,765200;48722664;66,309400;
2023-09-22;0,764500;48683237;66,271800;
2023-09-25;0,763800;48623986;66,726500;
2023-09-26;0,759700;48314358;65,889000;
2023-09-27;0,759700;48323564;66,257800;
2023-09-28;0,760700;48385860;66,269600;
2023-09-29;0,761900;48494901;66,157300;
2023-10-02;0,761600;48488510;66,479200;
2023-10-03;0,755200;48119888;65,675700;
2023-10-04;0,751800;47954160;65,791600;
2023-10-05;0,752300;48007751;65,748700;
2023-10-06;0,756200;48266765;66,374300;
2023-10-09;0,758900;48551126;66,533200;
2023-10-10;0,766800;49079634;66,859900;
2023-10-11;0,766300;49054125;67,053200;
2023-10-12;0,770200;49306499;67,230500;
2023-10-13;0,766900;49116499;66,952800;
2023-10-16;0,768400;49203221;67,096500;
2023-10-17;0,767400;49151163;67,006200;
2023-10-18;0,762900;48871489;66,349500;
2023-10-19;0,755400;48389768;65,508500;
2023-10-20;0,744300;47707015;64,661000;
2023-10-23;0,740600;47471849;64,304100;
2023-10-24;0,743700;47681033;64,824500;
2023-10-25;0,741600;47554215;64,228300;
2023-10-26;0,737400;47296412;63,747200;
2023-10-27;0,732800;47002468;63,478000;
2023-10-30;0,732400;46991789;63,789200;
2023-10-31;0,737300;47347536;64,261000;
2023-11-01;0,737300;47347536;64,261000;
2023-11-02;0,737300;47347536;64,261000;
2023-11-03;0,758600;48758304;65,956400;
2023-11-06;0,758200;48777641;66,184600;
2023-11-07;0,761800;49085958;66,498300;
2023-11-08;0,760200;49004187;66,409700;
2023-11-09;0,761800;49328993;66,147400;
2023-11-10;0,760000;49244371;66,836200;
2023-11-13;0,764700;49543431;66,804300;
2023-11-14;0,768900;49809531;67,183100;
2023-11-15;0,772800;50085580;67,449800;
2023-11-16;0,769300;49848788;67,371500;
2023-11-17;0,771000;49966006;67,496400;
2023-11-20;0,772000;50054961;67,673500;
2023-11-21;0,772300;50065844;67,615800;
2023-11-22;0,776500;50350702;68,093200;
2023-11-23;0,776200;50333545;67,942400;
2023-11-24;0,775400;50284844;67,817200;
2023-11-27;0,773900;50168674;67,716500;
2023-11-28;0,772900;50209273;67,564300;
2023-11-29;0,773600;50261937;67,646100;
2023-11-30;0,776500;50447492;68,246500;
2023-12-01;0,783000;50922186;69,023000;
2023-12-04;0,784000;51005310;68,838300;
2023-12-05;0,785600;51185542;68,826600;
2023-12-06;0,787500;51302841;68,902600;
2023-12-07;0,787700;51322214;69,282700;
2023-12-08;0,791600;51690958;69,620400;
2023-12-11;0,794300;51900130;69,939600;
2023-12-12;0,794400;51932955;69,993300;
2023-12-13;0,795500;52009251;70,548100;
2023-12-14;0,798100;52178333;70,011200;
2023-12-15;0,801500;52450679;70,545200;
2023-12-18;0,800700;52442247;70,615100;
2023-12-19;0,802100;52543659;70,611400;
2023-12-20;0,803300;52716452;70,078800;
2023-12-21;0,799000;52461637;70,456600;
2023-12-22;0,800800;52594898;70,397400;
2023-12-25;0,800800;52594898;70,397400;
2023-12-26;0,800800;52594898;70,397400;
2023-12-27;0,799300;52515085;70,415400;
2023-12-28;0,803300;52964618;70,577500;
2023-12-29;0,805100;53176224;70,761600;
2024-01-01;0,805100;53176224;70,761600;
2024-01-02;0,805000;53200021;70,824700;
2024-01-03;0,801800;52942326;70,324800;
2024-01-04;0,799800;52864075;69,992400;
2024-01-05;0,798000;52770317;69,970100;
2024-01-08;0,798800;52841393;70,698500;
2024-01-09;0,803400;53250334;70,905800;
2024-01-10;0,803100;53253307;70,893300;
2024-01-11;0,801200;53147499;71,015800;
2024-01-12;0,805500;53466543;71,099700;
2024-01-15;0,805600;53494394;71,126000;
2024-01-16;0,805800;53528925;71,154200;
2024-01-17;0,800000;53150354;70,655200;
2024-01-18;0,802200;53294202;71,165400;
2024-01-19;0,805100;53491795;71,740600;
2024-01-22;0,811900;53962718;71,974400;
2024-01-23;0,813600;54063518;72,384700;
2024-01-24;0,818100;54369670;72,289500;
2024-01-25;0,820500;54531308;72,954000;
2024-01-26;0,820500;54531308;72,954000;
2024-01-29;0,823800;54756549;73,665200;
2024-01-30;0,825100;54862846;73,316300;
2024-01-31;0,821700;54579000;72,454800;
2024-02-01;0,818400;54351324;73,166300;
2024-02-02;0,827900;55072408;73,866100;
2024-02-05;0,829900;55334027;74,077100;
2024-02-06;0,834100;55613720;74,297800;
2024-02-07;0,836500;55777259;74,678000;
2024-02-08;0,836900;55899114;74,632700;
2024-02-09;0,837800;55969658;74,832200;
2024-02-12;0,844600;56471152;74,924700;
2024-02-13;0,837300;55986210;74,441200;
2024-02-14;0,838500;56001761;75,001500;
2024-02-15;0,842700;56316741;75,257800;
2024-02-16;0,842700;56316741;75,257800;
2024-02-19;0,843800;56422851;75,209100;
2024-02-20;0,838000;56038428;74,560800;
2024-02-21;0,836400;55937958;74,619200;
2024-02-22;0,846300;56610986;75,924200;
2024-02-23;0,850000;56861556;75,920900;
2024-02-26;0,847300;56697136;75,531800;
2024-02-27;0,846200;56619061;75,720400;
2024-02-28;0,845800;56603942;75,560700;
2024-02-29;0,847500;56732796;75,993600;
2024-03-01;0,852900;57146935;76,500600;
2024-03-04;0,853400;57185779;76,312600;
2024-03-05;0,848500;57041554;75,650900;
2024-03-06;0,850100;57236077;75,856400;
2024-03-07;0,852900;57438135;76,456200;
2024-03-08;0,853500;57487509;76,054800;
2024-03-11;0,853500;57487509;76,054800;
2024-03-12;0,855400;57668368;76,805300;
2024-03-13;0,855900;57717997;76,544100;
2024-03-14;0,855700;57705983;76,665600;
2024-03-15;0,851500;57449642;76,138000;
2024-03-18;0,855500;57739964;76,553500;
2024-03-19;0,856700;57797380;76,901900;
2024-03-20;0,858800;57948136;77,439700;
2024-03-21;0,869100;58614917;77,936200;
2024-03-22;0,869300;58636606;78,069100;
2024-03-25;0,867100;58474701;77,700500;
2024-03-26;0,867700;58459801;77,687800;
2024-03-27;0,867900;58471377;78,162000;
2024-03-28;0,873100;58835827;78,337600;
2024-03-29;0,873000;58846216;78,377800;
2024-04-01;0,873000;58846216;78,377800;
2024-04-02;0,868500;58559929;77,931200;
2024-04-03;0,867700;58640620;77,631900;
2024-04-04;0,868200;58733524;76,855000;
2024-04-05;0,862000;58349726;77,535900;
2024-04-08;0,865000;58551688;77,439900;
2024-04-09;0,862400;58496292;77,537900;
2024-04-10;0,864200;58652610;77,611500;
2024-04-11;0,865600;58756396;78,212600;
2024-04-12;0,868000;58953365;77,832500;
2024-04-15;0,865100;58796562;77,056200;
2024-04-16;0,853100;57988631;76,448900;
2024-04-17;0,848300;57683665;76,051500;
2024-04-18;0,849400;57755949;75,925800;
2024-04-19;0,843100;57315709;75,105300;
2024-04-22;0,843300;57356104;75,897900;
2024-04-23;0,851800;57940729;76,470600;
2024-04-24;0,853400;58055895;76,655200;
2024-04-25;0,846300;57563551;76,062000;
2024-04-26;0,857300;58316502;77,053100;
2024-04-29;0,859700;58476266;77,122400;
2024-04-30;0,857800;58359944;76,378600;
2024-05-01;0,857800;58359944;76,378600;
2024-05-02;0,853800;58084540;76,824000;
2024-05-03;0,860100;58588474;77,190600;
2024-05-06;0,864900;58978346;77,777900;
2024-05-07;0,869600;59302406;78,012700;
2024-05-08;0,869700;59451140;78,062100;
2024-05-09;0,870800;59643021;78,168900;
2024-05-10;0,873200;59826951;78,504000;
2024-05-13;0,874000;59921352;78,325500;
2024-05-14;0,873900;59919351;78,502300;
2024-05-15;0,879400;60129752;79,109200;
2024-05-16;0,883100;60399470;79,046600;
2024-05-17;0,881100;60273247;79,064800;
2024-05-20;0,884200;60518776;79,273700;
2024-05-21;0,882200;60379241;79,309900;
2024-05-22;0,883500;60463786;79,242500;
2024-05-23;0,883300;60454108;78,915800;
2024-05-24;0,879800;60213866;79,049100;
2024-05-27;0,881800;60383063;79,135500;
2024-05-28;0,879000;60200137;78,945900;
2024-05-29;0,875300;59950749;78,588300;
2024-05-30;0,871800;59720558;78,038100;
2024-05-31;0,866200;59352919;78,318200;
2024-06-03;0,872300;59833345;78,584000;
2024-06-04;0,870200;59799677;78,404700;
2024-06-05;0,879200;60438613;79,250500;
2024-06-06;0,882800;60799779;79,364400;
2024-06-07;0,886500;61037088;79,638600;
2024-06-10;0,889800;61305448;80,274300;
2024-06-11;0,889300;61339244;80,304300;
2024-06-12;0,894300;61703237;80,240100;
2024-06-13;0,894200;61723444;80,645100;
2024-06-14;0,897100;61947624;81,052400;
2024-06-17;0,897900;62005480;81,176100;
2024-06-18;0,902600;62318750;81,365900;
2024-06-19;0,903600;62439565;81,423900;
2024-06-20;0,906200;62644832;81,514600;
2024-06-21;0,903800;62458505;81,507500;
2024-06-24;0,903800;62458505;81,507500;
2024-06-25;0,902500;62369891;81,607600;
2024-06-26;0,903900;62489535;81,778400;
2024-06-27;0,903900;62503938;81,572100;
2024-06-28;0,906400;62675415;81,370500;
2024-07-01;0,902000;62396174;81,483100;
2024-07-02;0,903200;62227169;81,689000;
2024-07-03;0,905800;62567379;81,843100;
2024-07-04;0,907700;62668213;82,056200;
2024-07-05;0,908400;62761819;82,222100;
2024-07-08;0,910500;62928238;82,224200;
2024-07-09;0,911600;63121862;82,352100;
2024-07-10;0,915300;63367743;83,011200;
2024-07-11;0,916100;63437033;82,497600;
2024-07-12;0,918700;63557663;82,693900;
2024-07-15;0,918300;63556493;82,690800;
2024-07-16;0,919100;63617617;83,213300;
2024-07-17;0,911800;63104914;81,953600;
2024-07-18;0,905000;62644854;81,445200;
2024-07-19;0,899200;62245024;80,987700;
2024-07-22;0,902300;62485759;81,662400;
2024-07-23;0,909500;62991644;81,902800;
2024-07-24;0,897800;62175251;80,384900;
2024-07-25;0,891400;61753877;79,743300;
2024-07-26;0,892100;61807973;80,412700;
2024-07-29;0,894600;62000767;80,798700;
2024-07-30;0,895100;62039450;80,559500;
2024-07-31;0,906000;62728929;81,758000;
2024-08-01;0,901100;62418449;80,856000;
2024-08-02;0,872100;60390695;78,236500;
2024-08-05;0,851800;59173870;75,346000;
2024-08-06;0,852400;59174961;76,582000;
2024-08-07;0,864000;59959927;76,511300;
2024-08-08;0,864500;60127539;77,832100;
2024-08-09;0,868800;60502834;78,292100;
2024-08-12;0,871000;60643231;78,254300;
2024-08-13;0,877900;61113641;79,282000;
2024-08-14;0,880300;61305925;79,186300;
2024-08-15;0,880300;61305925;79,186300;
2024-08-16;0,893600;62261446;80,936500;
2024-08-19;0,898200;62594409;81,181800;
2024-08-20;0,897000;62522404;80,824600;
2024-08-21;0,897100;62521251;80,994200;
2024-08-22;0,897900;62574339;80,580500;
2024-08-23;0,897500;62308614;80,982400;
2024-08-26;0,897200;62305601;80,828800;
2024-08-27;0,897200;62265423;80,978200;
2024-08-28;0,897200;62272801;80,884900;
2024-08-29;0,904500;62770512;81,295500;
2024-08-30;0,903300;62707586;81,954300;
2024-09-02;0,907200;63005479;81,889300;
2024-09-03;0,900900;62622230;80,720400;
2024-09-04;0,892300;62186079;79,943800;
2024-09-05;0,887800;61910738;79,824200;
2024-09-06;0,875600;61037706;78,544800;
2024-09-09;0,881100;61591181;79,570100;
2024-09-10;0,884100;61738386;79,895500;
2024-09-11;0,882700;61644426;80,539600;
2024-09-12;0,896000;62590732;81,131000;
2024-09-13;0,901800;63011863;81,298600;
2024-09-16;0,899100;62870670;81,180400;
2024-09-17;0,903200;63163694;81,211700;
2024-09-18;0,899500;62911669;81,031200;
2024-09-19;0,909200;63596991;82,309000;
2024-09-20;0,907000;63471441;81,987800;
2024-09-23;0,910600;63731938;82,304000;
2024-09-24;0,913000;63888725;82,614600;
2024-09-25;0,913700;63956315;82,377900;
2024-09-26;0,917000;64192758;83,157200;
2024-09-27;0,921000;64493574;83,266900;
2024-09-30;0,918500;64340644;83,301400;
2024-10-01;0,919100;64384767;83,276300;
2024-10-02;0,922100;64755390;83,550200;
2024-10-03;0,921000;64745848;83,371800;
2024-10-04;0,925200;65087062;84,264300;
2024-10-07;0,928400;65339259;83,849800;
2024-10-08;0,927500;65288364;84,055900;
2024-10-09;0,932800;65684867;84,624100;
2024-10-10;0,934600;65841048;84,771500;
2024-10-11;0,936900;66037291;85,054800;
2024-10-14;0,943700;66545864;85,723300;
2024-10-15;0,941800;66505169;85,241100;
2024-10-16;0,941000;66466036;85,514100;
2024-10-17;0,947100;66907814;85,885500;
2024-10-18;0,947400;66950069;86,146800;
2024-10-21;0,944500;66782205;86,015300;
2024-10-22;0,944900;66815177;85,963200;
2024-10-23;0,942400;66640860;85,532100;
2024-10-24;0,940200;66473543;85,527200;
2024-10-25;0,943100;66705966;85,261500;
2024-10-28;0,942300;66674880;85,618600;
2024-10-29;0,943600;66776239;85,850700;
2024-10-30;0,939800;66510722;85,013600;
2024-10-31;0,925300;65507270;83,729000;
2024-11-01;0,925300;65507270;83,729000;
2024-11-04;0,923700;65468689;83,692300;
2024-11-05;0,927600;65757325;84,513300;
2024-11-06;0,950200;67373712;87,044600;
2024-11-07;0,959300;68147287;87,290400;
2024-11-08;0,963700;68489411;87,825500;
2024-11-11;0,972600;69192168;88,672500;
2024-11-12;0,970400;69162917;88,375600;
2024-11-13;0,971900;69288501;88,318800;
2024-11-14;0,970700;69224439;88,067900;
2024-11-15;0,960700;68560307;87,487200;
2024-11-18;0,962300;68719802;87,469600;
2024-11-19;0,960500;68595193;87,768500;
2024-11-20;0,962100;68736798;88,146400;
2024-11-21;0,972000;69470262;88,597100;
2024-11-22;0,981800;70183088;89,714600;
2024-11-25;0,981700;70214670;89,474000;
2024-11-26;0,982500;70356179;89,681600;
2024-11-27;0,975300;69855978;88,825700;
2024-11-28;0,978800;70121988;88,980900;
2024-11-29;0,980800;70274820;89,358000;
2024-12-02;0,989200;70914489;90,446900;
2024-12-03;0,990300;71165507;90,414100;
2024-12-04;0,993400;71369552;90,775800;
2024-12-05;0,993800;71493649;90,346500;
2024-12-06;0,994000;71540057;90,543600;
2024-12-09;0,992000;71588968;90,015100;
2024-12-10;0,992200;71652648;90,258000;
2024-12-11;0,996900;72020380;90,833200;
2024-12-12;0,997400;72103243;90,697900;
2024-12-13;0,993200;71815756;90,289600;
2024-12-16;0,993400;71929372;90,267700;
2024-12-17;0,991100;71673574;89,948000;
2024-12-18;0,992700;71823059;88,449800;
2024-12-19;0,977400;70740678;88,537700;
2024-12-20;0,978700;70870651;88,892800;
2024-12-23;0,977300;70906134;89,556900;
2024-12-24;0,977300;70906134;89,556900;
2024-12-25;0,977300;70906134;89,556900;
2024-12-26;0,977300;70906134;89,556900;
2024-12-27;0,982100;71329411;89,540300;
2024-12-30;0,975100;71162851;89,120700;
2024-12-31;0,975000;71310328;89,058600;
2025-01-01;0,975000;71310328;89,058600;
2025-01-02;0,986300;72134492;89,610600;
2025-01-03;0,985500;72117847;90,117700;
2025-01-06;0,991500;72594778;89,892500;
2025-01-07;0,985300;72156773;89,494100;
2025-01-08;0,984300;72083396;89,986900;
2025-01-09;0,986200;72362004;89,946400;
2025-01-10;0,977500;71670023;89,061900;
2025-01-13;0,974400;71476544;89,175500;
2025-01-14;0,974300;71493478;88,581000;
2025-01-15;0,985700;72367645;89,812700;
2025-01-16;0,991300;72787597;89,983800;
2025-01-17;0,998000;73283019;90,570800;
2025-01-20;0,994800;73083294;90,055000;
2025-01-21;0,995600;73134702;90,651000;
2025-01-22;1,002600;73658274;91,108900;
2025-01-23;1,004100;73761976;91,682500;
2025-01-24;1,001600;73576146;90,768800;
2025-01-27;0,985400;72418575;89,963300;
2025-01-28;0,994600;73056729;91,218200;
2025-01-29;1,000000;73465193;91,154400;
2025-01-30;1,001900;73603079;91,525400;
2025-01-31;1,010300;74222261;91,453100;
2025-02-03;1,003600;73730475;91,096600;
2025-02-04;1,002300;73788643;91,239600;
2025-02-05;1,000500;73745358;91,556000;
2025-02-06;1,009000;74390362;92,437400;
2025-02-07;1,008200;74458235;92,139300;
2025-02-10;1,012400;74849157;92,823900;
2025-02-11;1,011400;74786487;92,648700;
2025-02-12;1,005100;74273743;92,325600;
2025-02-13;1,009100;74580601;92,823500;
2025-02-14;1,008300;74777855;92,425900;
2025-02-17;1,013300;75222627;92,797300;
2025-02-18;1,013300;75240424;93,154400;
2025-02-19;1,016600;75492331;93,427500;
2025-02-20;1,009900;75039306;92,724100;
2025-02-21;1,010100;75074136;92,078500;
2025-02-24;0,998700;74252210;91,554100;
2025-02-25;0,986200;73356440;90,941100;
2025-02-26;0,995700;74058796;91,192000;
2025-02-27;0,996300;74047843;90,715900;
2025-02-28;0,986200;73132482;91,320300;
2025-03-03;0,988700;73450495;89,901100;
2025-03-04;0,962300;71491773;88,625100;
2025-03-05;0,950700;70575449;87,990700;
2025-03-06;0,950900;70553480;86,827100;
2025-03-07;0,935700;69633794;86,595400;
2025-03-10;0,926800;69032775;84,872300;
2025-03-11;0,926800;69032775;84,872300;
2025-03-12;0,917600;68401501;83,856100;
2025-03-13;0,913000;68100804;83,438400;
2025-03-14;0,921400;68719312;84,746000;
2025-03-17;0,926200;69151340;85,144500;
2025-03-18;0,923800;68962923;84,740500;
2025-03-19;0,930200;69464350;85,623600;
2025-03-20;0,933600;69742177;85,662100;
2025-03-21;0,930800;69519002;85,793100;
2025-03-24;0,944200;70531110;86,744100;
2025-03-25;0,946900;70770135;86,822200;
2025-03-26;0,942800;70472317;86,193500;
2025-03-27;0,939200;70214031;85,770700;
2025-03-28;0,922300;68943747;84,285600;
2025-03-31;0,914600;68474562;84,285600;
2025-04-01;0,923400;69285622;84,531900;
2025-04-02;0,922800;69213934;84,514300;
2025-04-03;0,886900;66571574;79,915700;
2025-04-04;0,849800;63754378;76,807800;
2025-04-07;0,826500;61998227;75,246300;
2025-04-08;0,843100;63215182;75,152100;
2025-04-09;0,812600;61030459;78,317600;
2025-04-10;0,842000;63281812;76,972500;
2025-04-11;0,834000;62693107;77,013800;
2025-04-14;0,851600;64058238;77,815400;
2025-04-15;0,859700;64708060;78,372800;
2025-04-16;0,851600;64135920;76,767500;
2025-04-17;0,842800;63467700;77,110200;
2025-04-18;0,842800;63462284;77,171000;
2025-04-21;0,842800;63462284;77,171000;
2025-04-22;0,838600;63192179;76,644000;
2025-04-23;0,857200;64592792;78,640800;
2025-04-24;0,866500;65309957;79,579700;
2025-04-25;0,870200;65593733;80,028300;
2025-04-28;0,872200;65772073;80,181000;
2025-04-29;0,876200;66088480;80,558300;
2025-04-30;0,879400;66402777;81,053100;
2025-05-01;0,879400;66402777;81,053100;
2025-05-02;0,898000;67844293;82,585300;
2025-05-05;0,902600;68250028;82,589300;
2025-05-06;0,898000;68122545;82,142500;
2025-05-07;0,893300;67761747;82,117700;
2025-05-08;0,905100;68773232;82,846500;
2025-05-09;0,904700;68741022;82,972500;
2025-05-12;0,930200;70773208;85,907900;
2025-05-13;0,939100;71469360;86,009900;
2025-05-14;0,938200;71419537;85,961500;
2025-05-15;0,940500;71656709;86,423300;
2025-05-16;0,946300;72142342;87,062400;
2025-05-19;0,942400;71883750;86,556900;
2025-05-20;0,943100;71955489;86,364800;
2025-05-21;0,936900;71490604;85,165300;
2025-05-22;0,929300;70911950;85,331000;
2025-05-23;0,921600;70330567;84,531300;
2025-05-26;0,927500;70810345;84,451000;
2025-05-27;0,931500;71126753;85,750400;
2025-05-28;0,934400;71351697;85,639700;
2025-05-29;0,931000;71146440;85,688900;
2025-05-30;0,929500;71055653;85,585500;
2025-06-02;0,925700;70805890;85,283100;
2025-06-03;0,934500;71631278;85,894500;
2025-06-04;0,936300;71838820;86,029700;
2025-06-05;0,937900;72003562;85,840300;
2025-06-06;0,940200;72184557;86,754400;
2025-06-09;0,940400;72377185;86,727200;
2025-06-10;0,942100;72565223;86,947700;
2025-06-11;0,942700;72641957;86,462700;
2025-06-12;0,935100;72074077;85,986400;
2025-06-13;0,929500;71681867;85,139300;
2025-06-16;0,932300;71957253;85,576600;
2025-06-17;0,930500;71829338;85,351700;
2025-06-18;0,929400;71748165;85,444100;
2025-06-19;0,922900;71259587;85,342400;
2025-06-20;0,925700;71492936;84,956700;
2025-06-23;0,923400;71390777;85,252000;
2025-06-24;0,923400;71390777;85,252000;
2025-06-25;0,934100;72226120;86,117700;
2025-06-26;0,933900;72216289;86,112700;
2025-06-27;0,939900;72658947;86,547900;
2025-06-30;0,938500;72597020;86,783500;
2025-07-01;0,937800;72565101;86,472500;
2025-07-02;0,938600;72791036;86,798700;
2025-07-03;0,946600;73499377;87,469500;
2025-07-04;0,941100;73120122;87,206400;
2025-07-07;0,944200;73384450;86,957400;
2025-07-08;0,944000;73368150;87,227600;
2025-07-09;0,946300;73666771;87,540800;
2025-07-10;0,951900;74187159;87,932100;
2025-07-11;0,947000;73872958;87,392300;
2025-07-14;0,947000;73930042;87,507500;
2025-07-15;0,952400;74388018;87,781700;
2025-07-16;0,941400;73508882;88,064300;
2025-07-17;0,957800;74805693;88,650100;
2025-07-18;0,955500;74628791;88,276000;
2025-07-21;0,955900;74702067;88,106500;
2025-07-22;0,950600;74293237;87,911000;
2025-07-23;0,957300;74827632;88,770600;
2025-07-24;0,959600;75011486;88,812700;
2025-07-25;0,960800;75117087;89,035600;
2025-07-28;0,967600;75670279;89,544400;
2025-07-29;0,971300;75961316;90,030900;
2025-07-30;0,975400;76285678;90,230300;
2025-07-31;0,976500;76377356;90,026600;
2025-08-01;0,952300;74664925;88,171600;
2025-08-04;0,958800;75197480;89,246000;
2025-08-05;0,958600;75294691;89,055800;
2025-08-06;0,959100;75335469;89,071200;
2025-08-07;0,962200;75608877;89,354900;
2025-08-08;0,964100;75906608;89,640000;
2025-08-11;0,968800;76352745;89,903000;
2025-08-12;0,969000;76393585;90,275200;
2025-08-13;0,972200;76679727;90,407900;
2025-08-14;0,975600;76963896;90,809700;
2025-08-15;0,975600;76963896;90,809700;
2025-08-18;0,975800;77044520;90,793700;
2025-08-19;0,976000;77061660;90,397200;
2025-08-20;0,970600;76658518;90,206300;
2025-08-21;0,972900;76830920;90,213600;
2025-08-22;0,978100;77243417;90,670100;
2025-08-25;0,978200;77269412;90,699500;
2025-08-26;0,975900;77090305;90,951500;
2025-08-27;0,981000;77503376;91,453200;
2025-08-28;0,979800;77403038;91,174500;
2025-08-29;0,972800;76873536;90,411100;
2025-09-01;0,974800;77070318;90,405000;
2025-09-02;0,964700;76436325;90,078600;
2025-09-03;0,969700;76912459;90,516200;
2025-09-04;0,976200;77430906;91,324000;
2025-09-05;0,973100;77228318;90,760700;
2025-09-08;0,977800;77613766;91,049000;
2025-09-09;0,979400;77858317;91,421800;
2025-09-10;0,983600;78257063;91,694400;
2025-09-11;0,989000;78704990;92,316700;
2025-09-12;0,989900;78818256;92,419800;
2025-09-15;0,991100;78893000;92,629700;
2025-09-16;0,984700;78398666;91,927300;
2025-09-17;0,984900;78419765;91,929200;
2025-09-18;0,993900;79135346;92,779700;
2025-09-19;0,995500;79259335;93,174400;
2025-09-22;0,997100;79400523;93,397500;
2025-09-23;0,998600;79527666;92,815200;
2025-09-24;0,996300;79346520;92,891000;
2025-09-25;0,994800;79232208;92,853500;
2025-09-26;0,994600;79229403;93,011200;
2025-09-29;0,998100;79494145;93,169300;
2025-09-30;0,997100;79439455;93,460600;
2025-10-01;1,004100;80014968;93,917600;
2025-10-02;1,008400;80519785;94,410700;
2025-10-03;1,012700;80970359;94,454900;
2025-10-06;1,016200;81290404;94,911500;
2025-10-07;1,014600;81171790;94,910800;
2025-10-08;1,021800;81753452;95,620500;
2025-10-09;1,023300;82008725;95,747400;
2025-10-10;1,006000;80701046;93,729700;
2025-10-13;1,010700;81096877;94,760200;
2025-10-14;1,008000;80845477;94,141500;
2025-10-15;1,012800;81271515;94,637500;
2025-10-16;1,013200;81334716;94,152200;
2025-10-17;1,003700;80596131;94,182200;
2025-10-20;1,019000;81982232;95,434100;
2025-10-21;1,023700;82362658;95,744800;
2025-10-22;1,019000;81999253;95,251700;
2025-10-23;1,021200;82072248;95,539300;
2025-10-24;1,029200;82706935;96,118900;
2025-10-27;1,035600;83248140;97,212100;
2025-10-28;1,037700;83420030;97,207600;
2025-10-29;1,039900;83605058;97,227100;
2025-10-30;1,040700;83677629;97,161300;
2025-10-31;1,039800;83629527;97,413200;
2025-11-03;1,041800;83841806;97,701800;
2025-11-04;1,039000;83723967;96,928000;
2025-11-05;1,038600;83825999;97,121200;
2025-11-06;1,026900;82879804;96,036500;
2025-11-07;1,014000;81889940;95,579600;
2025-11-10;1,029900;83334780;97,145900;
2025-11-11;1,035200;83849051;97,125200;
2025-11-12;1,039700;84278094;97,426100;
2025-11-13;1,029100;83513056;95,961900;
2025-11-14;1,025800;83270950;95,667300;
2025-11-17;1,020900;82946537;95,078700;
2025-11-18;1,008700;81948388;94,009700;
2025-11-19;1,009000;81978351;94,510100;
2025-11-20;1,014900;82440225;93,847200;
2025-11-21;1,005300;81644305;94,289600;
2025-11-24;1,016500;82588032;95,324700;
2025-11-25;1,019800;82869270;95,943000;
2025-11-26;1,030800;83768137;96,580600;
2025-11-27;1,030000;83734884;96,600000;
2025-11-28;1,034000;84122983;96,889500;
2025-12-01;1,031300;83904242;96,351500;
2025-12-02;1,031300;84080812;96,776700;
2025-12-03;1,031100;84170851;96,597300;
2025-12-04;1,033400;84397516;96,819400;
2025-12-05;1,037800;84780769;97,187200;
2025-12-08;1,036400;84727877;97,129900;
2025-12-09;1,036800;84900218;96,941500;
2025-12-10;1,035000;84850729;97,338500;
2025-12-11;1,032600;84682643;96,689000;
2025-12-12;1,026100;84193778;96,235800;
2025-12-15;1,025800;84353714;95,927800;
2025-12-16;1,018900;83874628;95,486600;
2025-12-17;1,014500;83524137;94,813100;
2025-12-18;1,022400;84170323;95,640300;
2025-12-19;1,027800;84653640;96,449700;
2025-12-22;1,031000;84967606;96,678200;
2025-12-23;1,033000;85159614;97,046200;
2025-12-24;1,033000;85159614;97,046200;
2025-12-25;1,033000;85159614;97,046200;
2025-12-26;1,033000;85159614;97,046200;
2025-12-29;1,035100;85453788;97,217300;
2025-12-30;1,037300;85850043;97,210900;
2025-12-31;1,037200;86172418;96,809200;
2026-01-01;1,037200;86172418;96,809200;
2026-01-02;1,035900;86077575;97,079500;
2026-01-05;1,047100;87080164;98,227300;
2026-01-06;1,052700;87604827;99,019800;
2026-01-07;1,056400;87934370;98,860200;
2026-01-08;1,054000;87854148;98,723300;
2026-01-09;1,060100;88395681;99,368900;
2026-01-12;1,061200;88577471;99,320500;
2026-01-13;1,062200;88670627;99,442800;
2026-01-14;1,056700;88219854;99,076800;
2026-01-15;1,067200;89124588;99,718100;
2026-01-16;1,065600;89007635;99,768300;
2026-01-19;1,054900;88071438;99,283600;
2026-01-20;1,047600;87366884;97,076400;
2026-01-21;1,044700;87094288;97,816000;
2026-01-22;1,052300;87689384;98,407500;
2026-01-23;1,050800;87571846;98,344400;
2026-01-26;1,047800;87322136;97,885900;
2026-01-27;1,046800;87221934;98,026900;
2026-01-28;1,049100;87412121;98,194900;
2026-01-29;1,041500;86796440;98,119500;
2026-01-30;1,046900;87264703;97,820100;
2026-02-02;1,054400;87914915;98,704900;
2026-02-03;1,052400;87890885;98,305100;
2026-02-04;1,047900;87574458;98,032200;
2026-02-05;1,040300;86995965;96,828200;
2026-02-06;1,047100;87583284;97,986100;
2026-02-09;1,053200;88053224;98,259800;
2026-02-10;1,055600;88310558;98,309500;
2026-02-11;1,055800;88459877;98,753200;
2026-02-12;1,049100;87934973;97,534500;
2026-02-13;1,045800;87676825;97,465200;
2026-02-16;1,045800;87676825;97,465200;
2026-02-17;1,046700;87754606;97,795100;
2026-02-18;1,056600;88513536;98,376900;
2026-02-19;1,055500;88387963;98,577100;
2026-02-20;1,060300;88816908;98,957600;
2026-02-23;1,053100;88234199;98,235100;
2026-02-24;1,058000;88621027;98,919700;
2026-02-25;1,065400;89256508;99,701200;
2026-02-26;1,063900;89131971;99,491000;
2026-02-27;1,059200;88761378;99,096400;
2026-03-02;1,058700;88863133;99,301700;
2026-03-03;1,044800;87670617;98,287100;
2026-03-04;1,053600;88419847;97,906200;
2026-03-05;1,048000;88055333;98,173300;
2026-03-06;1,038200;87206817;97,097500;
2026-03-09;1,032000;86903785;96,781600;
2026-03-10;1,046300;88208562;97,236700;
2026-03-11;1,046300;88208562;97,236700;
2026-03-12;1,036200;87439543;96,543200;
2026-03-13;1,033700;87251987;96,281100;
2026-03-16;1,036600;87535360;96,821400;
2026-03-17;1,040200;87851462;96,955300;
2026-03-18;1,035200;87432552;96,330600;
2026-03-19;1,020100;86169426;95,230300;
2026-03-20;1,009300;85234616;93,729900;
2026-03-23;1,011300;85420096;93,717400;
2026-03-24;1,010700;85351703;93,722900;
2026-03-25;1,019200;86091016;94,759000;
2026-03-26;1,009400;85243262;93,367500;
2026-03-27;0,995800;84104047;92,111300;
2026-03-30;0,997900;84257055;92,045700;
2026-03-31;0,997500;84273707;93,437600;
2026-04-01;1,017700;86032530;94,527800;
2026-04-02;1,017500;86290432;94,648400;
2026-04-03;1,017500;86320360;94,750600;
2026-04-06;1,017500;86320360;94,750600;
2026-04-07;1,013900;86069472;94,943700;
2026-04-08;1,038500;88201425;97,406000;
2026-04-09;1,042200;88826843;97,689200;
2026-04-10;1,045500;89396747;97,659300;
2026-04-13;1,044600;89649884;98,313900;
2026-04-14;1,056500;90762171;99,060000;
2026-04-15;1,060700;91211439;99,935300;
2026-04-16;1,067800;91932922;100,495700;
2026-04-17;1,080100;93020360;101,319300;
2026-04-20;1,076900;92840213;101,397500;
2026-04-21;1,076400;92821610;101,120500;
2026-04-22;1,080900;93181752;101,915800;
2026-04-23;1,084200;93477432;101,440000;
2026-04-24;1,083700;93376047;102,107700;
2026-04-27;1,084300;93403730;102,187200;
2026-04-28;1,079900;93066969;101,823900;
2026-04-29;1,081000;93223387;101,700400;
2026-04-30;1,085400;93592466;102,214700;
2026-05-01;1,085400;93592466;102,214700;
2026-05-04;1,090600;94245367;102,659200;
2026-05-05;1,100100;95288792;103,315300;
2026-05-06;1,112900;96503552;104,983500;
2026-05-07;1,115900;96804598;104,961800;
2026-05-08;1,117000;96971605;105,389100;
2026-05-11;1,120500;97444426;105,526400;
2026-05-12;1,110800;96634542;105,349800;
2026-05-13;1,122600;97672734;106,244000;
2026-05-14;1,135000;98781597;107,183200;
2026-05-15;1,127000;98154748;105,965000;
2026-05-18;1,120000;97625014;105,616900;
2026-05-19;1,117100;97344019;105,299900;
2026-05-20;1,126900;98327291;106,126300;
2026-05-21;1,129600;98560747;106,985900;
2026-05-22;1,142000;99621389;107,508100;
2026-05-25;1,149200;100286138;107,713100;
2026-05-26;1,149200;100304940;108,328500;
2026-05-27;1,148800;100318651;108,515500;
2026-05-28;1,152100;100635602;108,573200;
2026-05-29;1,154500;100879847;109,059600;
2026-06-01;1,161300;101680055;109,770100;
2026-06-02;1,167900;102315134;109,925000;
2026-06-03;1,164100;102138029;109,580500;
2026-06-04;1,161000;101923200;109,474400;
2026-06-05;1,151400;101141689;107,455500;
2026-06-08;1,143600;100649304;107,139700;
2026-06-09;1,130900;99562451;107,216500;
2026-06-10;1,128100;99355694;105,555600;
2026-06-11;1,128100;99402369;107,150600;
2026-06-12;1,148700;101269726;107,950700;
2026-06-15;1,163900;102771141;109,793800;
2026-06-16;1,163200;102725132;109,406500;
2026-06-17;1,165100;102895122;108,886300;
2026-06-18;1,171500;103486188;110,752500;
2026-06-19;1,172300;103591800;110,717600;
2026-06-22;1,178500;104176164;110,956300;
2026-06-23;1,163200;102834310;109,410400;
2026-06-24;1,163200;102834310;109,410400;
2026-06-25;1,163000;102918155;109,749400;
2026-06-26;1,158900;102550362;108,925700;
2026-06-29;1,158400;102546166;109,716700;
2026-06-30;1,171800;103772359;110,560100;
2026-07-01;1,176000;104193892;110,721200;
2026-07-02;1,168200;103695162;110,069700;
2026-07-03;1,173400;104307739;110,591400;
2026-07-06;1,173400;104307739;110,591400;
2026-07-07;1,166600;103768268;110,382700;
2026-07-08;1,159100;103149458;109,936900;
2026-07-09;1,171300;104375656;110,646800;
2026-07-10;1,175400;105083620;111,233300;
2026-07-13;1,173000;104982211;110,244500;
2026-07-14;1,170200;104841551;110,334700;
2026-07-15;1,170500;104941206;111,170500;
2026-07-16;1,169300;104872357;110,347500;
2026-07-17;1,155200;103638722;108,893200;
2026-07-20;1,157600;103936895;108,902500;
2026-07-21;1,164400;104558104;110,139500;
2026-07-22;1,166700;104775584;109,957100;
2026-07-23;1,154100;103674508;109,134200;
2026-07-24;1,157300;103989983;108,747300;
2026-07-27;1,151300;103493083;109,167800;
2026-07-28;1,152400;103621073;108,603400;
2026-07-29;1,143600;102849658;107,253300;
2026-07-30;1,140500;102629707;107,818900;
2026-07-31;1,147800;103298737;109,229800;
2026-08-03;1,163000;104734893;110,240200;
2026-08-04;1,180400;106505318;111,617800;
2026-08-05;1,185900;107134702;111,848100;
2026-08-06;1,184200;107024009;111,583500;
2026-08-07;1,187300;107374824;112,041600;
2026-08-10;1,188000;107678155;112,051000;
2026-08-11;1,188400;107746891;111,782100;
2026-08-12;1,191000;108057187;112,223700;
2026-08-13;1,196800;108613651;112,928900;
2026-08-14;1,193500;108350131;112,481600;
2026-08-17;1,194700;108534655;112,089500;
2026-08-18;1,179000;107168473;111,136900;
2026-08-19;1,174900;106796478;110,259100;
2026-08-20;1,168500;106245527;109,826800;
2026-08-21;1,171200;106527751;110,613900;
2026-08-24;1,168200;106231920;110,192500;
2026-08-25;1,171900;106595613;110,714000;
2026-08-26;1,174400;106809972;110,912400;
2026-08-27;1,179700;107300946;111,525600;
2026-08-28;1,188900;108157548;111,608400;
2026-08-31;1,177600;107178096;111,275900;
2026-09-01;1,176500;107256539;110,766400;
2026-09-02;1,176300;107260915;110,856100;
2026-09-03;1,183700;108034288;111,825200;
2026-09-04;1,185200;108235124;111,836400;
2026-09-07;1,184800;108238971;112,095000;
2026-09-08;1,183800;108165397;111,411900;
2026-09-09;1,175200;107515318;110,724000;
2026-09-10;1,167800;106905988;110,192300;
2026-09-11;1,177000;107839499;110,740400;
2026-09-14;1,171800;107358127;110,765800;
2026-09-15;1,167300;106981203;110,042400;
2026-09-16;1,172200;107445627;110,013900;
2026-09-17;1,180700;108208512;111,479100;
2026-09-18;1,180200;108172519;111,833200;
2026-09-21;1,195700;109637435;113,401100;
2026-09-22;1,204200;110440401;113,839500;
2026-09-23;1,202000;110236324;113,358500;
2026-09-24;1,194700;109553951;113,291700;
2026-09-25;1,200500;110105437;113,684100;
2026-09-28;1,196700;109819018;113,117500;
2026-09-29;1,198700;110026645;113,095200;
2026-09-30;1,200400;110245409;112,873500;
2026-10-01;1,198400;110299887;113,571300;
2026-10-02;1,210200;111414650;114,119100;
