Date,Luminor ateitis 50–58
2026-10-02,0.6938
2026-10-01,0.6901
2026-09-30,0.691
2026-09-29,0.6901
2026-09-28,0.6898
2026-09-25,0.692
2026-09-24,0.6911
2026-09-23,0.6942
2026-09-22,0.6968
2026-09-21,0.6949
2026-09-18,0.6895
2026-09-17,0.6909
2026-09-16,0.6873
2026-09-15,0.685
2026-09-14,0.6872
2026-09-11,0.6895
2026-09-10,0.6865
2026-09-09,0.6901
2026-09-08,0.6937
2026-09-07,0.6942
2026-09-04,0.6947
2026-09-03,0.6946
2026-09-02,0.6918
2026-09-01,0.6918
2026-08-31,0.6926
2026-08-28,0.6967
2026-08-27,0.6944
2026-08-26,0.6935
2026-08-25,0.6931
2026-08-24,0.6909
2026-08-21,0.6922
2026-08-20,0.6908
2026-08-19,0.6927
2026-08-18,0.6934
2026-08-17,0.6985
2026-08-14,0.6986
2026-08-13,0.7005
2026-08-12,0.6988
2026-08-11,0.6976
2026-08-10,0.6977
2026-08-07,0.698
2026-08-06,0.6967
2026-08-05,0.6972
2026-08-04,0.696
2026-08-03,0.6906
2026-07-31,0.6854
2026-07-30,0.6839
2026-07-29,0.6846
2026-07-28,0.6876
2026-07-27,0.6866
2026-07-24,0.6873
2026-07-23,0.6857
2026-07-22,0.6904
2026-07-21,0.6904
2026-07-20,0.6884
2026-07-17,0.6874
2026-07-16,0.6913
2026-07-15,0.6923
2026-07-14,0.6919
2026-07-13,0.6925
2026-07-10,0.6936
2026-07-09,0.6921
2026-07-08,0.6886
2026-07-07,0.6915
2026-07-03,0.694
2026-07-02,0.692
2026-07-01,0.6942
2026-06-30,0.6933
2026-06-29,0.69
2026-06-26,0.6897
2026-06-25,0.6909
2026-06-23,0.6894
2026-06-22,0.6935
2026-06-19,0.6921
2026-06-18,0.6927
2026-06-17,0.6905
2026-06-16,0.6902
2026-06-15,0.6907
2026-06-12,0.6857
2026-06-11,0.6797
2026-06-10,0.6778
2026-06-09,0.6787
2026-06-08,0.6829
2026-06-05,0.6848
2026-06-04,0.6883
2026-06-03,0.6886
2026-06-02,0.6904
2026-06-01,0.6888
2026-05-29,0.6874
2026-05-28,0.6864
2026-05-27,0.6855
2026-05-26,0.685
2026-05-25,0.6855
2026-05-22,0.6819
2026-05-21,0.678
2026-05-20,0.6767
2026-05-19,0.6735
2026-05-18,0.6748
2026-05-15,0.677
2026-05-14,0.6804
2026-05-13,0.6764
2026-05-12,0.6735
2026-05-11,0.6769
2026-05-08,0.6763
2026-05-07,0.6757
2026-05-06,0.6747
2026-05-05,0.67
2026-05-04,0.6678
2026-04-30,0.6668
2026-04-29,0.6647
2026-04-28,0.6655
2026-04-27,0.6668
2026-04-24,0.6666
2026-04-23,0.6669
2026-04-22,0.6664
2026-04-21,0.6656
2026-04-20,0.6663
2026-04-17,0.6666
2026-04-16,0.6626
2026-04-15,0.6607
2026-04-14,0.6592
2026-04-13,0.656
2026-04-10,0.6566
2026-04-09,0.656
2026-04-08,0.6524
2026-04-07,0.6448
2026-04-03,0.6458
2026-04-02,0.6458
2026-04-01,0.6444
2026-03-31,0.6391
2026-03-30,0.6376
2026-03-27,0.6381
2026-03-26,0.6432
2026-03-25,0.644
2026-03-24,0.6416
2026-03-23,0.6418
2026-03-20,0.6432
2026-03-19,0.6483
2026-03-18,0.6523
2026-03-17,0.6536
2026-03-16,0.6515
2026-03-13,0.651
2026-03-12,0.6537
2026-03-10,0.6557
2026-03-09,0.6532
2026-03-06,0.656
2026-03-05,0.6584
2026-03-04,0.6606
2026-03-03,0.6605
2026-03-02,0.6639
2026-02-27,0.6657
2026-02-26,0.6663
2026-02-25,0.6656
2026-02-24,0.6633
2026-02-23,0.6637
2026-02-20,0.6634
2026-02-19,0.6619
2026-02-18,0.6611
2026-02-17,0.6591
2026-02-13,0.6585
2026-02-12,0.6611
2026-02-11,0.6607
2026-02-10,0.6596
2026-02-09,0.6583
2026-02-06,0.6545
2026-02-05,0.6563
2026-02-04,0.6577
2026-02-03,0.6584
2026-02-02,0.6562
2026-01-30,0.6562
2026-01-29,0.656
2026-01-28,0.6565
2026-01-27,0.656
2026-01-26,0.657
2026-01-23,0.6567
2026-01-22,0.6558
2026-01-21,0.6528
2026-01-20,0.6587
2026-01-19,0.6597
2026-01-16,0.6607
2026-01-15,0.6595
2026-01-14,0.659
2026-01-13,0.6587
2026-01-12,0.6589
2026-01-09,0.6566
2026-01-08,0.6559
2026-01-07,0.6569
2026-01-06,0.6546
2026-01-05,0.6509
2026-01-02,0.6503
2025-12-31,0.6503
2025-12-30,0.6505
2025-12-29,0.6499
2025-12-23,0.6485
2025-12-22,0.6473
2025-12-19,0.6454
2025-12-18,0.6431
2025-12-17,0.644
2025-12-16,0.6454
2025-12-15,0.6463
2025-12-12,0.6475
2025-12-11,0.6494
2025-12-10,0.6484
2025-12-09,0.649
2025-12-08,0.6496
2025-12-05,0.6497
2025-12-04,0.6489
2025-12-03,0.649
2025-12-02,0.6478
2025-12-01,0.6494
2025-11-28,0.6492
2025-11-27,0.6487
2025-11-26,0.6469
2025-11-25,0.6449
2025-11-24,0.6421
2025-11-21,0.6393
2025-11-20,0.642
2025-11-19,0.6408
2025-11-18,0.6426
2025-11-17,0.6455
2025-11-14,0.646
2025-11-13,0.6506
2025-11-12,0.6512
2025-11-11,0.6507
2025-11-10,0.6464
2025-11-07,0.6457
2025-11-06,0.6494
2025-11-05,0.6498
2025-11-04,0.6518
2025-11-03,0.6518
2025-10-31,0.6508
2025-10-30,0.6513
2025-10-29,0.6516
2025-10-28,0.6514
2025-10-27,0.6487
2025-10-24,0.6464
2025-10-23,0.6451
2025-10-22,0.646
2025-10-21,0.6455
2025-10-20,0.642
2025-10-17,0.6403
2025-10-16,0.6426
2025-10-15,0.6413
2025-10-14,0.6402
2025-10-13,0.6384
2025-10-10,0.6429
2025-10-09,0.6442
2025-10-08,0.6424
2025-10-07,0.6416
2025-10-06,0.6406
2025-10-03,0.6406
2025-10-02,0.6393
2025-10-01,0.6376
2025-09-30,0.6363
2025-09-29,0.6361
2025-09-26,0.6348
2025-09-25,0.6346
2025-09-24,0.6349
2025-09-23,0.6364
2025-09-22,0.6354
2025-09-19,0.6345
2025-09-18,0.6327
2025-09-17,0.6322
2025-09-16,0.6338
2025-09-15,0.6338
2025-09-12,0.6335
2025-09-11,0.6321
2025-09-10,0.6304
2025-09-09,0.6292
2025-09-08,0.6284
2025-09-05,0.6293
2025-09-04,0.6266
2025-09-03,0.6246
2025-09-02,0.6247
2025-09-01,0.6262
2025-08-29,0.6281
2025-08-28,0.6295
2025-08-27,0.6281
2025-08-26,0.6271
2025-08-25,0.6275
2025-08-22,0.6266
2025-08-21,0.6258
2025-08-20,0.6263
2025-08-19,0.6276
2025-08-18,0.6266
2025-08-14,0.6276
2025-08-13,0.627
2025-08-12,0.625
2025-08-11,0.6248
2025-08-08,0.6239
2025-08-07,0.6236
2025-08-06,0.6226
2025-08-05,0.6224
2025-08-04,0.6205
2025-08-01,0.6244
2025-07-31,0.6267
2025-07-30,0.6261
2025-07-29,0.6246
2025-07-28,0.6225
2025-07-25,0.6209
2025-07-24,0.6213
2025-07-23,0.6194
2025-07-22,0.6191
2025-07-21,0.6196
2025-07-18,0.6198
2025-07-17,0.6186
2025-07-16,0.6163
2025-07-15,0.6169
2025-07-14,0.6159
2025-07-11,0.6172
2025-07-10,0.6172
2025-07-09,0.6158
2025-07-08,0.6147
2025-07-07,0.6163
2025-07-04,0.6161
2025-07-03,0.6148
2025-07-02,0.6131
2025-07-01,0.6135
2025-06-30,0.6128
2025-06-27,0.612
2025-06-26,0.6109
2025-06-25,0.6113
2025-06-23,0.6079
2025-06-20,0.6089
2025-06-19,0.6086
2025-06-18,0.6092
2025-06-17,0.6098
2025-06-16,0.6091
2025-06-13,0.6104
2025-06-12,0.6124
2025-06-11,0.6141
2025-06-10,0.6132
2025-06-09,0.6129
2025-06-06,0.6101
2025-06-05,0.611
2025-06-04,0.6113
2025-06-03,0.6093
2025-06-02,0.6088
2025-05-30,0.6096
2025-05-29,0.6093
2025-05-28,0.6095
2025-05-27,0.6058
2025-05-26,0.6048
2025-05-23,0.6052
2025-05-22,0.6054
2025-05-21,0.6101
2025-05-20,0.6121
2025-05-19,0.6125
2025-05-16,0.6108
2025-05-15,0.6087
2025-05-14,0.6083
2025-05-13,0.6081
2025-05-12,0.5998
2025-05-09,0.5973
2025-05-08,0.5954
2025-05-07,0.5938
2025-05-06,0.5951
2025-05-05,0.5921
2025-05-02,0.5919
2025-04-30,0.5891
2025-04-29,0.5883
2025-04-28,0.5877
2025-04-25,0.5863
2025-04-24,0.5828
2025-04-23,0.5768
2025-04-22,0.5752
2025-04-18,0.5744
2025-04-17,0.5744
2025-04-16,0.5783
2025-04-15,0.5777
2025-04-14,0.5745
2025-04-11,0.5714
2025-04-10,0.5765
2025-04-09,0.5626
2025-04-08,0.5675
2025-04-07,0.5675
2025-04-04,0.5802
2025-04-03,0.5961
2025-04-02,0.5993
2025-04-01,0.5987
2025-03-31,0.5971
2025-03-28,0.6017
2025-03-27,0.6042
2025-03-26,0.6064
2025-03-25,0.6067
2025-03-24,0.6036
2025-03-21,0.6017
2025-03-20,0.6021
2025-03-19,0.5992
2025-03-18,0.5994
2025-03-17,0.5988
2025-03-14,0.5943
2025-03-13,0.5946
2025-03-12,0.5943
2025-03-10,0.6033
2025-03-07,0.6043
2025-03-06,0.6092
2025-03-05,0.6129
2025-03-04,0.6185
2025-03-03,0.6256
2025-02-28,0.6235
2025-02-27,0.6252
2025-02-26,0.625
2025-02-25,0.6252
2025-02-24,0.6273
2025-02-21,0.6305
2025-02-20,0.6316
2025-02-19,0.6315
2025-02-18,0.6305
2025-02-17,0.6304
2025-02-14,0.6314
2025-02-13,0.6295
2025-02-12,0.6295
2025-02-11,0.6311
2025-02-10,0.6299
2025-02-07,0.6306
2025-02-06,0.6289
2025-02-05,0.6275
2025-02-04,0.6265
2025-02-03,0.6266
2025-01-31,0.6268
2025-01-30,0.6241
2025-01-29,0.6237
2025-01-28,0.6203
2025-01-27,0.6216
2025-01-24,0.6252
2025-01-23,0.6243
2025-01-22,0.6237
2025-01-21,0.6225
2025-01-20,0.6223
2025-01-17,0.6204
2025-01-16,0.619
2025-01-15,0.6146
2025-01-14,0.614
2025-01-13,0.6136
2025-01-10,0.6165
2025-01-09,0.6179
2025-01-08,0.6166
2025-01-07,0.6186
2025-01-06,0.6203
2025-01-03,0.6183
2025-01-02,0.6175
2024-12-31,0.6167
2024-12-30,0.6177
2024-12-27,0.6184
2024-12-23,0.6171
2024-12-20,0.6159
2024-12-19,0.6159
2024-12-18,0.6229
2024-12-17,0.6237
2024-12-16,0.6236
2024-12-13,0.6246
2024-12-12,0.626
2024-12-11,0.6246
2024-12-10,0.6234
2024-12-09,0.6248
2024-12-06,0.624
2024-12-05,0.6247
2024-12-04,0.6238
2024-12-03,0.6234
2024-12-02,0.6205
2024-11-29,0.6178
2024-11-28,0.6171
2024-11-27,0.6184
2024-11-26,0.6183
2024-11-25,0.6187
2024-11-22,0.6154
2024-11-21,0.6128
2024-11-20,0.611
2024-11-19,0.6099
2024-11-18,0.6102
2024-11-15,0.6119
2024-11-14,0.6138
2024-11-13,0.6133
2024-11-12,0.614
2024-11-11,0.6124
2024-11-08,0.6095
2024-11-07,0.6082
2024-11-06,0.6001
2024-11-05,0.5967
2024-11-04,0.5978
2024-10-31,0.6
2024-10-30,0.6036
2024-10-29,0.6038
2024-10-28,0.6032
2024-10-25,0.604
2024-10-24,0.6034
2024-10-23,0.6042
2024-10-22,0.6048
2024-10-21,0.606
2024-10-18,0.6063
2024-10-17,0.6052
2024-10-16,0.6036
2024-10-15,0.6037
2024-10-14,0.6025
2024-10-11,0.6011
2024-10-10,0.6006
2024-10-09,0.599
2024-10-08,0.5977
2024-10-07,0.5993
2024-10-04,0.5974
2024-10-03,0.5973
2024-10-02,0.5975
2024-10-01,0.5969
2024-09-30,0.5962
2024-09-27,0.5962
2024-09-26,0.5941
2024-09-25,0.5942
2024-09-24,0.5938
2024-09-23,0.5923
2024-09-20,0.5925
2024-09-19,0.5925
2024-09-18,0.5891
2024-09-17,0.5899
2024-09-16,0.5897
2024-09-13,0.5893
2024-09-12,0.5869
2024-09-11,0.584
2024-09-10,0.583
2024-09-09,0.5799
2024-09-06,0.5825
2024-09-05,0.5837
2024-09-04,0.5854
2024-09-03,0.5891
2024-09-02,0.5901
2024-08-30,0.5883
2024-08-29,0.5874
2024-08-28,0.5868
2024-08-27,0.587
2024-08-26,0.5871
2024-08-23,0.586
2024-08-22,0.5872
2024-08-21,0.5868
2024-08-20,0.5872
2024-08-19,0.5866
2024-08-16,0.585
2024-08-14,0.5806
2024-08-13,0.5772
2024-08-12,0.5764
2024-08-09,0.5751
2024-08-08,0.5708
2024-08-07,0.5714
2024-08-06,0.5691
2024-08-05,0.5738
2024-08-02,0.5823
2024-08-01,0.5873
2024-07-31,0.5844
2024-07-30,0.5833
2024-07-29,0.5819
2024-07-26,0.5796
2024-07-25,0.5806
2024-07-24,0.5848
2024-07-23,0.5852
2024-07-22,0.5828
2024-07-19,0.5834
2024-07-18,0.5858
2024-07-17,0.5892
2024-07-16,0.5881
2024-07-15,0.5879
2024-07-12,0.5875
2024-07-11,0.5882
2024-07-10,0.5856
2024-07-09,0.5846
2024-07-08,0.5852
2024-07-05,0.5839
2024-07-04,0.5831
2024-07-03,0.5823
2024-07-02,0.5804
2024-07-01,0.5806
2024-06-28,0.5821
2024-06-27,0.5825
2024-06-26,0.5823
2024-06-25,0.5814
2024-06-21,0.582
2024-06-20,0.5824
2024-06-19,0.5822
2024-06-18,0.5816
2024-06-17,0.5806
2024-06-14,0.5796
2024-06-13,0.5778
2024-06-12,0.5779
2024-06-11,0.5759
2024-06-10,0.5746
2024-06-07,0.5749
2024-06-06,0.5753
2024-06-05,0.573
2024-06-04,0.5717
2024-06-03,0.5714
2024-05-31,0.5692
2024-05-30,0.5705
2024-05-29,0.5715
2024-05-28,0.5731
2024-05-27,0.5736
2024-05-24,0.5726
2024-05-23,0.5741
2024-05-22,0.5749
2024-05-21,0.5748
2024-05-20,0.5744
2024-05-17,0.5744
2024-05-16,0.5752
2024-05-15,0.573
2024-05-14,0.571
2024-05-13,0.5717
2024-05-10,0.5707
2024-05-09,0.5702
2024-05-08,0.5703
2024-05-07,0.5683
2024-05-06,0.5663
2024-05-03,0.5653
2024-05-02,0.5628
2024-04-30,0.5649
2024-04-29,0.5652
2024-04-26,0.5619
2024-04-25,0.5616
2024-04-24,0.5627
2024-04-23,0.5621
2024-04-22,0.5592
2024-04-19,0.5605
2024-04-18,0.5613
2024-04-17,0.5619
2024-04-16,0.5633
2024-04-15,0.5678
2024-04-12,0.5695
2024-04-11,0.5676
2024-04-10,0.5682
2024-04-09,0.5682
2024-04-08,0.5683
2024-04-05,0.5662
2024-04-04,0.5688
2024-04-03,0.5692
2024-04-02,0.5702
2024-03-29,0.5709
2024-03-28,0.5709
2024-03-27,0.5689
2024-03-26,0.5687
2024-03-25,0.5694
2024-03-22,0.5691
2024-03-21,0.5675
2024-03-20,0.5647
2024-03-19,0.5633
2024-03-18,0.5623
2024-03-15,0.5634
2024-03-14,0.5638
2024-03-13,0.5648
2024-03-12,0.5629
2024-03-08,0.5637
2024-03-07,0.5619
2024-03-06,0.5606
2024-03-05,0.5615
2024-03-04,0.5619
2024-03-01,0.5604
2024-02-29,0.5587
2024-02-28,0.5582
2024-02-27,0.5581
2024-02-26,0.5595
2024-02-23,0.56
2024-02-22,0.5559
2024-02-21,0.5544
2024-02-20,0.5562
2024-02-19,0.5565
2024-02-15,0.5563
2024-02-14,0.554
2024-02-13,0.5551
2024-02-12,0.5558
2024-02-09,0.5547
2024-02-08,0.5549
2024-02-07,0.5541
2024-02-06,0.5534
2024-02-05,0.5525
2024-02-02,0.5517
2024-02-01,0.5491
2024-01-31,0.5511
2024-01-30,0.552
2024-01-29,0.5495
2024-01-26,0.5494
2024-01-25,0.5468
2024-01-24,0.5465
2024-01-23,0.5449
2024-01-22,0.5445
2024-01-19,0.5421
2024-01-18,0.5405
2024-01-17,0.5415
2024-01-16,0.5428
2024-01-15,0.5432
2024-01-12,0.5431
2024-01-11,0.5416
2024-01-10,0.5415
2024-01-09,0.5407
2024-01-08,0.5389
2024-01-05,0.5388
2024-01-04,0.5403
2024-01-03,0.5425
2024-01-02,0.5425
2023-12-29,0.5433
2023-12-28,0.5431
2023-12-27,0.5429
2023-12-22,0.5426
2023-12-21,0.5412
2023-12-20,0.5426
2023-12-19,0.542
2023-12-18,0.5413
2023-12-15,0.54
2023-12-14,0.5399
2023-12-13,0.5366
2023-12-12,0.5359
2023-12-11,0.5348
2023-12-08,0.5342
2023-12-07,0.5331
2023-12-06,0.5327
2023-12-05,0.5317
2023-12-04,0.5307
2023-12-01,0.5283
2023-11-30,0.5249
2023-11-29,0.524
2023-11-28,0.5234
2023-11-27,0.5233
2023-11-24,0.5235
2023-11-23,0.5239
2023-11-22,0.5229
2023-11-21,0.5222
2023-11-20,0.5214
2023-11-17,0.5208
2023-11-16,0.5204
2023-11-15,0.5198
2023-11-14,0.5179
2023-11-13,0.5165
2023-11-10,0.5142
2023-11-09,0.5158
2023-11-08,0.5163
2023-11-07,0.5149
2023-11-06,0.5139
2023-11-03,0.5142
2023-10-31,0.5039
2023-10-30,0.5023
2023-10-27,0.5027
2023-10-26,0.5041
2023-10-25,0.5061
2023-10-24,0.5052
2023-10-23,0.5051
2023-10-20,0.5071
2023-10-19,0.5103
2023-10-18,0.5129
2023-10-17,0.5144
2023-10-16,0.5147
2023-10-13,0.5154
2023-10-12,0.5153
2023-10-11,0.515
2023-10-10,0.5131
2023-10-09,0.5114
2023-10-06,0.509
2023-10-05,0.5089
2023-10-04,0.5084
2023-10-03,0.5106
2023-10-02,0.5118
2023-09-29,0.5129
2023-09-28,0.5125
2023-09-27,0.5122
2023-09-26,0.5148
2023-09-25,0.5144
2023-09-22,0.5154
2023-09-21,0.5176
2023-09-20,0.5207
2023-09-19,0.5207
2023-09-18,0.5217
2023-09-15,0.5239
2023-09-14,0.5217
2023-09-13,0.5208
2023-09-12,0.5211
2023-09-11,0.5205
2023-09-08,0.5205
2023-09-07,0.5205
2023-09-06,0.5217
2023-09-05,0.5223
2023-09-04,0.5224
2023-09-01,0.5217
2023-08-31,0.5208
2023-08-30,0.5209
2023-08-29,0.5183
2023-08-28,0.5172
2023-08-25,0.5155
2023-08-24,0.517
2023-08-23,0.5148
2023-08-22,0.5125
2023-08-21,0.5113
2023-08-18,0.5118
2023-08-17,0.5132
2023-08-16,0.515
2023-08-14,0.5176
2023-08-11,0.5178
2023-08-10,0.5191
2023-08-09,0.5199
2023-08-08,0.5192
2023-08-07,0.5185
2023-08-04,0.5202
2023-08-03,0.5209
2023-08-02,0.5236
2023-08-01,0.525
2023-07-31,0.5251
2023-07-28,0.5239
2023-07-27,0.5229
2023-07-26,0.5222
2023-07-25,0.5214
2023-07-24,0.5199
2023-07-21,0.5188
2023-07-20,0.5192
2023-07-19,0.5185
2023-07-18,0.5169
2023-07-17,0.5158
2023-07-14,0.5167
2023-07-13,0.5157
2023-07-12,0.5145
2023-07-11,0.5119
2023-07-10,0.5113
2023-07-07,0.5129
2023-07-05,0.5177
2023-07-04,0.518
2023-07-03,0.5172
2023-06-30,0.5155
2023-06-29,0.5145
2023-06-28,0.5135
2023-06-27,0.5122
2023-06-26,0.5131
2023-06-23,0.5131
2023-06-22,0.5129
2023-06-21,0.5153
2023-06-20,0.5165
2023-06-19,0.517
2023-06-16,0.5181
2023-06-15,0.517
2023-06-14,0.518
2023-06-13,0.5173
2023-06-12,0.5155
2023-06-09,0.5145
2023-06-08,0.5141
2023-06-07,0.515
2023-06-06,0.5146
2023-06-05,0.5142
2023-06-02,0.5118
2023-06-01,0.5099
2023-05-31,0.5092
2023-05-30,0.5089
2023-05-29,0.5086
2023-05-26,0.5063
2023-05-25,0.5046
2023-05-24,0.5059
2023-05-23,0.5084
2023-05-22,0.5088
2023-05-19,0.5091
2023-05-18,0.5069
2023-05-17,0.5049
2023-05-16,0.5059
2023-05-15,0.5059
2023-05-12,0.5054
2023-05-11,0.5048
2023-05-10,0.504
2023-05-09,0.5036
2023-05-08,0.5038
2023-05-05,0.5016
2023-05-04,0.5009
2023-05-03,0.5022
2023-05-02,0.5029
2023-04-28,0.502
2023-04-27,0.4983
2023-04-26,0.4995
2023-04-25,0.5011
2023-04-24,0.5017
2023-04-21,0.5022
2023-04-20,0.5033
2023-04-19,0.5036
2023-04-18,0.5045
2023-04-17,0.5029
2023-04-14,0.5024
2023-04-13,0.5015
2023-04-12,0.5028
2023-04-11,0.5032
2023-04-07,0.5034
2023-04-06,0.5034
2023-04-05,0.5029
2023-04-04,0.504
2023-04-03,0.5039
2023-03-31,0.5013
2023-03-30,0.5003
2023-03-29,0.4988
2023-03-28,0.499
2023-03-27,0.4999
2023-03-24,0.4988
2023-03-23,0.4983
2023-03-22,0.4982
2023-03-21,0.4982
2023-03-20,0.4991
2023-03-17,0.499
2023-03-16,0.4988
2023-03-15,0.4969
2023-03-14,0.4947
2023-03-13,0.4955
2023-03-10,0.4977
2023-03-09,0.4995
2023-03-08,0.4997
2023-03-07,0.4998
2023-03-06,0.5008
2023-03-03,0.4991
2023-03-02,0.4972
2023-03-01,0.4979
2023-02-28,0.4991
2023-02-27,0.5002
2023-02-24,0.5013
2023-02-23,0.5017
2023-02-22,0.501
2023-02-21,0.5035
2023-02-20,0.5048
2023-02-17,0.505
2023-02-15,0.5061
2023-02-14,0.5062
2023-02-13,0.5063
2023-02-10,0.5056
2023-02-09,0.5073
2023-02-08,0.508
2023-02-07,0.5071
2023-02-06,0.5072
2023-02-03,0.5088
2023-02-02,0.5074
2023-02-01,0.5046
2023-01-31,0.5033
2023-01-30,0.505
2023-01-27,0.5058
2023-01-26,0.5047
2023-01-25,0.5044
2023-01-24,0.5046
2023-01-23,0.5037
2023-01-20,0.5024
2023-01-19,0.5035
2023-01-18,0.5053
2023-01-17,0.5044
2023-01-16,0.5033
2023-01-13,0.5028
2023-01-12,0.5022
2023-01-11,0.5005
2023-01-10,0.499
2023-01-09,0.5003
2023-01-06,0.4986
2023-01-05,0.4975
2023-01-04,0.4969
2023-01-03,0.4939
2023-01-02,0.4929
2022-12-30,0.4925
2022-12-29,0.4922
2022-12-28,0.4927
2022-12-27,0.4936
2022-12-23,0.4936
2022-12-22,0.4949
2022-12-21,0.4941
2022-12-20,0.4942
2022-12-19,0.4955
2022-12-16,0.4969
2022-12-15,0.5013
2022-12-14,0.505
2022-12-13,0.5057
2022-12-12,0.5041
2022-12-09,0.505
2022-12-08,0.5054
2022-12-07,0.5061
2022-12-06,0.5074
2022-12-05,0.5093
2022-12-02,0.5103
2022-12-01,0.5119
2022-11-30,0.5072
2022-11-29,0.5057
2022-11-28,0.5062
2022-11-25,0.5069
2022-11-24,0.5076
2022-11-23,0.5067
2022-11-22,0.5053
2022-11-21,0.5044
2022-11-18,0.5041
2022-11-17,0.5037
2022-11-16,0.5052
2022-11-15,0.5039
2022-11-14,0.5041
2022-11-11,0.5029
2022-11-10,0.5002
2022-11-09,0.4991
2022-11-08,0.499
2022-11-07,0.4985
2022-11-04,0.4983
2022-11-03,0.4987
2022-10-31,0.5003
2022-10-28,0.4985
2022-10-27,0.4979
2022-10-26,0.4979
2022-10-25,0.4961
2022-10-24,0.4944
2022-10-21,0.4927
2022-10-20,0.4937
2022-10-19,0.4943
2022-10-18,0.4944
2022-10-17,0.4925
2022-10-14,0.494
2022-10-13,0.4925
2022-10-12,0.493
2022-10-11,0.4944
2022-10-10,0.4957
2022-10-07,0.499
2022-10-06,0.5016
2022-10-05,0.5017
2022-10-04,0.4996
2022-10-03,0.4957
2022-09-30,0.4953
2022-09-29,0.4985
2022-09-28,0.4992
2022-09-27,0.4989
2022-09-26,0.5009
2022-09-23,0.5029
2022-09-22,0.5052
2022-09-21,0.5069
2022-09-20,0.5073
2022-09-19,0.5082
2022-09-16,0.5101
2022-09-15,0.5126
2022-09-14,0.5136
2022-09-13,0.5172
2022-09-12,0.5175
2022-09-09,0.516
2022-09-08,0.5148
2022-09-07,0.5147
2022-09-06,0.5145
2022-09-05,0.5149
2022-09-02,0.5168
2022-09-01,0.5156
2022-08-31,0.5183
2022-08-30,0.5206
2022-08-29,0.5218
2022-08-26,0.528
2022-08-25,0.5271
2022-08-24,0.5258
2022-08-23,0.5269
2022-08-22,0.5286
2022-08-19,0.5306
2022-08-18,0.5311
2022-08-17,0.5322
2022-08-16,0.5329
2022-08-12,0.5286
2022-08-11,0.5281
2022-08-10,0.5268
2022-08-09,0.5275
2022-08-08,0.5283
2022-08-05,0.5279
2022-08-04,0.5288
2022-08-03,0.5268
2022-08-02,0.527
2022-08-01,0.528
2022-07-29,0.5272
2022-07-28,0.5254
2022-07-27,0.5213
2022-07-26,0.5204
2022-07-25,0.5191
2022-07-22,0.5196
2022-07-21,0.5172
2022-07-20,0.5161
2022-07-19,0.5138
2022-07-18,0.5153
2022-07-15,0.5148
2022-07-14,0.5135
2022-07-13,0.5151
2022-07-12,0.5167
2022-07-11,0.5162
2022-07-08,0.516
2022-07-07,0.5147
2022-07-05,0.5099
2022-07-04,0.5088
2022-07-01,0.5089
2022-06-30,0.5075
2022-06-29,0.5072
2022-06-28,0.508
2022-06-27,0.5089
2022-06-23,0.504
2022-06-22,0.5019
2022-06-21,0.5009
2022-06-20,0.5001
2022-06-17,0.5002
2022-06-16,0.5024
2022-06-15,0.5041
2022-06-14,0.5027
2022-06-13,0.5068
2022-06-10,0.514
2022-06-09,0.5175
2022-06-08,0.5205
2022-06-07,0.5203
2022-06-06,0.5205
2022-06-03,0.5205
2022-06-02,0.5204
2022-06-01,0.5218
2022-05-31,0.5225
2022-05-30,0.5232
2022-05-27,0.5207
2022-05-26,0.5175
2022-05-25,0.5165
2022-05-24,0.5159
2022-05-23,0.5175
2022-05-20,0.5175
2022-05-19,0.5169
2022-05-18,0.5204
2022-05-17,0.5211
2022-05-16,0.5213
2022-05-13,0.5202
2022-05-12,0.5169
2022-05-11,0.5169
2022-05-10,0.5176
2022-05-09,0.5185
2022-05-06,0.5211
2022-05-05,0.5272
2022-05-04,0.5272
2022-05-03,0.5275
2022-05-02,0.5273
2022-04-29,0.53
2022-04-28,0.5294
2022-04-27,0.5275
2022-04-26,0.5282
2022-04-25,0.5275
2022-04-22,0.53
2022-04-21,0.5338
2022-04-20,0.5354
2022-04-19,0.5351
2022-04-15,0.5361
2022-04-14,0.5362
2022-04-13,0.5357
2022-04-12,0.5354
2022-04-11,0.5364
2022-04-08,0.5392
2022-04-07,0.5389
2022-04-06,0.5406
2022-04-05,0.543
2022-04-04,0.5427
2022-04-01,0.5405
2022-03-31,0.5412
2022-03-30,0.5415
2022-03-29,0.5412
2022-03-28,0.5408
2022-03-25,0.5406
2022-03-24,0.5404
2022-03-23,0.5416
2022-03-22,0.5407
2022-03-21,0.54
2022-03-18,0.5391
2022-03-17,0.5369
2022-03-16,0.5329
2022-03-15,0.5287
2022-03-14,0.5299
2022-03-10,0.533
2022-03-09,0.5331
2022-03-08,0.5338
2022-03-07,0.5384
2022-03-04,0.5418
2022-03-03,0.5429
2022-03-02,0.5424
2022-03-01,0.5433
2022-02-28,0.5414
2022-02-25,0.5391
2022-02-24,0.5364
2022-02-23,0.5389
2022-02-22,0.5402
2022-02-21,0.5421
2022-02-18,0.5438
2022-02-17,0.5458
2022-02-15,0.5443
2022-02-14,0.5442
2022-02-11,0.5467
2022-02-10,0.5488
2022-02-09,0.5484
2022-02-08,0.5454
2022-02-07,0.5457
2022-02-04,0.5463
2022-02-03,0.5507
2022-02-02,0.5532
2022-02-01,0.5526
2022-01-31,0.5514
2022-01-28,0.5495
2022-01-27,0.5501
2022-01-26,0.5496
2022-01-25,0.5498
2022-01-24,0.5515
2022-01-21,0.5549
2022-01-20,0.557
2022-01-19,0.5567
2022-01-18,0.5579
2022-01-17,0.5591
2022-01-14,0.5596
2022-01-13,0.5623
2022-01-12,0.5635
2022-01-11,0.5609
2022-01-10,0.5609
2022-01-07,0.5627
2022-01-06,0.5632
2022-01-05,0.5664
2022-01-04,0.5686
2022-01-03,0.5677
2021-12-31,0.5681
2021-12-30,0.5684
2021-12-29,0.5688
2021-12-28,0.5694
2021-12-27,0.5679
2021-12-23,0.5671
2021-12-22,0.5659
2021-12-21,0.5638
2021-12-20,0.5643
2021-12-17,0.5668
2021-12-16,0.5687
2021-12-15,0.5678
2021-12-14,0.5682
2021-12-13,0.5708
2021-12-10,0.5708
2021-12-09,0.5713
2021-12-08,0.5713
2021-12-07,0.57
2021-12-06,0.5661
2021-12-03,0.567
2021-12-02,0.5668
2021-12-01,0.5668
2021-11-30,0.5677
2021-11-29,0.5691
2021-11-26,0.5701
2021-11-25,0.5731
2021-11-24,0.5725
2021-11-23,0.5734
2021-11-22,0.5763
2021-11-19,0.5768
2021-11-18,0.5757
2021-11-17,0.5765
2021-11-16,0.5758
2021-11-15,0.5742
2021-11-12,0.5733
2021-11-11,0.572
2021-11-10,0.5716
2021-11-09,0.572
2021-11-08,0.5717
2021-11-05,0.5724
2021-11-04,0.5705
2021-11-03,0.5683
2021-10-29,0.5655
2021-10-28,0.5663
2021-10-27,0.5673
2021-10-26,0.5671
2021-10-25,0.5663
2021-10-22,0.5657
2021-10-21,0.5651
2021-10-20,0.5649
2021-10-19,0.5639
2021-10-18,0.5637
2021-10-15,0.5635
2021-10-14,0.561
2021-10-13,0.5586
2021-10-12,0.5583
2021-10-11,0.5597
2021-10-08,0.5602
2021-10-07,0.5595
2021-10-06,0.5572
2021-10-05,0.5565
2021-10-04,0.5573
2021-10-01,0.558
2021-09-30,0.559
2021-09-29,0.5585
2021-09-28,0.5606
2021-09-27,0.5632
2021-09-24,0.5637
2021-09-23,0.5636
2021-09-22,0.5623
2021-09-21,0.5616
2021-09-20,0.5626
2021-09-17,0.5647
2021-09-16,0.5647
2021-09-15,0.5644
2021-09-14,0.5654
2021-09-13,0.5653
2021-09-10,0.566
2021-09-09,0.566
2021-09-08,0.567
2021-09-07,0.5675
2021-09-06,0.5675
2021-09-03,0.5669
2021-09-02,0.5671
2021-09-01,0.567
2021-08-31,0.5666
2021-08-30,0.5665
2021-08-27,0.5654
2021-08-26,0.5655
2021-08-25,0.5664
2021-08-24,0.566
2021-08-23,0.5646
2021-08-20,0.5633
2021-08-19,0.5632
2021-08-18,0.5646
2021-08-17,0.5643
2021-08-16,0.5649
2021-08-13,0.5652
2021-08-12,0.5657
2021-08-11,0.5658
2021-08-10,0.5658
2021-08-09,0.5649
2021-08-06,0.5643
2021-08-05,0.5637
2021-08-04,0.5631
2021-08-03,0.5614
2021-08-02,0.5608
2021-07-30,0.5605
2021-07-29,0.5608
2021-07-28,0.5595
2021-07-27,0.5597
2021-07-26,0.5616
2021-07-23,0.5622
2021-07-22,0.5609
2021-07-21,0.5589
2021-07-20,0.5572
2021-07-19,0.558
2021-07-16,0.5602
2021-07-15,0.5609
2021-07-14,0.5608
2021-07-13,0.5601
2021-07-12,0.5588
2021-07-09,0.5569
2021-07-08,0.5581
2021-07-07,0.5595
2021-07-05,0.5582
2021-07-02,0.5581
2021-07-01,0.557
2021-06-30,0.5569
2021-06-29,0.5564
2021-06-28,0.5558
2021-06-25,0.5552
2021-06-23,0.5528
2021-06-22,0.5529
2021-06-21,0.552
2021-06-18,0.5535
2021-06-17,0.5532
2021-06-16,0.5519
2021-06-15,0.5525
2021-06-14,0.5523
2021-06-11,0.5518
2021-06-10,0.5504
2021-06-09,0.5499
2021-06-08,0.5497
2021-06-07,0.5498
2021-06-04,0.5496
2021-06-03,0.5487
2021-06-02,0.5487
2021-06-01,0.5483
2021-05-31,0.5482
2021-05-28,0.5476
2021-05-27,0.5466
2021-05-26,0.546
2021-05-25,0.5446
2021-05-24,0.5433
2021-05-21,0.543
2021-05-20,0.5411
2021-05-19,0.5407
2021-05-18,0.5418
2021-05-17,0.5413
2021-05-14,0.5405
2021-05-13,0.5412
2021-05-12,0.5413
2021-05-11,0.5432
2021-05-10,0.5465
2021-05-07,0.5473
2021-05-06,0.5469
2021-05-05,0.5465
2021-05-04,0.5469
2021-05-03,0.5474
2021-04-30,0.548
2021-04-29,0.5487
2021-04-28,0.5494
2021-04-27,0.5497
2021-04-26,0.5496
2021-04-23,0.5486
2021-04-22,0.548
2021-04-21,0.5468
2021-04-20,0.5479
2021-04-19,0.5495
2021-04-16,0.55
2021-04-15,0.5487
2021-04-14,0.5484
2021-04-13,0.5487
2021-04-12,0.5486
2021-04-09,0.549
2021-04-08,0.5488
2021-04-07,0.5485
2021-04-06,0.5491
2021-04-02,0.5481
2021-04-01,0.5479
2021-03-31,0.5461
2021-03-30,0.5457
2021-03-29,0.5454
2021-03-26,0.5443
2021-03-25,0.5419
2021-03-24,0.5429
2021-03-23,0.5434
2021-03-22,0.5428
2021-03-19,0.5429
2021-03-18,0.5443
2021-03-17,0.5448
2021-03-16,0.5457
2021-03-15,0.5442
2021-03-12,0.5444
2021-03-10,0.542
2021-03-09,0.5397
2021-03-08,0.5392
2021-03-05,0.5382
2021-03-04,0.5389
2021-03-03,0.5418
2021-03-02,0.5429
2021-03-01,0.5405
2021-02-26,0.5379
2021-02-25,0.5416
2021-02-24,0.5423
2021-02-23,0.5434
2021-02-22,0.5454
2021-02-19,0.5471
2021-02-18,0.5488
2021-02-17,0.5506
2021-02-15,0.5498
2021-02-12,0.5497
2021-02-11,0.5486
2021-02-10,0.5482
2021-02-09,0.548
2021-02-08,0.5476
2021-02-05,0.5472
2021-02-04,0.5459
2021-02-03,0.5455
2021-02-02,0.5434
2021-02-01,0.539
2021-01-29,0.5383
2021-01-28,0.5397
2021-01-27,0.5423
2021-01-26,0.5444
2021-01-25,0.5451
2021-01-22,0.5445
2021-01-21,0.5463
2021-01-20,0.5453
2021-01-19,0.5427
2021-01-18,0.542
2021-01-15,0.5423
2021-01-14,0.5429
2021-01-13,0.5421
2021-01-12,0.5418
2021-01-11,0.5423
2021-01-08,0.5411
2021-01-07,0.538
2021-01-06,0.5358
2021-01-05,0.5355
2021-01-04,0.5355
2020-12-31,0.5347
2020-12-30,0.5343
2020-12-29,0.5334
2020-12-28,0.5321
2020-12-23,0.5318
2020-12-22,0.5308
2020-12-21,0.5317
2020-12-18,0.5323
2020-12-17,0.5322
2020-12-16,0.5318
2020-12-15,0.5309
2020-12-14,0.5308
2020-12-11,0.5309
2020-12-10,0.5309
2020-12-09,0.5314
2020-12-08,0.5311
2020-12-07,0.5305
2020-12-04,0.5293
2020-12-03,0.5285
2020-12-02,0.5288
2020-12-01,0.5294
2020-11-30,0.5294
2020-11-27,0.5306
2020-11-26,0.5301
2020-11-25,0.5296
2020-11-24,0.5296
2020-11-23,0.5283
2020-11-20,0.5281
2020-11-19,0.5281
2020-11-18,0.5287
2020-11-17,0.5285
2020-11-16,0.5283
2020-11-13,0.526
2020-11-12,0.526
2020-11-11,0.5252
2020-11-10,0.5246
2020-11-09,0.525
2020-11-06,0.5231
2020-11-05,0.522
2020-11-04,0.5189
2020-11-03,0.5157
2020-10-30,0.5127
2020-10-29,0.5132
2020-10-28,0.5147
2020-10-27,0.5159
2020-10-26,0.5172
2020-10-23,0.5175
2020-10-22,0.5173
2020-10-21,0.518
2020-10-20,0.5186
2020-10-19,0.5199
2020-10-16,0.5203
2020-10-15,0.5203
2020-10-14,0.5216
2020-10-13,0.5212
2020-10-12,0.5192
2020-10-09,0.5176
2020-10-08,0.5156
2020-10-07,0.5137
2020-10-06,0.5135
2020-10-05,0.5125
2020-10-02,0.5118
2020-10-01,0.5113
2020-09-30,0.5111
2020-09-29,0.5111
2020-09-28,0.5103
2020-09-25,0.5078
2020-09-24,0.5076
2020-09-23,0.5095
2020-09-22,0.5085
2020-09-21,0.5089
2020-09-18,0.5107
2020-09-17,0.5114
2020-09-16,0.5118
2020-09-15,0.5106
2020-09-14,0.5093
2020-09-11,0.5077
2020-09-10,0.5087
2020-09-09,0.5079
2020-09-08,0.5085
2020-09-07,0.509
2020-09-04,0.5101
2020-09-03,0.5144
2020-09-03,0.5144
2020-09-02,0.5124
2020-09-01,0.5103
2020-08-31,0.5108
2020-08-28,0.5122
2020-08-27,0.5129
2020-08-26,0.5119
2020-08-25,0.511
2020-08-24,0.5105
2020-08-21,0.5089
2020-08-20,0.508
2020-08-19,0.5087
2020-08-18,0.509
2020-08-17,0.5086
2020-08-14,0.5085
2020-08-13,0.5095
2020-08-12,0.5093
2020-08-11,0.5089
2020-08-10,0.5083
2020-08-07,0.5081
2020-08-06,0.508
2020-08-05,0.5078
2020-08-04,0.5074
2020-08-03,0.5052
2020-07-31,0.5047
2020-07-30,0.5059
2020-07-29,0.5063
2020-07-28,0.5062
2020-07-27,0.5056
2020-07-24,0.506
2020-07-22,0.5092
2020-07-21,0.51
2020-07-20,0.5076
2020-07-17,0.5063
2020-07-16,0.506
2020-07-15,0.5062
2020-07-14,0.5051
2020-07-13,0.5069
2020-07-10,0.5065
2020-07-09,0.5065
2020-07-08,0.5058
2020-07-07,0.5053
2020-07-03,0.5037
2020-07-02,0.5022
2020-07-01,0.5007
2020-06-30,0.4996
2020-06-29,0.498
2020-06-26,0.4998
2020-06-25,0.4992
2020-06-23,0.5008
2020-06-22,0.5009
2020-06-19,0.5005
2020-06-18,0.4994
2020-06-17,0.4989
2020-06-16,0.4971
2020-06-15,0.4937
2020-06-12,0.4936
2020-06-11,0.4963
2020-06-10,0.4997
2020-06-09,0.5008
2020-06-08,0.5005
2020-06-05,0.4982
2020-06-04,0.4976
2020-06-03,0.4973
2020-06-02,0.4949
2020-06-01,0.4934
2020-05-29,0.4939
2020-05-28,0.4941
2020-05-27,0.4924
2020-05-26,0.4922
2020-05-25,0.4904
2020-05-22,0.49
2020-05-21,0.4899
2020-05-20,0.4898
2020-05-19,0.4898
2020-05-18,0.4878
2020-05-15,0.4856
2020-05-14,0.4847
2020-05-13,0.4861
2020-05-12,0.4878
2020-05-11,0.4883
2020-05-08,0.4872
2020-05-07,0.4849
2020-05-06,0.4845
2020-05-05,0.4836
2020-05-04,0.4839
2020-04-30,0.4884
2020-04-29,0.4871
2020-04-28,0.4848
2020-04-27,0.4829
2020-04-24,0.4807
2020-04-23,0.4801
2020-04-22,0.4776
2020-04-21,0.4789
2020-04-20,0.4823
2020-04-17,0.4817
2020-04-16,0.4786
2020-04-15,0.4784
2020-04-14,0.479
2020-04-10,0.4773
2020-04-09,0.4771
2020-04-08,0.4737
2020-04-07,0.4744
2020-04-06,0.4688
2020-04-03,0.4665
2020-04-02,0.4655
2020-04-01,0.467
2020-03-31,0.4704
2020-03-30,0.4681
2020-03-27,0.4702
2020-03-26,0.4678
2020-03-25,0.4643
2020-03-24,0.4574
2020-03-23,0.4556
2020-03-20,0.4602
2020-03-19,0.4549
2020-03-18,0.4571
2020-03-17,0.4588
2020-03-16,0.4653
2020-03-13,0.4689
2020-03-12,0.4756
2020-03-10,0.485
2020-03-09,0.4887
2020-03-06,0.4975
2020-03-05,0.5041
2020-03-04,0.5034
2020-03-03,0.5023
2020-03-02,0.5007
2020-02-28,0.4997
2020-02-27,0.506
2020-02-26,0.511
2020-02-25,0.514
2020-02-24,0.5181
2020-02-21,0.5231
2020-02-20,0.5247
2020-02-19,0.5247
2020-02-18,0.5236
2020-02-17,0.5241
2020-02-14,0.5238
2020-02-13,0.5231
2020-02-12,0.5224
2020-02-11,0.5207
2020-02-10,0.5189
2020-02-07,0.5188
2020-02-06,0.5191
2020-02-05,0.5176
2020-02-04,0.5151
2020-02-03,0.5119
2020-01-31,0.5126
2020-01-30,0.5139
2020-01-29,0.5154
2020-01-28,0.5143
2020-01-27,0.5153
2020-01-24,0.5167
2020-01-23,0.516
2020-01-22,0.5164
2020-01-21,0.5158
2020-01-20,0.5166
2020-01-17,0.5157
2020-01-16,0.5143
2020-01-15,0.514
2020-01-14,0.514
2020-01-13,0.5136
2020-01-10,0.5135
2020-01-09,0.5125
2020-01-08,0.511
2020-01-07,0.5105
2020-01-06,0.5102
2020-01-03,0.5111
2020-01-02,0.5101
2019-12-31,0.5092
2019-12-30,0.5105
2019-12-27,0.5113
2019-12-23,0.5108
2019-12-20,0.5102
2019-12-19,0.5094
2019-12-18,0.5094
2019-12-17,0.5092
2019-12-16,0.5087
2019-12-13,0.5073
2019-12-12,0.5063
2019-12-11,0.5051
2019-12-10,0.5047
2019-12-09,0.5053
2019-12-06,0.5046
2019-12-05,0.5033
2019-12-04,0.5035
2019-12-03,0.5029
2019-12-02,0.5048
2019-11-29,0.5064
2019-11-28,0.5069
2019-11-27,0.5067
2019-11-26,0.5062
2019-11-25,0.5052
2019-11-22,0.5031
2019-11-21,0.5029
2019-11-20,0.504
2019-11-19,0.5044
2019-11-18,0.5044
2019-11-15,0.5041
2019-11-14,0.5033
2019-11-13,0.5035
2019-11-12,0.5037
2019-11-11,0.5033
2019-11-08,0.504
2019-11-07,0.5042
2019-11-06,0.5037
2019-11-05,0.503
2019-11-04,0.5018
2019-10-31,0.5004
2019-10-30,0.5003
2019-10-29,0.5004
2019-10-28,0.5003
2019-10-25,0.4995
2019-10-24,0.4989
2019-10-23,0.498
2019-10-22,0.4976
2019-10-21,0.4971
2019-10-18,0.4976
2019-10-17,0.4985
2019-10-16,0.4988
2019-10-15,0.4983
2019-10-14,0.4974
2019-10-11,0.4963
2019-10-10,0.4952
2019-10-09,0.4953
2019-10-08,0.4957
2019-10-07,0.4966
2019-10-04,0.4962
2019-10-03,0.4946
2019-10-02,0.4971
2019-10-01,0.4995
2019-09-30,0.4995
2019-09-27,0.4998
2019-09-26,0.4997
2019-09-25,0.4989
2019-09-24,0.5001
2019-09-23,0.4997
2019-09-20,0.4996
2019-09-19,0.4995
2019-09-18,0.4991
2019-09-17,0.4993
2019-09-16,0.4993
2019-09-13,0.4998
2019-09-12,0.5002
2019-09-11,0.4983
2019-09-10,0.4975
2019-09-09,0.4985
2019-09-06,0.4983
2019-09-05,0.4977
2019-09-04,0.4962
2019-09-03,0.4961
2019-09-02,0.4962
2019-08-30,0.4951
2019-08-29,0.4934
2019-08-28,0.4916
2019-08-27,0.4909
2019-08-26,0.4903
2019-08-23,0.4921
2019-08-22,0.4933
2019-08-21,0.4934
2019-08-20,0.4928
2019-08-19,0.4925
2019-08-16,0.4899
2019-08-14,0.4893
2019-08-13,0.4893
2019-08-12,0.4899
2019-08-09,0.4915
2019-08-08,0.4909
2019-08-07,0.4889
2019-08-06,0.488
2019-08-05,0.4906
2019-08-02,0.4948
2019-08-01,0.4972
2019-07-31,0.4971
2019-07-30,0.4979
2019-07-29,0.4989
2019-07-26,0.4987
2019-07-25,0.4988
2019-07-24,0.4985
2019-07-23,0.497
2019-07-22,0.4961
2019-07-19,0.4964
2019-07-18,0.4958
2019-07-17,0.4964
2019-07-16,0.4964
2019-07-15,0.4958
2019-07-12,0.4954
2019-07-11,0.4955
2019-07-10,0.4953
2019-07-09,0.4951
2019-07-08,0.4959
2019-07-05,0.4966
2019-07-04,0.497
2019-07-03,0.4958
2019-07-02,0.4946
2019-07-01,0.493
2019-06-28,0.491
2019-06-27,0.4901
2019-06-26,0.4897
2019-06-25,0.4902
2019-06-21,0.4918
2019-06-20,0.4923
2019-06-19,0.4914
2019-06-18,0.4891
2019-06-17,0.4874
2019-06-14,0.4874
2019-06-13,0.4872
2019-06-12,0.4869
2019-06-11,0.4868
2019-06-10,0.4849
2019-06-07,0.4843
2019-06-06,0.4835
2019-06-05,0.4831
2019-06-04,0.4816
2019-06-03,0.4813
2019-05-31,0.4815
2019-05-30,0.4817
2019-05-29,0.4817
2019-05-28,0.4824
2019-05-27,0.4822
2019-05-24,0.4822
2019-05-23,0.4826
2019-05-22,0.4838
2019-05-21,0.4832
2019-05-20,0.4832
2019-05-17,0.4845
2019-05-16,0.4845
2019-05-15,0.4829
2019-05-14,0.482
2019-05-13,0.483
2019-05-10,0.4851
2019-05-09,0.4861
2019-05-08,0.4869
2019-05-07,0.4882
2019-05-06,0.4895
2019-05-03,0.4903
2019-05-02,0.49
2019-04-30,0.4909
2019-04-29,0.4914
2019-04-26,0.4905
2019-04-25,0.4902
2019-04-24,0.49
2019-04-23,0.4893
2019-04-19,0.4883
2019-04-18,0.488
2019-04-17,0.4878
2019-04-16,0.4877
2019-04-15,0.4876
2019-04-12,0.4875
2019-04-11,0.4878
2019-04-10,0.4876
2019-04-09,0.4874
2019-04-08,0.4877
2019-04-05,0.4875
2019-04-04,0.487
2019-04-03,0.487
2019-04-02,0.4862
2019-04-01,0.4851
2019-03-29,0.4833
2019-03-28,0.4822
2019-03-27,0.4818
2019-03-26,0.4814
2019-03-25,0.4808
2019-03-22,0.4823
2019-03-21,0.4826
2019-03-20,0.4822
2019-03-19,0.4827
2019-03-18,0.4819
2019-03-15,0.4812
2019-03-14,0.4804
2019-03-13,0.4801
2019-03-12,0.4799
2019-03-08,0.4775
2019-03-07,0.4787
2019-03-06,0.4791
2019-03-05,0.479
2019-03-04,0.4788
2019-03-01,0.478
2019-02-28,0.4778
2019-02-27,0.4785
2019-02-26,0.479
2019-02-25,0.4791
2019-02-22,0.478
2019-02-21,0.4776
2019-02-20,0.4778
2019-02-19,0.4774
2019-02-18,0.4774
2019-02-15,0.4768
2019-02-14,0.4765
2019-02-13,0.4764
2019-02-12,0.4754
2019-02-11,0.4741
2019-02-08,0.4735
2019-02-07,0.4741
2019-02-06,0.4746
2019-02-05,0.4742
2019-02-04,0.473
2019-02-01,0.4726
2019-01-31,0.472
2019-01-30,0.4708
2019-01-29,0.47
2019-01-28,0.4707
2019-01-25,0.4711
2019-01-24,0.4697
2019-01-23,0.4694
2019-01-22,0.4702
2019-01-21,0.4706
2019-01-18,0.4698
2019-01-17,0.4684
2019-01-16,0.4678
2019-01-15,0.4664
2019-01-14,0.4654
2019-01-11,0.4654
2019-01-10,0.4652
2019-01-09,0.465
2019-01-08,0.4634
2019-01-07,0.4628
2019-01-04,0.4603
2019-01-03,0.4605
2019-01-02,0.4607
2018-12-31,0.4603
2018-12-28,0.46
2018-12-27,0.4584
2018-12-21,0.4589
2018-12-20,0.4608
2018-12-19,0.463
2018-12-18,0.4634
2018-12-17,0.4655
2018-12-14,0.4673
2018-12-13,0.4681
2018-12-12,0.4676
2018-12-11,0.466
2018-12-10,0.4659
2018-12-07,0.4683
2018-12-06,0.4692
2018-12-05,0.4719
2018-12-04,0.4742
2018-12-03,0.4745
2018-11-30,0.4718
2018-11-29,0.4723
2018-11-28,0.471
2018-11-27,0.4691
2018-11-26,0.468
2018-11-23,0.4669
2018-11-22,0.4668
2018-11-21,0.4664
2018-11-20,0.4664
2018-11-19,0.469
2018-11-16,0.4703
2018-11-15,0.4698
2018-11-14,0.4701
2018-11-13,0.4706
2018-11-12,0.4714
2018-11-09,0.4719
2018-11-08,0.4725
2018-11-07,0.4715
2018-11-06,0.4706
2018-11-05,0.4703
2018-11-02,0.4696
2018-10-31,0.467
2018-10-30,0.4643
2018-10-29,0.4649
2018-10-26,0.4655
2018-10-25,0.4656
2018-10-24,0.467
2018-10-23,0.468
2018-10-22,0.4696
2018-10-19,0.4696
2018-10-18,0.4705
2018-10-17,0.471
2018-10-16,0.4692
2018-10-15,0.468
2018-10-12,0.4677
2018-10-11,0.468
2018-10-10,0.4737
2018-10-09,0.4753
2018-10-08,0.4757
2018-10-05,0.4768
2018-10-04,0.4789
2018-10-03,0.48
2018-10-02,0.4802
2018-10-01,0.4805
2018-09-28,0.48
2018-09-27,0.479
2018-09-26,0.4785
2018-09-25,0.4785
2018-09-24,0.4787
2018-09-21,0.4792
2018-09-20,0.4787
2018-09-19,0.4779
2018-09-18,0.4771
2018-09-17,0.4773
2018-09-14,0.4777
2018-09-13,0.4772
2018-09-12,0.477
2018-09-11,0.4769
2018-09-10,0.4771
2018-09-07,0.4768
2018-09-06,0.4773
2018-09-05,0.4788
2018-09-04,0.4804
2018-09-03,0.4805
2018-08-31,0.4805
2018-08-30,0.4813
2018-08-29,0.4812
2018-08-28,0.4811
2018-08-27,0.4806
2018-08-24,0.4799
2018-08-23,0.48
2018-08-22,0.4803
2018-08-21,0.4811
2018-08-20,0.4809
2018-08-17,0.4804
2018-08-16,0.4813
2018-08-14,0.4816
2018-08-13,0.4818
2018-08-10,0.4823
2018-08-09,0.4826
2018-08-08,0.4826
2018-08-07,0.4826
2018-08-06,0.482
2018-08-03,0.4812
2018-08-02,0.4802
2018-08-01,0.4806
2018-07-31,0.4804
2018-07-30,0.4814
2018-07-27,0.4827
2018-07-26,0.4824
2018-07-25,0.4814
2018-07-24,0.4803
2018-07-23,0.4799
2018-07-20,0.4804
2018-07-19,0.4808
2018-07-18,0.4805
2018-07-17,0.4796
2018-07-16,0.4799
2018-07-13,0.4803
2018-07-12,0.4788
2018-07-11,0.4786
2018-07-10,0.4791
2018-07-09,0.478
2018-07-05,0.4762
2018-07-04,0.4764
2018-07-03,0.4767
2018-07-02,0.4766
2018-06-29,0.4771
2018-06-28,0.4762
2018-06-27,0.4769
2018-06-26,0.4766
2018-06-25,0.4784
2018-06-22,0.4802
2018-06-21,0.4809
2018-06-20,0.4816
2018-06-19,0.4816
2018-06-18,0.4827
2018-06-15,0.483
2018-06-14,0.482
2018-06-13,0.4817
2018-06-12,0.4813
2018-06-11,0.4812
2018-06-08,0.4807
2018-06-07,0.4813
2018-06-06,0.4816
2018-06-05,0.4819
2018-06-04,0.4812
2018-06-01,0.4797
2018-05-31,0.4793
2018-05-30,0.4793
2018-05-29,0.4803
2018-05-28,0.481
2018-05-25,0.4806
2018-05-24,0.4805
2018-05-23,0.4802
2018-05-22,0.48
2018-05-21,0.4798
2018-05-18,0.4796
2018-05-17,0.48
2018-05-16,0.4792
2018-05-15,0.4783
2018-05-14,0.4788
2018-05-11,0.4786
2018-05-10,0.4776
2018-05-09,0.4773
2018-05-08,0.4765
2018-05-07,0.4756
2018-05-04,0.474
2018-05-03,0.4742
2018-05-02,0.4744
2018-04-30,0.4745
2018-04-27,0.4739
2018-04-26,0.4723
2018-04-25,0.4715
2018-04-24,0.4729
2018-04-23,0.473
2018-04-20,0.473
2018-04-19,0.4735
2018-04-18,0.4732
2018-04-17,0.4722
2018-04-16,0.4716
2018-04-13,0.4723
2018-04-12,0.4717
2018-04-11,0.4713
2018-04-10,0.4712
2018-04-09,0.4708
2018-04-06,0.472
2018-04-05,0.4718
2018-04-04,0.47
2018-04-03,0.4704
2018-03-30,0.47
2018-03-29,0.4697
2018-03-28,0.4693
2018-03-27,0.4705
2018-03-26,0.4694
2018-03-23,0.4708
2018-03-22,0.4738
2018-03-21,0.4756
2018-03-20,0.4752
2018-03-19,0.4759
2018-03-16,0.4767
2018-03-15,0.4763
2018-03-14,0.4762
2018-03-13,0.4773
2018-03-12,0.4778
2018-03-09,0.4759
2018-03-08,0.4739
2018-03-07,0.473
2018-03-06,0.4731
2018-03-05,0.4721
2018-03-02,0.4724
2018-03-01,0.4746
2018-02-28,0.476
2018-02-27,0.4769
2018-02-26,0.477
2018-02-23,0.4751
2018-02-22,0.4743
2018-02-21,0.474
2018-02-20,0.4734
2018-02-19,0.4734
2018-02-15,0.4727
2018-02-14,0.4704
2018-02-13,0.4699
2018-02-12,0.4696
2018-02-09,0.4684
2018-02-08,0.471
2018-02-07,0.4723
2018-02-06,0.4712
2018-02-05,0.4744
2018-02-02,0.4777
2018-02-01,0.4797
2018-01-31,0.4805
2018-01-30,0.4814
2018-01-29,0.4831
2018-01-26,0.4824
2018-01-25,0.4822
2018-01-24,0.4836
2018-01-23,0.484
2018-01-22,0.483
2018-01-19,0.4821
2018-01-18,0.4816
2018-01-17,0.4811
2018-01-16,0.4812
2018-01-15,0.4814
2018-01-12,0.4818
2018-01-11,0.4819
2018-01-10,0.4827
2018-01-09,0.4833
2018-01-08,0.4825
2018-01-05,0.4812
2018-01-04,0.4799
2018-01-03,0.4789
2018-01-02,0.4776
2017-12-29,0.4779
2017-12-28,0.4784
2017-12-27,0.4786
2017-12-22,0.4786
2017-12-21,0.4779
2017-12-20,0.4781
2017-12-19,0.4788
2017-12-18,0.4788
2017-12-15,0.4776
2017-12-14,0.4781
2017-12-13,0.4787
2017-12-12,0.4783
2017-12-11,0.4783
2017-12-08,0.4773
2017-12-07,0.476
2017-12-06,0.4759
2017-12-05,0.4762
2017-12-04,0.4763
2017-12-01,0.4762
2017-11-30,0.4761
2017-11-29,0.4766
2017-11-28,0.4754
2017-11-27,0.4751
2017-11-24,0.4761
2017-11-23,0.4768
2017-11-22,0.4776
2017-11-21,0.4771
2017-11-20,0.4755
2017-11-17,0.475
2017-11-16,0.4742
2017-11-15,0.4735
2017-11-14,0.4755
2017-11-13,0.4762
2017-11-10,0.4771
2017-11-09,0.478
2017-11-08,0.4786
2017-11-07,0.4789
2017-11-06,0.478
2017-11-03,0.4772
2017-11-02,0.4771
2017-10-31,0.4766
2017-10-30,0.4768
2017-10-27,0.4754
2017-10-26,0.4737
2017-10-25,0.4736
2017-10-24,0.4738
2017-10-23,0.4742
2017-10-20,0.4733
2017-10-19,0.4735
2017-10-18,0.4743
2017-10-17,0.4743
2017-10-16,0.474
2017-10-13,0.4734
2017-10-12,0.4731
2017-10-11,0.4732
2017-10-10,0.473
2017-10-09,0.4732
2017-10-06,0.4734
2017-10-05,0.4729
2017-10-04,0.4727
2017-10-03,0.4725
2017-10-02,0.4715
2017-09-29,0.4708
2017-09-28,0.4709
2017-09-27,0.4707
2017-09-26,0.47
2017-09-25,0.4697
2017-09-22,0.4696
2017-09-21,0.4696
2017-09-20,0.4694
2017-09-19,0.4694
2017-09-18,0.4694
2017-09-15,0.4694
2017-09-14,0.4696
2017-09-13,0.4692
2017-09-12,0.4687
2017-09-11,0.4672
2017-09-08,0.4664
2017-09-07,0.4669
2017-09-06,0.4667
2017-09-05,0.4672
2017-09-04,0.4676
2017-09-01,0.4675
2017-08-31,0.4668
2017-08-30,0.4643
2017-08-29,0.4643
2017-08-28,0.4661
2017-08-25,0.4671
2017-08-24,0.467
2017-08-23,0.4671
2017-08-22,0.4666
2017-08-21,0.4659
2017-08-18,0.4662
2017-08-17,0.4677
2017-08-16,0.4675
2017-08-14,0.4658
2017-08-11,0.4653
2017-08-10,0.4673
2017-08-09,0.4682
2017-08-08,0.4685
2017-08-07,0.4683
2017-08-04,0.4672
2017-08-03,0.4672
2017-08-02,0.4678
2017-08-01,0.4681
2017-07-31,0.468
2017-07-28,0.4685
2017-07-27,0.4697
2017-07-26,0.4693
2017-07-25,0.4693
2017-07-24,0.4693
2017-07-21,0.4698
2017-07-20,0.4712
2017-07-19,0.4701
2017-07-18,0.4702
2017-07-17,0.4708
2017-07-14,0.4706
2017-07-13,0.4699
2017-07-12,0.4685
2017-07-11,0.4677
2017-07-10,0.4672
2017-07-07,0.4666
2017-07-05,0.4686
2017-07-04,0.4683
2017-07-03,0.4681
2017-06-30,0.4674
2017-06-29,0.4685
2017-06-28,0.4694
2017-06-27,0.4713
2017-06-26,0.4724
2017-06-23,0.4719
2017-06-22,0.472
2017-06-21,0.4721
2017-06-20,0.4724
2017-06-19,0.4719
2017-06-16,0.4711
2017-06-15,0.4708
2017-06-14,0.4715
2017-06-13,0.4714
2017-06-12,0.471
2017-06-09,0.4718
2017-06-08,0.4712
2017-06-07,0.4706
2017-06-06,0.4708
2017-06-05,0.4712
2017-06-02,0.4711
2017-06-01,0.4701
2017-05-31,0.47
2017-05-30,0.4707
2017-05-29,0.4707
2017-05-26,0.4704
2017-05-25,0.4698
2017-05-24,0.4695
2017-05-23,0.4689
2017-05-22,0.4689
2017-05-19,0.4686
2017-05-18,0.4689
2017-05-17,0.4707
2017-05-16,0.4728
2017-05-15,0.4735
2017-05-12,0.4738
2017-05-11,0.4738
2017-05-10,0.4735
2017-05-09,0.4727
2017-05-08,0.4718
2017-05-05,0.4714
2017-05-04,0.4716
2017-05-03,0.4717
2017-05-02,0.4714
2017-04-28,0.4713
2017-04-27,0.4714
2017-04-26,0.4711
2017-04-25,0.4709
2017-04-24,0.4711
2017-04-21,0.4702
2017-04-20,0.4696
2017-04-19,0.4698
2017-04-18,0.4706
2017-04-14,0.4715
2017-04-13,0.4716
2017-04-12,0.4719
2017-04-11,0.4721
2017-04-10,0.4722
2017-04-07,0.4717
2017-04-06,0.4714
2017-04-05,0.4718
2017-04-04,0.4715
2017-04-03,0.4713
2017-03-31,0.4705
2017-03-30,0.4704
2017-03-29,0.4692
2017-03-28,0.468
2017-03-27,0.4678
2017-03-24,0.4685
2017-03-23,0.4683
2017-03-22,0.4679
2017-03-21,0.4696
2017-03-20,0.4704
2017-03-17,0.4704
2017-03-16,0.4708
2017-03-15,0.4701
2017-03-14,0.4696
2017-03-13,0.4695
2017-03-10,0.4693
2017-03-09,0.4697
2017-03-08,0.4704
2017-03-07,0.4701
2017-03-06,0.4705
2017-03-03,0.4711
2017-03-02,0.4721
2017-03-01,0.4708
2017-02-28,0.47
2017-02-27,0.4703
2017-02-24,0.4707
2017-02-23,0.4719
2017-02-22,0.4718
2017-02-21,0.4706
2017-02-20,0.4694
2017-02-17,0.4689
2017-02-15,0.4695
2017-02-14,0.4686
2017-02-13,0.468
2017-02-10,0.4668
2017-02-09,0.4659
2017-02-08,0.4651
2017-02-07,0.4646
2017-02-06,0.4645
2017-02-03,0.4635
2017-02-02,0.4629
2017-02-01,0.4626
2017-01-31,0.4631
2017-01-30,0.4641
2017-01-27,0.4647
2017-01-26,0.4648
2017-01-25,0.4641
2017-01-24,0.4631
2017-01-23,0.463
2017-01-20,0.4634
2017-01-19,0.4634
2017-01-18,0.4634
2017-01-17,0.464
2017-01-16,0.4642
2017-01-13,0.4641
2017-01-12,0.4654
2017-01-11,0.4652
2017-01-10,0.4647
2017-01-09,0.4645
2017-01-06,0.4647
2017-01-05,0.4651
2017-01-04,0.4654
2017-01-03,0.4637
2017-01-02,0.4625
2016-12-30,0.4628
2016-12-29,0.4634
2016-12-28,0.4636
2016-12-27,0.4632
2016-12-23,0.4628
2016-12-22,0.4631
2016-12-21,0.4642
2016-12-20,0.4638
2016-12-19,0.4634
2016-12-16,0.4636
2016-12-15,0.4619
2016-12-14,0.4619
2016-12-13,0.4616
2016-12-12,0.4617
2016-12-09,0.4611
2016-12-08,0.4593
2016-12-07,0.4572
2016-12-06,0.4562
2016-12-05,0.4561
2016-12-02,0.4564
2016-12-01,0.4575
2016-11-30,0.4578
2016-11-29,0.4575
2016-11-28,0.4579
2016-11-25,0.4579
2016-11-24,0.4576
2016-11-23,0.4574
2016-11-22,0.4569
2016-11-21,0.456
2016-11-18,0.4558
2016-11-17,0.4554
2016-11-16,0.4546
2016-11-15,0.4536
2016-11-14,0.4526
2016-11-11,0.453
2016-11-10,0.4541
2016-11-09,0.4529
2016-11-08,0.4527
2016-11-07,0.451
2016-11-04,0.4495
2016-11-03,0.4501
2016-11-02,0.4521
2016-10-31,0.4551
2016-10-28,0.4558
2016-10-27,0.4562
2016-10-26,0.4573
2016-10-25,0.4586
2016-10-24,0.4585
2016-10-21,0.4575
2016-10-20,0.4573
2016-10-19,0.4565
2016-10-18,0.4553
2016-10-17,0.4548
2016-10-14,0.4549
2016-10-13,0.4543
2016-10-12,0.4551
2016-10-11,0.4554
2016-10-10,0.4557
2016-10-07,0.4553
2016-10-06,0.4556
2016-10-05,0.4555
2016-10-04,0.4559
2016-10-03,0.4554
2016-09-30,0.4549
2016-09-29,0.4554
2016-09-28,0.4552
2016-09-27,0.4543
2016-09-26,0.4543
2016-09-23,0.4562
2016-09-22,0.4565
2016-09-21,0.4546
2016-09-20,0.4539
2016-09-19,0.4534
2016-09-16,0.4523
2016-09-15,0.4518
2016-09-14,0.4515
2016-09-13,0.4525
2016-09-12,0.4525
2016-09-09,0.4552
2016-09-08,0.4567
2016-09-07,0.4574
2016-09-06,0.4572
2016-09-05,0.4565
2016-09-02,0.4555
2016-09-01,0.4549
2016-08-31,0.4554
2016-08-30,0.4557
2016-08-29,0.4543
2016-08-26,0.4537
2016-08-25,0.4536
2016-08-24,0.4543
2016-08-23,0.4542
2016-08-22,0.4536
2016-08-19,0.4537
2016-08-18,0.4543
2016-08-17,0.4539
2016-08-16,0.4554
2016-08-12,0.4562
2016-08-11,0.4557
2016-08-10,0.4562
2016-08-09,0.4564
2016-08-08,0.4553
2016-08-05,0.4544
2016-08-04,0.4524
2016-08-03,0.4517
2016-08-02,0.4528
2016-08-01,0.4542
2016-07-29,0.4538
2016-07-28,0.4546
2016-07-27,0.4551
2016-07-26,0.4547
2016-07-25,0.4546
2016-07-22,0.4542
2016-07-21,0.4542
2016-07-20,0.4537
2016-07-19,0.4528
2016-07-18,0.4523
2016-07-15,0.4519
2016-07-14,0.4517
2016-07-13,0.4513
2016-07-12,0.4508
2016-07-11,0.4498
2016-07-08,0.4474
2016-07-07,0.446
2016-07-05,0.4453
2016-07-04,0.447
2016-07-01,0.4467
2016-06-30,0.4448
2016-06-29,0.4427
2016-06-28,0.4406
2016-06-27,0.4405
2016-06-23,0.4448
2016-06-22,0.4447
2016-06-21,0.444
2016-06-20,0.443
2016-06-17,0.4418
2016-06-16,0.4414
2016-06-15,0.442
2016-06-14,0.4417
2016-06-13,0.4427
2016-06-10,0.445
2016-06-09,0.4464
2016-06-08,0.4466
2016-06-07,0.4463
2016-06-06,0.4458
2016-06-03,0.4461
2016-06-02,0.4464
2016-06-01,0.4463
2016-05-31,0.4469
2016-05-30,0.4467
2016-05-27,0.4461
2016-05-26,0.4455
2016-05-25,0.4448
2016-05-24,0.4424
2016-05-23,0.4411
2016-05-20,0.4407
2016-05-19,0.4399
2016-05-18,0.4401
2016-05-17,0.4399
2016-05-16,0.4396
2016-05-13,0.4394
2016-05-12,0.4393
2016-05-11,0.4401
2016-05-10,0.4397
2016-05-09,0.4389
2016-05-06,0.4378
2016-05-05,0.4382
2016-05-04,0.4377
2016-05-03,0.4399
2016-05-02,0.4414
2016-04-29,0.4431
2016-04-28,0.4449
2016-04-27,0.4453
2016-04-26,0.4453
2016-04-25,0.4459
2016-04-22,0.446
2016-04-21,0.4462
2016-04-20,0.4458
2016-04-19,0.4455
2016-04-18,0.4449
2016-04-15,0.4452
2016-04-14,0.445
2016-04-13,0.4418
2016-04-12,0.4399
2016-04-11,0.4394
2016-04-08,0.4389
2016-04-07,0.4393
2016-04-06,0.439
2016-04-05,0.4389
2016-04-04,0.4404
2016-04-01,0.4401
2016-03-31,0.4416
2016-03-30,0.4424
2016-03-29,0.441
2016-03-25,0.4414
2016-03-24,0.4414
2016-03-23,0.4425
2016-03-22,0.4422
2016-03-21,0.4417
2016-03-18,0.441
2016-03-17,0.4407
2016-03-16,0.4408
2016-03-15,0.4408
2016-03-14,0.4419
2016-03-10,0.4396
2016-03-09,0.4394
2016-03-08,0.4402
2016-03-07,0.4412
2016-03-04,0.4413
2016-03-03,0.4412
2016-03-02,0.4408
2016-03-01,0.4382
2016-02-29,0.4358
2016-02-26,0.4348
2016-02-25,0.4328
2016-02-24,0.4319
2016-02-23,0.4339
2016-02-22,0.4331
2016-02-19,0.4314
2016-02-18,0.432
2016-02-17,0.4299
2016-02-15,0.4259
2016-02-12,0.4224
2016-02-11,0.4233
2016-02-10,0.4256
2016-02-09,0.4255
2016-02-08,0.4273
2016-02-05,0.4303
2016-02-04,0.4316
2016-02-03,0.4325
2016-02-02,0.4354
2016-02-01,0.4368
2016-01-29,0.435
2016-01-28,0.4336
2016-01-27,0.4349
2016-01-26,0.4341
2016-01-25,0.4352
2016-01-22,0.4339
2016-01-21,0.4306
2016-01-20,0.43
2016-01-19,0.4328
2016-01-18,0.4317
2016-01-15,0.4333
2016-01-14,0.4364
2016-01-13,0.4384
2016-01-12,0.4377
2016-01-11,0.4373
2016-01-08,0.4393
2016-01-07,0.442
2016-01-06,0.4463
2016-01-05,0.4468
2016-01-04,0.4467
2015-12-31,0.4493
2015-12-30,0.4496
2015-12-29,0.4495
2015-12-28,0.4485
2015-12-23,0.4493
2015-12-22,0.4471
2015-12-21,0.4474
2015-12-18,0.4487
2015-12-17,0.4497
2015-12-16,0.4473
2015-12-15,0.4454
2015-12-14,0.4439
2015-12-11,0.4463
2015-12-10,0.4482
2015-12-09,0.4491
2015-12-08,0.4513
2015-12-07,0.4528
2015-12-04,0.4526
2015-12-03,0.4558
2015-12-02,0.4595
2015-12-01,0.4591
2015-11-30,0.4584
2015-11-27,0.4585
2015-11-26,0.4589
2015-11-25,0.458
2015-11-24,0.457
2015-11-23,0.4575
2015-11-20,0.457
2015-11-19,0.4562
2015-11-18,0.455
2015-11-17,0.4542
2015-11-16,0.4515
2015-11-13,0.4522
2015-11-12,0.4544
2015-11-11,0.4554
2015-11-10,0.4551
2015-11-09,0.4551
2015-11-06,0.4558
2015-11-05,0.4554
2015-11-04,0.4546
2015-11-03,0.4532
2015-11-02,0.4517
2015-10-30,0.452
2015-10-29,0.4517
2015-10-28,0.4509
2015-10-27,0.4512
2015-10-26,0.4515
2015-10-23,0.4491
2015-10-22,0.4449
2015-10-21,0.4436
2015-10-20,0.4442
2015-10-19,0.4446
2015-10-16,0.4433
2015-10-15,0.4418
2015-10-14,0.4403
2015-10-13,0.4418
2015-10-12,0.4427
2015-10-09,0.443
2015-10-08,0.4421
2015-10-07,0.4421
2015-10-06,0.4407
2015-10-05,0.4402
2015-10-02,0.437
2015-10-01,0.4361
2015-09-30,0.4348
2015-09-29,0.433
2015-09-28,0.4358
2015-09-25,0.4367
2015-09-24,0.4363
2015-09-23,0.439
2015-09-22,0.4397
2015-09-21,0.44
2015-09-18,0.4401
2015-09-17,0.4421
2015-09-16,0.441
2015-09-15,0.4391
2015-09-14,0.4391
2015-09-11,0.4397
2015-09-10,0.4409
2015-09-09,0.442
2015-09-08,0.4396
2015-09-07,0.4383
2015-09-04,0.4388
2015-09-03,0.4402
2015-09-02,0.4378
2015-09-01,0.4389
2015-08-31,0.4418
2015-08-28,0.442
2015-08-27,0.4396
2015-08-26,0.4335
2015-08-25,0.4338
2015-08-24,0.4335
2015-08-21,0.4437
2015-08-20,0.4489
2015-08-19,0.4522
2015-08-18,0.4536
2015-08-17,0.4526
2015-08-14,0.4528
2015-08-13,0.4526
2015-08-12,0.4525
2015-08-11,0.457
2015-08-10,0.4585
2015-08-07,0.4585
2015-08-06,0.4595
2015-08-05,0.4604
2015-08-04,0.459
2015-08-03,0.4591
2015-07-31,0.4589
2015-07-30,0.4587
2015-07-29,0.4576
2015-07-28,0.4555
2015-07-27,0.456
2015-07-24,0.4597
2015-07-23,0.4618
2015-07-22,0.4631
2015-07-21,0.4641
2015-07-20,0.4646
2015-07-17,0.4645
2015-07-16,0.4624
2015-07-15,0.4606
2015-07-14,0.4597
2015-07-13,0.4578
2015-07-10,0.4556
2015-07-09,0.4548
2015-07-08,0.4545
2015-07-07,0.4566
2015-07-03,0.4582
2015-07-02,0.4585
2015-07-01,0.458
2015-06-30,0.4568
2015-06-29,0.4576
2015-06-26,0.4605
2015-06-25,0.4611
2015-06-23,0.4598
2015-06-22,0.4587
2015-06-19,0.4569
2015-06-18,0.4568
2015-06-17,0.4575
2015-06-16,0.4571
2015-06-15,0.4574
2015-06-12,0.4591
2015-06-11,0.4587
2015-06-10,0.4575
2015-06-09,0.4575
2015-06-08,0.4591
2015-06-05,0.4597
2015-06-04,0.4613
2015-06-03,0.4638
2015-06-02,0.4655
2015-06-01,0.4675
2015-05-29,0.4683
2015-05-28,0.4696
2015-05-27,0.4696
2015-05-26,0.4693
2015-05-25,0.4675
2015-05-22,0.4677
2015-05-21,0.4668
2015-05-20,0.4661
2015-05-19,0.4644
2015-05-18,0.4623
2015-05-15,0.4611
2015-05-14,0.462
2015-05-13,0.4616
2015-05-12,0.4626
2015-05-11,0.4642
2015-05-08,0.4619
2015-05-07,0.4598
2015-05-06,0.462
2015-05-05,0.4648
2015-05-04,0.4654
2015-04-30,0.4667
2015-04-29,0.4699
2015-04-28,0.4729
2015-04-27,0.4744
2015-04-24,0.4742
2015-04-23,0.4741
2015-04-22,0.4743
2015-04-21,0.474
2015-04-20,0.4721
2015-04-17,0.4734
2015-04-16,0.4766
2015-04-15,0.4769
2015-04-14,0.4764
2015-04-13,0.4782
2015-04-10,0.4755
2015-04-09,0.4724
2015-04-08,0.4708
2015-04-07,0.4692
2015-04-03,0.4672
2015-04-02,0.468
2015-04-01,0.468
2015-03-31,0.4678
2015-03-30,0.4667
2015-03-27,0.464
2015-03-26,0.4634
2015-03-25,0.4655
2015-03-24,0.4677
2015-03-23,0.4689
2015-03-20,0.47
2015-03-19,0.4715
2015-03-18,0.4697
2015-03-17,0.4699
2015-03-16,0.4696
2015-03-13,0.4688
2015-03-12,0.4683
2015-03-10,0.464
2015-03-09,0.4639
2015-03-06,0.4642
2015-03-05,0.4626
2015-03-04,0.4616
2015-03-03,0.4612
2015-03-02,0.4611
2015-02-27,0.4602
2015-02-26,0.4598
2015-02-25,0.4587
2015-02-24,0.4581
2015-02-23,0.4577
2015-02-20,0.456
2015-02-19,0.4558
2015-02-18,0.4552
2015-02-17,0.4547
2015-02-13,0.455
2015-02-12,0.4531
2015-02-11,0.4529
2015-02-10,0.4525
2015-02-09,0.4509
2015-02-06,0.4523
2015-02-05,0.4511
2015-02-04,0.4515
2015-02-03,0.4507
2015-02-02,0.4498
2015-01-30,0.4508
2015-01-29,0.4507
2015-01-28,0.4525
2015-01-27,0.4534
2015-01-26,0.4548
2015-01-23,0.4517
2015-01-22,0.4476
2015-01-21,0.4454
2015-01-20,0.4443
2015-01-19,0.4438
2015-01-16,0.4423
2015-01-15,0.4411
2015-01-14,0.4396
2015-01-13,0.4407
2015-01-12,0.4396
2015-01-09,0.4399
2015-01-08,0.4397
2015-01-07,0.4364
2015-01-06,0.4348
2015-01-05,0.437
2015-01-02,0.4369
2014-12-31,0.4360519
2014-12-30,0.43529889
2014-12-29,0.43538577
2014-12-23,0.43428522
2014-12-22,0.43373494
2014-12-19,0.43257646
2014-12-18,0.42959337
2014-12-17,0.42533596
2014-12-16,0.42533596
2014-12-15,0.42707368
2014-12-12,0.42878244
2014-12-11,0.43115732
2014-12-10,0.43277919
2014-12-09,0.43356117
2014-12-08,0.43492238
2014-12-05,0.43561747
2014-12-04,0.43466172
2014-12-03,0.43382183
2014-12-02,0.43327155
2014-12-01,0.43330051
2014-11-28,0.43402456
2014-11-27,0.43422729
2014-11-26,0.43390871
2014-11-25,0.43405352
2014-11-24,0.43289504
2014-11-21,0.43176552
2014-11-20,0.43011469
2014-11-19,0.43060704
2014-11-18,0.43011469
2014-11-17,0.43060704
2014-11-14,0.43066497
2014-11-13,0.43066497
2014-11-12,0.43107044
2014-11-11,0.43057808
2014-11-10,0.43095459
2014-11-07,0.42939064
2014-11-06,0.42936168
2014-11-05,0.42912998
2014-11-04,0.42912998
2014-11-03,0.42927479
2014-10-31,0.42855074
2014-10-30,0.42478568
2014-10-29,0.42414852
2014-10-28,0.42313485
2014-10-27,0.42290315
2014-10-24,0.42313485
2014-10-23,0.42186052
2014-10-22,0.42110751
2014-10-21,0.41980422
2014-10-20,0.41780584
2014-10-17,0.4166184
2014-10-16,0.41629981
2014-10-15,0.41737141
2014-10-14,0.41864574
2014-10-13,0.41913809
2014-10-10,0.42067308
2014-10-09,0.42406163
2014-10-08,0.4227873
2014-10-07,0.42527804
2014-10-06,0.4250753
2014-10-03,0.42414852
2014-10-02,0.42348239
2014-10-01,0.42475672
2014-09-30,0.42542285
2014-09-29,0.42504634
2014-09-26,0.42501738
2014-09-25,0.425307
2014-09-24,0.4250753
2014-09-23,0.42487257
2014-09-22,0.4261469
2014-09-19,0.42718953
2014-09-18,0.42597312
2014-09-17,0.4256835
2014-09-16,0.42464087
2014-09-15,0.42524907
2014-09-12,0.42661029
2014-09-11,0.42661029
2014-09-10,0.42689991
2014-09-09,0.4279715
2014-09-08,0.42837697
2014-09-05,0.42655236
2014-09-04,0.42672614
2014-09-03,0.42594416
2014-09-02,0.42527804
2014-09-01,0.42519115
2014-08-29,0.42420644
2014-08-28,0.42397475
2014-08-27,0.42414852
2014-08-26,0.4236272
2014-08-25,0.4224108
2014-08-22,0.42188948
2014-08-21,0.42113647
2014-08-20,0.42061515
2014-08-19,0.41992006
2014-08-18,0.41893536
2014-08-14,0.41771895
2014-08-13,0.41702386
2014-08-12,0.41618397
2014-08-11,0.41551784
2014-08-08,0.41395389
2014-08-07,0.41519926
2014-08-06,0.4151703
2014-08-05,0.41629981
2014-08-04,0.41612604
2014-08-01,0.41569161
2014-07-31,0.41768999
2014-07-30,0.41925394
2014-07-29,0.41832715
2014-07-28,0.41786376
2014-07-25,0.41826923
2014-07-24,0.41870366
2014-07-23,0.41795065
2014-07-22,0.41682113
2014-07-21,0.41563369
2014-07-18,0.41528614
2014-07-17,0.41563369
2014-07-16,0.41572057
2014-07-15,0.4151703
2014-07-14,0.41482275
2014-07-11,0.41386701
2014-07-10,0.41392493
2014-07-09,0.41441728
2014-07-08,0.41543095
2014-07-07,0.4166184
2014-07-04,0.41670528
2014-07-03,0.41592331
2014-07-02,0.41531511
2014-07-01,0.41447521
2014-06-30,0.41375116
2014-06-27,0.41346154
2014-06-26,0.41343258
2014-06-25,0.41291126
2014-06-23,0.41346154
2014-06-20,0.41351946
2014-06-19,0.41406974
2014-06-18,0.4128823
2014-06-17,0.41314296
2014-06-16,0.41285334
2014-06-13,0.41294022
2014-06-12,0.41378012
2014-06-11,0.41337465
2014-06-10,0.4126506
2014-06-09,0.41140524
2014-06-06,0.41123146
2014-06-05,0.41013091
2014-06-04,0.40946478
2014-06-03,0.40923309
2014-06-02,0.40943582
2014-05-30,0.40955167
2014-05-29,0.4089145
2014-05-28,0.40871177
2014-05-27,0.40842215
2014-05-26,0.40787187
2014-05-23,0.40737952
2014-05-22,0.40633689
2014-05-21,0.40523633
2014-05-20,0.40509152
2014-05-19,0.40500463
2014-05-16,0.40445436
2014-05-15,0.40506256
2014-05-14,0.40462813
2014-05-13,0.40413577
2014-05-12,0.40294833
2014-05-09,0.40097892
2014-05-08,0.40066033
2014-05-07,0.40002317
2014-05-06,0.40100788
2014-05-05,0.40126854
2014-05-02,0.40170297
2014-04-30,0.40094995
2014-04-29,0.40097892
2014-04-28,0.40042864
2014-04-25,0.4012975
2014-04-24,0.40248494
2014-04-23,0.4027456
2014-04-22,0.40277456
2014-04-18,0.40112373
2014-04-17,0.40115269
2014-04-16,0.40028383
2014-04-15,0.39950185
2014-04-14,0.39921223
2014-04-11,0.40013902
2014-04-10,0.40277456
2014-04-09,0.40294833
2014-04-08,0.40219532
2014-04-07,0.40300626
2014-04-04,0.40378823
2014-04-03,0.40407785
2014-04-02,0.40428058
2014-04-01,0.40367238
2014-03-31,0.40245598
2014-03-28,0.40155816
2014-03-27,0.40013902
2014-03-26,0.40042864
2014-03-25,0.39944393
2014-03-24,0.39941497
2014-03-21,0.40002317
2014-03-20,0.3992412
2014-03-19,0.40013902
2014-03-18,0.39973355
2014-03-17,0.39880677
2014-03-14,0.39805375
2014-03-13,0.39993628
2014-03-12,0.40019694
2014-03-10,0.40497567
2014-03-07,0.40375927
2014-03-06,0.40430955
2014-03-05,0.40364342
2014-03-04,0.40262975
2014-03-03,0.40176089
2014-02-28,0.40393304
2014-02-27,0.40280352
2014-02-26,0.40234013
2014-02-25,0.40199259
2014-02-24,0.40181881
2014-02-21,0.40161608
2014-02-20,0.40031279
2014-02-19,0.40118165
2014-02-18,0.40100788
2014-02-17,0.40071826
2014-02-14,0.40057345
2014-02-13,0.39955978
2014-02-12,0.39953082
2014-02-11,0.39825649
2014-02-10,0.39759036
2014-02-07,0.39715593
2014-02-06,0.3958816
2014-02-05,0.39486793
2014-02-04,0.39504171
2014-02-03,0.39620019
2014-01-31,0.39651877
2014-01-30,0.39596849
2014-01-29,0.39591057
2014-01-28,0.39533133
2014-01-27,0.39509963
2014-01-24,0.39845922
2014-01-23,0.4010658
2014-01-22,0.4021374
2014-01-21,0.40161608
2014-01-20,0.40086307
2014-01-17,0.40103684
2014-01-16,0.40048656
2014-01-15,0.40002317
2014-01-14,0.39880677
2014-01-13,0.39982044
2014-01-10,0.39906742
2014-01-09,0.39903846
2014-01-08,0.39938601
2014-01-07,0.39898054
2014-01-06,0.39814064
2014-01-03,0.39819856
2014-01-02,0.39822753
2013-12-31,0.39880677
2013-12-30,0.39834337
2013-12-27,0.39863299
2013-12-23,0.39819856
2013-12-20,0.39692424
2013-12-19,0.39582368
2013-12-18,0.39449143
2013-12-17,0.39417285
2013-12-16,0.39394115
2013-12-13,0.39341983
2013-12-12,0.3938253
2013-12-11,0.39541821
2013-12-10,0.39599745
2013-12-09,0.39686631
2013-12-06,0.396345
2013-12-05,0.39669254
2013-12-04,0.39738763
2013-12-03,0.39776413
2013-12-02,0.39895158
2013-11-29,0.3990095
2013-11-28,0.3987778
2013-11-27,0.39857507
2013-11-26,0.39805375
2013-11-25,0.39886469
2013-11-22,0.39866196
2013-11-21,0.39750348
2013-11-20,0.39814064
2013-11-19,0.39886469
2013-11-18,0.39964666
2013-11-15,0.39863299
2013-11-14,0.39782206
2013-11-13,0.39663462
2013-11-12,0.3973297
2013-11-11,0.39750348
2013-11-08,0.39637396
2013-11-07,0.39747451
2013-11-06,0.39787998
2013-11-05,0.39796687
2013-11-04,0.39651877
2013-10-31,0.39608434
2013-10-30,0.39622915
2013-10-29,0.39515755
2013-10-28,0.39481001
2013-10-25,0.39475209
2013-10-24,0.39512859
2013-10-23,0.39582368
2013-10-22,0.39631603
2013-10-21,0.39617122
2013-10-18,0.39625811
2013-10-17,0.39515755
2013-10-16,0.39423077
2013-10-15,0.39437558
2013-10-14,0.39324606
2013-10-11,0.39318814
2013-10-10,0.39107391
2013-10-09,0.38982854
2013-10-08,0.39090014
2013-10-07,0.39098703
2013-10-04,0.39130561
2013-10-03,0.39217447
2013-10-02,0.39165315
2013-10-01,0.39162419
2013-09-30,0.39147938
2013-09-27,0.39223239
2013-09-26,0.39266682
2013-09-25,0.39257994
2013-09-24,0.39252201
2013-09-23,0.3926089
2013-09-20,0.39347776
2013-09-19,0.39495482
2013-09-18,0.39275371
2013-09-17,0.39208758
2013-09-16,0.39266682
2013-09-13,0.39130561
2013-09-12,0.39185589
2013-09-11,0.39174004
2013-09-10,0.39168211
2013-09-09,0.39026297
2013-09-06,0.38881487
2013-09-05,0.38849629
2013-09-04,0.38756951
2013-09-03,0.387193
2013-09-02,0.38690338
2013-08-30,0.3857449
2013-08-29,0.3845285
2013-08-28,0.38331209
2013-08-23,0.38649791
2013-08-22,0.3851367
2013-08-21,0.38606348
2013-08-20,0.3863531
2013-08-19,0.38800394
2013-08-16,0.38930723
2013-08-14,0.39110287
2013-08-13,0.39107391
2013-08-12,0.38977062
2013-08-09,0.38945204
2013-08-08,0.38919138
2013-08-07,0.38898865
2013-08-06,0.38997335
2013-08-05,0.3909291
2013-08-02,0.39023401
2013-08-01,0.38953892
2013-07-31,0.38840941
2013-07-30,0.38852525
2013-07-29,0.38867006
2013-07-26,0.38945204
2013-07-25,0.38933619
2013-07-24,0.39011816
2013-07-23,0.39037882
2013-07-22,0.38977062
2013-07-19,0.38982854
2013-07-18,0.38985751
2013-07-17,0.38965477
2013-07-16,0.38968373
2013-07-15,0.38965477
2013-07-12,0.38927827
2013-07-11,0.39011816
2013-07-10,0.38823563
2013-07-09,0.38800394
2013-07-08,0.38655584
2013-07-05,0.38626622
2013-07-04,0.38542632
2013-07-03,0.38389133
2013-07-02,0.38551321
2013-07-01,0.384905
2013-06-28,0.38470227
2013-06-27,0.38319625
2013-06-26,0.38082136
2013-06-25,0.37815686
2013-06-21,0.38085032
2013-06-20,0.38229842
2013-06-19,0.38626622
2013-06-18,0.38641103
2013-06-17,0.38600556
2013-06-14,0.38528151
2013-06-13,0.38394926
2013-06-12,0.38594764
2013-06-11,0.38704819
2013-06-10,0.38829356
2013-06-07,0.38890176
2013-06-06,0.38933619
2013-06-05,0.39121872
2013-06-04,0.39269578
2013-06-03,0.39220343
2013-05-31,0.39457831
2013-05-30,0.39582368
2013-05-29,0.39637396
2013-05-28,0.39730074
2013-05-24,0.39692424
2013-05-23,0.39698216
2013-05-22,0.40011006
2013-05-21,0.40025487
2013-05-20,0.39964666
2013-05-17,0.39955978
2013-05-16,0.39944393
2013-05-15,0.39843026
2013-05-14,0.39721386
2013-05-13,0.39643188
2013-05-10,0.39605538
2013-05-09,0.39573679
2013-05-08,0.39576576
2013-05-07,0.3946652
2013-05-06,0.39391219
2013-05-03,0.39257994
2013-05-02,0.39220343
2013-04-30,0.3923772
2013-04-29,0.39156627
2013-04-26,0.3911608
2013-04-25,0.39142146
2013-04-24,0.39006024
2013-04-23,0.38858318
2013-04-22,0.38756951
2013-04-19,0.38684546
2013-04-18,0.38539736
2013-04-17,0.38704819
2013-04-16,0.38725093
2013-04-15,0.38843837
2013-04-12,0.38988647
2013-04-11,0.38997335
2013-04-10,0.38881487
2013-04-09,0.38765639
2013-04-08,0.38774328
2013-04-05,0.38838044
2013-04-04,0.39026297
2013-04-03,0.39095806
2013-04-02,0.39147938
2013-03-29,0.39142146
2013-03-28,0.39121872
2013-03-27,0.39081325
2013-03-26,0.38893072
2013-03-25,0.38936515
2013-03-22,0.38846733
2013-03-21,0.38950996
2013-03-20,0.38901761
2013-03-19,0.38930723
2013-03-18,0.38835148
2013-03-15,0.38968373
2013-03-14,0.38898865
2013-03-13,0.38930723
2013-03-12,0.38913346
2013-03-08,0.38991543
2013-03-07,0.38861214
2013-03-06,0.38881487
2013-03-05,0.38777224
2013-03-04,0.38591867
2013-03-01,0.38594764
2013-02-28,0.38603452
2013-02-27,0.38467331
2013-02-26,0.38296455
2013-02-25,0.38420992
2013-02-22,0.3830804
2013-02-21,0.3820088
2013-02-20,0.38415199
2013-02-19,0.3834569
2013-02-18,0.38293559
2013-02-15,0.38331209
2013-02-14,0.38250116
2013-02-13,0.38209569
2013-02-12,0.38203777
2013-02-11,0.38206673
2013-02-08,0.38116891
2013-02-07,0.37989458
2013-02-06,0.38070551
2013-02-05,0.37937326
2013-02-04,0.38032901
2013-02-01,0.38044486
2013-01-31,0.38085032
2013-01-30,0.38189296
2013-01-29,0.38192192
2013-01-28,0.38209569
2013-01-25,0.38313832
2013-01-24,0.38348587
2013-01-23,0.38325417
2013-01-22,0.38287766
2013-01-21,0.38258804
2013-01-18,0.3828487
2013-01-17,0.38253012
2013-01-16,0.38218258
2013-01-15,0.38189296
2013-01-14,0.3828487
2013-01-11,0.38426784
2013-01-10,0.38496293
2013-01-09,0.3842968
2013-01-08,0.38435473
2013-01-07,0.38502085
2013-01-04,0.38426784
2013-01-03,0.38339898
2013-01-02,0.38221154
2012-12-31,0.37931534
2012-12-28,0.37940222
2012-12-27,0.37937326
2012-12-21,0.37963392
2012-12-20,0.37998146
2012-12-19,0.38044486
2012-12-18,0.37977873
2012-12-17,0.37940222
2012-12-14,0.37989458
2012-12-13,0.3810241
2012-12-12,0.3816323
2012-12-11,0.38137164
2012-12-10,0.38085032
2012-12-07,0.37885195
2012-12-06,0.37815686
2012-12-05,0.37769347
2012-12-04,0.37763554
2012-12-03,0.37830167
2012-11-30,0.3787361
2012-11-29,0.37856233
2012-11-28,0.37691149
2012-11-27,0.37720111
2012-11-26,0.37743281
2012-11-23,0.377288
2012-11-22,0.37737488
2012-11-21,0.37694045
2012-11-20,0.37682461
2012-11-19,0.3758399
2012-11-16,0.37491311
2012-11-15,0.37517377
2012-11-14,0.37682461
2012-11-13,0.37711423
2012-11-12,0.37694045
2012-11-09,0.37670876
2012-11-08,0.37696942
2012-11-07,0.37859129
2012-11-06,0.37847544
2012-11-05,0.37731696
2012-11-02,0.37711423
2012-10-31,0.37566613
2012-10-30,0.37578197
2012-10-29,0.37540547
2012-10-26,0.37494208
2012-10-25,0.37494208
2012-10-24,0.37462349
2012-10-23,0.3747683
2012-10-22,0.37546339
2012-10-19,0.37610056
2012-10-18,0.37673772
2012-10-17,0.37699838
2012-10-16,0.37685357
2012-10-15,0.37581094
2012-10-12,0.37627433
2012-10-11,0.3762164
2012-10-10,0.37534754
2012-10-09,0.37604263
2012-10-08,0.37630329
2012-10-05,0.37749073
2012-10-04,0.37711423
2012-10-03,0.37694045
2012-10-02,0.37723007
2012-10-01,0.37641914
2012-09-28,0.37647706
2012-09-27,0.37618744
2012-09-26,0.37589782
2012-09-25,0.37670876
2012-09-24,0.37656395
2012-09-21,0.37696942
2012-09-20,0.37598471
2012-09-19,0.37586886
2012-09-18,0.37543443
2012-09-17,0.37627433
2012-09-14,0.37694045
2012-09-13,0.37520273
2012-09-12,0.37543443
2012-09-11,0.375
2012-09-10,0.37618744
2012-09-07,0.37604263
2012-09-06,0.37488415
2012-09-05,0.37358086
2012-09-04,0.37392841
2012-09-03,0.3747683
2012-08-31,0.37395737
2012-08-30,0.37389944
2012-08-29,0.37511585
2012-08-28,0.37514481
2012-08-27,0.37505792
2012-08-24,0.37491311
2012-08-23,0.37595575
2012-08-22,0.37679564
2012-08-21,0.37754866
2012-08-20,0.37725904
2012-08-17,0.37815686
2012-08-16,0.37676668
2012-08-14,0.37734592
2012-08-13,0.37696942
2012-08-10,0.37636121
2012-08-09,0.37618744
2012-08-08,0.37534754
2012-08-07,0.37514481
2012-08-06,0.37566613
2012-08-03,0.37404425
2012-08-02,0.37317539
2012-08-01,0.37398633
2012-07-31,0.37424699
2012-07-30,0.37398633
2012-07-27,0.37276993
2012-07-26,0.37161145
2012-07-25,0.37051089
2012-07-24,0.37152456
2012-07-23,0.37080051
2012-07-20,0.37285681
2012-07-19,0.37308851
2012-07-18,0.37178522
2012-07-17,0.37172729
2012-07-16,0.37172729
2012-07-13,0.37030816
2012-07-12,0.36938137
2012-07-11,0.36993165
2012-07-10,0.37045297
2012-07-09,0.36865732
2012-07-05,0.36978684
2012-07-04,0.36952618
2012-07-03,0.36833874
2012-07-02,0.36703545
2012-06-29,0.36544254
2012-06-28,0.36399444
2012-06-27,0.36399444
2012-06-26,0.36324143
2012-06-25,0.36350209
2012-06-22,0.36327039
2012-06-21,0.36454472
2012-06-20,0.36587697
2012-06-19,0.36442887
2012-06-18,0.36382067
2012-06-15,0.36300973
2012-06-14,0.36228568
2012-06-13,0.36303869
2012-06-12,0.36185125
2012-06-11,0.3636469
2012-06-08,0.36248842
2012-06-07,0.36335728
2012-06-06,0.36179333
2012-06-05,0.360519
2012-06-04,0.36109824
2012-06-01,0.36248842
2012-05-31,0.36315454
2012-05-30,0.36353105
2012-05-29,0.36338624
2012-05-28,0.36298077
2012-05-25,0.36266219
2012-05-24,0.36176437
2012-05-23,0.36083758
2012-05-22,0.36147475
2012-05-21,0.36054796
2012-05-18,0.36092447
2012-05-17,0.36315454
2012-05-16,0.3625753
2012-05-15,0.36384963
2012-05-14,0.36442887
2012-05-11,0.36555839
2012-05-10,0.36526877
2012-05-09,0.36558735
2012-05-08,0.3663114
2012-05-07,0.36639829
2012-05-04,0.36712234
2012-05-03,0.36810704
2012-05-02,0.3677595
2012-04-30,0.36787535
2012-04-27,0.36720922
2012-04-26,0.36660102
2012-04-25,0.36613763
2012-04-24,0.36518188
2012-04-23,0.36573216
2012-04-20,0.36732507
2012-04-19,0.36778846
2012-04-18,0.36784639
2012-04-17,0.36723818
2012-04-16,0.3660797
2012-04-13,0.36723818
2012-04-12,0.3663114
2012-04-11,0.36552943
2012-04-10,0.36720922
2012-04-06,0.36784639
2012-04-05,0.36746988
2012-04-04,0.36755677
2012-04-03,0.36857044
2012-04-02,0.36761469
2012-03-30,0.3671513
2012-03-29,0.36665894
2012-03-28,0.36761469
2012-03-27,0.36891798
2012-03-26,0.36778846
2012-03-23,0.36674583
2012-03-22,0.36703545
2012-03-21,0.36796223
2012-03-20,0.36851251
2012-03-19,0.36964203
2012-03-16,0.36996061
2012-03-15,0.36952618
2012-03-14,0.36886006
2012-03-13,0.3677595
2012-03-12,0.3660797
2012-03-09,0.36648517
2012-03-08,0.36538462
2012-03-07,0.36373378
2012-03-06,0.36405236
2012-03-05,0.36576112
2012-03-02,0.3663114
2012-03-01,0.36442887
2012-02-29,0.36439991
2012-02-28,0.36347312
2012-02-27,0.36315454
2012-02-24,0.36434198
2012-02-23,0.36393652
2012-02-22,0.36457368
2012-02-21,0.3654715
2012-02-20,0.36590593
2012-02-17,0.36523981
2012-02-15,0.36445783
2012-02-14,0.36303869
2012-02-13,0.36272011
2012-02-10,0.36193814
2012-02-09,0.362807
2012-02-08,0.36344416
2012-02-07,0.36309662
2012-02-06,0.36295181
2012-02-03,0.36202502
2012-02-02,0.36153267
2012-02-01,0.35956325
2012-01-31,0.35863647
2012-01-30,0.3584627
2012-01-27,0.35901297
2012-01-26,0.35918675
2012-01-25,0.35840477
2012-01-24,0.35878128
2012-01-23,0.35921571
2012-01-20,0.35956325
2012-01-19,0.35947637
2012-01-18,0.358231
2012-01-17,0.35828892
2012-01-16,0.35565338
2012-01-13,0.35652224
2012-01-12,0.35623262
2012-01-11,0.35574027
2012-01-10,0.35530584
2012-01-09,0.35339435
2012-01-06,0.35246756
2012-01-05,0.3518304
2012-01-04,0.35217794
2012-01-03,0.35139597
2012-01-02,0.34971617
2011-12-30,0.34890524
2011-12-29,0.34760195
2011-12-28,0.34763091
2011-12-27,0.34794949
2011-12-23,0.34768883
2011-12-22,0.3464145
2011-12-21,0.34621177
2011-12-20,0.34511121
2011-12-19,0.34444509
2011-12-16,0.34493744
2011-12-15,0.34444509
2011-12-14,0.34403962
2011-12-13,0.34528499
2011-12-12,0.34566149
2011-12-09,0.34626969
2011-12-08,0.34670412
2011-12-07,0.34902108
2011-12-06,0.34878939
2011-12-05,0.34864458
2011-12-02,0.3474861
2011-12-01,0.34731233
2011-11-30,0.34424235
2011-11-29,0.34151993
2011-11-28,0.33810241
2011-11-25,0.3377259
2011-11-24,0.3377259
2011-11-23,0.33839203
2011-11-22,0.34004286
2011-11-21,0.34267841
2011-11-18,0.34618281
2011-11-17,0.34806534
2011-11-16,0.35003475
2011-11-15,0.34994787
2011-11-14,0.35139597
2011-11-11,0.35133804
2011-11-10,0.3489342
2011-11-09,0.35107739
2011-11-08,0.35255445
2011-11-07,0.35154078
2011-11-05,0.35151182
2011-11-04,0.35214898
2011-11-03,0.35067192
2011-11-02,0.34737025
2011-10-28,0.35316265
2011-10-27,0.35180144
2011-10-26,0.34861562
2011-10-25,0.34849977
2011-10-24,0.34890524
2011-10-21,0.34673309
2011-10-20,0.34528499
2011-10-19,0.34702271
2011-10-18,0.34528499
2011-10-17,0.34708063
2011-10-14,0.34684893
2011-10-13,0.34647243
2011-10-12,0.34624073
2011-10-11,0.3449664
2011-10-10,0.34372104
2011-10-07,0.34267841
2011-10-06,0.34094069
2011-10-05,0.33853684
2011-10-04,0.33691497
2011-10-03,0.33969532
2011-09-30,0.34120134
2011-09-29,0.34299699
2011-09-28,0.34406858
2011-09-27,0.34375
2011-09-26,0.33995598
2011-09-23,0.34033248
2011-09-22,0.34218605
2011-09-21,0.34806534
2011-09-20,0.34835496
2011-09-19,0.34763091
2011-09-16,0.34983202
2011-09-15,0.34887627
2011-09-14,0.34737025
2011-09-13,0.34792053
2011-09-12,0.3466462
2011-09-09,0.34849977
2011-09-08,0.34957136
2011-09-07,0.34847081
2011-09-06,0.34615385
2011-09-05,0.34742817
2011-09-02,0.34928174
2011-09-01,0.3507588
2011-08-31,0.3497741
2011-08-30,0.34722544
2011-08-29,0.34595111
2011-08-26,0.3435183
2011-08-25,0.3443582
2011-08-24,0.34464782
2011-08-23,0.34308387
2011-08-22,0.34244671
2011-08-19,0.34296803
2011-08-18,0.34612488
2011-08-17,0.3493107
2011-08-16,0.34916589
2011-08-12,0.34765987
2011-08-11,0.3439817
2011-08-10,0.34464782
2011-08-09,0.34424235
2011-08-08,0.3480943
2011-08-05,0.35209106
2011-08-04,0.35710148
2011-08-03,0.36057692
2011-08-02,0.36251738
2011-08-01,0.36515292
2011-07-29,0.36457368
2011-07-28,0.36451576
2011-07-27,0.36535565
2011-07-26,0.36660102
2011-07-25,0.36648517
2011-07-22,0.36697753
2011-07-21,0.36636932
2011-07-20,0.36610867
2011-07-19,0.36538462
2011-07-18,0.36466057
2011-07-15,0.36552943
2011-07-14,0.36697753
2011-07-13,0.36729611
2011-07-12,0.36555839
2011-07-11,0.3669196
2011-07-08,0.3683677
2011-07-07,0.36787535
2011-07-05,0.36677479
2011-07-04,0.36616659
2011-07-01,0.36529773
2011-06-30,0.36483434
2011-06-29,0.36393652
2011-06-28,0.36274907
2011-06-27,0.36118513
2011-06-23,0.36138786
2011-06-22,0.36231464
2011-06-21,0.36240153
2011-06-20,0.36141682
2011-06-17,0.36225672
2011-06-16,0.36132994
2011-06-15,0.36283596
2011-06-14,0.3636469
2011-06-13,0.36266219
2011-06-10,0.36243049
2011-06-09,0.36240153
2011-06-08,0.36248842
2011-06-07,0.36358897
2011-06-06,0.36492122
2011-06-03,0.3660797
2011-06-02,0.36764365
2011-06-01,0.36845459
2011-05-31,0.36874421
2011-05-30,0.36781742
2011-05-27,0.36784639
2011-05-26,0.36749884
2011-05-25,0.36648517
2011-05-24,0.36694856
2011-05-23,0.36552943
2011-05-20,0.36784639
2011-05-19,0.36807808
2011-05-18,0.3675278
2011-05-17,0.36746988
2011-05-16,0.3675278
2011-05-13,0.36914968
2011-05-12,0.36819393
2011-05-11,0.36990269
2011-05-10,0.36914968
2011-05-09,0.36729611
2011-05-06,0.36550046
2011-05-05,0.36480538
2011-05-04,0.36639829
2011-05-03,0.36749884
2011-05-02,0.36839666
2011-04-29,0.36790431
2011-04-28,0.36851251
2011-04-27,0.36883109
2011-04-26,0.36862836
2011-04-22,0.36793327
2011-04-21,0.36903383
2011-04-20,0.36880213
2011-04-19,0.36599282
2011-04-18,0.36550046
2011-04-15,0.36657206
2011-04-14,0.36660102
2011-04-13,0.36706441
2011-04-12,0.36662998
2011-04-11,0.36909175
2011-04-08,0.36967099
2011-04-07,0.36969995
2011-04-06,0.37027919
2011-04-05,0.36955514
2011-04-04,0.36998957
2011-04-01,0.36886006
2011-03-31,0.36807808
2011-03-30,0.36738299
2011-03-29,0.36616659
2011-03-28,0.36561631
2011-03-25,0.36634036
2011-03-24,0.3648633
2011-03-23,0.36269115
2011-03-22,0.36300973
2011-03-21,0.36295181
2011-03-18,0.36141682
2011-03-17,0.36046108
2011-03-16,0.36063485
2011-03-15,0.36121409
2011-03-14,0.36471849
2011-03-10,0.36619555
2011-03-09,0.36784639
2011-03-08,0.36726715
2011-03-07,0.36746988
2011-03-04,0.36822289
2011-03-03,0.36839666
2011-03-02,0.36712234
2011-03-01,0.36845459
2011-02-28,0.36787535
2011-02-25,0.36712234
2011-02-24,0.36610867
2011-02-23,0.3679912
2011-02-22,0.36923656
2011-02-21,0.37137975
2011-02-19,0.37242238
2011-02-18,0.37259615
2011-02-17,0.37245134
2011-02-15,0.37164041
2011-02-14,0.37137975
2011-02-11,0.36909175
2011-02-10,0.36894694
2011-02-09,0.37016335
2011-02-08,0.37146664
2011-02-07,0.3708874
2011-02-04,0.36909175
2011-02-03,0.36874421
2011-02-02,0.36917864
2011-02-01,0.36906279
2011-01-31,0.36723818
2011-01-28,0.36900487
2011-01-27,0.36993165
2011-01-26,0.36952618
2011-01-25,0.36946826
2011-01-24,0.36969995
2011-01-21,0.37068466
2011-01-20,0.37129286
2011-01-19,0.37447868
2011-01-18,0.37502896
2011-01-17,0.37395737
2011-01-14,0.37569509
2011-01-13,0.37734592
2011-01-12,0.3776645
2011-01-11,0.37639018
2011-01-10,0.37482623
2011-01-07,0.37526066
2011-01-06,0.37482623
2011-01-05,0.37381256
2011-01-04,0.37410218
2011-01-03,0.37300162
2010-12-31,0.37248031
2010-12-30,0.37337813
2010-12-29,0.37282785
2010-12-28,0.37236446
2010-12-27,0.3723355
2010-12-23,0.37305955
2010-12-22,0.37236446
2010-12-21,0.37164041
2010-12-20,0.36958411
2010-12-17,0.36975788
2010-12-16,0.36888902
2010-12-15,0.36865732
2010-12-14,0.37071362
2010-12-13,0.36996061
2010-12-10,0.36929449
2010-12-09,0.36975788
2010-12-08,0.36952618
2010-12-07,0.36984476
2010-12-06,0.36964203
2010-12-03,0.36912071
2010-12-02,0.36883109
2010-12-01,0.36645621
2010-11-30,0.36329935
2010-11-29,0.36431302
2010-11-26,0.36535565
2010-11-25,0.36552943
2010-11-24,0.36350209
2010-11-23,0.36234361
2010-11-22,0.36471849
2010-11-19,0.36512396
2010-11-18,0.36500811
2010-11-17,0.36272011
2010-11-16,0.36387859
2010-11-15,0.36550046
2010-11-12,0.3654715
2010-11-11,0.36651413
2010-11-10,0.36683272
2010-11-09,0.36680375
2010-11-08,0.36474745
2010-11-05,0.36483434
2010-11-04,0.36382067
2010-11-03,0.36277804
2010-11-02,0.36251738
2010-10-29,0.36127201
2010-10-28,0.3613589
2010-10-27,0.360519
2010-10-26,0.36057692
2010-10-25,0.36167748
2010-10-22,0.36049004
2010-10-21,0.36144578
2010-10-20,0.35953429
2010-10-19,0.36005561
2010-10-18,0.35965014
2010-10-15,0.35985287
2010-10-14,0.36057692
2010-10-13,0.3602873
2010-10-12,0.35788346
2010-10-11,0.35817308
2010-10-08,0.35608781
2010-10-07,0.3570146
2010-10-06,0.35797034
2010-10-05,0.35588508
2010-10-04,0.355943
2010-10-01,0.3561747
2010-09-30,0.35626158
2010-09-29,0.35704356
2010-09-28,0.35605885
2010-09-27,0.35692771
2010-09-24,0.35524791
2010-09-23,0.35466867
2010-09-22,0.3570146
2010-09-21,0.35744903
2010-09-20,0.35626158
2010-09-17,0.35602989
2010-09-16,0.35597196
2010-09-15,0.3573911
2010-09-14,0.35773865
2010-09-13,0.35791242
2010-09-10,0.35646432
2010-09-09,0.35579819
2010-09-08,0.35408943
2010-09-07,0.35313369
2010-09-06,0.35403151
2010-09-03,0.35307576
2010-09-02,0.3524386
2010-09-01,0.35084569
2010-08-31,0.34829703
2010-08-30,0.34899212
2010-08-27,0.34757298
2010-08-26,0.34792053
2010-08-25,0.34742817
2010-08-24,0.34864458
2010-08-23,0.34968721
2010-08-20,0.34962929
2010-08-19,0.35090361
2010-08-18,0.35107739
2010-08-17,0.35044022
2010-08-16,0.34881835
2010-08-13,0.34873146
2010-08-12,0.34722544
2010-08-11,0.348326
2010-08-10,0.34962929
2010-08-09,0.35070088
2010-08-06,0.35081673
2010-08-05,0.35081673
2010-08-04,0.35055607
2010-08-03,0.35081673
2010-08-02,0.34957136
2010-07-30,0.34838392
2010-07-29,0.34878939
2010-07-28,0.34852873
2010-07-27,0.34896316
2010-07-26,0.34858665
2010-07-23,0.34838392
2010-07-22,0.34598007
2010-07-21,0.34409754
2010-07-20,0.34256256
2010-07-19,0.34305491
2010-07-16,0.34551668
2010-07-15,0.34708063
2010-07-14,0.34821015
2010-07-13,0.34690686
2010-07-12,0.34528499
2010-07-10,0.34450301
2010-07-09,0.34493744
2010-07-08,0.34432924
2010-07-07,0.34233086
2010-07-02,0.341462
2010-07-01,0.34264944
2010-06-30,0.34412651
2010-06-29,0.34577734
2010-06-28,0.34849977
2010-06-23,0.35119323
2010-06-22,0.3512222
2010-06-21,0.35194625
2010-06-19,0.35000579
2010-06-18,0.35070088
2010-06-17,0.35003475
2010-06-16,0.35035334
2010-06-15,0.3493107
2010-06-14,0.3489342
2010-06-11,0.34774676
2010-06-10,0.34635658
2010-06-09,0.34482159
2010-06-08,0.34418443
2010-06-07,0.34470575
2010-06-04,0.34624073
2010-06-03,0.34719648
2010-06-02,0.34415547
2010-06-01,0.34430028
2010-05-31,0.34479263
2010-05-28,0.34505329
2010-05-27,0.34241775
2010-05-26,0.3400139
2010-05-25,0.33619092
2010-05-24,0.33873957
2010-05-21,0.33931881
2010-05-20,0.34293906
2010-05-19,0.34635658
2010-05-18,0.34965825
2010-05-17,0.3472544
2010-05-14,0.34919486
2010-05-13,0.34988994
2010-05-12,0.34896316
2010-05-11,0.34647243
2010-05-10,0.34598007
2010-05-07,0.3431418
2010-05-06,0.34589319
2010-05-05,0.34710959
2010-05-04,0.34986098
2010-05-03,0.3512222
2010-04-30,0.35191728
2010-04-29,0.35107739
2010-04-28,0.34939759
2010-04-27,0.35281511
2010-04-26,0.35466867
2010-04-23,0.3522069
2010-04-22,0.35162766
2010-04-21,0.3522069
2010-04-20,0.35145389
2010-04-19,0.35017956
2010-04-16,0.35188832
2010-04-15,0.3524386
2010-04-14,0.3518304
2010-04-13,0.35087465
2010-04-12,0.35269926
2010-04-09,0.35275718
2010-04-08,0.35171455
2010-04-07,0.35232275
2010-04-06,0.35026645
2010-04-02,0.3495424
2010-04-01,0.34965825
2010-03-31,0.34760195
2010-03-30,0.34829703
2010-03-29,0.34806534
2010-03-26,0.34792053
2010-03-25,0.34731233
2010-03-24,0.3464145
2010-03-23,0.34563253
2010-03-22,0.34430028
2010-03-20,0.34508225
2010-03-19,0.34490848
2010-03-18,0.34430028
2010-03-17,0.34476367
2010-03-16,0.34273633
2010-03-15,0.34305491
2010-03-10,0.34299699
2010-03-09,0.34172266
2010-03-08,0.34212813
2010-03-05,0.34027456
2010-03-04,0.33923193
2010-03-03,0.33955051
2010-03-02,0.33775487
2010-03-01,0.33595922
2010-02-26,0.33462697
2010-02-25,0.33398981
2010-02-24,0.33398981
2010-02-23,0.33509036
2010-02-22,0.33645158
2010-02-20,0.33546687
2010-02-19,0.33517725
2010-02-18,0.33396084
2010-02-17,0.3342215
2010-02-12,0.33065918
2010-02-11,0.33016682
2010-02-10,0.32955862
2010-02-09,0.32900834
2010-02-08,0.32831325
2010-02-05,0.32825533
2010-02-04,0.33118049
2010-02-03,0.33335264
2010-02-02,0.33225209
2010-02-01,0.33083295
2010-01-29,0.33036956
2010-01-28,0.33068814
2010-01-27,0.33002201
2010-01-26,0.3301089
2010-01-25,0.33135426
2010-01-22,0.33286029
2010-01-21,0.33474282
2010-01-20,0.33543791
2010-01-19,0.33532206
2010-01-18,0.33503244
2010-01-15,0.3348297
2010-01-14,0.33494555
2010-01-13,0.33387396
2010-01-12,0.33471386
2010-01-11,0.3362778
2010-01-08,0.33497451
2010-01-07,0.33491659
2010-01-06,0.33398981
2010-01-05,0.33419254
2010-01-04,0.331557
2009-12-31,0.3307171
2009-12-30,0.32999305
2009-12-29,0.33013786
2009-12-28,0.32979032
2009-12-24,0.32941381
2009-12-23,0.32889249
2009-12-22,0.32825533
2009-12-21,0.32706789
2009-12-18,0.32666242
2009-12-17,0.32677827
2009-12-16,0.32689411
2009-12-15,0.32596733
2009-12-14,0.32541705
2009-12-11,0.32451923
2009-12-10,0.32359245
2009-12-09,0.32292632
2009-12-08,0.32391103
2009-12-07,0.32382414
2009-12-04,0.32402688
2009-12-03,0.32393999
2009-12-02,0.3234766
2009-12-01,0.32133341
2009-11-30,0.32115964
2009-11-27,0.32049351
2009-11-26,0.32199954
2009-11-25,0.32344764
2009-11-24,0.32295528
2009-11-23,0.32292632
2009-11-20,0.32208642
2009-11-19,0.32304217
2009-11-18,0.32417169
2009-11-17,0.32388207
2009-11-16,0.32388207
2009-11-13,0.32194161
2009-11-12,0.32199954
2009-11-11,0.32228916
2009-11-10,0.32150718
2009-11-09,0.32037766
2009-11-06,0.31904541
2009-11-05,0.31826344
2009-11-04,0.31751043
2009-11-03,0.3156279
2009-11-02,0.3160044
2009-10-30,0.31832136
2009-10-29,0.31672845
2009-10-28,0.31777108
2009-10-27,0.31942192
2009-10-26,0.32084106
2009-10-23,0.32139133
2009-10-22,0.3209569
2009-10-21,0.32156511
2009-10-20,0.32249189
2009-10-19,0.32162303
2009-10-16,0.32127549
2009-10-15,0.32191265
2009-10-14,0.32150718
2009-10-13,0.32005908
2009-10-12,0.32000116
2009-10-09,0.31881372
2009-10-08,0.3180607
2009-10-07,0.31577271
2009-10-06,0.3141798
2009-10-05,0.31290547
2009-10-02,0.31299235
2009-10-01,0.31487488
2009-09-30,0.314788
2009-09-29,0.31464319
2009-09-28,0.31316613
2009-09-25,0.31305028
2009-09-24,0.31400602
2009-09-23,0.31493281
2009-09-22,0.3145563
2009-09-21,0.31409291
2009-09-18,0.31423772
2009-09-17,0.31493281
2009-09-16,0.31368744
2009-09-15,0.31212349
2009-09-14,0.31108086
2009-09-11,0.31145737
2009-09-10,0.31041474
2009-09-09,0.31026993
2009-09-08,0.30943003
2009-09-07,0.30882183
2009-09-04,0.30676552
2009-09-03,0.30604147
2009-09-02,0.30537535
2009-09-01,0.30763438
2009-08-31,0.30801089
2009-08-28,0.30879286
2009-08-27,0.30827155
2009-08-26,0.30867702
2009-08-25,0.30890871
2009-08-24,0.30844532
2009-08-21,0.30607044
2009-08-20,0.30494092
2009-08-19,0.3032032
2009-08-18,0.30291358
2009-08-17,0.30329008
2009-08-14,0.30575185
2009-08-13,0.30552016
2009-08-12,0.30447753
2009-08-11,0.30505677
2009-08-10,0.30444856
2009-08-07,0.30415894
2009-08-06,0.30418791
2009-08-05,0.30392725
2009-08-04,0.30479611
2009-08-03,0.30453545
2009-07-31,0.30329008
2009-07-30,0.30132067
2009-07-29,0.2994671
2009-07-28,0.30013323
2009-07-27,0.29987257
2009-07-24,0.2986272
2009-07-23,0.29723703
2009-07-22,0.29616543
2009-07-21,0.295731
2009-07-20,0.29402224
2009-07-17,0.29271895
2009-07-16,0.29213971
2009-07-15,0.29040199
2009-07-14,0.2884905
2009-07-13,0.28655005
2009-07-10,0.28710032
2009-07-09,0.28741891
2009-07-08,0.28660797
2009-07-07,0.28811399
2009-07-03,0.2893304
2009-07-02,0.28956209
2009-07-01,0.28973587
2009-06-30,0.28979379
2009-06-29,0.28944625
2009-06-26,0.28918559
2009-06-25,0.28854842
2009-06-23,0.28733202
2009-06-22,0.28814296
2009-06-19,0.2890987
2009-06-18,0.28828777
2009-06-17,0.28918559
2009-06-16,0.29098123
2009-06-15,0.29129981
2009-06-12,0.29292169
2009-06-11,0.29242933
2009-06-10,0.29271895
2009-06-09,0.29156047
2009-06-08,0.29028614
2009-06-05,0.29144462
2009-06-04,0.29040199
2009-06-03,0.2930665
2009-06-02,0.29318234
2009-06-01,0.28886701
2009-05-29,0.28869323
2009-05-28,0.28738994
2009-05-27,0.28750579
2009-05-26,0.28617354
2009-05-25,0.28652108
2009-05-22,0.28701344
2009-05-21,0.28869323
2009-05-20,0.28921455
2009-05-19,0.28834569
2009-05-18,0.28489921
2009-05-15,0.2829298
2009-05-14,0.28133689
2009-05-13,0.2829298
2009-05-12,0.28403035
2009-05-11,0.28518883
2009-05-08,0.28614458
2009-05-07,0.285826
2009-05-06,0.2843779
2009-05-05,0.2826981
2009-05-04,0.2798019
2009-04-30,0.278962
2009-04-29,0.27681881
2009-04-28,0.2748494
2009-04-27,0.27528383
2009-04-24,0.27577618
2009-04-23,0.27490732
2009-04-22,0.27415431
2009-04-21,0.27311168
2009-04-20,0.27415431
2009-04-17,0.27505213
2009-04-16,0.27348818
2009-04-15,0.27224282
2009-04-14,0.27267725
2009-04-10,0.26998378
2009-04-09,0.27044717
2009-04-08,0.26772475
2009-04-07,0.26708758
2009-04-06,0.26957831
2009-04-03,0.26862257
2009-04-02,0.26757994
2009-04-01,0.26416242
2009-03-31,0.26256951
2009-03-30,0.26146895
2009-03-27,0.26375695
2009-03-26,0.26413346
2009-03-25,0.26306186
2009-03-24,0.26256951
2009-03-23,0.26123726
2009-03-20,0.25987604
2009-03-19,0.26132414
2009-03-18,0.26045528
2009-03-17,0.2603684
2009-03-16,0.25993397
2009-03-13,0.25932576
2009-03-12,0.25787766
2009-03-10,0.25605306
2009-03-09,0.25419949
2009-03-06,0.25538693
2009-03-05,0.25689296
2009-03-04,0.25677711
2009-03-03,0.25611098
2009-03-02,0.25773285
2009-02-27,0.25932576
2009-02-26,0.25958642
2009-02-25,0.25984708
2009-02-24,0.25877549
2009-02-23,0.26117933
2009-02-20,0.26201923
2009-02-19,0.26390176
2009-02-18,0.26395968
2009-02-17,0.26462581
2009-02-13,0.26705862
2009-02-12,0.26618976
2009-02-11,0.26772475
2009-02-10,0.26830399
2009-02-09,0.26888323
2009-02-06,0.26720343
2009-02-05,0.26474166
2009-02-04,0.26456789
2009-02-03,0.26343837
2009-02-02,0.26291705
2009-01-30,0.26378591
2009-01-29,0.26384384
2009-01-28,0.26323563
2009-01-27,0.26314875
2009-01-26,0.2624247
2009-01-23,0.26120829
2009-01-22,0.26207715
2009-01-21,0.26187442
2009-01-20,0.26187442
2009-01-19,0.26343837
2009-01-16,0.26358318
2009-01-15,0.26222196
2009-01-14,0.26433619
2009-01-13,0.26569741
2009-01-12,0.26613184
2009-01-09,0.26755097
2009-01-08,0.26775371
2009-01-07,0.27038925
2009-01-06,0.26920181
2009-01-05,0.266769
2008-12-31,0.26323563
2008-12-30,0.26170065
2008-12-29,0.26204819
2008-12-24,0.26178753
2008-12-23,0.26170065
2008-12-22,0.26196131
2008-12-19,0.262193
2008-12-18,0.26291705
2008-12-17,0.26404657
2008-12-16,0.26340941
2008-12-15,0.26427827
2008-12-12,0.26468373
2008-12-11,0.26674004
2008-12-10,0.26624768
2008-12-09,0.26517609
2008-12-08,0.26320667
2008-12-05,0.26227989
2008-12-04,0.2638728
2008-12-03,0.26297498
2008-12-02,0.26262743
2008-12-01,0.26453892
2008-11-28,0.26578429
2008-11-27,0.26563948
2008-11-26,0.26393072
2008-11-25,0.26430723
2008-11-24,0.26161376
2008-11-21,0.25996293
2008-11-20,0.26019462
2008-11-19,0.26419138
2008-11-18,0.26558156
2008-11-17,0.26717447
2008-11-14,0.26992586
2008-11-13,0.2682171
2008-11-12,0.26960728
2008-11-11,0.2723297
2008-11-10,0.27563137
2008-11-07,0.27290894
2008-11-06,0.27412535
2008-11-05,0.27852757
2008-11-04,0.27707947
2008-10-31,0.27079472
2008-10-30,0.27062095
2008-10-29,0.26645042
2008-10-28,0.26277224
2008-10-27,0.2628012
2008-10-24,0.26590014
2008-10-23,0.26876738
2008-10-22,0.27218489
2008-10-21,0.27548656
2008-10-20,0.27458874
2008-10-17,0.2727931
2008-10-16,0.27328545
2008-10-15,0.27922266
2008-10-14,0.28165547
2008-10-13,0.27673193
2008-10-10,0.27476251
2008-10-09,0.28078661
2008-10-08,0.28211886
2008-10-07,0.28738994
2008-10-06,0.29112604
2008-10-03,0.29651297
2008-10-02,0.29770042
2008-10-01,0.29833758
2008-09-30,0.29691844
2008-09-29,0.29882994
2008-09-26,0.30227641
2008-09-25,0.30326112
2008-09-24,0.30271084
2008-09-23,0.30491196
2008-09-22,0.30841636
2008-09-19,0.30485403
2008-09-18,0.300307
2008-09-17,0.30245019
2008-09-16,0.30462234
2008-09-15,0.30940107
2008-09-12,0.31108086
2008-09-11,0.30940107
2008-09-10,0.31142841
2008-09-09,0.31313716
2008-09-08,0.31435357
2008-09-05,0.31270273
2008-09-04,0.31510658
2008-09-03,0.31751043
2008-09-02,0.31826344
2008-09-01,0.31814759
2008-08-29,0.31843721
2008-08-28,0.31840825
2008-08-27,0.31751043
2008-08-26,0.31696015
2008-08-25,0.31733665
2008-08-22,0.31739458
2008-08-21,0.31727873
2008-08-20,0.31759731
2008-08-19,0.3174525
2008-08-18,0.31872683
2008-08-14,0.31858202
2008-08-13,0.31863994
2008-08-12,0.31904541
2008-08-11,0.31835032
2008-08-08,0.31698911
2008-08-07,0.31713392
2008-08-06,0.31687326
2008-08-05,0.31551205
2008-08-04,0.31632298
2008-08-01,0.31742354
2008-07-31,0.31823448
2008-07-30,0.31669949
2008-07-29,0.31473007
2008-07-28,0.31525139
2008-07-25,0.31580167
2008-07-24,0.31690222
2008-07-23,0.31658364
2008-07-22,0.31588855
2008-07-21,0.3162361
2008-07-18,0.31565686
2008-07-17,0.31473007
2008-07-16,0.31296339
2008-07-15,0.31389018
2008-07-14,0.31571478
2008-07-11,0.31638091
2008-07-10,0.31730769
2008-07-09,0.31803174
2008-07-08,0.31748146
2008-07-04,0.31765524
2008-07-03,0.31774212
2008-07-02,0.31976946
2008-07-01,0.32078313
2008-06-30,0.32214435
2008-06-28,0.32269462
2008-06-27,0.32307113
2008-06-26,0.32460612
2008-06-25,0.32535913
2008-06-20,0.32672034
2008-06-19,0.32837118
2008-06-18,0.32929796
2008-06-17,0.33025371
2008-06-16,0.3290373
2008-06-13,0.32863184
2008-06-12,0.32808156
2008-06-11,0.32811052
2008-06-10,0.32822637
2008-06-09,0.3307171
2008-06-06,0.33283133
2008-06-05,0.33335264
2008-06-04,0.33297614
2008-06-03,0.33451112
2008-06-02,0.33485867
2008-05-30,0.33462697
2008-05-29,0.33343953
2008-05-28,0.33245482
2008-05-27,0.33196247
2008-05-26,0.33236793
2008-05-23,0.33303406
2008-05-22,0.33439527
2008-05-21,0.33561168
2008-05-20,0.33630677
2008-05-19,0.33778383
2008-05-16,0.33633573
2008-05-15,0.33537998
2008-05-14,0.3348297
2008-05-13,0.33494555
2008-05-12,0.33404773
2008-05-10,0.33407669
2008-05-09,0.33451112
2008-05-08,0.33407669
2008-05-07,0.33427943
2008-05-06,0.33326576
2008-04-30,0.33112257
2008-04-29,0.33057229
2008-04-28,0.3307171
2008-04-25,0.32921108
2008-04-24,0.32863184
2008-04-23,0.32909523
2008-04-22,0.32889249
2008-04-21,0.32892146
2008-04-18,0.32790778
2008-04-17,0.32761816
2008-04-16,0.32651761
2008-04-15,0.32567771
2008-04-14,0.32521432
2008-04-11,0.32634384
2008-04-10,0.32683619
2008-04-09,0.32724166
2008-04-08,0.32793675
2008-04-07,0.32848703
2008-04-04,0.32709685
2008-04-03,0.32712581
2008-04-02,0.32625695
2008-04-01,0.32373726
2008-03-31,0.32272359
2008-03-28,0.32336075
2008-03-27,0.32359245
2008-03-26,0.32344764
2008-03-21,0.31953777
2008-03-20,0.31919022
2008-03-19,0.32078313
2008-03-18,0.32049351
2008-03-17,0.32133341
2008-03-15,0.32420065
2008-03-14,0.3243165
2008-03-13,0.32535913
2008-03-12,0.32706789
2008-03-07,0.32784986
2008-03-06,0.3304854
2008-03-05,0.32961654
2008-03-04,0.32932692
2008-03-03,0.33034059
2008-02-29,0.33294717
2008-02-28,0.33471386
2008-02-27,0.33642261
2008-02-26,0.33549583
2008-02-25,0.33396084
2008-02-22,0.33387396
2008-02-21,0.33456905
2008-02-20,0.3333816
2008-02-19,0.33462697
2008-02-15,0.33309198
2008-02-14,0.33436631
2008-02-13,0.33320783
2008-02-12,0.3319335
2008-02-11,0.3309488
2008-02-08,0.33080399
2008-02-07,0.33031163
2008-02-06,0.33091983
2008-02-05,0.33233897
2008-02-04,0.33375811
2008-02-01,0.33173077
2008-01-31,0.32964551
2008-01-30,0.33031163
2008-01-29,0.3307171
2008-01-28,0.32955862
2008-01-25,0.33184662
2008-01-24,0.32857391
2008-01-23,0.326981
2008-01-22,0.32706789
2008-01-21,0.33016682
2008-01-18,0.3342215
2008-01-17,0.33520621
2008-01-16,0.33923193
2008-01-15,0.33923193
2008-01-14,0.34128823
2008-01-11,0.34195436
2008-01-10,0.34215709
2008-01-09,0.34296803
2008-01-08,0.34360519
2008-01-07,0.34325765
2008-01-04,0.34499537
2008-01-03,0.34606696
2008-01-02,0.34737025
2007-12-29,0.34754402
2007-12-28,0.34806534
2007-12-27,0.34838392
2007-12-22,0.34606696
2007-12-21,0.34618281
2007-12-20,0.3445899
2007-12-19,0.34415547
2007-12-18,0.34441613
2007-12-17,0.34444509
2007-12-14,0.34655931
2007-12-13,0.34794949
2007-12-12,0.34968721
2007-12-11,0.35052711
2007-12-10,0.35035334
2007-12-07,0.35035334
2007-12-06,0.34916589
2007-12-05,0.34821015
2007-12-04,0.34690686
2007-12-03,0.34768883
2007-11-30,0.34705167
2007-11-29,0.34554564
2007-11-28,0.34288114
2007-11-27,0.34102757
2007-11-26,0.34198332
2007-11-23,0.34096965
2007-11-22,0.34015871
2007-11-21,0.34172266
2007-11-20,0.34482159
2007-11-19,0.34574838
2007-11-16,0.34719648
2007-11-15,0.34884731
2007-11-14,0.35055607
2007-11-13,0.348326
2007-11-12,0.34835496
2007-11-10,0.35087465
2007-11-09,0.35119323
2007-11-08,0.35287303
2007-11-07,0.35516103
2007-11-06,0.35547961
2007-11-05,0.35527688
2007-10-31,0.358231
2007-10-30,0.35852062
2007-10-29,0.3588392
2007-10-26,0.35776761
2007-10-25,0.35637743
2007-10-24,0.35579819
2007-10-23,0.35458179
2007-10-22,0.35342331
2007-10-19,0.35629055
2007-10-18,0.35747799
2007-10-17,0.35727525
2007-10-16,0.3570146
2007-10-15,0.35866543
2007-10-12,0.35854958
2007-10-11,0.35915778
2007-10-10,0.35840477
2007-10-09,0.35718837
2007-10-08,0.35649328
2007-10-05,0.35602989
2007-10-04,0.35403151
2007-10-03,0.35466867
2007-10-02,0.35440802
2007-10-01,0.35298888
2007-09-28,0.35232275
2007-09-27,0.35165663
2007-09-26,0.34994787
2007-09-25,0.34890524
2007-09-24,0.34986098
2007-09-21,0.34942655
2007-09-20,0.34928174
2007-09-19,0.34965825
2007-09-18,0.34566149
2007-09-17,0.3451981
2007-09-14,0.34629866
2007-09-13,0.34629866
2007-09-12,0.34606696
2007-09-11,0.34537187
2007-09-10,0.34525602
2007-09-07,0.34705167
2007-09-06,0.34844184
2007-09-05,0.3487025
2007-09-04,0.34905005
2007-09-03,0.34838392
2007-08-31,0.34739921
2007-08-30,0.34551668
2007-08-29,0.34401066
2007-08-28,0.34464782
2007-08-27,0.34615385
2007-08-24,0.34508225
2007-08-23,0.34311284
2007-08-22,0.34311284
2007-08-21,0.34082484
2007-08-20,0.34102757
2007-08-17,0.33836307
2007-08-16,0.33801552
2007-08-14,0.34375
2007-08-13,0.34514018
2007-08-10,0.34456094
2007-08-09,0.34841288
2007-08-08,0.34864458
2007-08-07,0.34598007
2007-08-06,0.34681997
2007-08-03,0.34890524
2007-08-02,0.34922382
2007-08-01,0.34887627
2007-07-31,0.35113531
2007-07-30,0.34899212
2007-07-27,0.34916589
2007-07-26,0.35203313
2007-07-25,0.35463971
2007-07-24,0.35629055
2007-07-23,0.3567829
2007-07-20,0.35663809
2007-07-19,0.35614574
2007-07-18,0.35582715
2007-07-17,0.35692771
2007-07-16,0.3570146
2007-07-13,0.35684082
2007-07-12,0.35539272
2007-07-11,0.3547266
2007-07-10,0.35582715
2007-07-09,0.35634847
2007-07-05,0.35469764
2007-07-04,0.35446594
2007-07-03,0.35403151
2007-07-02,0.35307576
2007-06-29,0.35232275
2007-06-28,0.35171455
2007-06-27,0.35020853
2007-06-26,0.35133804
2007-06-22,0.35272822
2007-06-21,0.35295992
2007-06-20,0.35362604
2007-06-19,0.35374189
2007-06-18,0.35435009
2007-06-15,0.3532785
2007-06-14,0.3512222
2007-06-13,0.34884731
2007-06-12,0.34925278
2007-06-11,0.34881835
2007-06-08,0.34739921
2007-06-07,0.34873146
2007-06-06,0.35052711
2007-06-05,0.35214898
2007-06-04,0.35229379
2007-06-01,0.35191728
2007-05-31,0.35049815
2007-05-30,0.34884731
2007-05-29,0.34933967
2007-05-28,0.34907901
2007-05-25,0.3489342
2007-05-24,0.34986098
2007-05-23,0.35029541
2007-05-22,0.34960032
2007-05-21,0.34913693
2007-05-18,0.34803638
2007-05-17,0.34696478
2007-05-16,0.34699374
2007-05-15,0.3466462
2007-05-14,0.34710959
2007-05-11,0.34624073
2007-05-10,0.3468779
2007-05-09,0.34676205
2007-05-08,0.34673309
2007-05-05,0.34644347
2007-05-04,0.34629866
2007-05-03,0.34554564
2007-05-02,0.34461886
2007-04-27,0.34432924
2007-04-26,0.34482159
2007-04-25,0.34438716
2007-04-24,0.34432924
2007-04-23,0.34490848
2007-04-20,0.34432924
2007-04-19,0.3431418
2007-04-18,0.34441613
2007-04-17,0.34447405
2007-04-16,0.34415547
2007-04-13,0.34305491
2007-04-12,0.3429101
2007-04-11,0.34334453
2007-04-06,0.34233086
2007-04-05,0.34244671
2007-04-04,0.34198332
2007-04-03,0.34068003
2007-04-02,0.33992702
2007-03-30,0.34004286
2007-03-29,0.33900023
2007-03-28,0.33862373
2007-03-27,0.33966636
2007-03-26,0.33989805
2007-03-23,0.33957947
2007-03-22,0.33902919
2007-03-21,0.33729147
2007-03-20,0.33593026
2007-03-19,0.33494555
2007-03-16,0.33442424
2007-03-15,0.33393188
2007-03-14,0.33352641
2007-03-13,0.33621988
2007-03-09,0.33633573
2007-03-08,0.33552479
2007-03-07,0.33387396
2007-03-06,0.33254171
2007-03-05,0.33170181
2007-03-02,0.33442424
2007-03-01,0.33523517
2007-02-28,0.33700185
2007-02-27,0.34088276
2007-02-26,0.34360519
2007-02-23,0.3435183
2007-02-22,0.34305491
2007-02-21,0.34264944
2007-02-20,0.34288114
2007-02-19,0.3431418
2007-02-15,0.34311284
2007-02-14,0.34250463
2007-02-13,0.34120134
2007-02-12,0.34149096
2007-02-09,0.34235982
2007-02-08,0.34250463
2007-02-07,0.34322868
2007-02-06,0.34285218
2007-02-05,0.34198332
2007-02-02,0.341462
2007-02-01,0.34070899
2007-01-31,0.33937674
2007-01-30,0.3394057
2007-01-29,0.33931881
2007-01-26,0.33920297
2007-01-25,0.33998494
2007-01-24,0.33981117
2007-01-23,0.33902919
2007-01-22,0.33923193
2007-01-19,0.33859476
2007-01-18,0.3387975
2007-01-17,0.3385658
2007-01-16,0.33871061
2007-01-15,0.33865269
2007-01-12,0.33740732
2007-01-11,0.33584337
2007-01-10,0.33494555
2007-01-09,0.33607507
2007-01-08,0.33569856
2007-01-05,0.33595922
2007-01-04,0.33613299
2007-01-03,0.33677016
2007-01-02,0.33685704
2006-12-29,0.33639365
2006-12-28,0.33593026
2006-12-27,0.33517725
2006-12-22,0.33433735
2006-12-21,0.33439527
2006-12-20,0.33456905
2006-12-19,0.33413462
2006-12-18,0.33488763
2006-12-15,0.33419254
2006-12-14,0.33335264
2006-12-13,0.33280236
2006-12-12,0.33257067
2006-12-11,0.33231001
2006-12-08,0.33184662
2006-12-07,0.33222312
2006-12-06,0.33175973
2006-12-05,0.33120945
2006-12-04,0.33031163
2006-12-01,0.33025371
2006-11-30,0.33042748
2006-11-29,0.32981928
2006-11-28,0.32871872
2006-11-27,0.33065918
2006-11-24,0.33152804
2006-11-23,0.33231001
2006-11-22,0.33233897
2006-11-21,0.33144115
2006-11-20,0.33115153
2006-11-17,0.33152804
2006-11-16,0.33210728
2006-11-15,0.33178869
2006-11-14,0.33097776
2006-11-13,0.3304854
2006-11-10,0.33051437
2006-11-09,0.33065918
2006-11-08,0.33039852
2006-11-07,0.33074606
2006-11-06,0.32932692
2006-11-03,0.32871872
2006-11-02,0.32880561
2006-10-31,0.32854495
2006-10-30,0.32837118
2006-10-27,0.32924004
2006-10-26,0.32961654
2006-10-25,0.32912419
2006-10-24,0.32871872
2006-10-23,0.32805259
2006-10-20,0.32828429
2006-10-19,0.32784986
2006-10-18,0.3275892
2006-10-17,0.32724166
2006-10-16,0.3275892
2006-10-13,0.32709685
2006-10-12,0.32596733
2006-10-11,0.32521432
2006-10-10,0.32524328
2006-10-09,0.32437442
2006-10-06,0.32420065
2006-10-05,0.32353452
2006-10-04,0.32226019
2006-10-03,0.32254981
2006-10-02,0.32310009
2006-09-29,0.3232449
2006-09-28,0.32307113
2006-09-27,0.32231812
2006-09-26,0.32060936
2006-09-25,0.31991427
2006-09-22,0.32098587
2006-09-21,0.32194161
2006-09-20,0.32139133
2006-09-19,0.32136237
2006-09-18,0.32115964
2006-09-15,0.32104379
2006-09-14,0.32075417
2006-09-13,0.32017493
2006-09-12,0.31916126
2006-09-11,0.31895853
2006-09-08,0.31933503
2006-09-07,0.3195088
2006-09-06,0.32110171
2006-09-05,0.32153614
2006-09-04,0.32133341
2006-09-01,0.32017493
2006-08-31,0.31982739
2006-08-30,0.31939296
2006-08-29,0.31881372
2006-08-28,0.31826344
2006-08-25,0.31820551
2006-08-24,0.31808967
2006-08-23,0.31846617
2006-08-22,0.31814759
2006-08-21,0.31823448
2006-08-19,0.31898749
2006-08-18,0.3189006
2006-08-17,0.31875579
2006-08-16,0.31808967
2006-08-11,0.31487488
2006-08-10,0.31525139
2006-08-09,0.31574374
2006-08-08,0.3151645
2006-08-07,0.31551205
2006-08-04,0.31617817
2006-08-03,0.31548309
2006-08-02,0.3160044
2006-08-01,0.3156279
2006-07-31,0.31620714
2006-07-28,0.31548309
2006-07-27,0.31513554
2006-07-26,0.31365848
2006-07-25,0.3133399
2006-07-24,0.31194972
2006-07-21,0.31203661
2006-07-20,0.3131082
2006-07-19,0.3108202
2006-07-18,0.3096038
2006-07-17,0.31047266
2006-07-14,0.3116601
2006-07-13,0.31357159
2006-07-12,0.3151645
2006-07-11,0.31510658
2006-07-10,0.31568582
2006-07-05,0.31565686
2006-07-04,0.31672845
2006-07-03,0.31632298
2006-07-01,0.31522243
2006-06-30,0.31554101
2006-06-29,0.31281858
2006-06-28,0.31137048
2006-06-27,0.31174699
2006-06-23,0.31160218
2006-06-22,0.31186284
2006-06-21,0.31099398
2006-06-20,0.31096501
2006-06-19,0.31148633
2006-06-16,0.31125463
2006-06-15,0.30957484
2006-06-14,0.30751854
2006-06-13,0.30832947
2006-06-12,0.31134152
2006-06-09,0.31102294
2006-06-08,0.31076228
2006-06-07,0.31307924
2006-06-06,0.31487488
2006-06-05,0.3176842
2006-06-02,0.31777108
2006-06-01,0.31594648
2006-05-31,0.31632298
2006-05-30,0.31748146
2006-05-29,0.31881372
2006-05-26,0.31736562
2006-05-25,0.31507762
2006-05-24,0.31470111
2006-05-23,0.31545412
2006-05-22,0.31551205
2006-05-19,0.31840825
2006-05-18,0.31858202
2006-05-17,0.32159407
2006-05-16,0.32226019
2006-05-15,0.32376622
2006-05-12,0.32753128
2006-05-11,0.32967447
2006-05-10,0.33077502
2006-05-09,0.33109361
2006-05-05,0.32979032
2006-05-04,0.32871872
2006-05-03,0.32877665
2006-05-02,0.32834222
2006-04-28,0.32822637
2006-04-27,0.32877665
2006-04-26,0.32915315
2006-04-25,0.32918211
2006-04-24,0.32944277
2006-04-21,0.32970343
2006-04-20,0.32874768
2006-04-19,0.32909523
2006-04-14,0.32741543
2006-04-13,0.32729958
2006-04-12,0.32741543
2006-04-11,0.32871872
2006-04-10,0.3290373
2006-04-07,0.32906627
2006-04-06,0.32851599
2006-04-05,0.32892146
2006-04-04,0.32871872
2006-04-03,0.32811052
2006-03-31,0.32756024
2006-03-30,0.32735751
2006-03-29,0.32677827
2006-03-28,0.32686515
2006-03-27,0.32764713
2006-03-24,0.32686515
2006-03-23,0.32666242
2006-03-22,0.32608318
2006-03-21,0.32599629
2006-03-20,0.32622799
2006-03-17,0.32588044
2006-03-16,0.3253012
2006-03-15,0.32541705
2006-03-14,0.32512743
2006-03-10,0.32330283
2006-03-09,0.32278151
2006-03-08,0.32220227
2006-03-07,0.32304217
2006-03-06,0.32388207
2006-03-03,0.32388207
2006-03-02,0.32472196
2006-03-01,0.3249247
2006-02-28,0.32573563
2006-02-27,0.32588044
2006-02-24,0.3253012
2006-02-23,0.32509847
2006-02-22,0.32405584
2006-02-21,0.32393999
2006-02-20,0.32341867
2006-02-15,0.32252085
2006-02-14,0.32226019
2006-02-13,0.32214435
2006-02-11,0.32289736
2006-02-10,0.32275255
2006-02-09,0.3226367
2006-02-08,0.32194161
2006-02-07,0.3228684
2006-02-06,0.32234708
2006-02-03,0.32182576
2006-02-02,0.32220227
2006-02-01,0.32188369
2006-01-31,0.32217331
2006-01-30,0.32162303
2006-01-27,0.32092794
2006-01-26,0.31979842
2006-01-25,0.31861098
2006-01-24,0.3180607
2006-01-23,0.31837929
2006-01-20,0.3197405
2006-01-19,0.31933503
2006-01-18,0.31863994
2006-01-17,0.32049351
2006-01-16,0.32144926
2006-01-13,0.3214203
2006-01-12,0.3220285
2006-01-11,0.32121756
2006-01-10,0.32104379
2006-01-09,0.32133341
2006-01-06,0.32052247
2006-01-05,0.32043559
2006-01-04,0.32008804
2006-01-03,0.31898749
2005-12-30,0.31849513
2005-12-29,0.31835032
2005-12-28,0.31817655
2005-12-23,0.31771316
2005-12-22,0.31727873
2005-12-21,0.31672845
2005-12-20,0.31609129
2005-12-19,0.31591752
2005-12-16,0.31571478
2005-12-15,0.31559893
2005-12-14,0.31556997
2005-12-13,0.31585959
2005-12-12,0.31574374
2005-12-09,0.31556997
2005-12-08,0.3156279
2005-12-07,0.31554101
2005-12-06,0.31559893
2005-12-05,0.31548309
2005-12-02,0.31487488
2005-12-01,0.31362952
2005-11-30,0.3131082
2005-11-29,0.3137164
2005-11-28,0.31377433
2005-11-25,0.31348471
2005-11-24,0.31307924
2005-11-23,0.31307924
2005-11-22,0.31258689
2005-11-21,0.3122683
2005-11-18,0.3125
2005-11-17,0.31200765
2005-11-16,0.31177595
2005-11-15,0.31206557
2005-11-14,0.31232623
2005-11-11,0.31171803
2005-11-10,0.31125463
2005-11-09,0.31142841
2005-11-08,0.31102294
2005-11-07,0.31061747
2005-11-04,0.31026993
2005-11-03,0.30977757
2005-11-02,0.30844532
2005-10-29,0.3058677
2005-10-28,0.3058677
2005-10-27,0.30676552
2005-10-26,0.30798193
2005-10-25,0.30830051
2005-10-24,0.30766335
2005-10-21,0.30722892
2005-10-20,0.30775023
2005-10-19,0.30757646
2005-10-18,0.30890871
2005-10-17,0.30893767
2005-10-14,0.30885079
2005-10-13,0.30925626
2005-10-12,0.3108202
2005-10-11,0.31139944
2005-10-10,0.31119671
2005-10-07,0.31142841
2005-10-06,0.31299235
2005-10-05,0.3145563
2005-10-04,0.31481696
2005-10-03,0.31420876
2005-09-30,0.31351367
2005-09-29,0.31328197
2005-09-28,0.3133399
2005-09-27,0.31302132
2005-09-26,0.31264481
2005-09-23,0.31177595
2005-09-22,0.31145737
2005-09-21,0.31232623
2005-09-20,0.31319509
2005-09-19,0.31264481
2005-09-16,0.31255792
2005-09-15,0.31218142
2005-09-14,0.31200765
2005-09-13,0.31192076
2005-09-12,0.31209453
2005-09-09,0.31151529
2005-09-08,0.31102294
2005-09-07,0.3108202
2005-09-06,0.31003823
2005-09-05,0.30954588
2005-09-02,0.30951691
2005-09-01,0.30945899
2005-08-31,0.30850324
2005-08-30,0.30780816
2005-08-29,0.30748957
2005-08-26,0.30789504
2005-08-25,0.30844532
2005-08-24,0.3087639
2005-08-23,0.30922729
2005-08-22,0.30943003
2005-08-19,0.30864805
2005-08-18,0.30841636
2005-08-17,0.30841636
2005-08-16,0.30835843
2005-08-12,0.30864805
2005-08-11,0.3087639
2005-08-10,0.30896664
2005-08-09,0.30841636
2005-08-08,0.30798193
2005-08-05,0.30812674
2005-08-04,0.30914041
2005-08-03,0.30943003
2005-08-02,0.30931418
2005-08-01,0.30919833
2005-07-29,0.30951691
2005-07-28,0.30928522
2005-07-27,0.30867702
2005-07-26,0.30824259
2005-07-25,0.30775023
2005-07-22,0.30734476
2005-07-21,0.30751854
2005-07-20,0.3073158
2005-07-19,0.30725788
2005-07-18,0.30682345
2005-07-15,0.30711307
2005-07-14,0.30688137
2005-07-13,0.3064759
2005-07-12,0.30656279
2005-07-11,0.30667864
2005-07-08,0.30583874
2005-07-07,0.30488299
2005-07-05,0.30517261
2005-07-04,0.30494092
2005-07-01,0.30430375
2005-06-30,0.3040431
2005-06-29,0.30363763
2005-06-28,0.3029715
2005-06-27,0.30279773
2005-06-23,0.30430375
2005-06-22,0.30415894
2005-06-21,0.30329008
2005-06-20,0.30331905
2005-06-17,0.30349282
2005-06-16,0.3032032
2005-06-15,0.30305839
2005-06-14,0.30329008
2005-06-13,0.30279773
2005-06-10,0.3023633
2005-06-09,0.30158133
2005-06-08,0.30178406
2005-06-07,0.30123378
2005-06-06,0.30082831
2005-06-03,0.30108897
2005-06-02,0.30048077
2005-06-01,0.29938021
2005-05-31,0.29856928
2005-05-30,0.29854032
2005-05-27,0.29822173
2005-05-26,0.29775834
2005-05-25,0.2971791
2005-05-24,0.29758457
2005-05-23,0.29715014
2005-05-20,0.29677363
2005-05-19,0.29648401
2005-05-18,0.29529657
2005-05-17,0.29439875
2005-05-16,0.2942829
2005-05-13,0.29413809
2005-05-12,0.2940512
2005-05-11,0.2940512
2005-05-10,0.29422498
2005-05-09,0.29390639
2005-05-06,0.29408017
2005-05-05,0.293443
2005-05-04,0.29350093
2005-05-03,0.29289272
2005-05-02,0.29231348
2005-04-29,0.29193698
2005-04-28,0.29231348
2005-04-27,0.29280584
2005-04-26,0.29370366
2005-04-25,0.29355885
2005-04-22,0.29324027
2005-04-21,0.2930665
2005-04-20,0.29329819
2005-04-19,0.29315338
2005-04-18,0.29402224
2005-04-15,0.29555723
2005-04-14,0.29674467
2005-04-13,0.29674467
2005-04-12,0.29651297
2005-04-11,0.29715014
2005-04-08,0.29715014
2005-04-07,0.29674467
2005-04-06,0.29648401
2005-04-05,0.29578892
2005-04-04,0.29532553
2005-04-01,0.29532553
2005-03-31,0.2951228
2005-03-30,0.29480422
2005-03-29,0.29515176
2005-03-25,0.29471733
2005-03-24,0.29463044
2005-03-23,0.29419601
2005-03-22,0.29457252
2005-03-21,0.29431186
2005-03-18,0.29413809
2005-03-17,0.29434082
2005-03-16,0.2951228
2005-03-15,0.29483318
2005-03-14,0.2945146
2005-03-10,0.29506487
2005-03-09,0.29575996
2005-03-08,0.29654194
2005-03-07,0.29674467
2005-03-04,0.29610751
2005-03-03,0.29604958
2005-03-02,0.29584685
2005-03-01,0.29535449
2005-02-28,0.29523865
2005-02-25,0.29439875
2005-02-24,0.29384847
2005-02-23,0.29431186
2005-02-22,0.29509384
2005-02-21,0.29552827
2005-02-18,0.29564411
2005-02-17,0.295731
2005-02-15,0.29602062
2005-02-14,0.29602062
2005-02-11,0.29541242
2005-02-10,0.2954993
2005-02-09,0.29599166
2005-02-08,0.2954993
2005-02-07,0.29497799
2005-02-04,0.29379055
2005-02-03,0.29341404
2005-02-02,0.29321131
2005-02-01,0.29277688
2005-01-31,0.29196594
2005-01-28,0.29190802
2005-01-27,0.29205283
2005-01-26,0.29179217
2005-01-25,0.29144462
2005-01-24,0.29158943
2005-01-21,0.29176321
2005-01-20,0.2919949
2005-01-19,0.29225556
2005-01-18,0.29092331
2005-01-17,0.29031511
2005-01-14,0.29014133
2005-01-13,0.29005445
2005-01-12,0.2899386
2005-01-11,0.29025718
2005-01-10,0.29008341
2005-01-07,0.29022822
2005-01-06,0.29014133
2005-01-05,0.29037303
2005-01-04,0.29040199
2005-01-03,0.29031511
2004-12-31,0.29028614
2004-12-30,0.29022822
2004-12-29,0.29019926
2004-12-28,0.29028614
2004-12-27,0.29031511
2004-12-24,0.29028614
2004-12-23,0.2901703
2004-12-22,0.29011237
2004-12-21,0.28999652
2004-12-20,0.28979379
2004-12-17,0.29011237
2004-12-16,0.28988068
2004-12-15,0.2899386
2004-12-14,0.28990964
2004-12-13,0.28962002
2004-12-10,0.28921455
2004-12-09,0.29005445
2004-12-08,0.29005445
2004-12-07,0.29005445
2004-12-06,0.29005445
2004-12-03,0.29002549
2004-12-02,0.29002549
2004-12-01,0.29002549
2004-11-30,0.29002549
2004-11-29,0.29002549
2004-11-26,0.2899386
2004-11-25,0.2897069
2004-11-24,0.28959106
2004-11-23,0.28959106
2004-11-22,0.28959106
2004-11-19,0.28956209
2004-11-18,0.2897069
2004-11-17,0.28967794
2004-11-16,0.28962002
2004-11-15,0.28959106
2004-11-12,0.28959106
2004-11-11,0.28956209
2004-11-10,0.28953313
2004-11-09,0.28953313
2004-11-08,0.28953313
2004-11-05,0.28944625
2004-11-04,0.28938832
2004-11-03,0.28938832
2004-11-02,0.28935936
2004-10-29,0.28935936
2004-10-28,0.28927247
2004-10-27,0.28927247
2004-10-26,0.28962002
