isin,name,asset_class,region,em,approach,benchmark,sfdr,ter_pct,currency_hedged,theme,source_url,notes
DE0002635307,iShares STOXX Europe 600 UCITS ETF (DE),equity,europe,no,index,STOXX Europe 600,,0.20,no,,https://www.justetf.com/en/etf-profile.html?isin=DE0002635307,distributing
EE3100097411,EfTEN Kinnisvarafond AS,real_estate,other,no,active,,,,no,,https://eften.ee/wp-content/uploads/2022/03/EKF_faktileht_022022_ENG.pdf,"Estonian closed-end real estate fund managed by EfTEN Capital AS; commercial property in Tallinn, Riga, Vilnius (Baltics). Fees not on factsheet. Status (possibly in wind-down/merged into EfTEN Real Estate Fund AS) not verified."
EE3100125238,EfTEN Kinnisvarafond II AS,real_estate,europe,no,active,,,,,,https://eften.ee/wp-content/uploads/2024/05/EKF_II_faktileht_042024_Eng.pdf,"Estonian real estate fund managed by EfTEN Capital; commercial property in Tallinn, Riga, Kaunas (Baltics)"
EE3100127242,EfTEN Real Estate Fund AS,real_estate,other,no,active,,,,no,,https://nasdaqbaltic.com/statistics/en/instrument/EE3100127242/trading | https://en.wikipedia.org/wiki/EfTEN_Real_Estate_Fund_III,"Listed closed-end Baltic commercial real estate fund (Nasdaq Tallinn, ticker EFT1T, EUR). Formerly EfTEN Real Estate Fund III (LB name); Nasdaq now lists as 'EfTEN Real Estate Fund' (renamed, likely after merger with EfTEN Real Estate Fund 4)"
EE3500110244,Baltic Horizon Fund,real_estate,other,no,active,,,,no,,https://nasdaqbaltic.com/statistics/en/instrument/EE3500110244/trading,"Listed Estonian contractual public real estate fund (Nasdaq Tallinn Baltic Fund List, EUR), manager Northern Horizon Capital AS; Baltic commercial property"
FR0000971293,HSBC Euro Gvt Bond Fund HC,bond,eurozone,no,active,FTSE EMU Government Bond Index (EGBI),,0.45,no,,https://www.comdirect.de/inf/fonds/FR0000971293,"Accumulating. 'HC' is HSBC class code (C = capitalisation), EUR fund investing in EUR govt bonds so unhedged. SFDR not stated"
FR0010261198,Amundi MSCI Europe UCITS ETF Acc,equity,europe,no,index,MSCI Europe,,0.25,no,,https://www.justetf.com/en/etf-profile.html?isin=FR0010261198,formerly Lyxor MSCI Europe (DR) UCITS ETF
FR0010315770,Amundi MSCI World Swap II UCITS ETF Dist,equity,global_dm,no,index,MSCI World,,0.30,no,,https://www.justetf.com/en/etf-profile.html?isin=FR0010315770,Formerly Lyxor MSCI World UCITS ETF; synthetic (swap) replication
FR0010429068,Amundi MSCI Emerging Markets Swap II UCITS ETF EUR Acc,equity,em,only,index,MSCI Emerging Markets,,0.55,no,,https://www.justetf.com/en/etf-profile.html?isin=FR0010429068,formerly Lyxor MSCI Emerging Markets UCITS ETF; synthetic
FR0010754168,Amundi ETF Government Bond Euro Broad Investment Grade 3-5 UCITS ETF EUR (C),bond,eurozone,no,index,FTSE Eurozone Government Broad Investment Grade 3-5,,0.14,no,,https://www.justetf.com/en/etf-profile.html?isin=FR0010754168,closed/merged (justETF: liquidated or merged)
FR0011363423,Lyxor MSCI USA ESG Broad CTB (DR) UCITS ETF Acc,equity,us,no,index,MSCI USA ESG CTB Broad Select,,0.09,no,,https://www.justetf.com/en/etf-profile.html?isin=FR0011363423,closed/merged: justETF states fund liquidated or merged (likely into Amundi equivalent); data as of last update
IE0002W8NB38,iShares MSCI USA Swap UCITS ETF USD (Acc),equity,us,no,index,MSCI USA,,0.05,no,,https://www.justetf.com/en/etf-profile.html?isin=IE0002W8NB38,synthetic (unfunded swap)
IE0004MFRED4,Xtrackers S&P 500 Equal Weight Scored & Screened UCITS ETF 1C,equity,us,no,index,S&P 500 Equal Weight Scored & Screened Index,,0.17,no,,https://www.justetf.com/en/etf-profile.html?isin=IE0004MFRED4,Equal weight with ESG screens. SFDR not shown on source
IE0006IP4XZ8,Amundi MSCI USA ESG Broad Transition UCITS ETF Acc,equity,us,no,index,MSCI USA ESG Broad CTB Select,,0.07,no,,https://www.justetf.com/en/etf-profile.html?isin=IE0006IP4XZ8,renamed from Amundi MSCI USA ESG Climate Net Zero Ambition CTB
IE0007472990,Vanguard Euro Government Bond Index Fund EUR Acc,bond,eurozone,no,index,Bloomberg Euro Government Float Adjusted Bond Index,,0.12,no,,https://www.comdirect.de/inf/fonds/IE0007472990,Investor/institutional class not stated in name on comdirect. SFDR not stated
IE0009DRDY20,Amundi Prime Global UCITS ETF Acc,equity,global_dm,no,index,Solactive GBS Developed Markets Large & Mid Cap Index (USD NTR),,0.05,no,,https://www.justetf.com/en/etf-profile.html?isin=IE0009DRDY20 | https://assets.finanzfluss.de/hippoverse/documents/IE0009DRDY20-factsheet.pdf,SFDR article not found (factsheet and extraetf silent). getquin shows TER 0.03%; justETF and Aug 2026 factsheet show 0.05%.
IE0009QS7W62,iShares MSCI World Health Care Sector Advanced UCITS ETF USD (Acc),equity,global_dm,no,index,MSCI World Health Care Advanced Select 20 35 Capped,,0.18,no,,https://www.justetf.com/en/etf-profile.html?isin=IE0009QS7W62,Health care sector; formerly '...Sector ESG UCITS ETF'
IE000BI8OT95,Amundi Core MSCI World UCITS ETF Acc,equity,global_dm,no,index,MSCI World Index,,0.12,no,,https://www.justetf.com/en/etf-profile.html?isin=IE000BI8OT95,Launched Jan 2024 (successor of Lyxor/Amundi MSCI World V). SFDR not shown on source
IE000CL68Z69,Amundi MSCI World Climate Paris Aligned UCITS ETF Acc,equity,global_dm,no,index,MSCI World Climate Paris Aligned Filtered PAB,,0.20,no,,https://www.justetf.com/en/etf-profile.html?isin=IE000CL68Z69,Formerly Amundi MSCI World Climate Net Zero Ambition PAB UCITS ETF (LB name); SFDR not shown on source
IE000F6G1DE0,iShares EUR Corporate Bond 1-5yr UCITS ETF EUR (Acc),bond,eurozone,no,index,Bloomberg Euro Corporate 1-5 Year,,0.20,no,,https://www.justetf.com/en/etf-profile.html?isin=IE000F6G1DE0,"EUR-denominated IG corporates, issuers global"
IE000H1H16W5,iShares MSCI World Value Factor Advanced UCITS ETF USD (Acc),equity,global_dm,no,index,MSCI World Value Advanced Select,,0.25,no,,https://www.justetf.com/en/etf-profile.html?isin=IE000H1H16W5,
IE000H92C4B8,iShares EUR High Yield Corporate Bond ESG Paris-Aligned Climate UCITS ETF EUR (Dist),bond,europe,no,index,Bloomberg MSCI Euro Corporate High Yield Climate Paris Aligned ESG,,0.25,no,,https://www.justetf.com/en/etf-profile.html?isin=IE000H92C4B8,EUR-denominated HY corporate bonds; region approximated as europe
IE000JEL63K7,Federated Hermes Climate Change High Yield Credit Fund D EUR Accumulating Hedged,bond,global,yes,active,ICE Global High Yield Paris-Aligned Absolute Emissions Index (USD hedged),,0.88,yes,,https://www.finanzen.at/fonds/federated-hermes-climate-change-high-yield-credit-fund-d-ie000jel63k7 | https://www.finanzfluss.de/informer/fonds/ie000jel63k7/,Benchmark from finanzfluss abbreviation 'ICE Glb HY Par-Alg Abs Em H USD'. TER 0.88% per finanzfluss. EM flag 'yes' assumes global HY index includes some EM issuers (unverified). SFDR not stated
IE000KDUZ5O6,iShares Euro Corporate Bond ESG SRI Index Fund (IE) Inst Acc EUR,bond,europe,no,index,iBoxx MSCI ESG SRI EUR Corporates,8,0.15,no,,https://www.blackrock.com/uk/individual/products/320786/,
IE000KXCEXR3,Amundi S&P 500 Screened UCITS ETF Acc,equity,us,no,index,S&P 500 Scored & Screened+,,0.12,no,,https://www.justetf.com/en/etf-profile.html?isin=IE000KXCEXR3,
IE000LAP5Z18,Amundi S&P 500 Equal Weight ESG UCITS ETF Acc,equity,us,no,index,S&P 500 Equal Weight ESG+,,0.18,no,,https://www.justetf.com/en/etf-profile.html?isin=IE000LAP5Z18,Amundi ETF ICAV sub-fund
IE000O5FBC47,Amundi S&P 500 Climate Paris Aligned UCITS ETF Acc,equity,us,no,index,S&P 500 PAB ESG+,,0.07,no,,https://www.justetf.com/en/etf-profile.html?isin=IE000O5FBC47,formerly Amundi S&P 500 Climate Net Zero Ambition PAB UCITS ETF (renamed)
IE000Q8N7WY1,Robeco 3D Global Equity UCITS ETF USD Acc,equity,global_dm,no,active,"MSCI World Index (Net Return, USD)",8,0.25,no,,https://robeco.com/en-int/products/funds/isin-ie000q8n7wy1/robeco-3d-global-equity-ucits-etf-usd-acc | https://www.justetf.com/en/etf-profile.html?isin=IE000Q8N7WY1,"Active ETF (quant, enhanced-index style)"
IE000QWCYQT0,Amundi MSCI World Screened UCITS ETF Acc,equity,global_dm,no,index,MSCI World Screened Select ex Thermal Coal,,0.20,no,,https://www.justetf.com/en/etf-profile.html?isin=IE000QWCYQT0,
IE000R85HL30,Amundi MSCI USA SRI Climate Paris Aligned UCITS ETF Acc,equity,us,no,index,MSCI USA SRI Filtered PAB Index,,0.18,no,,https://www.justetf.com/en/etf-profile.html?isin=IE000R85HL30,Fund currency USD. SFDR not shown on source
IE000Y77LGG9,Amundi MSCI World SRI Climate Paris Aligned UCITS ETF Acc,equity,global_dm,no,index,MSCI World SRI Filtered PAB Index,,0.18,no,,https://www.justetf.com/en/etf-profile.html?isin=IE000Y77LGG9,SFDR not shown on source
IE0031786696,Vanguard Emerging Markets Stock Index Fund EUR Acc,equity,em,only,index,MSCI Emerging Markets Index,,0.23,no,,https://www.comdirect.de/inf/fonds/IE0031786696,"Non-ETF index fund (LB name suggests Institutional EUR class). Hedging not stated; EUR class of unhedged index fund, so probably unhedged (unverified). SFDR not stated."
IE0032126645,Vanguard U.S. 500 Stock Index Fund EUR Acc,equity,us,no,index,S&P 500 Index,,0.10,no,,https://www.comdirect.de/inf/fonds/IE0032126645,"Non-ETF index fund (LB name suggests Institutional EUR class). Hedging not stated (holdings 99% USD), probably unhedged (unverified). SFDR not stated."
IE0032568770,PIMCO Funds: Global Investors Series plc - Emerging Markets Bond Fund Institutional EUR (Hedged) Accumulation,bond,em,only,active,JPMorgan EMBI Global,,0.79,yes,,https://www.comdirect.de/inf/fonds/IE0032568770,
IE0032876397,PIMCO GIS Global Investment Grade Credit Fund Institutional EUR (Hedged) Accumulation,bond,global,yes,active,Bloomberg Global Aggregate Credit (EUR hedged),,0.49,yes,,https://www.borsaitaliana.it/borsa/fondi/dettaglio/2PMINVIEH.html?lang=en,0.49% is the stated fee (PIMCO all-in fee); EM exposure limited
IE00B04GQR24,Vanguard Eurozone Inflation-Linked Bond Index Fund EUR Acc,bond,eurozone,no,index,Bloomberg Global Inflation-Linked: Eurozone - Euro CPI,6,0.12,no,,https://www.fynup.at/f/ie00b04gqr24,Inflation-linked government bonds
IE00B1FZS681,iShares Euro Government Bond 3-5yr UCITS ETF EUR (Dist),bond,eurozone,no,index,Bloomberg Euro Government Bond 5 Term Index (3-5y),,0.15,no,,https://www.justetf.com/en/etf-profile.html?isin=IE00B1FZS681,Distributing
IE00B1XNHC34,iShares Global Clean Energy Transition UCITS ETF USD (Dist),equity,global,yes,index,S&P Global Clean Energy Transition Index,,0.65,no,,https://www.justetf.com/en/etf-profile.html?isin=IE00B1XNHC34,Renamed from iShares Global Clean Energy UCITS ETF. Thematic; includes some EM. SFDR not shown on source
IE00B2NSVP60,PIMCO GIS plc - Euro Credit Fund Institutional EUR Accumulation,bond,europe,no,active,Bloomberg Euro Aggregate Credit TR EUR,,0.46,no,,https://www.finect.com/fondos-inversion/IE00B2NSVP60-Pimco_gis_euro_credit_instl_eur_acc,EUR base class; hedging not stated
IE00B2R34Y72,PIMCO Funds: Global Investors Series plc - Global High Yield Bond Fund Institutional EUR (Hedged) Accumulation,bond,global_dm,no,active,,6,0.57,yes,,https://www.fynup.at/f/ie00b2r34y72 | https://www.finanzen.at/fonds/pimco-gis-global-high-yield-bond-fund-institutional-ie00b2r34y72/sonst,"LB name says class A/E but ISIN is Institutional class. Ongoing charges 0.57% per fynup (cost table possibly mixed with E class IE00B11XZ327 - verify). SFDR Article 6 per fynup. Benchmark not verified (likely ICE BofA BB-B Developed Markets HY Constrained, EUR hedged). Region global_dm unverified (mostly US/Europe HY)"
IE00B3D07F16,iShares Emerging Markets Index Fund (IE) Institutional Accumulating EUR,equity,em,only,index,MSCI Emerging Markets,6,,no,,https://www.fynup.at/f/ie00b3d07f16,"fynup header 0.32% ongoing charges, sibling Inst classes 0.38-0.39% - unverified; hedging not stated, name has no Hedged label"
IE00B3DBRP41,Perpetual Investment Services Europe ICAV - J O Hambro Global Select Fund A EUR (Dis),equity,global,yes,active,MSCI ACWI NR,,0.79,no,,https://www.comdirect.de/inf/fonds/IE00B3DBRP41 | https://www.test.de/Fonds-im-Test-Fuenf-Punkte-fuer-die-Besten-4331006-detail/investmentfonds2015projekt!IE00B3DBRP41/,"formerly JOHCM Global Select Fund; one source (finanzen.at) labels this ISIN 'I EUR Inc' - class letter uncertain; promotes E/S characteristics (likely SFDR 8, not stated)"
IE00B3DJ5M15,Federated Hermes Global Emerging Markets Equity Fund Class F EUR Accumulating,equity,em,only,active,,,1.12,no,,https://www.fit4fonds.de/fonds/IE00B3DJ5M15,benchmark not stated on source; class not labelled hedged (fund has separate hedged classes)
IE00B3DKXQ41,iShares EUR Aggregate Bond ESG SRI UCITS ETF EUR (Dist),bond,eurozone,no,index,Bloomberg MSCI Euro Aggregate and Green Bond ESG SRI Index,,0.16,no,,https://www.justetf.com/en/etf-profile.html?isin=IE00B3DKXQ41,EUR-denominated aggregate bonds (govt + corporate). SFDR not shown on source
IE00B3F81R35,iShares Core EUR Corporate Bond UCITS ETF EUR (Dist),bond,eurozone,no,index,Bloomberg Euro Corporate Bond Index,,0.09,no,,https://www.justetf.com/en/etf-profile.html?isin=IE00B3F81R35,EUR-denominated IG corporates (issuers not limited to eurozone). Semi-annual distribution. SFDR not shown on source
IE00B3VVMM84,Vanguard FTSE Emerging Markets UCITS ETF (USD) Distributing,equity,em,only,index,FTSE Emerging Index,,0.17,no,,https://www.justetf.com/en/etf-profile.html?isin=IE00B3VVMM84,Distributing quarterly. SFDR not shown on source
IE00B3VWM098,iShares MSCI USA Small Cap ESG Enhanced CTB UCITS ETF USD (Acc),equity,us,no,index,MSCI USA Small Cap ESG Enhanced Focus CTB,,0.43,no,,https://www.justetf.com/en/etf-profile.html?isin=IE00B3VWM098,US small cap; SFDR not shown on source
IE00B3XXRP09,Vanguard S&P 500 UCITS ETF (USD) Distributing,equity,us,no,index,S&P 500,,0.07,no,,https://www.justetf.com/en/etf-profile.html?isin=IE00B3XXRP09,Quarterly distributing; SFDR not shown on source
IE00B3YLTY66,SPDR MSCI ACWI IMI UCITS ETF (Acc),equity,global,yes,index,MSCI ACWI IMI,,0.17,no,,https://www.justetf.com/en/etf-profile.html?isin=IE00B3YLTY66,justETF now lists as State Street SPDR MSCI All Country World Investable Market UCITS ETF USD Unhedged (Acc)
IE00B4K48X80,iShares Core MSCI Europe UCITS ETF EUR (Acc),equity,europe,no,index,MSCI Europe,,0.12,no,,https://www.justetf.com/en/etf-profile.html?isin=IE00B4K48X80,SFDR not shown on source
IE00B4L5Y983,iShares Core MSCI World UCITS ETF USD (Acc),equity,global_dm,no,index,MSCI World,,0.20,no,,https://www.justetf.com/en/etf-profile.html?isin=IE00B4L5Y983,Physical optimized sampling
IE00B4L5YX21,iShares Core MSCI Japan IMI UCITS ETF USD (Acc),equity,japan,no,index,MSCI Japan IMI,,0.12,no,,https://www.justetf.com/en/etf-profile.html?isin=IE00B4L5YX21,SFDR not shown on source
IE00B52MJY50,iShares Core MSCI Pacific ex Japan UCITS ETF (Acc),equity,asia_pacific_dm,no,index,MSCI Pacific ex Japan,,0.20,no,,https://www.justetf.com/en/etf-profile.html?isin=IE00B52MJY50,"Australia, Hong Kong, Singapore, NZ; SFDR not shown on source"
IE00B52VJ196,iShares MSCI Europe SRI UCITS ETF EUR (Acc),equity,europe,no,index,MSCI Europe SRI Select Reduced Fossil Fuels,,0.20,no,,https://www.justetf.com/en/etf-profile.html?isin=IE00B52VJ196,
IE00B53HP851,iShares Core FTSE 100 UCITS ETF GBP (Acc),equity,uk,no,index,FTSE 100,,0.07,no,,https://www.justetf.com/en/etf-profile.html?isin=IE00B53HP851,
IE00B5BMR087,iShares Core S&P 500 UCITS ETF USD (Acc),equity,us,no,index,S&P 500,,0.07,no,,https://www.justetf.com/en/etf-profile.html?isin=IE00B5BMR087,SFDR not shown on source
IE00B5SSQT16,HSBC MSCI Emerging Markets UCITS ETF USD,equity,em,only,index,MSCI Emerging Markets,,0.15,no,,https://www.justetf.com/en/etf-profile.html?isin=IE00B5SSQT16,Quarterly distributing; SFDR not shown on source
IE00B60SX170,Invesco MSCI USA UCITS ETF Acc,equity,us,no,index,MSCI USA Index,6,0.05,no,,https://www.justetf.com/en/etf-profile.html?isin=IE00B60SX170 | https://assets.finanzfluss.de/hippoverse/documents/IE00B60SX170-factsheet.pdf,Synthetic replication (unfunded swap)
IE00B62WCL09,iShares Developed World Index Fund (IE) Institutional Acc EUR,equity,global_dm,no,index,MSCI World,,0.16,no,,https://www.finanzen.at/fonds/daten-gebuehr/ishares-developed-world-index-fund-ie-institutional-ie00b62wcl09,hedging not stated; EUR unhedged class assumed from name (no 'Hedged')
IE00B67T5G21,iShares Euro Investment Grade Corporate Bond Index Fund (IE) Institutional Accumulating EUR,bond,europe,no,index,Bloomberg Euro Aggregate Corporate,6,0.15,no,,https://www.fynup.at/f/ie00b67t5g21,"EUR-denominated IG corporates (issuers global, mostly European)"
IE00B6R52259,iShares MSCI ACWI UCITS ETF USD (Acc),equity,global,yes,index,MSCI All Country World,,0.20,no,,https://www.justetf.com/en/etf-profile.html?isin=IE00B6R52259,
IE00B6RVWW34,iShares Japan Index Fund (IE) Institutional Accumulating EUR,equity,japan,no,index,MSCI Japan (Net),6,,no,,https://www.fynup.at/f/ie00b6rvww34,"Fund in BlackRock Index Selection Fund umbrella; fynup TER 0.17% likely belongs to another class (Inst classes ~0.19%) - unverified; hedging not stated, name has no Hedged label"
IE00B6YX4K42,Barings European Loan Fund Tranche A EUR Accumulation Shares,bond,europe,no,active,,,,no,,https://images.finanzen.ch/fonds/barings-european-loan-fund-tranche-a-shares-ie00b6yx4k42 | https://www.barings.com/en-ie/professional-investor/funds/public-fixed-income/barings-european-loan-fund,"senior secured loans (leveraged loans) of European issuers, up to 20% North America; management fee 0.60%, TER not found; EUR base currency"
IE00B6YX5M31,SPDR Bloomberg Euro High Yield Bond UCITS ETF (Dist),bond,europe,no,index,Bloomberg Liquidity Screened Euro High Yield Bond,,0.40,no,,https://www.justetf.com/en/etf-profile.html?isin=IE00B6YX5M31,justETF title: State Street SPDR Bloomberg Euro High Yield Bond UCITS ETF EUR Unhedged (Dist)
IE00B78CT216,iShares North America Index Fund (IE) Inst Acc EUR,equity,north_america,no,index,MSCI North America Index (net),6,0.17,no,,https://www.blackrock.com/uk/intermediaries/products/228485/blackrock-blk-north-america-index-inst-acc-eur-fund,"BlackRock lists SFDR as 'Other' (not 8/9) - recorded as 6, verify"
IE00B78JSG98,UBS MSCI USA Value UCITS ETF USD dis,equity,us,no,index,MSCI USA Value,,0.20,no,,https://www.justetf.com/en/etf-profile.html?isin=IE00B78JSG98,Semi-annual distributing; SFDR not shown on source
IE00B945VV12,Vanguard FTSE Developed Europe UCITS ETF (EUR) Distributing,equity,europe,no,index,FTSE Developed Europe,,0.10,no,,https://www.justetf.com/en/etf-profile.html?isin=IE00B945VV12,
IE00B95PGT31,Vanguard FTSE Japan UCITS ETF (USD) Distributing,equity,japan,no,index,FTSE Japan,,0.10,no,,https://www.justetf.com/en/etf-profile.html?isin=IE00B95PGT31,
IE00B9M6RS56,iShares J.P. Morgan USD EM Bond EUR Hedged UCITS ETF (Dist),bond,em,only,index,J.P. Morgan EMBI Global Core (EUR Hedged),,0.50,yes,,https://www.justetf.com/en/etf-profile.html?isin=IE00B9M6RS56,"USD sovereign/quasi-sovereign EM bonds, hedged to EUR"
IE00BCRY6557,iShares EUR Ultrashort Bond UCITS ETF EUR (Dist),bond,eurozone,no,index,Markit iBoxx EUR Liquid Investment Grade Ultrashort,,0.09,no,,https://www.justetf.com/en/etf-profile.html?isin=IE00BCRY6557,Ultra-short EUR IG bonds (money-market-like); EUR-denominated issuers not limited to eurozone; SFDR not shown on source
IE00BD1F4M44,iShares Edge MSCI USA Value Factor UCITS ETF USD (Acc),equity,us,no,index,MSCI USA Enhanced Value,,0.20,no,,https://www.justetf.com/en/etf-profile.html?isin=IE00BD1F4M44,SFDR not shown on source
IE00BD4TXV59,UBS Core MSCI World UCITS ETF USD acc,equity,global_dm,no,index,MSCI World,,0.06,no,,https://www.justetf.com/en/etf-profile.html?isin=IE00BD4TXV59,Physical full replication
IE00BD5BKF38,Neuberger Berman Emerging Market Debt - Local Currency Fund EUR I Accumulating Class Unhedged,bond,em,only,active,,,0.90,no,,https://www.finanzen.ch/fonds/daten-gebuehr/neuberger-emerging-markets-debt-local-currency-fund-i-class-unhedged-ie00bd5bkf38,"benchmark not named on source (likely JPM GBI-EM Global Diversified, unverified); mgmt fee 0.75%"
IE00BF4RFH31,iShares MSCI World Small Cap UCITS ETF USD (Acc),equity,global_dm,no,index,MSCI World Small Cap,,0.35,no,,https://www.justetf.com/en/etf-profile.html?isin=IE00BF4RFH31,Physical optimized sampling
IE00BFG1TM61,iShares Developed World Screened Index Fund (IE) Inst Acc EUR,equity,global_dm,no,index,MSCI World Screened Index (in EUR),8,0.17,,,https://www.ishares.com/gls-download/literature/fact-sheet/ishares-developed-world-screened-index-fund-ie-inst-eur-factsheet-ie00bfg1tm61-gb-en-individual.pdf,"Sub-fund of BlackRock Index Selection Fund (non-ETF index fund). Hedging not stated on factsheet; class name has no 'Hedged' and benchmark is unhedged index in EUR, so probably unhedged (unverified)."
IE00BFMNPS42,Xtrackers MSCI USA ESG UCITS ETF 1C,equity,us,no,index,MSCI USA Low Carbon SRI Selection,,0.15,no,,https://www.justetf.com/en/etf-profile.html?isin=IE00BFMNPS42,USD accumulating
IE00BFNM3D14,iShares MSCI Europe Screened UCITS ETF EUR (Acc),equity,europe,no,index,MSCI Europe Screened Index,8,0.12,no,,https://www.justetf.com/en/etf-profile.html?isin=IE00BFNM3D14 | https://www.ishares.com/gls-download/literature/fact-sheet/saeu-ishares-msci-europe-screened-ucits-etf-fund-fact-sheet-en-gb.pdf,
IE00BFNM3G45,iShares MSCI USA Screened UCITS ETF USD (Acc),equity,us,no,index,MSCI USA Screened Index,8,0.07,no,,https://www.justetf.com/en/etf-profile.html?isin=IE00BFNM3G45 | https://www.ishares.com/gls-download/literature/fact-sheet/sasu-ishares-msci-usa-screened-ucits-etf-fund-fact-sheet-en-gb.pdf,Physical full replication
IE00BFNM3J75,iShares MSCI World Screened UCITS ETF USD (Acc),equity,global_dm,no,index,MSCI World Screened Index,8,0.20,no,,https://www.justetf.com/en/etf-profile.html?isin=IE00BFNM3J75 | https://www.ishares.com/gls-download/literature/fact-sheet/sawd-ishares-msci-world-screened-ucits-etf-fund-fact-sheet-en-gb.pdf,Physical sampling
IE00BFNM3P36,iShares MSCI EM IMI Screened UCITS ETF USD (Acc),equity,em,only,index,MSCI Emerging Markets IMI Screened Index,8,0.18,no,,https://www.justetf.com/en/etf-profile.html?isin=IE00BFNM3P36 | https://www.ishares.com/gls-download/literature/fact-sheet/saem-ishares-msci-em-imi-screened-ucits-etf-fund-fact-sheet-en-gb.pdf,
IE00BFXR5Q31,L&G US Equity UCITS ETF,equity,us,no,index,Solactive Core United States Large & Mid Cap Index,8,0.05,no,,https://www.justetf.com/en/etf-profile.html?isin=IE00BFXR5Q31 | https://extraetf.com/ch/etf-profile/IE00BFXR5Q31,"Index applies ESG exclusions (coal, controversial weapons, UNGC)"
IE00BFXR5S54,L&G Global Equity UCITS ETF,equity,global_dm,no,index,Solactive Core Developed Markets Large & Mid Cap Index,8,0.10,no,,https://www.justetf.com/en/etf-profile.html?isin=IE00BFXR5S54 | https://extraetf.com/ch/etf-profile/IE00BFXR5S54,Index applies ESG exclusions
IE00BFXR5T61,L&G Japan Equity UCITS ETF,equity,japan,no,index,Solactive Core Japan Large & Mid Cap,,0.10,no,,https://www.justetf.com/en/etf-profile.html?isin=IE00BFXR5T61,accumulating
IE00BFY0GT14,State Street SPDR MSCI World UCITS ETF (Acc),equity,global_dm,no,index,MSCI World Index,,0.12,no,,https://www.justetf.com/en/etf-profile.html?isin=IE00BFY0GT14 | https://www.ssga.com/nl/en_gb/institutional/etfs/state-street-spdr-msci-world-ucits-etf-acc-sppw-gy,SFDR article not found (extraetf: no information; SSGA page and factsheet do not state it). Renamed from 'SPDR MSCI World UCITS ETF' Feb 2026.
IE00BFY85B09,Stewart Investors Worldwide All Cap Fund VI EUR Accumulation,equity,global,yes,active,MSCI AC World Net Index,9,0.74,no,,https://www.firstsentierinvestors.com/uploadedFiles/Content/UploadedLiterature/auto/EMEA/pdffundfactsheets/IE00BFY85B09-Stewart-Investors-Worldwide-All-Cap-Fund-VI-EUR-fr-fr.pdf,Renamed from Stewart Investors Worldwide Sustainability Fund on 28 Nov 2024. Hedging not stated; unhedged assumed
IE00BFZPF439,Invesco AT1 Capital Bond UCITS ETF EUR Hedged Dist,bond,global_dm,no,index,iBoxx USD Contingent Convertible Liquid Developed Market AT1 (EUR Hedged),,0.39,yes,,https://www.justetf.com/en/etf-profile.html?isin=IE00BFZPF439,USD AT1 CoCo bonds of developed-market banks
IE00BG36TC12,Xtrackers MSCI Japan ESG UCITS ETF 1C,equity,japan,no,index,MSCI Japan Low Carbon SRI Selection,,0.20,no,,https://www.justetf.com/en/etf-profile.html?isin=IE00BG36TC12,SFDR not shown on source
IE00BGYWT403,Vanguard EUR Corporate Bond UCITS ETF (EUR) Accumulating,bond,europe,no,index,Bloomberg Euro Corporate Bond Index,,0.07,no,,https://www.justetf.com/en/etf-profile.html?isin=IE00BGYWT403,
IE00BH4GPZ28,SPDR S&P 500 Leaders UCITS ETF USD Unhedged (Acc),equity,us,no,index,S&P 500 Scored & Screened Leaders,,0.03,no,,https://www.justetf.com/en/etf-profile.html?isin=IE00BH4GPZ28,Formerly SPDR S&P 500 ESG Leaders UCITS ETF (renamed); now State Street branded
IE00BHZPJ239,iShares MSCI EM CTB Enhanced ESG UCITS ETF USD (Acc),equity,em,only,index,MSCI Emerging Markets ESG Enhanced Focus CTB,,0.18,no,,https://www.justetf.com/en/etf-profile.html?isin=IE00BHZPJ239,formerly iShares MSCI EM ESG Enhanced UCITS ETF
IE00BHZPJ452,iShares MSCI Japan CTB Enhanced ESG UCITS ETF USD (Acc),equity,japan,no,index,MSCI Japan ESG Enhanced Focus CTB,,0.15,no,,https://www.justetf.com/en/etf-profile.html?isin=IE00BHZPJ452,formerly iShares MSCI Japan ESG Enhanced UCITS ETF
IE00BHZPJ569,iShares MSCI World CTB Enhanced ESG UCITS ETF USD (Acc),equity,global_dm,no,index,MSCI World ESG Enhanced Focus CTB,,0.20,no,,https://www.justetf.com/en/etf-profile.html?isin=IE00BHZPJ569,Formerly iShares MSCI World ESG Enhanced UCITS ETF; physical sampling; SFDR not shown on source
IE00BHZPJ890,iShares MSCI USA CTB Enhanced ESG UCITS ETF USD (Dist),equity,us,no,index,MSCI USA ESG Enhanced Focus CTB,,0.07,no,,https://www.justetf.com/en/etf-profile.html?isin=IE00BHZPJ890,formerly iShares MSCI USA ESG Enhanced UCITS ETF
IE00BHZPJ908,iShares MSCI USA CTB Enhanced ESG UCITS ETF USD (Acc),equity,us,no,index,MSCI USA ESG Enhanced Focus CTB,,0.07,no,,https://www.justetf.com/en/etf-profile.html?isin=IE00BHZPJ908,
IE00BJ0KDQ92,Xtrackers MSCI World UCITS ETF 1C,equity,global_dm,no,index,MSCI World,,0.12,no,,https://www.justetf.com/en/etf-profile.html?isin=IE00BJ0KDQ92,
IE00BJ0KDR00,Xtrackers MSCI USA UCITS ETF 1C,equity,us,no,index,MSCI USA Index,,0.03,no,,https://www.justetf.com/en/etf-profile.html?isin=IE00BJ0KDR00,SFDR not shown on source
IE00BJ5JNY98,iShares MSCI World Information Technology Sector Advanced UCITS ETF USD (Dist),equity,global_dm,no,index,MSCI World Information Technology Advanced Select 20 35 Capped,,0.18,no,,https://www.justetf.com/en/etf-profile.html?isin=IE00BJ5JNY98,IT sector fund; renamed from '...Sector ESG UCITS ETF' to '...Sector Advanced UCITS ETF'
IE00BJ7VWB39,Neuberger Berman Emerging Market Debt - Hard Currency Fund EUR I3 Accumulating Unhedged,bond,em,only,active,,,0.57,no,,https://cbonds.com/etf/135732/ | https://www.comdirect.de/inf/fonds/IE00BJ7VWB39,"LB name says Local Currency but ISIN sources (cbonds, comdirect) say Hard Currency I3 EUR unhedged; cbonds says no benchmark; comdirect price last 09.08.2023 - possibly closed"
IE00BJBYDP94,CSIF (IE) MSCI USA ESG Leaders Blue UCITS ETF B USD,equity,us,no,index,MSCI USA ESG Leaders (MSCI USA Selection),,0.10,no,,https://www.justetf.com/en/etf-profile.html?isin=IE00BJBYDP94,closed/merged (justETF: liquidated or merged)
IE00BJK55C48,iShares EUR High Yield Corporate Bond ESG SRI UCITS ETF EUR (Acc),bond,europe,no,index,Bloomberg MSCI Euro Corporate High Yield ESG SRI,,0.25,no,,https://www.justetf.com/en/etf-profile.html?isin=IE00BJK55C48,"EUR-denominated HY corporates (issuers mostly European, ~11% US)"
IE00BJQRDM08,Invesco MSCI USA Universal Screened UCITS ETF Acc,equity,us,no,index,MSCI USA Universal Select Business Screens Index,8,0.09,no,,https://dokumenty.analizy.pl/pobierz/etf/E_INVII047_A_USD/KA/2026-07-31 | https://www.justetf.com/en/etf-profile.html?isin=IE00BJQRDM08,"Formerly 'MSCI USA ESG Universal Screened'. TER 0.09% per issuer factsheet (Jul 2026), justETF and HL; extraetf/finanzen.ch show 0.05% (possibly outdated/inconsistent)."
IE00BJZ2DD79,Xtrackers Russell 2000 UCITS ETF 1C,equity,us,no,index,Russell 2000,,0.30,no,,https://www.justetf.com/en/etf-profile.html?isin=IE00BJZ2DD79,US small caps; SFDR not shown on source
IE00BK1PV551,Xtrackers MSCI World UCITS ETF 1D,equity,global_dm,no,index,MSCI World,,0.12,no,,https://www.justetf.com/en/etf-profile.html?isin=IE00BK1PV551,distributing
IE00BKM4GZ66,iShares Core MSCI EM IMI UCITS ETF USD (Acc),equity,em,only,index,MSCI Emerging Markets Investable Market Index (IMI),6,0.18,no,,https://www.justetf.com/en/etf-profile.html?isin=IE00BKM4GZ66 | https://www.ishares.com/gls-download/literature/fact-sheet/eimi-ishares-core-msci-em-imi-ucits-etf-fund-fact-sheet-en-gb.pdf,"iShares factsheet labels SFDR as 'Other' (not Article 8 or 9), recorded as 6"
IE00BKVL7331,iShares Edge MSCI USA Minimum Volatility Advanced UCITS ETF USD (Acc),equity,us,no,index,MSCI USA Minimum Volatility Advanced Select,,0.20,no,,https://www.justetf.com/en/etf-profile.html?isin=IE00BKVL7331,"formerly iShares MSCI USA Min Vol ESG; share-class label inferred (accumulating, USD)"
IE00BKVL7778,iShares Edge MSCI World Minimum Volatility Advanced UCITS ETF USD (Acc),equity,global_dm,no,index,MSCI World Minimum Volatility Advanced Select,,0.30,no,,https://www.justetf.com/en/etf-profile.html?isin=IE00BKVL7778,Min-volatility factor ETF; SFDR not shown on source
IE00BL5BFR67,Neuberger Berman Global Sustainable Equity Fund EUR I5 Accumulating Class - Unhedged,equity,global_dm,no,active,,,0.45,no,,https://www.finanzen.at/fonds/daten-gebuehr/neuberger-berman-global-sustainable-equity-fund-i5-class-unhedged-ie00bl5bfr67 | https://www.comdirect.de/inf/fonds/IE00BL5BFR67,"TER 0.45% per finanzen.at. finanzen.at: no longer distributed since 17.12.2025 - possibly closed/merged. Benchmark not named (targets +2% p.a. over benchmark, likely MSCI World). Region global_dm unverified"
IE00BM67HK77,Xtrackers MSCI World Health Care UCITS ETF 1C,equity,global_dm,no,index,MSCI World Health Care,,0.25,no,,https://www.justetf.com/en/etf-profile.html?isin=IE00BM67HK77,sector (health care)
IE00BM67HM91,Xtrackers MSCI World Energy UCITS ETF 1C,equity,global_dm,no,index,MSCI World Energy,,0.25,no,,https://www.justetf.com/en/etf-profile.html?isin=IE00BM67HM91,Sector ETF (energy); SFDR not shown on source
IE00BM67HN09,Xtrackers MSCI World Consumer Staples UCITS ETF 1C,equity,global_dm,no,index,MSCI World Consumer Staples Index,,0.25,no,,https://www.justetf.com/en/etf-profile.html?isin=IE00BM67HN09,Sector ETF. LB lists manager name (DWS Investment S.A.) instead of fund name; identified by ISIN. SFDR not shown on source
IE00BM67HQ30,Xtrackers MSCI World Utilities UCITS ETF 1C,equity,global_dm,no,index,MSCI World Utilities,,0.25,no,,https://www.justetf.com/en/etf-profile.html?isin=IE00BM67HQ30,sector (utilities)
IE00BM67HT60,Xtrackers MSCI World Information Technology UCITS ETF 1C,equity,global_dm,no,index,MSCI World Information Technology 20/35 Custom,,0.25,no,,https://www.justetf.com/en/etf-profile.html?isin=IE00BM67HT60,sector fund (IT)
IE00BMC38736,VanEck Semiconductor UCITS ETF,equity,global,yes,index,MarketVector US Listed Semiconductor 10% Capped ESG (Screened),,0.35,no,,https://www.justetf.com/en/etf-profile.html?isin=IE00BMC38736,sector fund: US-listed semiconductor stocks incl. foreign ADRs (e.g. Taiwan); em=yes is approximate
IE00BMDPBZ72,Franklin S&P 500 Paris Aligned Climate UCITS ETF,equity,us,no,index,S&P 500 Net Zero 2050 Paris-Aligned ESG,,0.07,no,,https://www.justetf.com/en/etf-profile.html?isin=IE00BMDPBZ72,
IE00BMG6Z448,iShares MSCI EM ex-China UCITS ETF USD (Acc),equity,em_ex_china,only,index,MSCI Emerging Markets ex China Index,6,0.18,no,,https://www.justetf.com/en/etf-profile.html?isin=IE00BMG6Z448 | https://www.blackrock.com/gls-download/literature/fact-sheet/exch-ishares-msci-em-ex-china-ucits-etf-fund-fact-sheet-en-lu.pdf,"iShares factsheet labels SFDR as 'Other' (not Article 8 or 9), recorded as 6"
IE00BMTX1Y45,iShares S&P 500 Swap UCITS ETF USD (Acc),equity,us,no,index,S&P 500,,0.05,no,,https://www.justetf.com/en/etf-profile.html?isin=IE00BMTX1Y45,synthetic (swap) replication
IE00BMXC7V63,iShares S&P 500 Paris-Aligned Climate UCITS ETF USD (Acc),equity,us,no,index,S&P 500 Paris-Aligned Climate Sustainability Screened,,0.07,no,,https://www.justetf.com/en/etf-profile.html?isin=IE00BMXC7V63,
IE00BP2C1V62,HSBC MSCI World Climate Paris Aligned UCITS ETF USD (Acc),equity,global_dm,no,index,MSCI World Climate Paris Aligned Index,,0.18,no,,https://www.justetf.com/en/etf-profile.html?isin=IE00BP2C1V62,justETF shows name without share class suffix; '(Acc)' from accumulating policy. SFDR not shown on source
IE00BTJRMP35,Xtrackers MSCI Emerging Markets UCITS ETF 1C,equity,em,only,index,MSCI Emerging Markets Index,,0.18,no,,https://www.justetf.com/en/etf-profile.html?isin=IE00BTJRMP35,Physical optimized sampling. SFDR not shown on source
IE00BX7RR706,UBS Factor MSCI USA Prime Value Screened UCITS ETF USD dis,equity,us,no,index,MSCI USA Prime Value ESG Low Carbon Select,,0.25,no,,https://www.justetf.com/en/etf-profile.html?isin=IE00BX7RR706,formerly UBS ETF Factor MSCI USA Prime Value
IE00BXQ9CQ11,Neuberger Berman Emerging Market Debt - Hard Currency Fund EUR I4 Accumulating Class,bond,em,only,active,,,0.49,,,https://www.finanzen.at/fonds/daten-gebuehr/neuberger-emerging-markets-debt-hard-currency-fund-i4-class-ie00bxq9cq11,"Source says Hard Currency EUR I4 class - lb_name says Local Currency I3, FIGI says Hard Currency I2: conflicting; benchmark likely JPM EMBI Global Diversified (unverified); EUR class probably hedged (not confirmed)"
IE00BYVJRP78,iShares MSCI EM SRI UCITS ETF USD (Acc),equity,em,only,index,MSCI Emerging Markets SRI Select Reduced Fossil Fuels,,0.25,no,,https://www.justetf.com/en/etf-profile.html?isin=IE00BYVJRP78,
IE00BYVJRR92,iShares MSCI USA SRI UCITS ETF USD (Acc),equity,us,no,index,MSCI USA SRI Select Reduced Fossil Fuels,,0.20,no,,https://www.justetf.com/en/etf-profile.html?isin=IE00BYVJRR92,Physical full replication; SFDR not shown on source
IE00BYX2JD69,iShares MSCI World SRI UCITS ETF EUR (Acc),equity,global_dm,no,index,MSCI World SRI Select Reduced Fossil Fuels Index,,0.20,no,,https://www.justetf.com/en/etf-profile.html?isin=IE00BYX2JD69,SFDR not shown on source
IE00BYX8XC17,iShares MSCI Japan SRI UCITS ETF USD (Acc),equity,japan,no,index,MSCI Japan SRI Select Reduced Fossil Fuels,,0.20,no,,https://www.justetf.com/en/etf-profile.html?isin=IE00BYX8XC17,SFDR not shown on source
IE00BYYW2V44,State Street SPDR S&P 500 UCITS ETF EUR Hedged (Acc),equity,us,no,index,S&P 500 (EUR Hedged),,0.05,yes,,https://www.justetf.com/en/etf-profile.html?isin=IE00BYYW2V44,EUR-hedged accumulating class; SFDR not shown on source
IE00BYZK4552,iShares Automation & Robotics UCITS ETF USD (Acc),equity,global,,index,iSTOXX FactSet Automation & Robotics,,0.40,no,,https://www.justetf.com/en/etf-profile.html?isin=IE00BYZK4552,"thematic; em exposure not verified (US 55%, Japan 14%)"
IE00BYZTVT56,iShares EUR Corp Bond ESG SRI UCITS ETF EUR (Dist),bond,eurozone,no,index,Bloomberg MSCI Euro Corporate ESG Sustainability SRI Index,8,0.14,no,,https://www.justetf.com/en/etf-profile.html?isin=IE00BYZTVT56 | https://extraetf.com/ch/etf-profile/IE00BYZTVT56,Distributing share class; EUR-denominated IG corporates. SFDR from extraetf.
IE00BZ02LR44,Xtrackers MSCI World ESG UCITS ETF 1C,equity,global_dm,no,index,MSCI World Low Carbon SRI Selection,,0.20,no,,https://www.justetf.com/en/etf-profile.html?isin=IE00BZ02LR44,Physical full replication; SFDR article not stated on source
IE00BZ163L38,Vanguard USD Emerging Markets Government Bond UCITS ETF (USD) Distributing,bond,em,only,index,Bloomberg EM USD Sovereign + Quasi-Sov,,0.23,no,,https://www.justetf.com/en/etf-profile.html?isin=IE00BZ163L38,USD-denominated EM sovereign bonds; monthly distributing; SFDR not shown on source
LT0000131419,"Capitalica Baltic Real Estate Fund I (UTIISIB UAB, participation units)",real_estate,other,no,active,,,,no,,https://nasdaqbaltic.com/news/nasdaq-welcomes-capitalica-baltic-real-estate-fund-i-to-baltic-first-north-market/,Lithuanian closed-ended real estate fund for informed investors; Baltic commercial real estate; managed by Capitalica Asset Management; ISIN not confirmed on source
LTIF00000898,Lords LB Baltic Green Fund,real_estate,other,no,active,,,,no,,https://lordslb.lt/en/fund/lords-lb-baltic-green-fund/ | https://lei.bloomberg.com/leis/view/9845006B13A157E40F71,"closed-end real estate fund (Baltic capitals, green-certified commercial property), launched 2019, term to Feb 2027 (+2); ISIN LTIF00000898 not confirmed by a public source - identification by name"
LU0106234999,Schroder International Selection Fund EURO Short Term Bond C Accumulation EUR,bond,europe,no,active,Bloomberg Euro Aggregate 1-3 Year (target to beat),8,0.32,no,,https://www.fynup.at/f/lu0106234999,Short-term EUR-denominated bonds; TER from fynup header (page canonical points to sibling class)
LU0106235459,Schroder International Selection Fund EURO Equity C Accumulation EUR,equity,eurozone,no,active,MSCI European Monetary Union (EMU) Net TR,,1.05,no,,https://www.comdirect.de/inf/fonds/LU0106235459,
LU0106235889,Schroder International Selection Fund EURO Bond C Accumulation EUR,bond,eurozone,no,active,,8,0.52,no,,https://www.fonds-super-markt.de/fondsfinder/fondsdetails/lu0106235889-schroder-isf-euro-bond-c-acc/,"Source page metadata partly mislabeled (references a PIMCO fund) - verify TER/SFDR; benchmark not named on source (likely Bloomberg Euro Aggregate, unverified); EUR class"
LU0106236184,Schroder International Selection Fund EURO Government Bond C Accumulation EUR,bond,eurozone,no,active,ICE BofA Euro Government,,0.34,no,,https://www.finect.com/fondos-inversion/LU0106236184-Schroder_isf_euro_govt_bd_c_acc_eur,
LU0113258742,Schroder International Selection Fund EURO Corporate Bond C Accumulation EUR,bond,eurozone,no,active,ICE BofA Euro Corporate Index,8,0.63,no,,https://api.schroders.com/document-store/SISF-EURO-Corporate-Bond-C-Acc-FMR-LUEN.pdf,EUR-denominated corporate bonds; EUR class of EUR-base fund (not a hedged class). EM flag based on benchmark; active fund may hold some non-benchmark issuers.
LU0122113094,SEB Fund 1 - SEB Global Climate Opportunity Fund C (EUR),equity,global,,active,,9,1.36,no,,https://www.fynup.at/f/lu0122113094,"Renamed: formerly SEB Global Opportunity Fund (FIGI name); active inferred, not explicitly stated"
LU0136043634,Schroder International Selection Fund EURO Liquidity C Accumulation EUR,money_market,eurozone,no,active,,,0.27,no,,https://www.comdirect.de/inf/fonds/LU0136043634 | https://www.fonds-super-markt.de/fondsfinder/fondsdetails/LU0136043634/,"benchmark truncated on source ('EURO CUR...'), not verified"
LU0160772918,Aviva Investors - European Equity Fund I EUR Acc,equity,europe,no,active,,,,,,https://static.aviva.io/content/dam/aviva-investors/main/assets/capabilities/fund-centre/documents/sicav-library/regional-documents/notice-to-shareholders/2022/2022-05-16-ai-notice-to-shrds-liquidation-euro-eq-income-eng-lux-uk-fin-no-swe.pdf,"name from ESMA FIRDS / OpenFIGI, not confirmed by a fund page; ISIN not found on any public page; best ID (FIGI 'AVIVA INV-EUROPN EQ-IE'): Aviva Investors (Lux SICAV) - European Equity Fund, Class I EUR; likely closed/merged - Aviva liquidated its European Equity Income sub-fund on 9 Jun 2022 (link to this ISIN unconfirmed)"
LU0160787940,Aviva Investors - Asian Equity Income Fund I USD Acc,equity,asia_pacific_dm,no,active,,,,no,,https://www.comdirect.de/inf/fonds/LU0160787940,"likely closed: last price 12.07.2024; region Asia (ex-Japan, incl. EM - em flag unverified); details unverified"
LU0180781394,Schroder International Selection Fund Global Inflation Linked Bond C Accumulation EUR,bond,global,,active,ICE BofA Global Governments Inflation-Linked EUR Hedged,8,,yes,,https://www.fynup.at/f/lu0180781394,Fund is managed vs EUR-hedged benchmark (EUR base); fynup header 0.51% ongoing charges conflicts with C-class rows 0.65-0.68% - unverified
LU0191250769,Goldman Sachs Global Sustainable Equity - I Cap EUR,equity,global_dm,no,active,MSCI World,,0.81,no,,https://www.comdirect.de/inf/fonds/LU0191250769,Formerly ING (L) Invest Sustainable Equity / NN (L) Global Sustainable Equity; comdirect name 'Goldman Sachs Global Sustainable Equity - I EUR ACC'. Benchmark from comdirect (may be its comparison index; GSAM benchmark is MSCI World NR). SFDR not stated. Hedging not stated; EUR class of global fund assumed unhedged
LU0209325462,Robeco Capital Growth Funds - Robeco Emerging Markets Equities I EUR,equity,em,only,active,"MSCI Emerging Markets Index (Net Return, EUR)",8,0.98,no,,https://www.robeco.com/en-int/products/funds/isin-lu0209325462/robeco-emerging-markets-equities-i-eur | https://www.comdirect.de/inf/fonds/LU0209325462,"Hedging not stated explicitly; I EUR (not IH) class, so unhedged by class naming"
LU0210246277,Robeco Euro Credit Bonds I EUR,bond,europe,no,active,Bloomberg Euro Corporates Index,8,0.49,no,,https://www.robeco.com/en-ch/products/funds/isin-lu0210246277/robeco-euro-credit-bonds-i-eur,"EUR corporate credit; portfolio FX risk hedged to EUR at fund level, share class itself not a hedged class"
LU0227757233,Robeco High Yield Bonds IH EUR,bond,global_dm,no,active,Bloomberg US Corporate High Yield + Pan Euro HY ex Financials 2.5% Issuer Cap (hedged into EUR),8,0.69,yes,,https://www.robeco.com/en-int/products/funds/isin-lu0227757233/robeco-high-yield-bonds-ih-eur,mainly US+Europe HY; EM exposure not stated
LU0229519557,Nordea 1 - European Value Fund BI EUR,equity,europe,no,active,,,,no,,https://www.private-banking-magazin.de/european-value-fund-wird-european-stars-equity-fund-tom-stubbe-olsen-startet-eigenen-value-fonds/ | http://www.morningstar.co.uk/uk/funds/snapshot/snapshot.aspx?id=F0GBR0663Y,closed/merged: merged into Nordea 1 - European Stars Equity Fund on 9 Oct 2020; name per Morningstar search result title
LU0229519714,Nordea 1 - Asia ex Japan Equity Fund BI USD,equity,em,yes,active,MSCI AC Asia ex Japan NR USD,,1.07,no,,https://www.finect.com/fondos-inversion/LU0229519714-Nordea_1__asia_ex_japan_equity_bi_usd,"Asia ex Japan (mostly EM plus HK/SG/KR/TW) - region could also be asia; formerly Nordea 1 Asian Focus Equity; USD class, hedging not stated"
LU0229520647,Nordea 1 - North American Value Fund BI USD,equity,north_america,no,active,,,1.05,no,,https://luminor.lt/sites/default/files/documents/lu-en_2023-11-03_n1_nts_merger_navf-gcef.pdf | https://cbonds.de/etf/143198/,"closed/merged: merged into Nordea 1 - Global Climate Engagement Fund (BI-USD, LU2463525423) on 14 Dec 2023; 1.05% = estimated mgmt+admin costs per merger notice"
LU0234688595,Goldman Sachs Global Credit Portfolio (Hedged) I Acc EUR-Hedged,bond,global,,active,,8,,yes,,https://www.fynup.at/f/lu0234688595,Global IG corporate credit; fynup header 0.46% vs Class I 0.54% in table - unverified; now GS Funds (ex-NN?) naming may differ
LU0236738356,Schroder International Selection Fund Japanese Equity C Accumulation EUR Hedged,equity,japan,no,active,TOPIX (Tokyo Stock Price Index) Net TR,,1.07,yes,,https://www.comdirect.de/inf/fonds/LU0236738356,
LU0239950693,Robeco QI Global Dynamic Duration IH EUR,bond,global_dm,no,active,JPM GBI Global Investment Grade,,0.47,yes,,https://www.finanzen.net/fonds/daten-gebuehr/robeco-qi-global-dynamic-duration-ih-lu0239950693,Global government bonds (quant duration); TER 0.43 / ongoing charges 0.47 per finanzen.net; 'IH' = EUR-hedged (onvista: 'IH EUR ACC H'); finanzen.net says not distributed since 20.09.2024 - possibly closed/merged
LU0248167883,Schroder International Selection Fund Global Equity Alpha C Accumulation EUR,equity,global,,active,MSCI World (Net TR) (target to beat),,,no,,https://www.fynup.at/f/lu0248167883 | https://fundspeople.com/pt/fundo/lu0248167883/,fynup shows 0.83% ongoing charges and SFDR Art.6 but page mixes with USD class - unverified; EM exposure not confirmed
LU0248173857,Schroder International Selection Fund Emerging Asia C Accumulation EUR,equity,em,only,active,MSCI Emerging Markets Asia (Net TR),,1.29,no,,https://markets.bawag.at/fonds/FU_100012713/Schroder-International-Selection-Fund-Emerging-Asia-C-Accumulation-EUR/factsheet,region EM Asia; OCF from 'sonstige lfd. Kosten'
LU0248183658,Schroder International Selection Fund Asian Opportunities C Accumulation EUR,equity,em,yes,active,MSCI AC Asia ex Japan (Net TR),8,,no,,https://www.fynup.at/f/lu0248183658,Region is Asia ex Japan (mostly EM plus HK/Singapore); fynup 1.04% may belong to other class - unverified
LU0248185604,Schroder International Selection Fund US Large Cap C Accumulation EUR,equity,us,no,active,S&P 500 Net TR,,0.83,no,,https://www.comdirect.de/inf/fonds/LU0248185604,hedging inferred from class name (no 'Hedged')
LU0271484684,Schroder International Selection Fund US Large Cap C Accumulation EUR Hedged,equity,us,no,active,S&P 500 (Net TR) Lagged,,,yes,,https://www.rankia.com/fondos-de-inversion/schroder-international-selection-fund-us-large-cap-c-accumulation-eur-hedged-schroders,Source TER of 0.01% is implausible - left blank
LU0274208692,Xtrackers MSCI World Swap UCITS ETF 1C,equity,global_dm,no,index,MSCI World,,0.45,no,,https://www.justetf.com/en/etf-profile.html?isin=LU0274208692,synthetic; LB name 'DB Platinum Advisors' refers to management company
LU0274210672,Xtrackers MSCI USA Swap UCITS ETF 1C,equity,us,no,index,MSCI USA,,0.15,no,,https://www.justetf.com/en/etf-profile.html?isin=LU0274210672,synthetic replication
LU0278085062,Vontobel Fund - European Equity I EUR,equity,europe,no,active,MSCI Europe TR net,8,1.06,no,,https://markets.bawag.at/fonds/FU_100023372/Vontobel-Fund-European-Equity-I-EUR/factsheet,OCF from 'sonstige lfd. Kosten'
LU0278087357,Vontobel Fund - Green Bond I EUR,bond,global,,active,,9,,no,,https://www.fynup.at/f/lu0278087357,fynup page mixes with B EUR class; header 0.56% ongoing charges unverified; mainly EUR green bonds
LU0279459969,Schroder International Selection Fund Global Emerging Market Opportunities C Accumulation EUR,equity,em,only,active,MSCI Emerging Markets 10-40 NR USD,,1.29,no,,https://www.finect.com/fondos-inversion/LU0279459969-Schroder_isf_glb_em_mkt_opps_c_acc_eur,hedging not stated; EUR class without H label
LU0290355717,Xtrackers II Eurozone Government Bond UCITS ETF 1C,bond,eurozone,no,index,iBoxx EUR Sovereigns Eurozone,,0.07,no,,https://www.justetf.com/en/etf-profile.html?isin=LU0290355717,SFDR not shown on source
LU0309381191,Triodos SICAV I - Triodos Global Equities Impact Fund I EUR Acc,equity,global_dm,no,active,MSCI World,9,0.76,no,,https://www.comdirect.de/inf/fonds/LU0309381191,mainly developed-country companies; hedging not stated
LU0322252338,Xtrackers MSCI Pacific ex Japan UCITS ETF 1C,equity,asia_pacific_dm,no,index,MSCI Pacific ex Japan Index,,0.25,no,,https://www.justetf.com/en/etf-profile.html?isin=LU0322252338,Australia/HK/Singapore/NZ. SFDR not shown on source
LU0322253906,Xtrackers MSCI Europe Small Cap UCITS ETF 1C,equity,europe,no,index,MSCI Europe Small Cap,,0.30,no,,https://www.justetf.com/en/etf-profile.html?isin=LU0322253906,
LU0334663407,Schroder International Selection Fund US Small & Mid-Cap Equity C Accumulation EUR Hedged,equity,us,no,active,Russell 2500 Lagged (Net TR) Index,8,1.17,yes,,https://api.schroders.com/document-store/SISF-US-Small-and-Mid-Cap-Equity-EUR-Hedged-C-Acc-FMR-LUEN.pdf,US small/mid caps. LB lists manager name instead of fund name.
LU0335102843,Nordea 1 - Nordic Equity Fund BI EUR,equity,europe,no,active,,,1.04,no,,https://www.comdirect.de/inf/fonds/LU0335102843,"Nordic equities; benchmark truncated on source ('MSCI NOR..', likely MSCI Nordic), not verified"
LU0355583906,JPMorgan Funds - EU Government Bond Fund C (acc) - EUR,bond,eurozone,no,active,J.P. Morgan EMU Government Investment Grade Bond Index (Total Return Gross),8,0.40,no,,https://www.comdirect.de/inf/fonds/LU0355583906 | https://dokumenty.analizy.pl/pobierz/fzg/JPF069_A_EUR/KA/2026-03-31,SFDR 8 and benchmark from fund factsheet (A class); TER from comdirect. EUR class of EUR fund (not hedged).
LU0368557038,Vontobel Fund - US Equity HI (hedged) EUR Cap,equity,us,no,active,S&P 500,,1.04,yes,,https://www.ariva.de/fonds/vontobel-fund-us-equity-hi-eur-hedged,TER 1.04% per ariva.de (seems high for an institutional HI class - verify)
LU0389150375,SEB Fund 3 - SEB Global All Countries Exposure C (USD),equity,global,yes,index,MSCI ACWI ex Client Defined Securities Index (custom MSCI ACWI with SEB exclusions),8,0.45,no,,https://seb.se/pow/fmk/KIID/LU/EN/LU0389150375_en.pdf | https://www.dnb.no/en/saving/mutual-funds/fund-list/d/seb-fund-3-seb-global-all-countries-exposure-c-usd-LU0389150375,Formerly SEB Ethical Global Index Fund / SEB Global Exposure Fund (renamed 2025). LB lists manager name instead of fund name. KID ongoing costs 0.45% + 0.01% transaction. USD class; hedging not stated (assumed unhedged)
LU0389810994,Amundi MSCI EMU ESG Selection IE EUR (C),equity,eurozone,no,index,MSCI EMU ESG Selection P-Series 5% Issuer Capped,,0.15,no,,https://www.comdirect.de/inf/fonds/LU0389810994,index-tracking UCITS fund (not ETF); formerly Amundi Index MSCI EMU / ESG Leaders Select; SFDR probably 8 (promotes E/S) but article not named
LU0389812008,Amundi MSCI North America ESG Broad Transition - IE (C),equity,north_america,no,index,MSCI North America ESG Broad CTB Select,,0.15,no,,https://markets.bawag.at/fonds/FU_100038547/Amundi-MSCI-North-America-ESG-Broad-Transition-IE-C/factsheet,"formerly Amundi Index MSCI North America ESG Broad CTB; promotes E/S characteristics (likely Art. 8, not confirmed); hedging not stated"
LU0446734872,UBS MSCI Canada UCITS ETF CAD dis,equity,north_america,no,index,MSCI Canada,,0.33,no,,https://www.justetf.com/en/etf-profile.html?isin=LU0446734872,"Canada only; CAD share class, distributing (figi says USD)"
LU0476289540,Xtrackers MSCI Canada Screened UCITS ETF 1C,equity,north_america,no,index,MSCI Canada Select Screened,,0.35,no,,https://www.justetf.com/en/etf-profile.html?isin=LU0476289540,Canada only (region list has no canada value)
LU0476540926,Nordea 1 - Global Portfolio Fund BI EUR,equity,global_dm,no,active,MSCI World NR EUR,,0.93,no,,https://www.finect.com/fondos-inversion/LU0476540926-Nordea_1__global_portfolio_bi_eur,Hedging not stated; em=no inferred from MSCI World benchmark; still active (NAV Oct 2026)
LU0511055591,Schroder International Selection Fund US Dollar Liquidity C Accumulation EUR,money_market,us,no,active,,6,,no,,https://www.fynup.at/f/lu0511055591,"USD money market (T-bills, CP) in a EUR-denominated class; fynup header 0.27% unverified (page mixes classes); hedging not stated - assumed unhedged from name"
LU0557291233,Schroder International Selection Fund Global Sustainable Growth C Accumulation EUR Hedged,equity,global,,active,,8,0.86,yes,,https://www.comdirect.de/inf/fonds/LU0557291233 | https://fonds.stuttgarter.de/product/LU0557290698/factsheet/,benchmark not verified (comdirect shows truncated 'MSCI WOR..' comparison index); SFDR 8 from sibling USD A class factsheet; EM exposure not verified
LU0568620131,Amundi Funds - Cash EUR I2 EUR (C),money_market,eurozone,no,active,Euribor 3 Month EUR,,0.28,no,,https://www.finect.com/fondos-inversion/LU0568620131-Amundi_fds_cash_eur_i2_eur_c,EUR money market fund; hedging not stated (EUR fund in EUR class)
LU0602539271,Nordea 1 - Emerging Sustainable Stars Equity Fund BI EUR,equity,em,only,active,,,0.96,no,,https://www.comdirect.de/inf/fonds/LU0602539271,"Renamed from Nordea-1 Emerging Stars Equity. Ongoing charges 0.96% per comdirect (mgmt fee 0.749%). Benchmark not verified (comdirect shows only comparison MSCI World; likely MSCI Emerging Markets NR). Unhedged assumed (EUR class, not marked H)"
LU0629460089,UBS MSCI USA Socially Responsible UCITS ETF USD dis,equity,us,no,index,MSCI USA SRI Low Carbon Select 5% Issuer Capped,,0.22,no,,https://www.justetf.com/en/etf-profile.html?isin=LU0629460089,Distributing (semi-annual); SFDR not shown on source
LU0659579733,Xtrackers MSCI World Swap UCITS ETF 4C EUR hedged,equity,global_dm,no,index,MSCI World Index (EUR Hedged),,0.39,yes,,https://www.justetf.com/en/etf-profile.html?isin=LU0659579733,Synthetic replication (unfunded swap). SFDR not shown on source
LU0772925276,Nordea 1 - Emerging Market Bond Fund BI EUR,bond,em,only,active,JP Morgan Emerging Markets Bond Index Global Diversified,8,0.69,no,,https://www.comdirect.de/inf/fonds/LU0772925276 | https://www.finanzfluss.de/document/LU0772924386/de/factsheet,"Hard-currency (mainly USD) EM sovereign bonds; benchmark and SFDR 8 from AP-EUR class factsheet of same fund. Hedging not stated; BI EUR (Nordea hedged classes are named HBI), so unhedged by class naming."
LU0772948997,Nordea 1 - Asia ex Japan Equity Fund BI EUR,equity,em,yes,active,MSCI AC Asia ex Japan NR USD,,,,,https://www.finect.com/fondos-inversion/LU0229519714-Nordea_1__asia_ex_japan_equity_bi_usd,"name from ESMA FIRDS / OpenFIGI, not confirmed by a fund page; ISIN not found on any public page; best ID (FIGI 'NORDEA 1-ASIA X JPN EQ-BIEUR'): Nordea 1 - Asia ex Japan Equity Fund BI EUR; fund-level fields taken from the BI USD class LU0229519714"
LU0772957550,Nordea 1 - North American Sustainable Stars Equity Fund BI EUR,equity,north_america,no,active,,8,,no,,https://www.fynup.at/f/lu0772957550,"fynup header 0.93% ongoing charges, sibling BI classes 1.03% - unverified; unhedged inferred (no H prefix)"
LU0788520111,Allianz Global Investors Fund - Allianz Best Styles Global Equity I EUR,equity,global_dm,no,active,MSCI World NR EUR,,0.71,no,,https://www.finect.com/fondos-inversion/LU0788520111-Allianz_best_styles_global_eq_i_eur,systematic multi-factor active; hedging not stated
LU0836512706,iShares Europe Equity Index Fund (LU) Class A2 EUR,equity,europe,no,index,MSCI Europe,,0.54,no,,https://www.ishares.com/gls-download/literature/kiid/ucits_kiid-ishares-europe-equity-index-fund-lu-class-a2-eur-gb-lu0836512706-en.pdf,"sub-fund of BlackRock Global Index Funds; EUR base currency, no hedging"
LU0908500753,Amundi Core Stoxx Europe 600 UCITS ETF Acc,equity,europe,no,index,STOXX Europe 600,,0.07,no,,https://www.justetf.com/en/etf-profile.html?isin=LU0908500753,
LU0914729453,Mirova Global Sustainable Equity Fund I/A (EUR),equity,global,yes,active,MSCI World Net Dividends Reinvested Index,,0.81,no,,https://www.comdirect.de/inf/fonds/LU0914729453,"Sub-fund of Mirova Funds; has sustainable investment objective (likely SFDR 9, not confirmed on source). Hedging not stated, EUR class without H, probably unhedged. EM flag: active global fund may hold some EM (unverified)."
LU0915370448,Nordea 1 - Nordic Ideas Equity Fund BI EUR,equity,europe,no,active,,,,no,,https://cbonds.de/etf/142998/ | https://luminor.lv/sites/default/files/docs/ieguldijumi/lu-en_2023-02-15_n1_nts_merger_n1-nief_into_n1-nef.pdf,closed/merged: merged into Nordea 1 - Nordic Equity Fund on 28 Mar 2023; Nordic equities
LU0950672807,UBS MSCI Canada UCITS ETF CAD acc,equity,north_america,no,index,MSCI Canada Index,,0.33,no,,https://www.justetf.com/en/etf-profile.html?isin=LU0950672807,Canada only (no dedicated region code; north_america used). SFDR not shown on source
LU0957651143,SEB Fund 1 - SEB Global Focus Fund IC EUR,equity,global,yes,active,MSCI AC World Net Return,,,no,,https://www.seb.lv/en/notice-unitholders-seb-fund-1-seb-global-fund | https://www.finanzen.net/fonds/seb-global-focus-fund-ic-lu0957651143/nav,"formerly SEB Global Fund (renamed 2 Jan 2024, benchmark changed from DM-only to ACWI); this IC EUR class shows no NAV since 26.06.2020 - likely dormant/closed share class"
LU0975280396,Nordea 1 - Global Opportunity Fund BI EUR,equity,global,yes,active,MSCI ACWI NR USD,,1.06,no,,https://www.finect.com/fondos-inversion/LU0975280396-Nordea_1__global_opportunity_bi_eur,Large-cap growth; EM exposure implied by ACWI benchmark; hedging not stated (BI EUR is unhedged class naming)
LU0982019712,Allianz Global Investors Fund - Allianz Best Styles US Equity WT EUR (Acc),equity,us,no,active,S&P 500 Total Return Net,8,0.52,no,,https://www.comdirect.de/inf/fonds/LU0982019712 | https://finanzfluss.de/document/LU1228143191/de/factsheet,benchmark/SFDR from sibling share class factsheet (fund-level); quant multi-style active; hedging inferred from class name (no H2)
LU0985319473,Nordea 1 - Global Sustainable Stars Equity Fund BI EUR,equity,global,yes,active,MSCI ACWI NR USD,,0.93,no,,https://www.finect.com/fondos-inversion/LU0985319473-Nordea_1__global_stars_equity_bi_eur,Formerly Nordea 1 - Global Stars Equity Fund; hedging not stated (BI EUR unhedged naming); EM exposure implied by ACWI benchmark
LU0992624949,Carmignac Portfolio Securite FW EUR Acc,bond,europe,no,active,ICE BofA 1-3 Year All Euro Government Index,,0.65,no,,https://www.comdirect.de/inf/fonds/LU0992624949,"Short-duration euro bonds (govt + corporate); ~87% EUR exposure. EUR class of EUR fund. SFDR not stated on source (likely 8, unverified); may hold some EM/global debt."
LU0995119822,Schroder International Selection Fund EURO Credit Conviction C Accumulation EUR,bond,europe,no,active,Markit iBoxx EUR Corp BBB TR,,0.68,no,,https://www.finect.com/fondos-inversion/LU0995119822-Schroder_isf_euro_credit_conviction_c_ac,EUR corporate credit; hedging not stated (EUR base class)
LU0996177720,Amundi S&P 500 Screened Index IE Acc,equity,us,no,index,S&P 500 Scored and Screened+ NR USD,,0.15,no,,https://www.finect.com/fondos-inversion/LU0996177720-Amundi_is_sp_500_esg_iec,"formerly Amundi Index S&P 500 ESG; hedging not stated (EUR-quoted, no H)"
LU0996178371,Amundi Index Solutions - Amundi S&P 500 Screened Index IHE (C),equity,us,no,index,S&P 500 Scored & Screened+ Index (NTR),,0.15,yes,,https://www.finect.com/fondos-inversion/LU0996178371-Amundi_index_sp_500_ihe_cap | https://www.comdirect.de/inf/fonds/LU0996178371,"Formerly Amundi S&P 500 ESG. Hedging inferred from Amundi 'IHE' (institutional, hedged EUR) class code and 'H' in comdirect name; not stated explicitly. SFDR article not found (Amundi pages unreachable)."
LU0996179858,Amundi MSCI Japan ESG Broad Transition Index IE,equity,japan,no,index,MSCI Japan ESG Broad CTB Select,8,,no,,https://www.fynup.at/f/lu0996179858,"FIGI 'IEEA' suggests IE EUR Acc class; fynup header 0.15%, table shows IE at 0.18% for another ISIN - unverified; formerly Amundi Index MSCI Japan SRI/ESG"
LU0996180351,Amundi MSCI Japan ESG Broad Transition Index IHE Acc,equity,japan,no,index,MSCI Japan ESG Broad CTB Select Index,,,yes,,https://www.finanzen.ch/fonds/amundi-msci-japan-esg-broad-transition-index-ihe-lu0996180351,"Management fee 0.10% (TER not stated); hedged inferred from 'IHE' (I class, EUR hedged) naming - not explicitly confirmed; formerly Amundi Index MSCI Japan"
LU0996181599,Amundi Index Solutions - Amundi Index MSCI World IE-C,equity,global_dm,no,index,MSCI World Index,,,no,,https://www.finanzen.ch/fonds/amundi-index-solutions-amundi-index-msci-world-ie-c-lu0996181599,EUR accumulating; source gives management fee 0.10% only (TER not stated); FIGI calls it Amundi Funds Index MSCI World IE-C - umbrella may have changed; hedging inferred from class (no H)
LU1019963526,Allianz Global Investors Fund - Allianz Best Styles Europe Equity I EUR (Dis),equity,europe,no,active,MSCI Europe Total Return Net,,0.73,no,,https://www.comdirect.de/inf/fonds/LU1019963526 | https://goa-eportale.allianz.de/JAB/S-0/JABS-0001Z0.pdf.download.pdf,benchmark from sibling IT EUR KID (fund-level); distributing
LU1019964417,Allianz Global Investors Fund - Allianz Best Styles Europe Equity WT EUR,equity,europe,no,active,,6,,no,,https://www.fynup.at/f/lu1019964417,"fynup header 0.53% ongoing charges, SFDR Art.6 per fynup; page mixes share classes - TER unverified; benchmark likely MSCI Europe (not confirmed)"
LU1046231665,Schroder International Selection Fund Japanese Equity C Accumulation EUR,equity,japan,no,active,TOPIX,,1.03,no,,https://www.test.de/Fonds-im-Test-Fuenf-Punkte-fuer-die-Besten-4331006-detail/investmentfonds2015projekt!LU1046231665/,Ongoing charges 1.03% as of 31.12.2022 (may be outdated); unhedged inferred from class name (separate 'EUR Hedged' classes exist)
LU1049757047,Amundi MSCI North America ESG Broad Transition IHE (C),equity,north_america,no,index,MSCI North America ESG Broad CTB Select Index,8,0.15,yes,,https://www.comdirect.de/inf/fonds/LU1049757047 | https://www.edisoft.de/fonds/LU1049757047-Amundi-Index-MSCI-North-America-ESG-Broad-CTB-IHE-C.html,"FIGI says 'IE EUR' but several sources identify this ISIN as the IHE (hedged EUR) class; IE (C) unhedged is LU0389812008. Hedging inferred from class code, not stated explicitly. SFDR 8 inferred from comdirect wording 'promotes environmental and/or social characteristics'."
LU1096671539,RBC Funds (Lux) - Global Equity Focus Fund - O - USD (acc),equity,global,,active,,,0.70,no,,https://script.finanzen.ch/fonds/daten-gebuehr/rbc-funds-lux-global-equity-focus-fund-o-lu1096671539,LB name says class F but ISIN is class O USD acc; benchmark/EM exposure not stated; hedging not stated (USD class)
LU1109943388,Xtrackers II EUR High Yield Corporate Bond UCITS ETF 1C,bond,europe,no,index,iBoxx EUR Liquid High Yield,,0.20,no,,https://www.justetf.com/en/etf-profile.html?isin=LU1109943388,EUR high yield corporate bonds
LU1171709931,Vontobel Fund - Global Equity I EUR,equity,global,yes,active,MSCI All Country World TR net,8,,no,,https://markets.bawag.at/fonds/FU_100091875/Vontobel-Gl-Equity-I-EUR/factsheet,OCF not found; hedging not stated (no H in name)
LU1223083160,Schroder International Selection Fund Global Gold C Accumulation EUR Hedged,equity,global,yes,active,FTSE Gold Mines UCITS Capped Index,6,1.06,yes,gold,https://api.schroders.com/document-store/SISF-Global-Gold-EUR-Hedged-C-Acc-FMR-LUEN.pdf,"Invests in gold-mining equities, not physical gold (consider grouping with gold if desired). Holdings mostly Canada/US/Australia plus South Africa. SFDR: factsheet says no sustainable objective or binding E/S characteristics, recorded as 6 (article number not stated). LB lists manager name instead of fund name."
LU1246890740,KJK Fund II SICAV-SIF - Balkan Discovery,private_equity,other,yes,active,,,,,,https://seenews.com/news/investment-fund-kjk-fund-ii-sicav-sif-raises-stake-in-eurohold-bulgaria-594570,Luxembourg SICAV-SIF by KJK Capital investing in Balkans (e.g. Bulgaria/Romania); share class 'B June 2015 N' per LB name not verified; region Balkans; em=yes is inferred from region
LU1274822847,"East Capital (Lux) SCA, SICAV-SIF - East Capital Baltic Property Fund III",real_estate,other,no,active,,,,no,,https://lei.bloomberg.com/leis/view/213800871BWQ49UYUN83,Closed-end Baltic real estate fund (sub-fund of SICAV-SIF); region = Baltics; LEI status active; ISIN-share class link not verified; hedging n/a (EUR)
LU1291092549,BNP Paribas Easy JPM ESG EMBI Global Diversified Composite UCITS ETF Track IH EUR Capitalisation,bond,em,only,index,JPM ESG EMBI Global Diversified Composite,8,,yes,,https://www.fynup.at/f/lu1291092549,"EM USD sovereign debt, EUR-hedged class (IH); fynup 0.19% belongs to sibling class, IH classes ~0.20% - unverified; 'UCITS ETF' in name not confirmed for this non-listed class"
LU1291099718,BNP Paribas Easy MSCI Europe Min TE UCITS ETF,equity,europe,no,index,MSCI Europe Select Filtered Min TE,,0.15,no,,https://www.justetf.com/en/etf-profile.html?isin=LU1291099718,share class suffix not confirmed (acc)
LU1291102447,BNP Paribas Easy MSCI Japan Min TE UCITS ETF,equity,japan,no,index,MSCI Japan Select Filtered Min TE,,0.15,no,,https://www.justetf.com/en/etf-profile.html?isin=LU1291102447,formerly BNP Paribas Easy MSCI Japan ESG Filtered Min TE; share class (Acc) assumed per justETF
LU1291106356,BNP Paribas Easy MSCI Pacific ex Japan Min TE UCITS ETF,equity,asia_pacific_dm,no,index,MSCI Pacific ex Japan Select Filtered Min TE,,0.15,no,,https://www.justetf.com/en/etf-profile.html?isin=LU1291106356,"Pacific ex Japan (Australia, HK, Singapore, NZ); formerly ...ESG Filtered Min TE"
LU1293074800,Schroder International Selection Fund EURO Credit Conviction Short Duration C Accumulation EUR,bond,eurozone,no,active,ICE BofA 1-5 Year BBB EURO Corporate Index,8,0.81,no,,https://api.schroders.com/document-store/SISF-EURO-Credit-Conviction-Short-Duration-C-Acc-FMR-LUEN.pdf | https://www.finect.com/fondos-inversion/LU1293074800-Schroder_isf_euro_crdt_abs_rt_c_acc_eur,Short-duration EUR corporate credit; EUR class of EUR-base fund. OCF 0.81% per Schroders factsheet (finect shows 0.70%). EM flag based on benchmark.
LU1311290925,Allianz Global Investors Fund - Allianz Best Styles US Equity IT EUR,equity,us,no,active,,8,,no,,https://www.fynup.at/f/lu1311290925,"fynup header 0.72% ongoing charges (all-in fee 0.70%) - page mixes classes, unverified; unhedged inferred (no H2-EUR marker); benchmark likely S&P 500 (not confirmed)"
LU1312078915,SEB Fund 1 - SEB Asset Selection Fund IC EUR (Acc),other,global,,active,,,0.62,no,,https://www.onvista.de/fonds/SEB-ASSET-SELECTION-FUND-IC-EUR-ACC-Fonds-LU1312078915 | https://www.comdirect.de/inf/fonds/LU1312078915,alternative/systematic trend (managed futures-like) multi-asset long/short; target risk-free + 5% p.a.; no formal benchmark stated (comdirect shows truncated 'MSCI WOR..')
LU1328851503,Amundi Index Solutions - Amundi FTSE EPRA NAREIT Global IE-C,real_estate,global_dm,no,index,FTSE EPRA/NAREIT Developed Index,,,no,,https://styles.finanzen.ch/fonds/amundi-index-solutions-amundi-ftse-epra-nareit-global-ie-c-lu1328851503,Listed real estate equities; management fee 0.10% (TER not stated); source page names 'Developed Europe' index which conflicts with 'Global' fund name - benchmark should be checked; hedging inferred from class (no H)
LU1373035663,iShares Emerging Markets Government Bond Index Fund (LU) Class I2 EUR Hedged,bond,em,only,index,J.P. Morgan EMBI Global Diversified Custom Defaults Index,,0.24,yes,,https://www.ishares.com/gls-download/literature/kiid/ucits_kiid-ishares-emerging-markets-government-bond-index-fund-lu-class-i2-hedged-eur-gb-lu1373035663-en.pdf,sub-fund of BlackRock Global Index Funds; hard-currency EM sovereigns hedged to EUR
LU1434524259,Candriam Sustainable Equity Emerging Markets I EUR Acc,equity,em,only,active,,,1.03,no,,https://www.comdirect.de/inf/fonds/LU1434524259,Ongoing charges 1.03% per comdirect. Benchmark not verified (comdirect shows only comparison MSCI World; likely MSCI Emerging Markets NR). Likely SFDR 9 but not verified. Unhedged assumed
LU1434527781,Candriam Sustainable Equity World I EUR Acc,equity,global_dm,no,active,MSCI World,,0.86,no,,https://www.comdirect.de/inf/fonds/LU1434527781,"Benchmark MSCI World per comdirect strategy text. SFDR not stated (sustainable objective described, likely 9). Unhedged assumed"
LU1437015735,Amundi Core MSCI Europe UCITS ETF Acc,equity,europe,no,index,MSCI Europe,,0.12,no,,https://www.justetf.com/en/etf-profile.html?isin=LU1437015735,Formerly Amundi Index MSCI Europe UCITS ETF DR; SFDR not shown on source
LU1437016972,Amundi Index MSCI World UCITS ETF DR (C),equity,global_dm,no,index,MSCI World,,0.18,no,,https://www.justetf.com/en/etf-profile.html?isin=LU1437016972,closed/merged: justETF states fund liquidated or merged; LB name truncated ('Amundi Index MSCI UCITS ETF DR')
LU1437017350,Amundi Core MSCI Emerging Markets UCITS ETF Acc,equity,em,only,index,MSCI Emerging Markets,,0.18,no,,https://www.justetf.com/en/etf-profile.html?isin=LU1437017350,formerly Amundi Index MSCI Emerging Markets UCITS ETF DR
LU1437018168,Amundi EUR Corporate Bond ESG UCITS ETF Acc,bond,eurozone,no,index,Bloomberg MSCI ESG Euro Corporate Select Index,8,0.14,no,,https://assets.finanzfluss.de/hippoverse/documents/LU1437018168-factsheet.pdf | https://extraetf.com/ch/etf-profile/LU1437018168,EUR-denominated IG corporate bonds (issuers not limited to eurozone). justETF still shows old name 'Amundi Index Euro Corporate SRI' and old index Bloomberg MSCI Euro Corporate ESG Sustainability SRI. SFDR 8 from extraetf only.
LU1437020909,Amundi MSCI World ESG Broad Transition IE-C,equity,global_dm,no,index,MSCI World Climate Change CTB Select Index,,,no,,https://www.finanzen.ch/fonds/amundi-msci-world-esg-broad-transition-ie-c-lu1437020909,Management fee 0.10% (TER not stated); hedging inferred from class (no H)
LU1645746287,Allianz Global Investors Fund - Allianz Best Styles Global Equity WT EUR,equity,global_dm,no,active,MSCI World Total Return Net (EUR),,0.51,no,,https://assets.finanzfluss.de/hippoverse/documents/LU1645746287-factsheet.pdf | https://www.finanzfluss.de/informer/fonds/lu1645746287/,Active multi-factor (Best Styles) strategy. SFDR not found (Allianz GI pages blocked). Hedging 'Nein' per finanzfluss; factsheet does not state it.
LU1648399829,Nordea 2 - BetaPlus Enhanced Global Equity Fund BI-EUR,equity,global_dm,no,active,,,0.20,no,,https://www.fit4fonds.de/fonds/LU1648399829 | https://www.finanzen.ch/fonds/daten-gebuehr/nordea-2-betaplus-enhanced-global-equity-fund-bi-lu1648399829,"enhanced-index (low tracking error) strategy; reference index not named on sources (likely MSCI World, unverified); region global_dm assumed from 'Developed' in FIGI name"
LU1659681669,BNP Paribas Easy MSCI USA SRI S-Series PAB 5% Capped UCITS ETF EUR Dis,equity,us,no,index,MSCI USA SRI S-Series PAB 5% Capped,,0.25,no,,https://www.justetf.com/en/etf-profile.html?isin=LU1659681669,Formerly BNP Paribas Easy MSCI KLD 400 US SRI (LB name); annual distributing; SFDR not shown on source
LU1664635726,Vontobel Fund - US Equity I EUR,equity,us,no,active,,8,,no,,https://www.fynup.at/f/lu1664635726,fynup data mixed with B USD class; header 0.98% unverified; benchmark likely S&P 500 (not confirmed)
LU1681042609,Amundi MSCI Europe ESG Broad Transition UCITS ETF EUR Acc,equity,europe,no,index,MSCI Europe ESG Broad CTB Select Index,,0.12,no,,https://www.justetf.com/en/etf-profile.html?isin=LU1681042609,SFDR not shown on source
LU1681044480,Amundi MSCI Emerging Markets Asia UCITS ETF EUR (C),equity,em,only,index,MSCI Emerging Markets Asia,,0.20,no,,https://www.justetf.com/en/etf-profile.html?isin=LU1681044480,EM Asia only; synthetic
LU1681045370,Amundi MSCI Emerging Markets Swap UCITS ETF EUR Acc,equity,em,only,index,MSCI Emerging Markets,,0.20,no,,https://www.justetf.com/en/etf-profile.html?isin=LU1681045370,Synthetic (swap) replication
LU1681046261,Amundi Euro Government Tilted Green Bond UCITS ETF Acc,bond,eurozone,no,index,Bloomberg Euro Treasury Green Bond Tilted,,0.14,no,,https://www.justetf.com/en/etf-profile.html?isin=LU1681046261,
LU1686832194,Amundi Euro Government Bond 25+Y UCITS ETF Acc,bond,eurozone,no,index,Bloomberg Euro Treasury 50bn 25+ Year Bond,,0.07,no,,https://www.justetf.com/en/etf-profile.html?isin=LU1686832194,
LU1706108732,Nordea 1 - European Stars Equity Fund BI EUR,equity,europe,no,active,MSCI Europe Net Return,8,0.95,no,,https://www.comdirect.de/inf/fonds/LU1706108732 | https://www.finanzfluss.de/document/LU1706107171/de/factsheet,formerly Nordea 1 - European Sustainable Stars Equity Fund (renamed); benchmark/SFDR from sibling AP-EUR factsheet (fund-level)
LU1711526407,SEB Fund 3 - SEB Global All Countries Exposure IC (EUR),equity,global,yes,index,MSCI ACWI ex Client Defined Securities Index (custom MSCI ACWI with SEB exclusions),8,0.21,,,https://seb.se/pow/fmk/KIID/LU/EN/LU1711526407_en.pdf | https://www.seb.lv/en/updates-seb-fund-3-seb-global-exposure-fund,Formerly SEB Sustainable Global Exposure Fund / SEB Global Exposure Fund; renamed and benchmark changed from MSCI ACWI on 19 Dec 2025. TER = KID management+admin costs 0.21% (0.22% incl. 0.01% transaction costs). Hedging not stated in KID.
LU1753045928,BNP Paribas Easy MSCI Japan SRI S-Series PAB 5% Capped UCITS ETF EUR Dis,equity,japan,no,index,MSCI Japan SRI S-Series PAB 5% Capped,,0.25,no,,https://www.justetf.com/en/etf-profile.html?isin=LU1753045928,Annual distributing; SFDR not shown on source
LU1781541179,Amundi MSCI World V UCITS ETF Acc,equity,global_dm,no,index,MSCI World Index,,0.12,no,,https://www.justetf.com/en/etf-profile.html?isin=LU1781541179,closed/merged (justETF: liquidated or merged). Formerly Lyxor Core MSCI World (DR) UCITS ETF Acc; LB name is old Lyxor name
LU1829219390,Amundi Euro Stoxx Banks UCITS ETF Acc,equity,eurozone,no,index,EURO STOXX Banks,,0.30,no,,https://www.justetf.com/en/etf-profile.html?isin=LU1829219390,sector fund (banks); ex-Lyxor
LU1829221024,Amundi Core Nasdaq-100 Swap UCITS ETF Acc,equity,us,no,index,Nasdaq-100,,0.22,no,,https://www.justetf.com/en/etf-profile.html?isin=LU1829221024,synthetic; formerly Amundi Nasdaq-100 II / Lyxor Nasdaq-100
LU1834983477,Amundi STOXX Europe 600 Banks UCITS ETF Acc,equity,europe,no,index,STOXX Europe 600 Banks,,0.30,no,,https://www.justetf.com/en/etf-profile.html?isin=LU1834983477,sector (banks); synthetic; formerly Lyxor STOXX Europe 600 Banks
LU1840779810,KJK Fund III S.C.A. SICAV-RAIF,private_equity,other,no,active,,,,,,https://lei.bloomberg.com/leis/view/222100HD7E8CKLVQ4K37,Closed-end Baltic/Nordic private equity fund (KJK Capital); LEI active; ISIN-to-entity link not separately verified
LU1859445493,BNP Paribas Easy MSCI Europe Min TE Track I Capitalisation,equity,europe,no,index,MSCI Europe Select Filtered MinTE NR EUR,,0.16,no,,https://www.finanzfluss.de/informer/fonds/lu1859445493,Non-listed 'Track I' class of the ETF sub-fund; share class label from finanzen.net/FIGI
LU1861134382,Amundi Index MSCI World SRI PAB UCITS ETF DR (C),equity,global_dm,no,index,MSCI World SRI Filtered PAB Index,,0.18,no,,https://www.justetf.com/en/etf-profile.html?isin=LU1861134382,closed/merged (justETF: liquidated or merged; likely into IE000Y77LGG9)
LU1861136247,Amundi Index MSCI USA SRI PAB UCITS ETF DR (C),equity,us,no,index,MSCI USA SRI Filtered PAB Index,,0.18,no,,https://www.justetf.com/en/etf-profile.html?isin=LU1861136247,closed/merged (justETF: liquidated or merged; likely into IE000R85HL30 Amundi MSCI USA SRI Climate Paris Aligned). SFDR not shown
LU1861137484,Amundi MSCI Europe SRI Climate Paris Aligned UCITS ETF Acc,equity,europe,no,index,MSCI Europe SRI Filtered PAB,,0.18,no,,https://www.justetf.com/en/etf-profile.html?isin=LU1861137484,formerly Amundi Index MSCI Europe SRI UCITS ETF DR
LU1861138961,Amundi MSCI Emerging Markets SRI Climate Paris Aligned UCITS ETF Acc,equity,em,only,index,MSCI Emerging Markets SRI Filtered PAB Index,,0.25,no,,https://www.justetf.com/en/etf-profile.html?isin=LU1861138961,SFDR not shown on source
LU1882474585,Amundi Funds Euro Government Bond Responsible I2 EUR,bond,eurozone,no,active,,8,,no,,https://www.fynup.at/f/lu1882474585,"fynup header 0.56% unverified (page mixes share classes); active management assumed, not stated"
LU1883304872,Amundi Funds - Euroland Equity I2 EUR (C),equity,eurozone,no,active,MSCI EMU NR EUR,,0.76,no,,https://www.finect.com/fondos-inversion/LU1883304872-Amundi_fds_euroland_equity_i2_eur_c,
LU1883312545,Amundi Funds - Europe Equity Income Select I2 EUR C,equity,europe,no,active,MSCI Europe NR EUR,,0.76,no,,https://www.finect.com/fondos-inversion/LU1883312545-Amundi_fds_eureq_sust_inc_i2_eur_c,Formerly Amundi Funds European Equity Sustainable Income (per FIGI/URL); hedging not stated
LU1883315480,Amundi Funds - European Equity Value I2 EUR C,equity,europe,no,active,MSCI Europe Value NR EUR,,0.86,no,,https://www.finect.com/fondos-inversion/LU1883315480-Amundi_fds_european_eq_val_i2_eur_c,
LU1883833946,Amundi Funds - Global Equity I2 EUR (C),equity,global,,active,MSCI World NR EUR,,0.86,no,,https://www.finect.com/fondos-inversion/LU1883833946-Amundi_fds_pio_global_equity_i2_eur_c,formerly Amundi Funds Pioneer Global Equity; EM exposure not verified; hedging inferred from class name (no H)
LU1883855246,Amundi Funds - US Equity Fundamental Growth I2 EUR (C),equity,us,no,active,Russell 1000 Growth,8,0.86,no,,https://www.comdirect.de/inf/fonds/LU1883855246 | https://www.amundi.com/globaldistributor/dl/doc/monthly-factsheet/LU1883854199/ENG/LUX/INSTITUTIONNEL/AMUNDI,benchmark/SFDR from sibling A EUR factsheet (fund-level); formerly Amundi Funds Pioneer US Equity Fundamental Growth
LU1894685046,Amundi Funds - US Equity Research Value I2 EUR (C),equity,us,no,active,Russell 1000 Value Index,,,no,,https://www.ariva.de/fonds/amundi-funds-us-equity-research-value-i2-eur-c,"Management fee 0.70% (TER not stated); hedging not stated, class name has no hedged tag"
LU1959500916,BNP Paribas Funds US Small Cap IH EUR Capitalisation,equity,us,no,active,Russell 2000 (comparison only),,1.06,yes,,https://markets.bawag.at/fonds/FU_100106176/BNP-Paribas-Funds-US-Small-Cap-IH-EUR-Capitalisation/factsheet,hedged inferred from BNP 'H' share-class convention; OCF from 'sonstige lfd. Kosten'
LU1987117642,Schroder International Selection Fund Global Equity C Accumulation EUR,equity,global,yes,active,MSCI AC World (Net TR),,0.63,no,,https://markets.bawag.at/fonds/FU_100088918/Schroder-ISF-Gl-Eq-C-Acc-EUR/factsheet,OCF from 'sonstige lfd. Kosten'; mgmt fee 0.45%; unhedged per share-class name
LU1987118020,Schroder International Selection Fund Sustainable Multi-Factor Equity C Accumulation EUR,equity,global,yes,active,MSCI AC World (Net TR) Index,8,0.35,no,,https://api.schroders.com/document-store/SISF-Sustainable-Multi-Factor-Equity-EUR-C-Acc-FMR-LUEN.pdf | https://www.comdirect.de/inf/fonds/LU1987118020,"Quant multi-factor. LB lists manager name instead of fund name. Fund base USD; factsheet notes currency risk, so unhedged"
LU2008763182,BNP Paribas Easy JPM ESG EMU Government Bond IG 3-5Y Track I Capitalisation,bond,eurozone,no,index,J.P. Morgan (ESG/Tilted) EMU Government Bond IG 3-5 Year Index,8,0.15,no,,https://www.fynup.at/f/lu2008763182,fynup now names it 'JPM Tilted EMU Government Bond IG 3-5Y' (renamed from ESG EMU); EUR class
LU2009877999,Alpha UCITS SICAV - Fair Oaks AAA CLO Fund Class M EUR Acc,bond,global,no,active,,,,,,https://www.finanzen.at/fonds/alpha-fair-oaks-aaa-clo-fund-class-m-lu2009877999/nav | https://www.comdirect.de/inf/fonds/LU2009877999,"Formerly Fair Oaks High Grade Credit Fund (comdirect still 'Fair Oaks H.G.Cre.Fd'). Invests in AAA-rated CLOs (Europe/US floating-rate structured credit), region approximate. Benchmark, TER, SFDR, hedging not found"
LU2035667513,UBS (Lux) Equity Fund - Global Sustainable (USD) I-A2-acc,equity,global,,active,,,,no,,https://www.comdirect.de/inf/fonds/LU2035667513 | https://www.finanzen.net/fonds/ubs-lux-equity-fund-global-sustainable-i-lu2035667513,"USD share class (USD base); benchmark, TER and SFDR not found on accessible sources (finect shows MSCI World NR EUR as category index only). Hedging not applicable (base-currency class)."
LU2089238203,Amundi Prime Global UCITS ETF DR (C),equity,global_dm,no,index,Solactive GBS Developed Markets Large & Mid Cap,,0.05,no,,https://www.justetf.com/en/etf-profile.html?isin=LU2089238203,closed/merged: justETF states fund liquidated or merged (likely redomiciled into Amundi Prime Global UCITS ETF Acc IE0009DRDY20)
LU2092914360,,,,,,,,,,,,not identified; LB lists issuer SEB Investment Management AB (likely a SEB Fund Lux sub-fund share class); no public source found
LU2152928433,Nordea 1 - Asian Sustainable Stars Equity Fund BI EUR,equity,em,yes,active,,8,0.95,no,,https://www.fynup.at/f/lu2152928433,Asia ex Japan (mostly EM); active inferred; benchmark likely MSCI AC Asia ex Japan (not confirmed)
LU2195226068,Amundi S&P Eurozone Climate Paris Aligned UCITS ETF Acc,equity,eurozone,no,index,S&P Eurozone LargeMidCap Net Zero 2050 Paris-Aligned ESG Index,,0.20,no,,https://www.justetf.com/en/etf-profile.html?isin=LU2195226068,Formerly Amundi S&P Eurozone PAB Net Zero Ambition. SFDR not shown on source
LU2198664299,Morgan Stanley Investment Funds - Calvert Sustainable Euro Corporate Bond Fund Z,bond,europe,no,active,,8,0.56,no,,https://www.finect.com/fondos-inversion/LU2198664299-Ms_invf_sustainable_euro_corp_bd_z | https://morganstanley.com/im/publication/msinvf/regulatorypolicy/sfdrwebsite_msinvf_calvertsustainableeurocorporatebond_en.pdf,Renamed from MS INVF Sustainable Euro Corporate Bond Fund. No designated reference benchmark; Bloomberg Euro Aggregate Corporate Index used as sustainability comparison benchmark. EUR-denominated corporates; EUR class of EUR fund.
LU2198882362,Lyxor Net Zero 2050 S&P World Climate PAB (DR) UCITS ETF - Acc,equity,global_dm,no,index,S&P Developed Ex-Korea LargeMidCap Net Zero 2050 Paris-Aligned Climate,,0.20,no,,https://www.justetf.com/en/etf-profile.html?isin=LU2198882362,closed/merged (justETF: liquidated or merged)
LU2198883410,Lyxor Net Zero 2050 S&P 500 Climate PAB (DR) UCITS ETF - Acc,equity,us,no,index,S&P 500 Net Zero 2050 Paris-Aligned ESG,,0.07,no,,https://www.justetf.com/en/etf-profile.html?isin=LU2198883410,closed/merged (justETF: liquidated or merged; likely into an Amundi S&P 500 PAB ETF)
LU2244387457,BNP Paribas Easy JPM ESG EMU Government Bond IG 3-5Y UCITS ETF (Acc),bond,eurozone,no,index,J.P. Morgan ESG EMU Government Bond IG 3-5 Year,,0.15,no,,https://www.justetf.com/en/etf-profile.html?isin=LU2244387457,
LU2345046655,Amundi MSCI Emerging Ex China ESG Selection UCITS ETF Acc,equity,em_ex_china,only,index,MSCI EM ex China ESG Selection P-Series 5% Issuer Capped,,0.35,no,,https://www.justetf.com/en/etf-profile.html?isin=LU2345046655,
LU2413667317,BNP Paribas Funds US Growth IH EUR Capitalisation,equity,us,no,active,Russell 1000 Growth (USD) RI,,0.84,yes,,https://markets.bawag.at/fonds/FU_100087554/BNP-Paribas-Funds-US-Growth-IH-EUR-Capitalisation/factsheet,hedged inferred from BNP 'H' share-class convention; OCF from 'sonstige lfd. Kosten'
LU2418734716,Morgan Stanley Investment Funds - Global Opportunity Fund Z (EUR),equity,global,,active,,8,,no,,https://www.fynup.at/f/lu2418734716,"fynup header 0.86% ongoing charges, page mixes share classes - unverified; unhedged inferred (no H suffix); fund can hold EM stocks"
LU2422547757,UBS (Lux) Equity Fund - Global Sustainable (USD) (EUR) I-A3-acc,equity,global,,active,,,,,,https://www.comdirect.de/inf/fonds/LU2422547757 | https://www.finanzen.at/fonds/daten-gebuehr/ubs-lux-equity-fund-global-sustainable-i-a3-lu2422547757,"EUR-denominated class of USD fund; '(EUR)' without 'hedged' suggests unhedged (UBS names hedged classes '(EUR hedged)'), not confirmed. Benchmark, TER, SFDR not found."
LU2482281057,"SEB Private Equity Global Direct III (SEB Alternative Assets S.A., SICAV-RAIF)",private_equity,global,,active,,,,no,,https://www.lei-lookup.com/record/213800TW94282CT2EL57/,"closed-end PE fund (Luxembourg RAIF, manager SEB Funds AB, LEI registered 2022); ISIN not confirmed by a public source; region assumed from fund name"
LU2526491159,Schroder International Selection Fund Global Sustainable Growth C Accumulation EUR,equity,global,yes,active,,8,,no,,https://markets.easybank.at/markets/fonds/FU_100110502/Schroder-International-Selection-Fund-Global-Sustainable-Growth-C-Accumulation-EUR/kurse-handelsplaetze | https://fsl.lv1871.de/product/LU2526491159/esg/,Unhedged inferred (separate EUR Hedged classes exist); holds TSMC so some EM exposure; benchmark (likely MSCI AC World) and TER not found
LU2531807738,Amundi Prime Euro Government Bond 0-1Y IE Acc,bond,eurozone,no,index,Solactive Eurozone Government Bond 0-1 Year Index,,0.05,no,,https://www.finanzfluss.de/informer/fonds/lu2531807738/ | https://assets.finanzfluss.de/hippoverse/documents/LU2531807738-factsheet.pdf,Ultra-short eurozone government bonds (money-market-like but a bond index fund). SFDR not stated (factsheet classification shows '-').
LU2573966905,Amundi Core MSCI Emerging Markets Swap UCITS ETF Dist,equity,em,only,index,MSCI Emerging Markets,,0.14,no,,https://www.justetf.com/en/etf-profile.html?isin=LU2573966905,synthetic swap; distributing; formerly Amundi MSCI Emerging Markets II
LU2582359670,BNP Paribas Funds US Growth I EUR Capitalisation,equity,us,no,active,Russell 1000 Growth (USD) RI,,,no,,https://markets.bawag.at/fonds/FU_100149001/factsheet,Management fee 0.65% (TER not found); unhedged inferred (separate IH class LU2413667317 exists)
LU2732984955,Amundi Funds - US Equity Fundamental Growth J2 EUR C,equity,us,no,active,Russell 1000 Growth TR USD,,,no,,https://www.comdirect.de/inf/fonds/LU2732984955 | https://www.finect.com/fondos-inversion/LU1883855915-Amundi_fds_pio_us_eqfundmgr_j2_usd_c,benchmark from J2 USD class page (fund-level); OCF for this class not found (J2 USD 0.66%); unhedged per name
LU2870272577,D-X MSCI USA Screened UCITS ETF X EUR Acc,equity,us,no,index,MSCI USA Screened,,0.28,no,,https://www.justetf.com/en/etf-profile.html?isin=LU2870272577 | https://www.finect.com/etfs/LU2870272577-Ailis_dx_msci_usa_scrn_etf_x_eur_acc,Finect lists it as 'Ailis D-X...' with mgmt company Fideuram AM (Ireland); umbrella legal name not confirmed
LU2870272908,D-X MSCI World Screened UCITS ETF X EUR Acc,equity,global_dm,no,index,MSCI World Screened,,0.28,no,,https://www.justetf.com/en/etf-profile.html?isin=LU2870272908,Same 'D-X' range as LU2870272577 (Fideuram/Ailis per Finect); umbrella legal name not confirmed
LU2889894270,UBS (Lux) Bond SICAV - EUR Corporates (EUR) I-A3-acc,bond,europe,no,active,,8,,no,,https://www.fynup.at/f/lu2889894270,Formerly 'EUR Corporates Sustainable' (name in LB data); EUR-denominated IG corporates; fynup header shows 0.39% ongoing charges but page mixes share classes - unverified; unhedged inferred from name
LU3011731216,T. Rowe Price Funds SICAV - Global Focused Growth Equity Fund I (EUR),equity,global,,active,,8,,,,https://www.troweprice.com/financial-intermediary/uk/en/funds/sicav/global-focused-growth-equity-fund.html,"name from ESMA FIRDS / OpenFIGI, not confirmed by a fund page; ISIN not found on any public page; best ID (lb_name+FIGI): T. Rowe Price Funds SICAV - Global Focused Growth Equity Fund, Class I (EUR) - new 2025 ISIN; SFDR 8 is fund level; fund-level fields only; benchmark not named on T. Rowe page (likely MSCI ACWI, unverified)"
NOISIN:17Capital Fund 5 EUR SCSp,17Capital Fund 5 EUR SCSp,private_equity,other,,active,,,,,,https://www.17capital.com/news/17capital-closes-14-nav-financing-deals-worth-approximately-ca-2-8bn-in-2021,17Capital NAV financing / preferred equity fund for PE portfolios (Europe and North America); fund-specific page not found
NOISIN:AS BaltCap,,private_equity,other,,active,,,,no,,https://www.ipe.com/estonias-lhv-seb-invest-in-new-regional-private-equity-fund/10034024.article,"Name not confirmed: 'AS BaltCap' is the Estonian manager (BaltCap AS), not a fund. Holding is most likely a BaltCap Baltic private equity/infrastructure fund (e.g. BaltCap Private Equity Fund II/III or Infrastructure Fund) recorded under the manager's name. Region Baltics."
NOISIN:ASTORG VIII,Astorg VIII,private_equity,global,,active,,8,,no,,https://astorg.com/news/astorg-announces-final-closing-for-astorg-viii-reaching-total-capital-committed-of-4-4bn-astorg-expands-its-executive-committee,"EUR 4.4bn buyout fund (healthcare, tech, business services, industrials), Europe-based manager targeting global niche leaders; final close announced May 2024"
NOISIN:Astorg VIII,Astorg VIII,private_equity,global,,active,,8,,,,https://astorg.com/news/astorg-announces-final-closing-for-astorg-viii-reaching-total-capital-committed-of-4-4bn-astorg-expands-its-executive-committee,"buyout fund, EUR 4.4bn, final close May 2024; B2B global niche leaders (Europe-led); Article 8 per Astorg"
NOISIN:Avallon MBO Fund III S.C.A. SICAV-RAIF (Class A1),Avallon MBO Fund III S.C.A. SICAV-RAIF,private_equity,other,,active,,,,,,https://www.ebrd.com/news/2020/ebrd-commits-25-million-to-avallon-mbo-fund-iii-for-central-and-eastern-european-equities.html,Polish/CEE mid-market buyout fund (Avallon); class A1
NOISIN:BLACKPEAK SOUTHEAST EUROPE GROWTH FUND SCSP,BlackPeak Southeast Europe Growth Equity Fund SCSp,private_equity,other,no,active,,,,no,,https://www.romania-insider.com/blackpeak-fundraise-smes-romania-region,"growth equity in SE Europe SMEs (Bulgaria, Romania, Slovenia, Croatia, Serbia); EUR 126m final close July 2022; Luxembourg SCSp"
NOISIN:BPM Mezzanine Fund II,BPM Mezzanine Fund II,other,other,no,active,,,,no,,https://pitchbook.com/profiles/fund/21593-89F | https://www.unquote.com/cee/official-record/87188/bpm-capital-closes-baltics-mezzanine-fund-on-eur70m,"Private mezzanine debt fund by BPM Capital (Tallinn), Estonia-domiciled; successor to EUR 70m BPM Mezzanine Fund (2015) investing in Baltics and Poland SMEs. Fund II size/vintage not found."
NOISIN:BaltCap Growth Fund,BaltCap Growth Fund,private_equity,other,no,active,,,,,,https://realdeals.eu.com/article/baltcap-e50m-baltics-growth-fund,"EUR 50m growth capital fund for Baltic SMEs, launched 2017 (formal name elsewhere: BaltCap Growth Fund EuVECA usaldusfond)"
NOISIN:BaltCap Growth Fund EuVECA usaldusfond,BaltCap Growth Fund EuVECA usaldusfond,private_equity,europe,no,active,,,,,,https://news.err.ee/593781/baltcap-to-launch-50-million-investment-fund-for-baltic-smes,"Estonian contractual PE fund (BaltCap), ~EUR 50m growth capital for Baltic SMEs, launched 2017"
NOISIN:BaltCap Infrastructure Fund II UF,BaltCap Infrastructure Fund II,other,other,,active,,,,,,https://www.baltcap.com/baltcap-launches-e200-million-successor-infrastructure-fund/,"private infrastructure fund (EUR 200m target, launched 2023); Baltics/Nordics-Baltic region"
NOISIN:BaltCap Infrastructure Fund UF,BaltCap Infrastructure Fund,other,other,no,active,,,,no,,https://www.baltcap.com/e100-million-baltcap-fund-will-invest-into-infrastructure-of-the-baltic-states/,"unlisted infrastructure (transport, energy, energy efficiency) in LT/LV/EE; EUR 100m target, launched 2017; asset_class other = private infrastructure"
NOISIN:BaltCap Infrastructure Management OÜ,BaltCap Infrastructure Management OÜ,other,other,,active,,,,,,https://www.baltcap.com/baltcap-launches-e200-million-successor-infrastructure-fund/,"Estonian management/GP entity of BaltCap infrastructure funds, not a fund itself (likely GP/carry holding)"
NOISIN:BaltCap Lithuania SME Fund KŪB,BaltCap Lithuania SME Fund KŪB,private_equity,other,no,active,,,,,,https://www.baltcap.com/baltcap-signs-an-agreement-with-european-investment-fund-to-create-eur-20-million-venture-capital-fund-for-lithuanian-smes/,"EUR 20m Lithuanian SME expansion/VC fund (EIF JEREMIE), 2010 vintage; likely in wind-down"
NOISIN:BaltCap Private Equity Fund II SCSp LIT,BaltCap Private Equity Fund II,private_equity,other,no,active,,,,,,https://www.baltcap.com/baltcap-private-equity-fund-ii-holds-second-close/,"Baltic buyout/buy-and-build PE fund (BPEF II), first close 2014, ~EUR 85m commitments. Legal form SCSp not confirmed by source"
NOISIN:BaltCap Private Equity Fund III,Baltic Private Equity Fund III (BaltCap),private_equity,other,no,active,,,,,,https://www.unquote.com/cee/official-record/3023554/baltcap-closes-third-fund-on-eur177m-hard-cap,"Nordic-Baltic buyout fund (BPEF III), EUR 177m final close 2021"
NOISIN:BaltCap Private Equity Fund III UF,BaltCap Private Equity Fund III,private_equity,other,,active,,,,,,https://www.globalprivatecapital.org/?p=19337,closed-end Baltic buyout fund (BaltCap); Baltics region
NOISIN:Baltic Green Fund,,,,,active,,,,,,,not identified: name not confirmed from public sources; possibly a Baltic renewable-energy private fund
NOISIN:Brookfield Strategic Real Estate Partners,Brookfield Strategic Real Estate Partners,real_estate,global,,active,,,,,,https://realassets.ipe.com/5770.tag,Brookfield opportunistic global real estate fund series; vintage/number (I-V) not identified
NOISIN:CVI CEE Private Debt Fund S.C.A. SICAV-RAIF,CVI CEE Private Debt Fund S.C.A. SICAV-RAIF,bond,other,,active,,,,no,,https://www.eif.org/what_we_do/guarantees/news/2021/cvi-eif-support-first-institutional-direct-lending-fund-focus-central-europe.htm | https://www.euacc.ai/investors/cvi-cee-private-debt-fund-s-c-a-sicav-raif,"Private debt (mostly senior direct lending to SMEs/lower mid-caps), manager CVI Dom Maklerski (Poland), vintage 2021, EUR 80m first close, EUR 300m target; Central Europe incl. Poland, Czechia, Slovakia, Baltics, Romania, Hungary (EM flag left blank: CEE)"
NOISIN:Clean Energy Infrastructure Fund,Clean Energy Infrastructure Fund,other,europe,no,active,,,,,,https://pitchbook.com/profiles/fund/26434-63F | https://ceenergynews.com/finance/modus-asset-managements-clean-energy-fund-raised-85-mln-euro-for-renewable-projects-in-central-europe/,"Infrastructure (renewable energy) fund by Modus Asset Management (Vilnius), vintage 2023, ~EUR 85m, Baltics/Central Europe; private"
NOISIN:EQT X (No.1) EUR SCSp,EQT X (No.1) EUR SCSp,private_equity,global_dm,no,active,,,,,,https://eqtgroup.com/news/2024/eqt-x-hits-the-hard-cap-raising-eur-22-billion-usd-24-billion-in-total-commitments/,"EQT flagship buyout fund (EUR 22bn, 2024), Europe and North America; no ISIN"
NOISIN:General Atlantic Investment Partners SCSp SICAV-RAIF – Sub-Fund 2023,General Atlantic Investment Partners SCSp SICAV-RAIF - Sub-Fund 2023,private_equity,global,,active,,,,,,https://privatefunddata.com/private-funds/general-atlantic-investment-partners-scsp-sicav-raif-sub-fund-2023/,"General Atlantic growth equity vehicle (Luxembourg SCSp SICAV-RAIF); global growth strategy, region not verified on page"
NOISIN:Genesis Private Equity Fund IV,Genesis Private Equity Fund IV,private_equity,other,no,active,,,,no,,https://www.ebrd.com/home/news-and-events/news/2022/ebrd-invests-15-million-in-genesis-capitals-private-equity-fund-for-central-europe.html,"Genesis Capital, EUR 150m; Czech Republic/Slovakia/Central Europe SMEs and mid-caps"
NOISIN:IAM Baltic Green Fund,,real_estate,other,no,active,,,,,,https://www.lb.lt/en/sfi-financial-market-participants/uzdarojo-tipo-informuotiesiems-investuotojams-skirto-sudetinio-investicinio-fondo-iam-luxury-hotels-fund-subfondas-iam-grand-hotel-vilnius-sub-fund,"name not confirmed; probably the renamed LORDS LB Baltic Green Fund (V) (Lords LB funds appear on lb.lt under IAM names), closed-end Baltic commercial real estate - unverified"
NOISIN:INVL Baltic Sea Growth Fund,INVL Baltic Sea Growth Fund,private_equity,europe,no,active,,,,,,https://siliconcanals.com/lithuania-based-invl-falls-short-of-initial-target-closes-baltic-sea-growth-fund-at-e165m/,"Private equity (growth/buyout), INVL, EUR 165m final close 2020; Baltics, Poland, Nordics, Central Europe"
NOISIN:INVL Private Equity Fund II,INVL Private Equity Fund II,private_equity,other,no,active,,8,,no,,https://www.invl.com/en/fund/invl-private-equity-fund-ii,"EUR 410m closed-end fund; growth/buyout in Baltics, Poland, Romania and other EU; operations from April 2024"
NOISIN:INVL co-investment (Pehart),INVL co-investment (Pehart),private_equity,other,,active,,,,,,https://financialintelligence.ro/fondul-de-private-equity-invl-baltic-sea-growth-fund-finalizeaza-achizitia-pehart-grup-din-romania/,co-investment alongside INVL Baltic Sea Growth Fund in Pehart Grup (Romanian tissue paper maker)
NOISIN:KKR Ascendant Fund SCSp,KKR Ascendant Fund SCSp,private_equity,north_america,no,active,,,,,,https://www.businesswire.com/news/home/20240923737460/en/KKR-Closes-4.6-Billion-Ascendant-Fund,"KKR middle-market PE fund, USD 4.6bn close Sept 2024; North America focus per KKR press release"
NOISIN:KS Livonia Partners Fund II AIF,KS Livonia Partners Fund II AIF,private_equity,other,no,active,,8,,no,,https://livoniapartners.com/article/livonia-partners-closes-second-buy-out-fund-above-target-at-e157-million,"Baltic (EE/LV/LT) buy-out fund, EUR 157m, final close Sep 2022, Latvia-domiciled"
NOISIN:Karma Ventures I SICAV-SIF fund,Karma Ventures I SICAV-SIF SCS,private_equity,europe,no,active,,,,no,,https://www.unquote.com/cee/official-record/3010032/karma-ventures-holds-eur70m-final-close-for-debut-fund | https://www.euacc.ai/investors/karma-ventures-i-sicav-sif-scs,"Venture capital (Series A, ICT/deep tech), Karma Ventures (Tallinn), vintage 2015, EUR 70m final close 2018, Luxembourg-domiciled; European focus"
NOISIN:Karma Ventures II SCSp,Karma Ventures II SCSp,private_equity,europe,no,active,,,,,,https://pitchbook.com/profiles/fund/16570-81F,"Venture capital (early-stage deep tech), Karma Ventures (Tallinn), vintage 2021; Luxembourg SCSp; European focus"
NOISIN:LORDS LB BALTIC FUND IV,Lords LB Baltic Fund IV,real_estate,other,no,active,,,,no,,https://pitchbook.com/profiles/fund/15447-61F | https://realassets.ipe.com/propertyeu/lords-lb-baltic-fund-iv-buys-office-in-estonia/10099570.article,"Lithuanian closed-end real estate fund (core plus), manager Lords LB Asset Management, vintage 2016, Baltic commercial property; PitchBook status fully invested"
NOISIN:LORDS LB Baltic Green Fund (V),LORDS LB Baltic Green Fund (V),real_estate,other,no,active,,,,,,https://lordslb.lt/en/fund/lords-lb-baltic-green-fund/,"closed-end real estate fund for informed investors, Baltic capitals commercial real estate; launched 16 Apr 2019, term to 28 Feb 2027 (+2y option); may now be named IAM Baltic Green Fund"
NOISIN:LORDS LB Baltic Green Fund V,Lords LB Baltic Green Fund (V),real_estate,europe,no,active,,,,,,https://lordslb.lt/en/fund/lords-lb-baltic-green-fund/,"Closed-end real estate fund for informed investors (Lords LB Asset Management), green commercial property in Baltic capitals; launched 2019, term to Feb 2027"
NOISIN:LcX Opportunity Fund,,,,,,,,,,,,Not identified: no public source found for 'LcX Opportunity Fund' (possibly a private Baltic AIF)
NOISIN:Lithuania SME Fund,Lithuania SME Fund,private_equity,other,no,active,,,,,,https://invl.com/en/?p=23526,"JEREMIE-programme growth capital fund established 2010, managed by BaltCap; invests in Lithuanian SMEs (EIF main investor)"
NOISIN:Livonia Partners Fund II,Livonia Partners Fund II (KS Livonia Partners Fund II AIF),private_equity,other,no,active,,,,,,https://livoniapartners.com/article/livonia-partners-closes-second-buy-out-fund-above-target-at-e157-million,"Baltic/Nordic mid-market buyout fund, EUR 157m (2022); no ISIN"
NOISIN:Lords Energy and Infrastructure SME Fund,Energy and Infrastructure SME Fund (Lords LB Asset Management),other,other,,active,,,,,,https://www.infrapppworld.com/infrastructure-fund/energy-and-infrastructure-sme-fund,"closed-ended energy/infrastructure SME fund, est. 2016, Lithuania/Baltics"
NOISIN:Lords LB Baltic Fund III,Lords LB Baltic Fund III,real_estate,other,no,active,,,,no,,https://www.cobalt.legal/news-cases/cobalt-contributed-to-the-establishment-of-the-real-estate-fund-lords-lb-baltic-fund-iii/ | https://www.lb.lt/lt/naujienos/leido-patvirtinti-investicinio-fondo-lords-lb-baltic-fund-iii-taisykles-ir-visa-prospekta,"Lithuanian closed-end real estate fund (UAB Lords LB Asset Management), income-generating commercial/mixed-use and development property in the Baltic States; established c. 2012, older fund possibly in wind-down (unverified)"
NOISIN:Lords LB Energy and Infrastructure SME Fund,Energy and Infrastructure SME Fund (Lords LB Asset Management),other,other,no,active,,,,,,https://lordslb.lt/en/fund/energy-and-infrastructure-sme-fund/,Closed-end energy/infrastructure SME fund by Lords LB Asset Management (Lithuania); term 05-07-2016 to 05-02-2028. Baltic focus
NOISIN:Maxburg Beteiligungen IV GmbH & Co. KG,Maxburg Beteiligungen IV GmbH & Co. KG,private_equity,europe,no,active,,,,,,https://pitchbook.com/profiles/fund/25534-00F | https://tech.eu/2024/04/18/maxburg-soars-past-eur1-billion-in-apital-raised-with-oversubscribed-fund-iv/,"Buyout fund (Maxburg Capital Partners, Munich), vintage 2022, EUR 450m; DACH focus"
"NOISIN:Oaktree European Principal Fund V Feeder, SCSp","Oaktree European Principal Fund V Feeder, SCSp",private_equity,europe,no,active,,,,,,https://lei.bloomberg.com/leis/view/254900175X6G1A9G5243,"Closed-end private fund (European control/special-situations PE, Oaktree EPF V, ~2019 vintage); LEI found is the Parallel LP, not this feeder; no ISIN"
"NOISIN:Oaktree Opportunities Fund XI Feeder (Euro), SCSp","Oaktree Opportunities Fund XI Feeder (Euro), SCSp",private_equity,global,,active,,,,,,https://www.nasdaq.com/press-release/oaktree-closes-opportunities-fund-xi-at-$16-billion-2021-11-16,"Closed-end distressed-debt/opportunities fund (closed at USD 16bn, 2021); asset class could also be 'other' (distressed credit); EUR feeder; no ISIN"
NOISIN:Oaktree Real Estate Debt Fund III Feeder (Lux) I_ SCSp,Oaktree Real Estate Debt Fund III Feeder (Lux) I SCSp,real_estate,global_dm,no,active,,,,,,https://www.businesswire.com/news/home/20220131005872/en,"Lux feeder into Oaktree Real Estate Debt Fund III (USD 3bn, final close Dec 2021); real estate debt (mortgages, mezzanine, CMBS) mainly US/Europe/Australia; feeder name as per LB"
NOISIN:PREF III,PREF III,real_estate,other,no,active,,,,,,https://ceelegalmatters.com/lithuania/15628-cobalt-advises-pref-iii-on-acquisition-of-shopping-center-in-kaunas,"Full name and manager not confirmed. Fund owns shopping centres in Kaunas, Palanga (LT) and Riga (LV); likely Prosperus Real Estate Fund III (Prosperus Retail Property Fund) but unverified"
NOISIN:Practica Venture Capital II,Practica Venture Capital II,private_equity,other,,active,,,,,,https://www.startuplithuania.com/?p=14071,Baltic early-stage venture capital fund (Practica Capital)
NOISIN:Practica Venture Capital III,Practica Venture Capital III,private_equity,other,,active,,,,,,https://www.ebrd.com/news/2024/ebrd-invests-10-million-in-practica-venture-capital-iii.html,"Baltic early-stage VC fund, EUR 80m final close 2024 (Practica Capital)"
NOISIN:Practica Venture Capital III KŪB,Practica Venture Capital III KŪB,private_equity,other,no,active,,,,no,,https://bebeez.eu/2024/02/01/practica-capital-secures-e80-million-becomes-largest-seed-fund-in-baltic-tech-landscape/,"venture capital (seed-stage tech) in LT/LV/EE; EUR 80m, closed Feb 2024"
NOISIN:Prosperus Real Estate Fund III,Prosperus Real Estate Fund III,real_estate,other,no,active,,,,,,https://ceelegalmatters.com/lithuania/9914-cobalt-advises-prosperus-real-estate-fund-iii-on-acquisition-of-lithuanian-shopping-center,Closed-end Baltic (LT/LV) commercial real estate fund managed by Prosperus Asset Management; no ISIN
NOISIN:Prosperus Real Estate Fund IV,Prosperus Real Estate Fund IV,real_estate,europe,no,active,,,,,,https://pitchbook.com/profiles/fund/26439-94F,"Lithuanian closed-end real estate fund (opportunistic), manager Prosperus (Investiciju valdymas Prosperus), vintage 2022; Baltic focus"
NOISIN:Prosperus real estate fund III,Prosperus Real Estate Fund III,real_estate,other,no,active,,,,no,,https://ceelegalmatters.com/lithuania/9914-cobalt-advises-prosperus-real-estate-fund-iii-on-acquisition-of-lithuanian-shopping-center,Closed-end Baltic (LT/LV) commercial real estate fund managed by Prosperus Asset Management; no ISIN (same as earlier batch)
NOISIN:Prosperus real estate fund IV,Prosperus Real Estate Fund IV,real_estate,other,no,active,,,,,,https://pitchbook.com/profiles/fund/26439-94F,"Lithuanian closed-end opportunistic real estate fund (Prosperus, Vilnius), vintage 2022; Baltic focus"
NOISIN:SG Capital,,real_estate,other,no,active,,,,no,,https://www.ceelm.com/latvia/10856-ellex-klavins-advises-sg-capital-partners-aifp-on-raising-eur-80-million-investment,"Name not confirmed: 'SG Capital' most likely refers to a fund of SG Capital Partners AIFP (Latvia), e.g. SG Capital Partners Fund I KS (Baltic commercial real estate) or its Sustainable Forest and Land Fund. Asset class/region assume Baltic real estate (unverified)."
NOISIN:SG Capital Partners Fund 1,SG Capital Partners Fund I KS,real_estate,other,no,active,,,,no,,https://www.ceelm.com/latvia/10856-ellex-klavins-advises-sg-capital-partners-aifp-on-raising-eur-80-million-investment,"Baltic commercial real estate fund (Riga, Vilnius, Tallinn), manager SIA SG Capital Partners AIFP (Latvia)"
NOISIN:SG Capital Partners Fund 1 KS,SG Capital Partners Fund I KS,real_estate,other,no,active,,,,,,https://ceelm.com/latvia/10856-ellex-klavins-advises-sg-capital-partners-aifp-on-raising-eur-80-million-investment,"Latvian AIF (SG Capital Partners AIFP), Baltic commercial real estate (Riga, Vilnius, Tallinn), EUR 80m raise"
NOISIN:SG Capital Partners Sustainable Forest and Land,SG Capital Partners Sustainable Forest and Land Fund,real_estate,europe,no,active,,,,,,https://www.baltictimes.com/sg_capital_partners_aifp_launches_eur_53m_sustainable_forest_fund,"Forestry/land fund (timberland - real asset) by SG Capital Partners AIFP (Latvia), first close 2022 EUR 53m; Latvia and Baltics"
NOISIN:SG Capital Prtners Fund 1,SG Capital Partners Fund I KS,real_estate,other,no,active,,,,,,https://ellex.legal/project/sg-capital-partners-aifp-raises-investments-in-the-amount-of-eur-80-million/,"Latvian commercial real estate fund (retail/office in Riga, Vilnius, Tallinn) managed by SG Capital Partners AIFP"
NOISIN:Sound Senior Private Debt Fund 1 KUB,Sound Senior Private Debt Fund 1 KUB,bond,europe,no,active,,,,,,https://ilte.lt/en/news/108/more-financing-alternatives-a-EUR70-million-private-debt-fund-launched:2006 | https://www.lb.lt/en/sfi-financial-market-participants/informuotiesiems-investuotojams-skirta-uzdarojo-tipo-i-paskolas-investuojanti-investicine-bendrove-sound-senior-private-debt-fund-1-kub,"Private debt (senior/subordinated loans to Baltic SMEs/midcaps), Sound Asset Management, EUR 70m, 2025; asset_class 'bond' used for private credit - could be 'other'"
NOISIN:Syntaxis New Europe Fund SCSp,Syntaxis New Europe Fund SCSp,other,other,,active,,,,,,https://www.buyoutsinsider.com/syntaxis-reaches-first-close-on-new-central-europe-mezz-fund-3/,Syntaxis Capital CEE mezzanine/private-debt fund; exact fund page not verified
NOISIN:Usaldusfond EfTEN Real Estate Fund 4,Usaldusfond EfTEN Real Estate Fund 4,real_estate,other,no,active,,,,no,,https://eften.ee/en/funds/eften-real-estate-fund-4/fund-main-terms/,"closed-end Estonian contractual AIF; cash-flow commercial property in EE/LV/LT; up to EUR 150m equity, 10-year term"
ROFPTAACNOR5,S.C. Fondul Proprietatea S.A.,equity,other,yes,active,,,,no,,https://justetf.com/en/stock-profiles/ROFPTAACNOR5,"Romanian listed closed-end investment fund/company (Bucharest Stock Exchange, ticker FP); holds Romanian energy/utility stakes; Romania (frontier/EM)"
SE0000537680,Swedbank Robur Transition Global A,equity,global,,active,MSCI World Net,,1.25,no,,https://www.borskollen.se/fond/swedbank-robur-transition-global | https://fundspeople.com/it/fondo/se0000537680/,"Swedish UCITS, SEK base; global growth/transition-themed equities. TER field is management fee of A class (1.25%) per borskollen, ongoing charges not confirmed. SFDR not stated (thematic sustainability fund). Hedging: SEK class of global equity fund, unhedged assumed (not stated)."
SE0000539439,Swedbank Robur Small Cap Global A,equity,global,,active,,,,no,,https://www.dnb.no/en/saving/mutual-funds/fund-list/d/swedbank-robur-small-cap-global-a-SE0000539439,"Swedish name Swedbank Robur Smabolagsfond Global; SEK; global small caps (largest region US); management fee 1.25%, fund TER not verified; hedging assumed none"
SE0001003864,,equity,global,,active,,,,,,,"not identified: ISIN not found in public sources. LB name 'Transition Global Mega J' suggests a Swedbank Robur Transition Global share class (fund's A class is SE0000537680), but class/ISIN not verified"
SE0001912924,Swedbank Robur Global Emerging Markets A,equity,em,only,active,MSCI Emerging Markets Net,8,1.44,no,,https://app.allfunds.com/docs/fund_info/document/1d9662cef7c25b5ae729e06969bcb76b_390336/PR_SE_sv_SE0001912924_YES_2026-06-29.pdf | https://divvydiary.com/en/swedbank-robur-global-emerging-markets-a-fund-SE0001912924,"Prospectus: class A is SEK accumulating, no currency hedging; ongoing costs 1.44%. SFDR 8 inferred from Article 8-format sustainability annex (not named explicitly). ISIN-to-class link from divvydiary/doc service"
SE0017133978,Swedbank Robur Global Trends J,equity,global,,active,,,,no,,https://investing.com/funds/se0017133978 | https://www.nordnet.se/fonder/lista/swedbank-robur-global-trends-sek-4556d31b,"SEK class J; investing.com header also shows 'Swedbank Robur Transition Global J' (possible rename); global growth equity, ~69% US; TER for class J not found; hedging assumed none (not stated)"
SE0019892050,SEB Hybrid Capital Bond Fund R EUR (Acc),bond,europe,no,active,none,8,0.61,yes,,https://seb.se/pow/fmk/KIID/SE/EN/SE0019892050_en.pdf,mainly CoCo/AT1 bonds of European banks; target risk-free + 2.5%; ongoing charge 0.61% excl. 0.11% transaction costs
