date,index,value
2000-12-29,MSCI_ACWI,100.0000
2001-01-01,MSCI_ACWI,99.9951
2001-01-02,MSCI_ACWI,97.6020
2001-01-03,MSCI_ACWI,99.7822
2001-01-04,MSCI_ACWI,100.0606
2001-01-05,MSCI_ACWI,98.1315
2001-01-08,MSCI_ACWI,97.9657
2001-01-09,MSCI_ACWI,98.4770
2001-01-10,MSCI_ACWI,98.5923
2001-01-11,MSCI_ACWI,98.4851
2001-01-12,MSCI_ACWI,98.5560
2001-01-15,MSCI_ACWI,99.1860
2001-01-16,MSCI_ACWI,99.4569
2001-01-17,MSCI_ACWI,101.1929
2001-01-18,MSCI_ACWI,100.8619
2001-01-19,MSCI_ACWI,101.6389
2001-01-22,MSCI_ACWI,101.6290
2001-01-23,MSCI_ACWI,101.8877
2001-01-24,MSCI_ACWI,103.5482
2001-01-25,MSCI_ACWI,103.6570
2001-01-26,MSCI_ACWI,103.2757
2001-01-29,MSCI_ACWI,104.0175
2001-01-30,MSCI_ACWI,103.9577
2001-01-31,MSCI_ACWI,103.4955
2001-02-01,MSCI_ACWI,102.7303
2001-02-02,MSCI_ACWI,101.9704
2001-02-05,MSCI_ACWI,101.3557
2001-02-06,MSCI_ACWI,102.1141
2001-02-07,MSCI_ACWI,101.0510
2001-02-08,MSCI_ACWI,101.7200
2001-02-09,MSCI_ACWI,100.0591
2001-02-12,MSCI_ACWI,100.5329
2001-02-13,MSCI_ACWI,100.7591
2001-02-14,MSCI_ACWI,100.4646
2001-02-15,MSCI_ACWI,102.5728
2001-02-16,MSCI_ACWI,99.8871
2001-02-19,MSCI_ACWI,99.2438
2001-02-20,MSCI_ACWI,99.1616
2001-02-21,MSCI_ACWI,97.4224
2001-02-22,MSCI_ACWI,97.4778
2001-02-23,MSCI_ACWI,96.7386
2001-02-26,MSCI_ACWI,97.8766
2001-02-27,MSCI_ACWI,96.8204
2001-02-28,MSCI_ACWI,95.8338
2001-03-01,MSCI_ACWI,94.7145
2001-03-02,MSCI_ACWI,93.5324
2001-03-05,MSCI_ACWI,94.6405
2001-03-06,MSCI_ACWI,95.6095
2001-03-07,MSCI_ACWI,96.1890
2001-03-08,MSCI_ACWI,95.8024
2001-03-09,MSCI_ACWI,94.2420
2001-03-12,MSCI_ACWI,91.1493
2001-03-13,MSCI_ACWI,92.1188
2001-03-14,MSCI_ACWI,90.6749
2001-03-15,MSCI_ACWI,91.9172
2001-03-16,MSCI_ACWI,90.8823
2001-03-19,MSCI_ACWI,91.4295
2001-03-20,MSCI_ACWI,90.3336
2001-03-21,MSCI_ACWI,89.8525
2001-03-22,MSCI_ACWI,89.0842
2001-03-23,MSCI_ACWI,90.2283
2001-03-26,MSCI_ACWI,92.0490
2001-03-27,MSCI_ACWI,93.6168
2001-03-28,MSCI_ACWI,92.8363
2001-03-29,MSCI_ACWI,92.6588
2001-03-30,MSCI_ACWI,92.9463
2001-04-02,MSCI_ACWI,92.1918
2001-04-03,MSCI_ACWI,89.4422
2001-04-04,MSCI_ACWI,88.3552
2001-04-05,MSCI_ACWI,91.5943
2001-04-06,MSCI_ACWI,90.3978
2001-04-09,MSCI_ACWI,90.7084
2001-04-10,MSCI_ACWI,93.3922
2001-04-11,MSCI_ACWI,94.0660
2001-04-12,MSCI_ACWI,94.2610
2001-04-13,MSCI_ACWI,94.2251
2001-04-16,MSCI_ACWI,94.6779
2001-04-17,MSCI_ACWI,95.2149
2001-04-18,MSCI_ACWI,99.1558
2001-04-19,MSCI_ACWI,98.7757
2001-04-20,MSCI_ACWI,96.9947
2001-04-23,MSCI_ACWI,96.2939
2001-04-24,MSCI_ACWI,95.9993
2001-04-25,MSCI_ACWI,96.5951
2001-04-26,MSCI_ACWI,96.8202
2001-04-27,MSCI_ACWI,98.6347
2001-04-30,MSCI_ACWI,99.3891
2001-05-01,MSCI_ACWI,100.1017
2001-05-02,MSCI_ACWI,100.1978
2001-05-03,MSCI_ACWI,98.7886
2001-05-04,MSCI_ACWI,99.5465
2001-05-07,MSCI_ACWI,100.0009
2001-05-08,MSCI_ACWI,100.1101
2001-05-09,MSCI_ACWI,99.6312
2001-05-10,MSCI_ACWI,100.1663
2001-05-11,MSCI_ACWI,100.2038
2001-05-14,MSCI_ACWI,99.7536
2001-05-15,MSCI_ACWI,99.7463
2001-05-16,MSCI_ACWI,100.5705
2001-05-17,MSCI_ACWI,101.6261
2001-05-18,MSCI_ACWI,102.2012
2001-05-21,MSCI_ACWI,103.5090
2001-05-22,MSCI_ACWI,104.3847
2001-05-23,MSCI_ACWI,104.0125
2001-05-24,MSCI_ACWI,104.4484
2001-05-25,MSCI_ACWI,103.6148
2001-05-28,MSCI_ACWI,103.2399
2001-05-29,MSCI_ACWI,103.3035
2001-05-30,MSCI_ACWI,101.5303
2001-05-31,MSCI_ACWI,102.7356
2001-06-01,MSCI_ACWI,102.9981
2001-06-04,MSCI_ACWI,103.3155
2001-06-05,MSCI_ACWI,104.1308
2001-06-06,MSCI_ACWI,103.4986
2001-06-07,MSCI_ACWI,103.4573
2001-06-08,MSCI_ACWI,103.1282
2001-06-11,MSCI_ACWI,102.8319
2001-06-12,MSCI_ACWI,101.3341
2001-06-13,MSCI_ACWI,100.8064
2001-06-14,MSCI_ACWI,98.9416
2001-06-15,MSCI_ACWI,97.9535
2001-06-18,MSCI_ACWI,97.3340
2001-06-19,MSCI_ACWI,97.8896
2001-06-20,MSCI_ACWI,98.7268
2001-06-21,MSCI_ACWI,99.3291
2001-06-22,MSCI_ACWI,98.9816
2001-06-25,MSCI_ACWI,97.9872
2001-06-26,MSCI_ACWI,97.3852
2001-06-27,MSCI_ACWI,97.2378
2001-06-28,MSCI_ACWI,99.0610
2001-06-29,MSCI_ACWI,99.6821
2001-07-02,MSCI_ACWI,100.6621
2001-07-03,MSCI_ACWI,100.1564
2001-07-04,MSCI_ACWI,99.9075
2001-07-05,MSCI_ACWI,99.6004
2001-07-06,MSCI_ACWI,96.8003
2001-07-09,MSCI_ACWI,96.6966
2001-07-10,MSCI_ACWI,95.3681
2001-07-11,MSCI_ACWI,94.3241
2001-07-12,MSCI_ACWI,96.8100
2001-07-13,MSCI_ACWI,97.2490
2001-07-16,MSCI_ACWI,96.2551
2001-07-17,MSCI_ACWI,96.6791
2001-07-18,MSCI_ACWI,94.3100
2001-07-19,MSCI_ACWI,95.1840
2001-07-20,MSCI_ACWI,94.5384
2001-07-23,MSCI_ACWI,93.8747
2001-07-24,MSCI_ACWI,92.2854
2001-07-25,MSCI_ACWI,92.4134
2001-07-26,MSCI_ACWI,93.2680
2001-07-27,MSCI_ACWI,94.1098
2001-07-30,MSCI_ACWI,94.0677
2001-07-31,MSCI_ACWI,94.9061
2001-08-01,MSCI_ACWI,95.0161
2001-08-02,MSCI_ACWI,95.3689
2001-08-03,MSCI_ACWI,94.4517
2001-08-06,MSCI_ACWI,94.2525
2001-08-07,MSCI_ACWI,94.8184
2001-08-08,MSCI_ACWI,93.6255
2001-08-09,MSCI_ACWI,91.8500
2001-08-10,MSCI_ACWI,91.4877
2001-08-13,MSCI_ACWI,91.2590
2001-08-14,MSCI_ACWI,91.7942
2001-08-15,MSCI_ACWI,90.4206
2001-08-16,MSCI_ACWI,89.9793
2001-08-17,MSCI_ACWI,88.3917
2001-08-20,MSCI_ACWI,88.8446
2001-08-21,MSCI_ACWI,88.6617
2001-08-22,MSCI_ACWI,88.4212
2001-08-23,MSCI_ACWI,88.7656
2001-08-24,MSCI_ACWI,90.0686
2001-08-27,MSCI_ACWI,90.2661
2001-08-28,MSCI_ACWI,89.1653
2001-08-29,MSCI_ACWI,88.3892
2001-08-30,MSCI_ACWI,86.9616
2001-08-31,MSCI_ACWI,87.1847
2001-09-03,MSCI_ACWI,86.7794
2001-09-04,MSCI_ACWI,88.5421
2001-09-05,MSCI_ACWI,88.1058
2001-09-06,MSCI_ACWI,86.2000
2001-09-07,MSCI_ACWI,83.8462
2001-09-10,MSCI_ACWI,83.9138
2001-09-11,MSCI_ACWI,81.8452
2001-09-12,MSCI_ACWI,81.5413
2001-09-13,MSCI_ACWI,81.6856
2001-09-14,MSCI_ACWI,79.8455
2001-09-17,MSCI_ACWI,77.8528
2001-09-18,MSCI_ACWI,77.3610
2001-09-19,MSCI_ACWI,76.0044
2001-09-20,MSCI_ACWI,73.8417
2001-09-21,MSCI_ACWI,72.7960
2001-09-24,MSCI_ACWI,75.4991
2001-09-25,MSCI_ACWI,75.6690
2001-09-26,MSCI_ACWI,75.8318
2001-09-27,MSCI_ACWI,76.5357
2001-09-28,MSCI_ACWI,78.9939
2001-10-01,MSCI_ACWI,78.2195
2001-10-02,MSCI_ACWI,78.9927
2001-10-03,MSCI_ACWI,79.4454
2001-10-04,MSCI_ACWI,80.8440
2001-10-05,MSCI_ACWI,80.4686
2001-10-08,MSCI_ACWI,80.0653
2001-10-09,MSCI_ACWI,79.6847
2001-10-10,MSCI_ACWI,81.5855
2001-10-11,MSCI_ACWI,83.5132
2001-10-12,MSCI_ACWI,83.0468
2001-10-15,MSCI_ACWI,82.3120
2001-10-16,MSCI_ACWI,82.8005
2001-10-17,MSCI_ACWI,82.7963
2001-10-18,MSCI_ACWI,82.1116
2001-10-19,MSCI_ACWI,82.3036
2001-10-22,MSCI_ACWI,83.6936
2001-10-23,MSCI_ACWI,84.4775
2001-10-24,MSCI_ACWI,84.3660
2001-10-25,MSCI_ACWI,84.2052
2001-10-26,MSCI_ACWI,85.1435
2001-10-29,MSCI_ACWI,82.5807
2001-10-30,MSCI_ACWI,80.7997
2001-10-31,MSCI_ACWI,81.5559
2001-11-01,MSCI_ACWI,82.3792
2001-11-02,MSCI_ACWI,82.7363
2001-11-05,MSCI_ACWI,84.5155
2001-11-06,MSCI_ACWI,85.3467
2001-11-07,MSCI_ACWI,84.9714
2001-11-08,MSCI_ACWI,86.3067
2001-11-09,MSCI_ACWI,86.0131
2001-11-12,MSCI_ACWI,85.2076
2001-11-13,MSCI_ACWI,87.6237
2001-11-14,MSCI_ACWI,87.7429
2001-11-15,MSCI_ACWI,88.3169
2001-11-16,MSCI_ACWI,88.0669
2001-11-19,MSCI_ACWI,89.5180
2001-11-20,MSCI_ACWI,88.5170
2001-11-21,MSCI_ACWI,88.7266
2001-11-22,MSCI_ACWI,88.7259
2001-11-23,MSCI_ACWI,89.3468
2001-11-26,MSCI_ACWI,89.6770
2001-11-27,MSCI_ACWI,88.8332
2001-11-28,MSCI_ACWI,87.1073
2001-11-29,MSCI_ACWI,87.4674
2001-11-30,MSCI_ACWI,87.0649
2001-12-03,MSCI_ACWI,86.6815
2001-12-04,MSCI_ACWI,87.5952
2001-12-05,MSCI_ACWI,89.9586
2001-12-06,MSCI_ACWI,89.8334
2001-12-07,MSCI_ACWI,89.1263
2001-12-10,MSCI_ACWI,87.8675
2001-12-11,MSCI_ACWI,87.6418
2001-12-12,MSCI_ACWI,87.2139
2001-12-13,MSCI_ACWI,85.5909
2001-12-14,MSCI_ACWI,85.0618
2001-12-17,MSCI_ACWI,85.8270
2001-12-18,MSCI_ACWI,86.4840
2001-12-19,MSCI_ACWI,86.8081
2001-12-20,MSCI_ACWI,86.3782
2001-12-21,MSCI_ACWI,87.5942
2001-12-24,MSCI_ACWI,88.2914
2001-12-25,MSCI_ACWI,88.2842
2001-12-26,MSCI_ACWI,88.4027
2001-12-27,MSCI_ACWI,88.6702
2001-12-28,MSCI_ACWI,89.5636
2001-12-31,MSCI_ACWI,88.3504
2002-01-01,MSCI_ACWI,88.3510
2002-01-02,MSCI_ACWI,87.3444
2002-01-03,MSCI_ACWI,88.6667
2002-01-04,MSCI_ACWI,89.7928
2002-01-07,MSCI_ACWI,89.4767
2002-01-08,MSCI_ACWI,88.9334
2002-01-09,MSCI_ACWI,88.8095
2002-01-10,MSCI_ACWI,88.0953
2002-01-11,MSCI_ACWI,87.9036
2002-01-14,MSCI_ACWI,86.7863
2002-01-15,MSCI_ACWI,87.3993
2002-01-16,MSCI_ACWI,86.8622
2002-01-17,MSCI_ACWI,87.8593
2002-01-18,MSCI_ACWI,87.1216
2002-01-21,MSCI_ACWI,87.0470
2002-01-22,MSCI_ACWI,86.5259
2002-01-23,MSCI_ACWI,86.8807
2002-01-24,MSCI_ACWI,87.8942
2002-01-25,MSCI_ACWI,88.9628
2002-01-28,MSCI_ACWI,89.5323
2002-01-29,MSCI_ACWI,87.6064
2002-01-30,MSCI_ACWI,87.5933
2002-01-31,MSCI_ACWI,88.8551
2002-02-01,MSCI_ACWI,88.3973
2002-02-04,MSCI_ACWI,86.4419
2002-02-05,MSCI_ACWI,85.5461
2002-02-06,MSCI_ACWI,84.9989
2002-02-07,MSCI_ACWI,85.0986
2002-02-08,MSCI_ACWI,85.6680
2002-02-11,MSCI_ACWI,86.2527
2002-02-12,MSCI_ACWI,86.3034
2002-02-13,MSCI_ACWI,87.3330
2002-02-14,MSCI_ACWI,87.8640
2002-02-15,MSCI_ACWI,86.8114
2002-02-18,MSCI_ACWI,86.9089
2002-02-19,MSCI_ACWI,85.0163
2002-02-20,MSCI_ACWI,85.5475
2002-02-21,MSCI_ACWI,85.3252
2002-02-22,MSCI_ACWI,85.0162
2002-02-25,MSCI_ACWI,86.6028
2002-02-26,MSCI_ACWI,86.9371
2002-02-27,MSCI_ACWI,87.9420
2002-02-28,MSCI_ACWI,87.7584
2002-03-01,MSCI_ACWI,89.3043
2002-03-04,MSCI_ACWI,91.1288
2002-03-05,MSCI_ACWI,90.7048
2002-03-06,MSCI_ACWI,91.1298
2002-03-07,MSCI_ACWI,91.0101
2002-03-08,MSCI_ACWI,91.7793
2002-03-11,MSCI_ACWI,91.9529
2002-03-12,MSCI_ACWI,91.5854
2002-03-13,MSCI_ACWI,90.6917
2002-03-14,MSCI_ACWI,90.2750
2002-03-15,MSCI_ACWI,91.0307
2002-03-18,MSCI_ACWI,91.1815
2002-03-19,MSCI_ACWI,91.5028
2002-03-20,MSCI_ACWI,90.2591
2002-03-21,MSCI_ACWI,90.3976
2002-03-22,MSCI_ACWI,90.3757
2002-03-25,MSCI_ACWI,89.5486
2002-03-26,MSCI_ACWI,89.8445
2002-03-27,MSCI_ACWI,90.5519
2002-03-28,MSCI_ACWI,91.0784
2002-03-29,MSCI_ACWI,90.9119
2002-04-01,MSCI_ACWI,90.2833
2002-04-02,MSCI_ACWI,89.6903
2002-04-03,MSCI_ACWI,89.3522
2002-04-04,MSCI_ACWI,89.0477
2002-04-05,MSCI_ACWI,89.1844
2002-04-08,MSCI_ACWI,89.1814
2002-04-09,MSCI_ACWI,88.6516
2002-04-10,MSCI_ACWI,89.2534
2002-04-11,MSCI_ACWI,87.2402
2002-04-12,MSCI_ACWI,87.8679
2002-04-15,MSCI_ACWI,87.7295
2002-04-16,MSCI_ACWI,89.2694
2002-04-17,MSCI_ACWI,89.0941
2002-04-18,MSCI_ACWI,88.7248
2002-04-19,MSCI_ACWI,88.8740
2002-04-22,MSCI_ACWI,88.0590
2002-04-23,MSCI_ACWI,87.6038
2002-04-24,MSCI_ACWI,87.0020
2002-04-25,MSCI_ACWI,86.2593
2002-04-26,MSCI_ACWI,85.4247
2002-04-29,MSCI_ACWI,84.5856
2002-04-30,MSCI_ACWI,85.1953
2002-05-01,MSCI_ACWI,85.2972
2002-05-02,MSCI_ACWI,85.4058
2002-05-03,MSCI_ACWI,84.1463
2002-05-06,MSCI_ACWI,82.8875
2002-05-07,MSCI_ACWI,82.5809
2002-05-08,MSCI_ACWI,85.1942
2002-05-09,MSCI_ACWI,84.4766
2002-05-10,MSCI_ACWI,83.1586
2002-05-13,MSCI_ACWI,84.2557
2002-05-14,MSCI_ACWI,86.1402
2002-05-15,MSCI_ACWI,85.9375
2002-05-16,MSCI_ACWI,86.1310
2002-05-17,MSCI_ACWI,85.7494
2002-05-20,MSCI_ACWI,85.0053
2002-05-21,MSCI_ACWI,84.6582
2002-05-22,MSCI_ACWI,84.1144
2002-05-23,MSCI_ACWI,84.9360
2002-05-24,MSCI_ACWI,84.3753
2002-05-27,MSCI_ACWI,84.5542
2002-05-28,MSCI_ACWI,83.3487
2002-05-29,MSCI_ACWI,82.7088
2002-05-30,MSCI_ACWI,81.9304
2002-05-31,MSCI_ACWI,82.2364
2002-06-03,MSCI_ACWI,80.7909
2002-06-04,MSCI_ACWI,79.9089
2002-06-05,MSCI_ACWI,80.4344
2002-06-06,MSCI_ACWI,78.9785
2002-06-07,MSCI_ACWI,78.4638
2002-06-10,MSCI_ACWI,78.6605
2002-06-11,MSCI_ACWI,78.1708
2002-06-12,MSCI_ACWI,77.6861
2002-06-13,MSCI_ACWI,76.9394
2002-06-14,MSCI_ACWI,75.9715
2002-06-17,MSCI_ACWI,77.9846
2002-06-18,MSCI_ACWI,77.7407
2002-06-19,MSCI_ACWI,76.0026
2002-06-20,MSCI_ACWI,74.5146
2002-06-21,MSCI_ACWI,73.3980
2002-06-24,MSCI_ACWI,72.6033
2002-06-25,MSCI_ACWI,72.7947
2002-06-26,MSCI_ACWI,70.9445
2002-06-27,MSCI_ACWI,72.3220
2002-06-28,MSCI_ACWI,73.0176
2002-07-01,MSCI_ACWI,72.1880
2002-07-02,MSCI_ACWI,70.7811
2002-07-03,MSCI_ACWI,70.8252
2002-07-04,MSCI_ACWI,71.2717
2002-07-05,MSCI_ACWI,73.9418
2002-07-08,MSCI_ACWI,72.6983
2002-07-09,MSCI_ACWI,71.3344
2002-07-10,MSCI_ACWI,69.6057
2002-07-11,MSCI_ACWI,68.8892
2002-07-12,MSCI_ACWI,68.8135
2002-07-15,MSCI_ACWI,66.7086
2002-07-16,MSCI_ACWI,65.7308
2002-07-17,MSCI_ACWI,66.7202
2002-07-18,MSCI_ACWI,66.1184
2002-07-19,MSCI_ACWI,63.4651
2002-07-22,MSCI_ACWI,61.6537
2002-07-23,MSCI_ACWI,61.0070
2002-07-24,MSCI_ACWI,62.3667
2002-07-25,MSCI_ACWI,62.3011
2002-07-26,MSCI_ACWI,63.3030
2002-07-29,MSCI_ACWI,66.7966
2002-07-30,MSCI_ACWI,66.6519
2002-07-31,MSCI_ACWI,67.3693
2002-08-01,MSCI_ACWI,65.3347
2002-08-02,MSCI_ACWI,64.3456
2002-08-05,MSCI_ACWI,62.4037
2002-08-06,MSCI_ACWI,64.9413
2002-08-07,MSCI_ACWI,65.4571
2002-08-08,MSCI_ACWI,67.4592
2002-08-09,MSCI_ACWI,67.8499
2002-08-12,MSCI_ACWI,66.8892
2002-08-13,MSCI_ACWI,66.2595
2002-08-14,MSCI_ACWI,66.9247
2002-08-15,MSCI_ACWI,68.3444
2002-08-16,MSCI_ACWI,68.1783
2002-08-19,MSCI_ACWI,69.8431
2002-08-20,MSCI_ACWI,69.0717
2002-08-21,MSCI_ACWI,69.5380
2002-08-22,MSCI_ACWI,70.9787
2002-08-23,MSCI_ACWI,69.7877
2002-08-26,MSCI_ACWI,70.0522
2002-08-27,MSCI_ACWI,69.4254
2002-08-28,MSCI_ACWI,67.7970
2002-08-29,MSCI_ACWI,67.2272
2002-08-30,MSCI_ACWI,67.4984
2002-09-02,MSCI_ACWI,66.9365
2002-09-03,MSCI_ACWI,63.8635
2002-09-04,MSCI_ACWI,64.5088
2002-09-05,MSCI_ACWI,64.0051
2002-09-06,MSCI_ACWI,65.3903
2002-09-09,MSCI_ACWI,65.7714
2002-09-10,MSCI_ACWI,66.9163
2002-09-11,MSCI_ACWI,67.4278
2002-09-12,MSCI_ACWI,65.6345
2002-09-13,MSCI_ACWI,65.0880
2002-09-16,MSCI_ACWI,65.3295
2002-09-17,MSCI_ACWI,64.7734
2002-09-18,MSCI_ACWI,63.4817
2002-09-19,MSCI_ACWI,61.9404
2002-09-20,MSCI_ACWI,61.7645
2002-09-23,MSCI_ACWI,60.6175
2002-09-24,MSCI_ACWI,59.8263
2002-09-25,MSCI_ACWI,60.8866
2002-09-26,MSCI_ACWI,62.5005
2002-09-27,MSCI_ACWI,61.5207
2002-09-30,MSCI_ACWI,59.6135
2002-10-01,MSCI_ACWI,61.2232
2002-10-02,MSCI_ACWI,60.8082
2002-10-03,MSCI_ACWI,59.9920
2002-10-04,MSCI_ACWI,59.1846
2002-10-07,MSCI_ACWI,58.0214
2002-10-08,MSCI_ACWI,58.4654
2002-10-09,MSCI_ACWI,56.9890
2002-10-10,MSCI_ACWI,58.4262
2002-10-11,MSCI_ACWI,60.5675
2002-10-14,MSCI_ACWI,60.6258
2002-10-15,MSCI_ACWI,63.7242
2002-10-16,MSCI_ACWI,62.6656
2002-10-17,MSCI_ACWI,64.5819
2002-10-18,MSCI_ACWI,64.8368
2002-10-21,MSCI_ACWI,65.3500
2002-10-22,MSCI_ACWI,64.4467
2002-10-23,MSCI_ACWI,64.3298
2002-10-24,MSCI_ACWI,64.2882
2002-10-25,MSCI_ACWI,64.7360
2002-10-28,MSCI_ACWI,64.4276
2002-10-29,MSCI_ACWI,63.1839
2002-10-30,MSCI_ACWI,64.0883
2002-10-31,MSCI_ACWI,63.8537
2002-11-01,MSCI_ACWI,63.9881
2002-11-04,MSCI_ACWI,65.0759
2002-11-05,MSCI_ACWI,65.3095
2002-11-06,MSCI_ACWI,65.6478
2002-11-07,MSCI_ACWI,63.9984
2002-11-08,MSCI_ACWI,63.1786
2002-11-11,MSCI_ACWI,62.2096
2002-11-12,MSCI_ACWI,62.7324
2002-11-13,MSCI_ACWI,62.5740
2002-11-14,MSCI_ACWI,63.9059
2002-11-15,MSCI_ACWI,64.3149
2002-11-18,MSCI_ACWI,63.9091
2002-11-19,MSCI_ACWI,63.4492
2002-11-20,MSCI_ACWI,64.5467
2002-11-21,MSCI_ACWI,66.2381
2002-11-22,MSCI_ACWI,66.2960
2002-11-25,MSCI_ACWI,66.7234
2002-11-26,MSCI_ACWI,65.4876
2002-11-27,MSCI_ACWI,67.0999
2002-11-28,MSCI_ACWI,67.1443
2002-11-29,MSCI_ACWI,67.0223
2002-12-02,MSCI_ACWI,66.9457
2002-12-03,MSCI_ACWI,65.8354
2002-12-04,MSCI_ACWI,65.2983
2002-12-05,MSCI_ACWI,64.5528
2002-12-06,MSCI_ACWI,64.3796
2002-12-09,MSCI_ACWI,63.1942
2002-12-10,MSCI_ACWI,63.6256
2002-12-11,MSCI_ACWI,63.8388
2002-12-12,MSCI_ACWI,63.1912
2002-12-13,MSCI_ACWI,62.2159
2002-12-16,MSCI_ACWI,63.5267
2002-12-17,MSCI_ACWI,62.6125
2002-12-18,MSCI_ACWI,61.7794
2002-12-19,MSCI_ACWI,61.6194
2002-12-20,MSCI_ACWI,62.1717
2002-12-23,MSCI_ACWI,62.3146
2002-12-24,MSCI_ACWI,61.9659
2002-12-25,MSCI_ACWI,61.9463
2002-12-26,MSCI_ACWI,61.7879
2002-12-27,MSCI_ACWI,60.4223
2002-12-30,MSCI_ACWI,60.5119
2002-12-31,MSCI_ACWI,60.4833
2003-01-01,MSCI_ACWI,60.4842
2003-01-02,MSCI_ACWI,62.6378
2003-01-03,MSCI_ACWI,62.6083
2003-01-06,MSCI_ACWI,63.3924
2003-01-07,MSCI_ACWI,63.1424
2003-01-08,MSCI_ACWI,62.4710
2003-01-09,MSCI_ACWI,62.8709
2003-01-10,MSCI_ACWI,62.7338
2003-01-13,MSCI_ACWI,62.6570
2003-01-14,MSCI_ACWI,62.8785
2003-01-15,MSCI_ACWI,62.2099
2003-01-16,MSCI_ACWI,62.0957
2003-01-17,MSCI_ACWI,60.8596
2003-01-20,MSCI_ACWI,60.4846
2003-01-21,MSCI_ACWI,59.7764
2003-01-22,MSCI_ACWI,58.9799
2003-01-23,MSCI_ACWI,59.1278
2003-01-24,MSCI_ACWI,57.7316
2003-01-27,MSCI_ACWI,56.4305
2003-01-28,MSCI_ACWI,56.7583
2003-01-29,MSCI_ACWI,56.8553
2003-01-30,MSCI_ACWI,56.9210
2003-01-31,MSCI_ACWI,57.3849
2003-02-03,MSCI_ACWI,57.9054
2003-02-04,MSCI_ACWI,56.4862
2003-02-05,MSCI_ACWI,56.7371
2003-02-06,MSCI_ACWI,56.1120
2003-02-07,MSCI_ACWI,55.6573
2003-02-10,MSCI_ACWI,55.9415
2003-02-11,MSCI_ACWI,56.2580
2003-02-12,MSCI_ACWI,55.5860
2003-02-13,MSCI_ACWI,55.0488
2003-02-14,MSCI_ACWI,56.0743
2003-02-17,MSCI_ACWI,56.7098
2003-02-18,MSCI_ACWI,57.6928
2003-02-19,MSCI_ACWI,56.9113
2003-02-20,MSCI_ACWI,56.2142
2003-02-21,MSCI_ACWI,56.7257
2003-02-24,MSCI_ACWI,56.2151
2003-02-25,MSCI_ACWI,55.8690
2003-02-26,MSCI_ACWI,55.2412
2003-02-27,MSCI_ACWI,55.8583
2003-02-28,MSCI_ACWI,56.1309
2003-03-03,MSCI_ACWI,55.7976
2003-03-04,MSCI_ACWI,54.7471
2003-03-05,MSCI_ACWI,54.6066
2003-03-06,MSCI_ACWI,54.1173
2003-03-07,MSCI_ACWI,53.7314
2003-03-10,MSCI_ACWI,52.4707
2003-03-11,MSCI_ACWI,52.1000
2003-03-12,MSCI_ACWI,51.9073
2003-03-13,MSCI_ACWI,54.1187
2003-03-14,MSCI_ACWI,55.3227
2003-03-17,MSCI_ACWI,57.0918
2003-03-18,MSCI_ACWI,57.6552
2003-03-19,MSCI_ACWI,58.3408
2003-03-20,MSCI_ACWI,58.3713
2003-03-21,MSCI_ACWI,59.8986
2003-03-24,MSCI_ACWI,57.6918
2003-03-25,MSCI_ACWI,58.0178
2003-03-26,MSCI_ACWI,58.0127
2003-03-27,MSCI_ACWI,57.5217
2003-03-28,MSCI_ACWI,57.0882
2003-03-31,MSCI_ACWI,55.2022
2003-04-01,MSCI_ACWI,55.8364
2003-04-02,MSCI_ACWI,57.6347
2003-04-03,MSCI_ACWI,57.8203
2003-04-04,MSCI_ACWI,58.2837
2003-04-07,MSCI_ACWI,59.3134
2003-04-08,MSCI_ACWI,58.7915
2003-04-09,MSCI_ACWI,58.1473
2003-04-10,MSCI_ACWI,57.5427
2003-04-11,MSCI_ACWI,57.7291
2003-04-14,MSCI_ACWI,58.3348
2003-04-15,MSCI_ACWI,58.9406
2003-04-16,MSCI_ACWI,58.1836
2003-04-17,MSCI_ACWI,58.6241
2003-04-18,MSCI_ACWI,58.6543
2003-04-21,MSCI_ACWI,58.7574
2003-04-22,MSCI_ACWI,59.1185
2003-04-23,MSCI_ACWI,59.7033
2003-04-24,MSCI_ACWI,58.8862
2003-04-25,MSCI_ACWI,58.0946
2003-04-28,MSCI_ACWI,59.0919
2003-04-29,MSCI_ACWI,59.1259
2003-04-30,MSCI_ACWI,58.7594
2003-05-01,MSCI_ACWI,58.3431
2003-05-02,MSCI_ACWI,59.1044
2003-05-05,MSCI_ACWI,58.9376
2003-05-06,MSCI_ACWI,59.3325
2003-05-07,MSCI_ACWI,59.0213
2003-05-08,MSCI_ACWI,57.8954
2003-05-09,MSCI_ACWI,58.4022
2003-05-12,MSCI_ACWI,58.7126
2003-05-13,MSCI_ACWI,58.7778
2003-05-14,MSCI_ACWI,58.8682
2003-05-15,MSCI_ACWI,59.3596
2003-05-16,MSCI_ACWI,59.0564
2003-05-19,MSCI_ACWI,57.1102
2003-05-20,MSCI_ACWI,57.2676
2003-05-21,MSCI_ACWI,57.0625
2003-05-22,MSCI_ACWI,57.6844
2003-05-23,MSCI_ACWI,57.3918
2003-05-26,MSCI_ACWI,57.0793
2003-05-27,MSCI_ACWI,57.6970
2003-05-28,MSCI_ACWI,58.5771
2003-05-29,MSCI_ACWI,58.2894
2003-05-30,MSCI_ACWI,58.9606
2003-06-02,MSCI_ACWI,59.7374
2003-06-03,MSCI_ACWI,59.7673
2003-06-04,MSCI_ACWI,60.6538
2003-06-05,MSCI_ACWI,60.1888
2003-06-06,MSCI_ACWI,61.0885
2003-06-09,MSCI_ACWI,60.2631
2003-06-10,MSCI_ACWI,60.9176
2003-06-11,MSCI_ACWI,61.3949
2003-06-12,MSCI_ACWI,61.6939
2003-06-13,MSCI_ACWI,60.8946
2003-06-16,MSCI_ACWI,61.6456
2003-06-17,MSCI_ACWI,62.1703
2003-06-18,MSCI_ACWI,62.6912
2003-06-19,MSCI_ACWI,61.9319
2003-06-20,MSCI_ACWI,62.3240
2003-06-23,MSCI_ACWI,61.9112
2003-06-24,MSCI_ACWI,61.7548
2003-06-25,MSCI_ACWI,61.4180
2003-06-26,MSCI_ACWI,62.1698
2003-06-27,MSCI_ACWI,62.0529
2003-06-30,MSCI_ACWI,61.5181
2003-07-01,MSCI_ACWI,61.1854
2003-07-02,MSCI_ACWI,62.4518
2003-07-03,MSCI_ACWI,62.3973
2003-07-04,MSCI_ACWI,62.4609
2003-07-07,MSCI_ACWI,64.2701
2003-07-08,MSCI_ACWI,64.5999
2003-07-09,MSCI_ACWI,64.1712
2003-07-10,MSCI_ACWI,63.3680
2003-07-11,MSCI_ACWI,63.9036
2003-07-14,MSCI_ACWI,64.6434
2003-07-15,MSCI_ACWI,64.5168
2003-07-16,MSCI_ACWI,64.2338
2003-07-17,MSCI_ACWI,63.5701
2003-07-18,MSCI_ACWI,63.8691
2003-07-21,MSCI_ACWI,62.7572
2003-07-22,MSCI_ACWI,62.9873
2003-07-23,MSCI_ACWI,62.7389
2003-07-24,MSCI_ACWI,62.6727
2003-07-25,MSCI_ACWI,62.9808
2003-07-28,MSCI_ACWI,63.4228
2003-07-29,MSCI_ACWI,63.0114
2003-07-30,MSCI_ACWI,63.3063
2003-07-31,MSCI_ACWI,64.1375
2003-08-01,MSCI_ACWI,63.6717
2003-08-04,MSCI_ACWI,63.1976
2003-08-05,MSCI_ACWI,62.5903
2003-08-06,MSCI_ACWI,62.2166
2003-08-07,MSCI_ACWI,62.4430
2003-08-08,MSCI_ACWI,63.0973
2003-08-11,MSCI_ACWI,63.4192
2003-08-12,MSCI_ACWI,64.0345
2003-08-13,MSCI_ACWI,63.9878
2003-08-14,MSCI_ACWI,64.7100
2003-08-15,MSCI_ACWI,64.8037
2003-08-18,MSCI_ACWI,65.7948
2003-08-19,MSCI_ACWI,66.3317
2003-08-20,MSCI_ACWI,66.1954
2003-08-21,MSCI_ACWI,67.2863
2003-08-22,MSCI_ACWI,67.4530
2003-08-25,MSCI_ACWI,67.0943
2003-08-26,MSCI_ACWI,67.0984
2003-08-27,MSCI_ACWI,67.1752
2003-08-28,MSCI_ACWI,67.4082
2003-08-29,MSCI_ACWI,67.2903
2003-09-01,MSCI_ACWI,67.7337
2003-09-02,MSCI_ACWI,68.8338
2003-09-03,MSCI_ACWI,69.5730
2003-09-04,MSCI_ACWI,69.2285
2003-09-05,MSCI_ACWI,68.3105
2003-09-08,MSCI_ACWI,68.5081
2003-09-09,MSCI_ACWI,67.7133
2003-09-10,MSCI_ACWI,66.8718
2003-09-11,MSCI_ACWI,67.1233
2003-09-12,MSCI_ACWI,66.6924
2003-09-15,MSCI_ACWI,66.5984
2003-09-16,MSCI_ACWI,67.9686
2003-09-17,MSCI_ACWI,67.8037
2003-09-18,MSCI_ACWI,68.3973
2003-09-19,MSCI_ACWI,67.7582
2003-09-22,MSCI_ACWI,66.2996
2003-09-23,MSCI_ACWI,66.4760
2003-09-24,MSCI_ACWI,65.9057
2003-09-25,MSCI_ACWI,65.1516
2003-09-26,MSCI_ACWI,64.9479
2003-09-29,MSCI_ACWI,64.9143
2003-09-30,MSCI_ACWI,63.8244
2003-10-01,MSCI_ACWI,64.7328
2003-10-02,MSCI_ACWI,65.2466
2003-10-03,MSCI_ACWI,66.3469
2003-10-06,MSCI_ACWI,66.3455
2003-10-07,MSCI_ACWI,66.0759
2003-10-08,MSCI_ACWI,65.6023
2003-10-09,MSCI_ACWI,66.4889
2003-10-10,MSCI_ACWI,66.2973
2003-10-13,MSCI_ACWI,67.3946
2003-10-14,MSCI_ACWI,67.4413
2003-10-15,MSCI_ACWI,67.7292
2003-10-16,MSCI_ACWI,67.6824
2003-10-17,MSCI_ACWI,67.5051
2003-10-20,MSCI_ACWI,67.5888
2003-10-21,MSCI_ACWI,67.5879
2003-10-22,MSCI_ACWI,66.2339
2003-10-23,MSCI_ACWI,65.7427
2003-10-24,MSCI_ACWI,65.4816
2003-10-27,MSCI_ACWI,66.0201
2003-10-28,MSCI_ACWI,67.2578
2003-10-29,MSCI_ACWI,67.4719
2003-10-30,MSCI_ACWI,67.5683
2003-10-31,MSCI_ACWI,67.7972
2003-11-03,MSCI_ACWI,69.0333
2003-11-04,MSCI_ACWI,68.9010
2003-11-05,MSCI_ACWI,68.7867
2003-11-06,MSCI_ACWI,69.1059
2003-11-07,MSCI_ACWI,69.0811
2003-11-10,MSCI_ACWI,68.5708
2003-11-11,MSCI_ACWI,68.1223
2003-11-12,MSCI_ACWI,68.1768
2003-11-13,MSCI_ACWI,68.1045
2003-11-14,MSCI_ACWI,67.5626
2003-11-17,MSCI_ACWI,66.6014
2003-11-18,MSCI_ACWI,65.9222
2003-11-19,MSCI_ACWI,65.7730
2003-11-20,MSCI_ACWI,65.5712
2003-11-21,MSCI_ACWI,65.6337
2003-11-24,MSCI_ACWI,67.1277
2003-11-25,MSCI_ACWI,67.2246
2003-11-26,MSCI_ACWI,66.9731
2003-11-27,MSCI_ACWI,67.1711
2003-11-28,MSCI_ACWI,66.7348
2003-12-01,MSCI_ACWI,67.7331
2003-12-02,MSCI_ACWI,67.1241
2003-12-03,MSCI_ACWI,67.0948
2003-12-04,MSCI_ACWI,67.4494
2003-12-05,MSCI_ACWI,66.7086
2003-12-08,MSCI_ACWI,66.4705
2003-12-09,MSCI_ACWI,66.3758
2003-12-10,MSCI_ACWI,65.8985
2003-12-11,MSCI_ACWI,66.8326
2003-12-12,MSCI_ACWI,66.5795
2003-12-15,MSCI_ACWI,66.4812
2003-12-16,MSCI_ACWI,66.3137
2003-12-17,MSCI_ACWI,66.0905
2003-12-18,MSCI_ACWI,66.7428
2003-12-19,MSCI_ACWI,66.9539
2003-12-22,MSCI_ACWI,66.8557
2003-12-23,MSCI_ACWI,67.0817
2003-12-24,MSCI_ACWI,66.9588
2003-12-25,MSCI_ACWI,66.9637
2003-12-26,MSCI_ACWI,67.0958
2003-12-29,MSCI_ACWI,67.5638
2003-12-30,MSCI_ACWI,67.6061
2003-12-31,MSCI_ACWI,67.4218
2004-01-01,MSCI_ACWI,67.4243
2004-01-02,MSCI_ACWI,67.7325
2004-01-05,MSCI_ACWI,68.2167
2004-01-06,MSCI_ACWI,67.9520
2004-01-07,MSCI_ACWI,68.1027
2004-01-08,MSCI_ACWI,68.4175
2004-01-09,MSCI_ACWI,67.6430
2004-01-12,MSCI_ACWI,67.9449
2004-01-13,MSCI_ACWI,67.8258
2004-01-14,MSCI_ACWI,68.6628
2004-01-15,MSCI_ACWI,68.8797
2004-01-16,MSCI_ACWI,70.2289
2004-01-19,MSCI_ACWI,70.4350
2004-01-20,MSCI_ACWI,69.6413
2004-01-21,MSCI_ACWI,69.7938
2004-01-22,MSCI_ACWI,69.4219
2004-01-23,MSCI_ACWI,69.4452
2004-01-26,MSCI_ACWI,70.2648
2004-01-27,MSCI_ACWI,69.7467
2004-01-28,MSCI_ACWI,69.3383
2004-01-29,MSCI_ACWI,70.0165
2004-01-30,MSCI_ACWI,69.6124
2004-02-02,MSCI_ACWI,69.7214
2004-02-03,MSCI_ACWI,69.2171
2004-02-04,MSCI_ACWI,68.8378
2004-02-05,MSCI_ACWI,68.5511
2004-02-06,MSCI_ACWI,68.7867
2004-02-09,MSCI_ACWI,69.1518
2004-02-10,MSCI_ACWI,69.3108
2004-02-11,MSCI_ACWI,69.8431
2004-02-12,MSCI_ACWI,69.1812
2004-02-13,MSCI_ACWI,69.1558
2004-02-16,MSCI_ACWI,69.2486
2004-02-17,MSCI_ACWI,69.7110
2004-02-18,MSCI_ACWI,69.4867
2004-02-19,MSCI_ACWI,70.0859
2004-02-20,MSCI_ACWI,70.1236
2004-02-23,MSCI_ACWI,70.1568
2004-02-24,MSCI_ACWI,69.3567
2004-02-25,MSCI_ACWI,70.0633
2004-02-26,MSCI_ACWI,70.6861
2004-02-27,MSCI_ACWI,70.8609
2004-03-01,MSCI_ACWI,71.5858
2004-03-02,MSCI_ACWI,72.0640
2004-03-03,MSCI_ACWI,72.6690
2004-03-04,MSCI_ACWI,72.6858
2004-03-05,MSCI_ACWI,71.8370
2004-03-08,MSCI_ACWI,71.7892
2004-03-09,MSCI_ACWI,71.1981
2004-03-10,MSCI_ACWI,71.1906
2004-03-11,MSCI_ACWI,69.8477
2004-03-12,MSCI_ACWI,70.4838
2004-03-15,MSCI_ACWI,69.5145
2004-03-16,MSCI_ACWI,69.4594
2004-03-17,MSCI_ACWI,71.0001
2004-03-18,MSCI_ACWI,70.0713
2004-03-19,MSCI_ACWI,69.8721
2004-03-22,MSCI_ACWI,68.7375
2004-03-23,MSCI_ACWI,69.0337
2004-03-24,MSCI_ACWI,69.3638
2004-03-25,MSCI_ACWI,70.4653
2004-03-26,MSCI_ACWI,70.9702
2004-03-29,MSCI_ACWI,71.5392
2004-03-30,MSCI_ACWI,71.6030
2004-03-31,MSCI_ACWI,71.2357
2004-04-01,MSCI_ACWI,71.4134
2004-04-02,MSCI_ACWI,72.9972
2004-04-05,MSCI_ACWI,74.1116
2004-04-06,MSCI_ACWI,73.7606
2004-04-07,MSCI_ACWI,73.0618
2004-04-08,MSCI_ACWI,73.3716
2004-04-09,MSCI_ACWI,73.2532
2004-04-12,MSCI_ACWI,73.7398
2004-04-13,MSCI_ACWI,73.9930
2004-04-14,MSCI_ACWI,73.3126
2004-04-15,MSCI_ACWI,73.1128
2004-04-16,MSCI_ACWI,73.0417
2004-04-19,MSCI_ACWI,73.0654
2004-04-20,MSCI_ACWI,73.2279
2004-04-21,MSCI_ACWI,73.2859
2004-04-22,MSCI_ACWI,73.9552
2004-04-23,MSCI_ACWI,74.3758
2004-04-26,MSCI_ACWI,74.1696
2004-04-27,MSCI_ACWI,73.8764
2004-04-28,MSCI_ACWI,73.1587
2004-04-29,MSCI_ACWI,72.1120
2004-04-30,MSCI_ACWI,71.3122
2004-05-03,MSCI_ACWI,71.9140
2004-05-04,MSCI_ACWI,71.6738
2004-05-05,MSCI_ACWI,71.7359
2004-05-06,MSCI_ACWI,71.1807
2004-05-07,MSCI_ACWI,71.0589
2004-05-10,MSCI_ACWI,69.6679
2004-05-11,MSCI_ACWI,70.4575
2004-05-12,MSCI_ACWI,70.2147
2004-05-13,MSCI_ACWI,70.3538
2004-05-14,MSCI_ACWI,70.0413
2004-05-17,MSCI_ACWI,68.4670
2004-05-18,MSCI_ACWI,69.1911
2004-05-19,MSCI_ACWI,69.5807
2004-05-20,MSCI_ACWI,69.8017
2004-05-21,MSCI_ACWI,69.8160
2004-05-24,MSCI_ACWI,70.2812
2004-05-25,MSCI_ACWI,70.1315
2004-05-26,MSCI_ACWI,70.5648
2004-05-27,MSCI_ACWI,70.3374
2004-05-28,MSCI_ACWI,70.5178
2004-05-31,MSCI_ACWI,70.5477
2004-06-01,MSCI_ACWI,70.4309
2004-06-02,MSCI_ACWI,70.3512
2004-06-03,MSCI_ACWI,69.9989
2004-06-04,MSCI_ACWI,70.3953
2004-06-07,MSCI_ACWI,71.2626
2004-06-08,MSCI_ACWI,71.5868
2004-06-09,MSCI_ACWI,71.8749
2004-06-10,MSCI_ACWI,72.1072
2004-06-11,MSCI_ACWI,72.3110
2004-06-14,MSCI_ACWI,71.1835
2004-06-15,MSCI_ACWI,71.6430
2004-06-16,MSCI_ACWI,72.3184
2004-06-17,MSCI_ACWI,72.2449
2004-06-18,MSCI_ACWI,71.9231
2004-06-21,MSCI_ACWI,72.0235
2004-06-22,MSCI_ACWI,71.9140
2004-06-23,MSCI_ACWI,72.3520
2004-06-24,MSCI_ACWI,72.2354
2004-06-25,MSCI_ACWI,72.1750
2004-06-28,MSCI_ACWI,72.1042
2004-06-29,MSCI_ACWI,72.3732
2004-06-30,MSCI_ACWI,72.2095
2004-07-01,MSCI_ACWI,71.8847
2004-07-02,MSCI_ACWI,70.9185
2004-07-05,MSCI_ACWI,70.8861
2004-07-06,MSCI_ACWI,70.4605
2004-07-07,MSCI_ACWI,70.1889
2004-07-08,MSCI_ACWI,69.6962
2004-07-09,MSCI_ACWI,69.9742
2004-07-12,MSCI_ACWI,69.9491
2004-07-13,MSCI_ACWI,70.3107
2004-07-14,MSCI_ACWI,69.7597
2004-07-15,MSCI_ACWI,69.4317
2004-07-16,MSCI_ACWI,69.1180
2004-07-19,MSCI_ACWI,69.1647
2004-07-20,MSCI_ACWI,69.5114
2004-07-21,MSCI_ACWI,69.7935
2004-07-22,MSCI_ACWI,69.3316
2004-07-23,MSCI_ACWI,69.4814
2004-07-26,MSCI_ACWI,69.0139
2004-07-27,MSCI_ACWI,69.7427
2004-07-28,MSCI_ACWI,69.9991
2004-07-29,MSCI_ACWI,70.2448
2004-07-30,MSCI_ACWI,70.6359
2004-08-02,MSCI_ACWI,70.8133
2004-08-03,MSCI_ACWI,70.5436
2004-08-04,MSCI_ACWI,70.2513
2004-08-05,MSCI_ACWI,69.7303
2004-08-06,MSCI_ACWI,67.8993
2004-08-09,MSCI_ACWI,67.7186
2004-08-10,MSCI_ACWI,68.0630
2004-08-11,MSCI_ACWI,68.3066
2004-08-12,MSCI_ACWI,67.6961
2004-08-13,MSCI_ACWI,67.1421
2004-08-16,MSCI_ACWI,67.7839
2004-08-17,MSCI_ACWI,68.0407
2004-08-18,MSCI_ACWI,68.7290
2004-08-19,MSCI_ACWI,68.5676
2004-08-20,MSCI_ACWI,68.9345
2004-08-23,MSCI_ACWI,69.5741
2004-08-24,MSCI_ACWI,69.9393
2004-08-25,MSCI_ACWI,70.4663
2004-08-26,MSCI_ACWI,70.7124
2004-08-27,MSCI_ACWI,71.2600
2004-08-30,MSCI_ACWI,70.8694
2004-08-31,MSCI_ACWI,70.4026
2004-09-01,MSCI_ACWI,70.6477
2004-09-02,MSCI_ACWI,71.2173
2004-09-03,MSCI_ACWI,71.4528
2004-09-06,MSCI_ACWI,71.5766
2004-09-07,MSCI_ACWI,71.9151
2004-09-08,MSCI_ACWI,71.5303
2004-09-09,MSCI_ACWI,71.2244
2004-09-10,MSCI_ACWI,70.9692
2004-09-13,MSCI_ACWI,71.5159
2004-09-14,MSCI_ACWI,71.4755
2004-09-15,MSCI_ACWI,71.5827
2004-09-16,MSCI_ACWI,71.8718
2004-09-17,MSCI_ACWI,71.9714
2004-09-20,MSCI_ACWI,71.8309
2004-09-21,MSCI_ACWI,71.7646
2004-09-22,MSCI_ACWI,71.1471
2004-09-23,MSCI_ACWI,70.6140
2004-09-24,MSCI_ACWI,70.7315
2004-09-27,MSCI_ACWI,70.1744
2004-09-28,MSCI_ACWI,70.4308
2004-09-29,MSCI_ACWI,70.7100
2004-09-30,MSCI_ACWI,70.3194
2004-10-01,MSCI_ACWI,71.4738
2004-10-04,MSCI_ACWI,72.5418
2004-10-05,MSCI_ACWI,72.3701
2004-10-06,MSCI_ACWI,72.6799
2004-10-07,MSCI_ACWI,72.3428
2004-10-08,MSCI_ACWI,71.5385
2004-10-11,MSCI_ACWI,71.7651
2004-10-12,MSCI_ACWI,71.6274
2004-10-13,MSCI_ACWI,71.5036
2004-10-14,MSCI_ACWI,70.4523
2004-10-15,MSCI_ACWI,70.2372
2004-10-18,MSCI_ACWI,70.1766
2004-10-19,MSCI_ACWI,70.1321
2004-10-20,MSCI_ACWI,69.5269
2004-10-21,MSCI_ACWI,69.7561
2004-10-22,MSCI_ACWI,69.3358
2004-10-25,MSCI_ACWI,68.3571
2004-10-26,MSCI_ACWI,68.9589
2004-10-27,MSCI_ACWI,69.7429
2004-10-28,MSCI_ACWI,70.2369
2004-10-29,MSCI_ACWI,70.3364
2004-11-01,MSCI_ACWI,70.3948
2004-11-02,MSCI_ACWI,70.8783
2004-11-03,MSCI_ACWI,71.0904
2004-11-04,MSCI_ACWI,71.3624
2004-11-05,MSCI_ACWI,71.6272
2004-11-08,MSCI_ACWI,71.3426
2004-11-09,MSCI_ACWI,71.4377
2004-11-10,MSCI_ACWI,71.4016
2004-11-11,MSCI_ACWI,71.9910
2004-11-12,MSCI_ACWI,72.4786
2004-11-15,MSCI_ACWI,72.5742
2004-11-16,MSCI_ACWI,72.0402
2004-11-17,MSCI_ACWI,72.3780
2004-11-18,MSCI_ACWI,72.5139
2004-11-19,MSCI_ACWI,71.7528
2004-11-22,MSCI_ACWI,71.7682
2004-11-23,MSCI_ACWI,71.6292
2004-11-24,MSCI_ACWI,71.6038
2004-11-25,MSCI_ACWI,71.5385
2004-11-26,MSCI_ACWI,71.4318
2004-11-29,MSCI_ACWI,71.3041
2004-11-30,MSCI_ACWI,70.9892
2004-12-01,MSCI_ACWI,71.6496
2004-12-02,MSCI_ACWI,71.9610
2004-12-03,MSCI_ACWI,71.6062
2004-12-06,MSCI_ACWI,71.2229
2004-12-07,MSCI_ACWI,70.7574
2004-12-08,MSCI_ACWI,71.2908
2004-12-09,MSCI_ACWI,71.2443
2004-12-10,MSCI_ACWI,71.3252
2004-12-13,MSCI_ACWI,71.6388
2004-12-14,MSCI_ACWI,71.9527
2004-12-15,MSCI_ACWI,71.7051
2004-12-16,MSCI_ACWI,72.1895
2004-12-17,MSCI_ACWI,71.9574
2004-12-20,MSCI_ACWI,71.5716
2004-12-21,MSCI_ACWI,72.0558
2004-12-22,MSCI_ACWI,72.2743
2004-12-23,MSCI_ACWI,71.9140
2004-12-24,MSCI_ACWI,71.9339
2004-12-27,MSCI_ACWI,71.4895
2004-12-28,MSCI_ACWI,71.8856
2004-12-29,MSCI_ACWI,71.8851
2004-12-30,MSCI_ACWI,71.9127
2004-12-31,MSCI_ACWI,72.0971
2005-01-03,MSCI_ACWI,72.3447
2005-01-04,MSCI_ACWI,72.4398
2005-01-05,MSCI_ACWI,72.0823
2005-01-06,MSCI_ACWI,72.6004
2005-01-07,MSCI_ACWI,73.1658
2005-01-10,MSCI_ACWI,73.1637
2005-01-11,MSCI_ACWI,72.6913
2005-01-12,MSCI_ACWI,72.2463
2005-01-13,MSCI_ACWI,72.2931
2005-01-14,MSCI_ACWI,73.0499
2005-01-17,MSCI_ACWI,73.2642
2005-01-18,MSCI_ACWI,73.7775
2005-01-19,MSCI_ACWI,73.4271
2005-01-20,MSCI_ACWI,73.2162
2005-01-21,MSCI_ACWI,72.7937
2005-01-24,MSCI_ACWI,72.5667
2005-01-25,MSCI_ACWI,73.0750
2005-01-26,MSCI_ACWI,73.0352
2005-01-27,MSCI_ACWI,73.2292
2005-01-28,MSCI_ACWI,73.1341
2005-01-31,MSCI_ACWI,73.5835
2005-02-01,MSCI_ACWI,74.0904
2005-02-02,MSCI_ACWI,74.2401
2005-02-03,MSCI_ACWI,74.3753
2005-02-04,MSCI_ACWI,75.1481
2005-02-07,MSCI_ACWI,75.7047
2005-02-08,MSCI_ACWI,75.9287
2005-02-09,MSCI_ACWI,75.5389
2005-02-10,MSCI_ACWI,75.3645
2005-02-11,MSCI_ACWI,75.9288
2005-02-14,MSCI_ACWI,75.7985
2005-02-15,MSCI_ACWI,76.0233
2005-02-16,MSCI_ACWI,75.7746
2005-02-17,MSCI_ACWI,75.1936
2005-02-18,MSCI_ACWI,75.3070
2005-02-21,MSCI_ACWI,75.2939
2005-02-22,MSCI_ACWI,74.0822
2005-02-23,MSCI_ACWI,74.1166
2005-02-24,MSCI_ACWI,74.3915
2005-02-25,MSCI_ACWI,75.2109
2005-02-28,MSCI_ACWI,74.7680
2005-03-01,MSCI_ACWI,75.4533
2005-03-02,MSCI_ACWI,75.7066
2005-03-03,MSCI_ACWI,75.7013
2005-03-04,MSCI_ACWI,75.8813
2005-03-07,MSCI_ACWI,76.2032
2005-03-08,MSCI_ACWI,75.3588
2005-03-09,MSCI_ACWI,74.8528
2005-03-10,MSCI_ACWI,74.4091
2005-03-11,MSCI_ACWI,74.0573
2005-03-14,MSCI_ACWI,74.4538
2005-03-15,MSCI_ACWI,74.5425
2005-03-16,MSCI_ACWI,73.5691
2005-03-17,MSCI_ACWI,73.7549
2005-03-18,MSCI_ACWI,74.1673
2005-03-21,MSCI_ACWI,74.2982
2005-03-22,MSCI_ACWI,73.8820
2005-03-23,MSCI_ACWI,74.2966
2005-03-24,MSCI_ACWI,74.4876
2005-03-25,MSCI_ACWI,74.5384
2005-03-28,MSCI_ACWI,74.9922
2005-03-29,MSCI_ACWI,74.3855
2005-03-30,MSCI_ACWI,74.6359
2005-03-31,MSCI_ACWI,74.6788
2005-04-01,MSCI_ACWI,74.7600
2005-04-04,MSCI_ACWI,75.1563
2005-04-05,MSCI_ACWI,75.5034
2005-04-06,MSCI_ACWI,75.6823
2005-04-07,MSCI_ACWI,75.8178
2005-04-08,MSCI_ACWI,75.7880
2005-04-11,MSCI_ACWI,75.2476
2005-04-12,MSCI_ACWI,75.5887
2005-04-13,MSCI_ACWI,75.2381
2005-04-14,MSCI_ACWI,74.9400
2005-04-15,MSCI_ACWI,73.3438
2005-04-18,MSCI_ACWI,72.4006
2005-04-19,MSCI_ACWI,72.9073
2005-04-20,MSCI_ACWI,72.2662
2005-04-21,MSCI_ACWI,72.7428
2005-04-22,MSCI_ACWI,72.9292
2005-04-25,MSCI_ACWI,73.7872
2005-04-26,MSCI_ACWI,73.4440
2005-04-27,MSCI_ACWI,73.2271
2005-04-28,MSCI_ACWI,72.9374
2005-04-29,MSCI_ACWI,73.5235
2005-05-02,MSCI_ACWI,74.0875
2005-05-03,MSCI_ACWI,73.9296
2005-05-04,MSCI_ACWI,74.3962
2005-05-05,MSCI_ACWI,74.5419
2005-05-06,MSCI_ACWI,75.1281
2005-05-09,MSCI_ACWI,75.3236
2005-05-10,MSCI_ACWI,74.5216
2005-05-11,MSCI_ACWI,74.8234
2005-05-12,MSCI_ACWI,74.8779
2005-05-13,MSCI_ACWI,74.8619
2005-05-16,MSCI_ACWI,75.1515
2005-05-17,MSCI_ACWI,75.3453
2005-05-18,MSCI_ACWI,76.0241
2005-05-19,MSCI_ACWI,76.5846
2005-05-20,MSCI_ACWI,76.8060
2005-05-23,MSCI_ACWI,77.0165
2005-05-24,MSCI_ACWI,77.0591
2005-05-25,MSCI_ACWI,76.7426
2005-05-26,MSCI_ACWI,77.4533
2005-05-27,MSCI_ACWI,77.5285
2005-05-30,MSCI_ACWI,78.0666
2005-05-31,MSCI_ACWI,78.3056
2005-06-01,MSCI_ACWI,79.3903
2005-06-02,MSCI_ACWI,79.4242
2005-06-03,MSCI_ACWI,79.2645
2005-06-06,MSCI_ACWI,79.2649
2005-06-07,MSCI_ACWI,79.5393
2005-06-08,MSCI_ACWI,79.2172
2005-06-09,MSCI_ACWI,79.9034
2005-06-10,MSCI_ACWI,80.3306
2005-06-13,MSCI_ACWI,80.8598
2005-06-14,MSCI_ACWI,80.9995
2005-06-15,MSCI_ACWI,80.8290
2005-06-16,MSCI_ACWI,81.3275
2005-06-17,MSCI_ACWI,81.0241
2005-06-20,MSCI_ACWI,81.4100
2005-06-21,MSCI_ACWI,81.4793
2005-06-22,MSCI_ACWI,81.5971
2005-06-23,MSCI_ACWI,81.6145
2005-06-24,MSCI_ACWI,80.8596
2005-06-27,MSCI_ACWI,80.1849
2005-06-28,MSCI_ACWI,81.1935
2005-06-29,MSCI_ACWI,81.2533
2005-06-30,MSCI_ACWI,80.6712
2005-07-01,MSCI_ACWI,81.5777
2005-07-04,MSCI_ACWI,81.9544
2005-07-05,MSCI_ACWI,82.2287
2005-07-06,MSCI_ACWI,81.9896
2005-07-07,MSCI_ACWI,81.4788
2005-07-08,MSCI_ACWI,82.3888
2005-07-11,MSCI_ACWI,82.3203
2005-07-12,MSCI_ACWI,81.8577
2005-07-13,MSCI_ACWI,82.4515
2005-07-14,MSCI_ACWI,82.6829
2005-07-15,MSCI_ACWI,82.9473
2005-07-18,MSCI_ACWI,82.6479
2005-07-19,MSCI_ACWI,83.3152
2005-07-20,MSCI_ACWI,83.3804
2005-07-21,MSCI_ACWI,82.8688
2005-07-22,MSCI_ACWI,83.1297
2005-07-25,MSCI_ACWI,83.2415
2005-07-26,MSCI_ACWI,83.4393
2005-07-27,MSCI_ACWI,83.7235
2005-07-28,MSCI_ACWI,83.9190
2005-07-29,MSCI_ACWI,83.3793
2005-08-01,MSCI_ACWI,83.2516
2005-08-02,MSCI_ACWI,83.9102
2005-08-03,MSCI_ACWI,83.4656
2005-08-04,MSCI_ACWI,82.6921
2005-08-05,MSCI_ACWI,82.2121
2005-08-08,MSCI_ACWI,82.1635
2005-08-09,MSCI_ACWI,82.7170
2005-08-10,MSCI_ACWI,83.0285
2005-08-11,MSCI_ACWI,83.1980
2005-08-12,MSCI_ACWI,82.9931
2005-08-15,MSCI_ACWI,83.3974
2005-08-16,MSCI_ACWI,83.0518
2005-08-17,MSCI_ACWI,83.0474
2005-08-18,MSCI_ACWI,83.3455
2005-08-19,MSCI_ACWI,83.7264
2005-08-22,MSCI_ACWI,83.6936
2005-08-23,MSCI_ACWI,83.5216
2005-08-24,MSCI_ACWI,82.8600
2005-08-25,MSCI_ACWI,82.6327
2005-08-26,MSCI_ACWI,82.0620
2005-08-29,MSCI_ACWI,82.4488
2005-08-30,MSCI_ACWI,82.7620
2005-08-31,MSCI_ACWI,82.9741
2005-09-01,MSCI_ACWI,82.6858
2005-09-02,MSCI_ACWI,82.2807
2005-09-05,MSCI_ACWI,82.6574
2005-09-06,MSCI_ACWI,83.4783
2005-09-07,MSCI_ACWI,83.8472
2005-09-08,MSCI_ACWI,83.7739
2005-09-09,MSCI_ACWI,84.3438
2005-09-12,MSCI_ACWI,85.1712
2005-09-13,MSCI_ACWI,84.6769
2005-09-14,MSCI_ACWI,84.5778
2005-09-15,MSCI_ACWI,85.1135
2005-09-16,MSCI_ACWI,85.5828
2005-09-19,MSCI_ACWI,85.8299
2005-09-20,MSCI_ACWI,85.6006
2005-09-21,MSCI_ACWI,84.7981
2005-09-22,MSCI_ACWI,85.1366
2005-09-23,MSCI_ACWI,85.5533
2005-09-26,MSCI_ACWI,86.3284
2005-09-27,MSCI_ACWI,86.3068
2005-09-28,MSCI_ACWI,86.7200
2005-09-29,MSCI_ACWI,87.2978
2005-09-30,MSCI_ACWI,87.1862
2005-10-03,MSCI_ACWI,88.0259
2005-10-04,MSCI_ACWI,87.5531
2005-10-05,MSCI_ACWI,86.2941
2005-10-06,MSCI_ACWI,84.4174
2005-10-07,MSCI_ACWI,84.5691
2005-10-10,MSCI_ACWI,84.7259
2005-10-11,MSCI_ACWI,85.1431
2005-10-12,MSCI_ACWI,84.4195
2005-10-13,MSCI_ACWI,84.3852
2005-10-14,MSCI_ACWI,84.0528
2005-10-17,MSCI_ACWI,84.3598
2005-10-18,MSCI_ACWI,84.2235
2005-10-19,MSCI_ACWI,83.9666
2005-10-20,MSCI_ACWI,83.4803
2005-10-21,MSCI_ACWI,83.3071
2005-10-24,MSCI_ACWI,84.4560
2005-10-25,MSCI_ACWI,83.8849
2005-10-26,MSCI_ACWI,83.9327
2005-10-27,MSCI_ACWI,82.9098
2005-10-28,MSCI_ACWI,83.6837
2005-10-31,MSCI_ACWI,85.3973
2005-11-01,MSCI_ACWI,85.4458
2005-11-02,MSCI_ACWI,85.7332
2005-11-03,MSCI_ACWI,86.6838
2005-11-04,MSCI_ACWI,87.6890
2005-11-07,MSCI_ACWI,87.9892
2005-11-08,MSCI_ACWI,88.0929
2005-11-09,MSCI_ACWI,88.2661
2005-11-10,MSCI_ACWI,88.4916
2005-11-11,MSCI_ACWI,89.2564
2005-11-14,MSCI_ACWI,89.1110
2005-11-15,MSCI_ACWI,88.9350
2005-11-16,MSCI_ACWI,89.0432
2005-11-17,MSCI_ACWI,89.5286
2005-11-18,MSCI_ACWI,90.1102
2005-11-21,MSCI_ACWI,90.3494
2005-11-22,MSCI_ACWI,90.6337
2005-11-23,MSCI_ACWI,90.6799
2005-11-24,MSCI_ACWI,90.6849
2005-11-25,MSCI_ACWI,91.1433
2005-11-28,MSCI_ACWI,90.3727
2005-11-29,MSCI_ACWI,90.5316
2005-11-30,MSCI_ACWI,89.9183
2005-12-01,MSCI_ACWI,91.4411
2005-12-02,MSCI_ACWI,92.0227
2005-12-05,MSCI_ACWI,91.5249
2005-12-06,MSCI_ACWI,91.6427
2005-12-07,MSCI_ACWI,91.7852
2005-12-08,MSCI_ACWI,90.9840
2005-12-09,MSCI_ACWI,91.1797
2005-12-12,MSCI_ACWI,90.8435
2005-12-13,MSCI_ACWI,91.3241
2005-12-14,MSCI_ACWI,90.9996
2005-12-15,MSCI_ACWI,91.1818
2005-12-16,MSCI_ACWI,90.9583
2005-12-19,MSCI_ACWI,90.7928
2005-12-20,MSCI_ACWI,91.5064
2005-12-21,MSCI_ACWI,92.3480
2005-12-22,MSCI_ACWI,92.2891
2005-12-23,MSCI_ACWI,92.3658
2005-12-26,MSCI_ACWI,92.4226
2005-12-27,MSCI_ACWI,91.9712
2005-12-28,MSCI_ACWI,91.8078
2005-12-29,MSCI_ACWI,92.3100
2005-12-30,MSCI_ACWI,92.0828
2006-01-02,MSCI_ACWI,92.1839
2006-01-03,MSCI_ACWI,92.3980
2006-01-04,MSCI_ACWI,92.5966
2006-01-05,MSCI_ACWI,92.6110
2006-01-06,MSCI_ACWI,93.1095
2006-01-09,MSCI_ACWI,93.8068
2006-01-10,MSCI_ACWI,93.4827
2006-01-11,MSCI_ACWI,93.7950
2006-01-12,MSCI_ACWI,94.0331
2006-01-13,MSCI_ACWI,93.6814
2006-01-16,MSCI_ACWI,93.4225
2006-01-17,MSCI_ACWI,92.9619
2006-01-18,MSCI_ACWI,91.9052
2006-01-19,MSCI_ACWI,92.6735
2006-01-20,MSCI_ACWI,91.8592
2006-01-23,MSCI_ACWI,90.7532
2006-01-24,MSCI_ACWI,91.0505
2006-01-25,MSCI_ACWI,91.3433
2006-01-26,MSCI_ACWI,92.1522
2006-01-27,MSCI_ACWI,93.7577
2006-01-30,MSCI_ACWI,94.1589
2006-01-31,MSCI_ACWI,93.8508
2006-02-01,MSCI_ACWI,94.3061
2006-02-02,MSCI_ACWI,93.6746
2006-02-03,MSCI_ACWI,93.6952
2006-02-06,MSCI_ACWI,94.0859
2006-02-07,MSCI_ACWI,93.6854
2006-02-08,MSCI_ACWI,93.5534
2006-02-09,MSCI_ACWI,93.9668
2006-02-10,MSCI_ACWI,94.1281
2006-02-13,MSCI_ACWI,93.7324
2006-02-14,MSCI_ACWI,94.5203
2006-02-15,MSCI_ACWI,94.4878
2006-02-16,MSCI_ACWI,95.1549
2006-02-17,MSCI_ACWI,94.8608
2006-02-20,MSCI_ACWI,94.7609
2006-02-21,MSCI_ACWI,95.1318
2006-02-22,MSCI_ACWI,95.6976
2006-02-23,MSCI_ACWI,95.6126
2006-02-24,MSCI_ACWI,96.1539
2006-02-27,MSCI_ACWI,96.6941
2006-02-28,MSCI_ACWI,95.4462
2006-03-01,MSCI_ACWI,95.9060
2006-03-02,MSCI_ACWI,95.3899
2006-03-03,MSCI_ACWI,94.9467
2006-03-06,MSCI_ACWI,94.7400
2006-03-07,MSCI_ACWI,94.8342
2006-03-08,MSCI_ACWI,94.3363
2006-03-09,MSCI_ACWI,94.5528
2006-03-10,MSCI_ACWI,95.2225
2006-03-13,MSCI_ACWI,95.5648
2006-03-14,MSCI_ACWI,95.6886
2006-03-15,MSCI_ACWI,96.0015
2006-03-16,MSCI_ACWI,95.3694
2006-03-17,MSCI_ACWI,95.5437
2006-03-20,MSCI_ACWI,95.6517
2006-03-21,MSCI_ACWI,95.7034
2006-03-22,MSCI_ACWI,96.0395
2006-03-23,MSCI_ACWI,96.4126
2006-03-24,MSCI_ACWI,96.5460
2006-03-27,MSCI_ACWI,96.3358
2006-03-28,MSCI_ACWI,95.5612
2006-03-29,MSCI_ACWI,96.4926
2006-03-30,MSCI_ACWI,96.1740
2006-03-31,MSCI_ACWI,96.0125
2006-04-03,MSCI_ACWI,96.5855
2006-04-04,MSCI_ACWI,95.9707
2006-04-05,MSCI_ACWI,96.3232
2006-04-06,MSCI_ACWI,96.8445
2006-04-07,MSCI_ACWI,96.9332
2006-04-10,MSCI_ACWI,97.0449
2006-04-11,MSCI_ACWI,96.1764
2006-04-12,MSCI_ACWI,96.0378
2006-04-13,MSCI_ACWI,96.3140
2006-04-14,MSCI_ACWI,96.3666
2006-04-17,MSCI_ACWI,95.2098
2006-04-18,MSCI_ACWI,96.2547
2006-04-19,MSCI_ACWI,96.5863
2006-04-20,MSCI_ACWI,96.8436
2006-04-21,MSCI_ACWI,97.0388
2006-04-24,MSCI_ACWI,96.5129
2006-04-25,MSCI_ACWI,96.1158
2006-04-26,MSCI_ACWI,96.2489
2006-04-27,MSCI_ACWI,95.7912
2006-04-28,MSCI_ACWI,95.3097
2006-05-01,MSCI_ACWI,95.2907
2006-05-02,MSCI_ACWI,95.8717
2006-05-03,MSCI_ACWI,95.6632
2006-05-04,MSCI_ACWI,95.5500
2006-05-05,MSCI_ACWI,96.2375
2006-05-08,MSCI_ACWI,96.6666
2006-05-09,MSCI_ACWI,96.5968
2006-05-10,MSCI_ACWI,96.1260
2006-05-11,MSCI_ACWI,95.1867
2006-05-12,MSCI_ACWI,93.4738
2006-05-15,MSCI_ACWI,92.9547
2006-05-16,MSCI_ACWI,92.6184
2006-05-17,MSCI_ACWI,91.5292
2006-05-18,MSCI_ACWI,90.4650
2006-05-19,MSCI_ACWI,90.9730
2006-05-22,MSCI_ACWI,89.0430
2006-05-23,MSCI_ACWI,89.2943
2006-05-24,MSCI_ACWI,89.3078
2006-05-25,MSCI_ACWI,90.0386
2006-05-26,MSCI_ACWI,91.4267
2006-05-29,MSCI_ACWI,91.3550
2006-05-30,MSCI_ACWI,89.3500
2006-05-31,MSCI_ACWI,89.7847
2006-06-01,MSCI_ACWI,90.6001
2006-06-02,MSCI_ACWI,90.6249
2006-06-05,MSCI_ACWI,89.4482
2006-06-06,MSCI_ACWI,88.9354
2006-06-07,MSCI_ACWI,88.5855
2006-06-08,MSCI_ACWI,87.8898
2006-06-09,MSCI_ACWI,88.4103
2006-06-12,MSCI_ACWI,87.8256
2006-06-13,MSCI_ACWI,86.0715
2006-06-14,MSCI_ACWI,86.2153
2006-06-15,MSCI_ACWI,87.9992
2006-06-16,MSCI_ACWI,88.1057
2006-06-19,MSCI_ACWI,88.0872
2006-06-20,MSCI_ACWI,87.9652
2006-06-21,MSCI_ACWI,88.1721
2006-06-22,MSCI_ACWI,88.6521
2006-06-23,MSCI_ACWI,88.8972
2006-06-26,MSCI_ACWI,88.8980
2006-06-27,MSCI_ACWI,88.2072
2006-06-28,MSCI_ACWI,88.6529
2006-06-29,MSCI_ACWI,90.3795
2006-06-30,MSCI_ACWI,90.1530
2006-07-03,MSCI_ACWI,90.6657
2006-07-04,MSCI_ACWI,90.9047
2006-07-05,MSCI_ACWI,90.2815
2006-07-06,MSCI_ACWI,90.4546
2006-07-07,MSCI_ACWI,89.9206
2006-07-10,MSCI_ACWI,90.6022
2006-07-11,MSCI_ACWI,90.3759
2006-07-12,MSCI_ACWI,90.0515
2006-07-13,MSCI_ACWI,88.8326
2006-07-14,MSCI_ACWI,88.1664
2006-07-17,MSCI_ACWI,88.3179
2006-07-18,MSCI_ACWI,88.1819
2006-07-19,MSCI_ACWI,89.3246
2006-07-20,MSCI_ACWI,89.0675
2006-07-21,MSCI_ACWI,88.2071
2006-07-24,MSCI_ACWI,89.6728
2006-07-25,MSCI_ACWI,90.2593
2006-07-26,MSCI_ACWI,90.3598
2006-07-27,MSCI_ACWI,90.2752
2006-07-28,MSCI_ACWI,90.9712
2006-07-31,MSCI_ACWI,90.9462
2006-08-01,MSCI_ACWI,90.4817
2006-08-02,MSCI_ACWI,90.8485
2006-08-03,MSCI_ACWI,90.7686
2006-08-04,MSCI_ACWI,90.6469
2006-08-07,MSCI_ACWI,90.1611
2006-08-08,MSCI_ACWI,90.3436
2006-08-09,MSCI_ACWI,90.2808
2006-08-10,MSCI_ACWI,90.7318
2006-08-11,MSCI_ACWI,90.5704
2006-08-14,MSCI_ACWI,91.0060
2006-08-15,MSCI_ACWI,91.7303
2006-08-16,MSCI_ACWI,92.2079
2006-08-17,MSCI_ACWI,92.3550
2006-08-18,MSCI_ACWI,92.6103
2006-08-21,MSCI_ACWI,91.8249
2006-08-22,MSCI_ACWI,92.6140
2006-08-23,MSCI_ACWI,92.3377
2006-08-24,MSCI_ACWI,92.3035
2006-08-25,MSCI_ACWI,92.4446
2006-08-28,MSCI_ACWI,92.4726
2006-08-29,MSCI_ACWI,92.9758
2006-08-30,MSCI_ACWI,92.8146
2006-08-31,MSCI_ACWI,93.0192
2006-09-01,MSCI_ACWI,93.4470
2006-09-04,MSCI_ACWI,93.6061
2006-09-05,MSCI_ACWI,93.8881
2006-09-06,MSCI_ACWI,93.0065
2006-09-07,MSCI_ACWI,92.5155
2006-09-08,MSCI_ACWI,93.0640
2006-09-11,MSCI_ACWI,92.3203
2006-09-12,MSCI_ACWI,93.1300
2006-09-13,MSCI_ACWI,93.5711
2006-09-14,MSCI_ACWI,93.2570
2006-09-15,MSCI_ACWI,93.9136
2006-09-18,MSCI_ACWI,93.9162
2006-09-19,MSCI_ACWI,93.5982
2006-09-20,MSCI_ACWI,93.8730
2006-09-21,MSCI_ACWI,93.7568
2006-09-22,MSCI_ACWI,92.7148
2006-09-25,MSCI_ACWI,93.3353
2006-09-26,MSCI_ACWI,94.3827
2006-09-27,MSCI_ACWI,94.7923
2006-09-28,MSCI_ACWI,95.1109
2006-09-29,MSCI_ACWI,95.0912
2006-10-02,MSCI_ACWI,94.6848
2006-10-03,MSCI_ACWI,94.5316
2006-10-04,MSCI_ACWI,95.4223
2006-10-05,MSCI_ACWI,96.1171
2006-10-06,MSCI_ACWI,96.4499
2006-10-09,MSCI_ACWI,96.4264
2006-10-10,MSCI_ACWI,97.1001
2006-10-11,MSCI_ACWI,96.8600
2006-10-12,MSCI_ACWI,97.6328
2006-10-13,MSCI_ACWI,98.2877
2006-10-16,MSCI_ACWI,98.6186
2006-10-17,MSCI_ACWI,97.9216
2006-10-18,MSCI_ACWI,98.4115
2006-10-19,MSCI_ACWI,98.0688
2006-10-20,MSCI_ACWI,98.2174
2006-10-23,MSCI_ACWI,98.9253
2006-10-24,MSCI_ACWI,99.0167
2006-10-25,MSCI_ACWI,99.1432
2006-10-26,MSCI_ACWI,99.1125
2006-10-27,MSCI_ACWI,98.3499
2006-10-30,MSCI_ACWI,98.0661
2006-10-31,MSCI_ACWI,97.9161
2006-11-01,MSCI_ACWI,97.7098
2006-11-02,MSCI_ACWI,97.5889
2006-11-03,MSCI_ACWI,97.9539
2006-11-06,MSCI_ACWI,98.7757
2006-11-07,MSCI_ACWI,98.7169
2006-11-08,MSCI_ACWI,98.8789
2006-11-09,MSCI_ACWI,98.3635
2006-11-10,MSCI_ACWI,98.0825
2006-11-13,MSCI_ACWI,98.3213
2006-11-14,MSCI_ACWI,98.8202
2006-11-15,MSCI_ACWI,99.1259
2006-11-16,MSCI_ACWI,99.2350
2006-11-17,MSCI_ACWI,98.8691
2006-11-20,MSCI_ACWI,98.7011
2006-11-21,MSCI_ACWI,98.9259
2006-11-22,MSCI_ACWI,98.8118
2006-11-23,MSCI_ACWI,98.7391
2006-11-24,MSCI_ACWI,97.5785
2006-11-27,MSCI_ACWI,96.4120
2006-11-28,MSCI_ACWI,96.1892
2006-11-29,MSCI_ACWI,97.3390
2006-11-30,MSCI_ACWI,96.9472
2006-12-01,MSCI_ACWI,96.2491
2006-12-04,MSCI_ACWI,96.9132
2006-12-05,MSCI_ACWI,97.4562
2006-12-06,MSCI_ACWI,97.5297
2006-12-07,MSCI_ACWI,97.6461
2006-12-08,MSCI_ACWI,97.4876
2006-12-11,MSCI_ACWI,98.1827
2006-12-12,MSCI_ACWI,98.0878
2006-12-13,MSCI_ACWI,98.4444
2006-12-14,MSCI_ACWI,99.4810
2006-12-15,MSCI_ACWI,100.1432
2006-12-18,MSCI_ACWI,100.1168
2006-12-19,MSCI_ACWI,99.2056
2006-12-20,MSCI_ACWI,99.4371
2006-12-21,MSCI_ACWI,99.3307
2006-12-22,MSCI_ACWI,99.0091
2006-12-25,MSCI_ACWI,98.9632
2006-12-26,MSCI_ACWI,99.2858
2006-12-27,MSCI_ACWI,100.1913
2006-12-28,MSCI_ACWI,100.1210
2006-12-29,MSCI_ACWI,99.6291
2007-01-01,MSCI_ACWI,99.6301
2007-01-02,MSCI_ACWI,99.7295
2007-01-03,MSCI_ACWI,99.9570
2007-01-04,MSCI_ACWI,100.3739
2007-01-05,MSCI_ACWI,100.0892
2007-01-08,MSCI_ACWI,100.0376
2007-01-09,MSCI_ACWI,100.0725
2007-01-10,MSCI_ACWI,99.9435
2007-01-11,MSCI_ACWI,101.0810
2007-01-12,MSCI_ACWI,101.6110
2007-01-15,MSCI_ACWI,102.0718
2007-01-16,MSCI_ACWI,101.8923
2007-01-17,MSCI_ACWI,101.7712
2007-01-18,MSCI_ACWI,101.6162
2007-01-19,MSCI_ACWI,102.0160
2007-01-22,MSCI_ACWI,101.7707
2007-01-23,MSCI_ACWI,101.5981
2007-01-24,MSCI_ACWI,102.8172
2007-01-25,MSCI_ACWI,102.0340
2007-01-26,MSCI_ACWI,101.9982
2007-01-29,MSCI_ACWI,101.7968
2007-01-30,MSCI_ACWI,102.1654
2007-01-31,MSCI_ACWI,102.1071
2007-02-01,MSCI_ACWI,102.8653
2007-02-02,MSCI_ACWI,103.4124
2007-02-05,MSCI_ACWI,103.6214
2007-02-06,MSCI_ACWI,103.7957
2007-02-07,MSCI_ACWI,103.6009
2007-02-08,MSCI_ACWI,103.0531
2007-02-09,MSCI_ACWI,103.1835
2007-02-12,MSCI_ACWI,102.8800
2007-02-13,MSCI_ACWI,103.2032
2007-02-14,MSCI_ACWI,103.4839
2007-02-15,MSCI_ACWI,103.7304
2007-02-16,MSCI_ACWI,103.7698
2007-02-19,MSCI_ACWI,103.8145
2007-02-20,MSCI_ACWI,103.7472
2007-02-21,MSCI_ACWI,103.5799
2007-02-22,MSCI_ACWI,103.9242
2007-02-23,MSCI_ACWI,103.6162
2007-02-26,MSCI_ACWI,103.7672
2007-02-27,MSCI_ACWI,100.5793
2007-02-28,MSCI_ACWI,99.9163
2007-03-01,MSCI_ACWI,99.5833
2007-03-02,MSCI_ACWI,98.7855
2007-03-05,MSCI_ACWI,97.6324
2007-03-06,MSCI_ACWI,99.0161
2007-03-07,MSCI_ACWI,98.9563
2007-03-08,MSCI_ACWI,100.0884
2007-03-09,MSCI_ACWI,100.3548
2007-03-12,MSCI_ACWI,100.1878
2007-03-13,MSCI_ACWI,98.7433
2007-03-14,MSCI_ACWI,97.5909
2007-03-15,MSCI_ACWI,98.4667
2007-03-16,MSCI_ACWI,97.9274
2007-03-19,MSCI_ACWI,99.1128
2007-03-20,MSCI_ACWI,99.8565
2007-03-21,MSCI_ACWI,100.8009
2007-03-22,MSCI_ACWI,101.2789
2007-03-23,MSCI_ACWI,101.8534
2007-03-26,MSCI_ACWI,101.5269
2007-03-27,MSCI_ACWI,101.0279
2007-03-28,MSCI_ACWI,100.3271
2007-03-29,MSCI_ACWI,101.0290
2007-03-30,MSCI_ACWI,101.1392
2007-04-02,MSCI_ACWI,100.9002
2007-04-03,MSCI_ACWI,101.8719
2007-04-04,MSCI_ACWI,102.3079
2007-04-05,MSCI_ACWI,102.1386
2007-04-06,MSCI_ACWI,102.1163
2007-04-09,MSCI_ACWI,102.6301
2007-04-10,MSCI_ACWI,102.6393
2007-04-11,MSCI_ACWI,102.3723
2007-04-12,MSCI_ACWI,102.2223
2007-04-13,MSCI_ACWI,102.4305
2007-04-16,MSCI_ACWI,103.3585
2007-04-17,MSCI_ACWI,103.3420
2007-04-18,MSCI_ACWI,103.3248
2007-04-19,MSCI_ACWI,102.6754
2007-04-20,MSCI_ACWI,103.7346
2007-04-23,MSCI_ACWI,103.7670
2007-04-24,MSCI_ACWI,103.1472
2007-04-25,MSCI_ACWI,103.5765
2007-04-26,MSCI_ACWI,103.8998
2007-04-27,MSCI_ACWI,103.3611
2007-04-30,MSCI_ACWI,103.0282
2007-05-01,MSCI_ACWI,103.2910
2007-05-02,MSCI_ACWI,103.9595
2007-05-03,MSCI_ACWI,104.5553
2007-05-04,MSCI_ACWI,104.9480
2007-05-07,MSCI_ACWI,105.2089
2007-05-08,MSCI_ACWI,105.3381
2007-05-09,MSCI_ACWI,105.6083
2007-05-10,MSCI_ACWI,104.7995
2007-05-11,MSCI_ACWI,105.2720
2007-05-14,MSCI_ACWI,105.1841
2007-05-15,MSCI_ACWI,104.7737
2007-05-16,MSCI_ACWI,105.3069
2007-05-17,MSCI_ACWI,105.7858
2007-05-18,MSCI_ACWI,106.3525
2007-05-21,MSCI_ACWI,106.8122
2007-05-22,MSCI_ACWI,106.9079
2007-05-23,MSCI_ACWI,107.0230
2007-05-24,MSCI_ACWI,106.4026
2007-05-25,MSCI_ACWI,106.4122
2007-05-28,MSCI_ACWI,106.5529
2007-05-29,MSCI_ACWI,106.6063
2007-05-30,MSCI_ACWI,107.1570
2007-05-31,MSCI_ACWI,107.5973
2007-06-01,MSCI_ACWI,108.5765
2007-06-04,MSCI_ACWI,108.3812
2007-06-05,MSCI_ACWI,107.7462
2007-06-06,MSCI_ACWI,106.8918
2007-06-07,MSCI_ACWI,105.7423
2007-06-08,MSCI_ACWI,106.4840
2007-06-11,MSCI_ACWI,107.0062
2007-06-12,MSCI_ACWI,106.4169
2007-06-13,MSCI_ACWI,107.2360
2007-06-14,MSCI_ACWI,108.2101
2007-06-15,MSCI_ACWI,108.9016
2007-06-18,MSCI_ACWI,108.7837
2007-06-19,MSCI_ACWI,108.7065
2007-06-20,MSCI_ACWI,108.1354
2007-06-21,MSCI_ACWI,108.2711
2007-06-22,MSCI_ACWI,107.2604
2007-06-25,MSCI_ACWI,106.7290
2007-06-26,MSCI_ACWI,106.2665
2007-06-27,MSCI_ACWI,106.4773
2007-06-28,MSCI_ACWI,106.8207
2007-06-29,MSCI_ACWI,106.8918
2007-07-02,MSCI_ACWI,106.9278
2007-07-03,MSCI_ACWI,107.6699
2007-07-04,MSCI_ACWI,107.8199
2007-07-05,MSCI_ACWI,107.8398
2007-07-06,MSCI_ACWI,108.1069
2007-07-09,MSCI_ACWI,108.5263
2007-07-10,MSCI_ACWI,107.0068
2007-07-11,MSCI_ACWI,106.6842
2007-07-12,MSCI_ACWI,108.1322
2007-07-13,MSCI_ACWI,108.7570
2007-07-16,MSCI_ACWI,108.6690
2007-07-17,MSCI_ACWI,108.4437
2007-07-18,MSCI_ACWI,107.7267
2007-07-19,MSCI_ACWI,108.3782
2007-07-20,MSCI_ACWI,107.5979
2007-07-23,MSCI_ACWI,108.0574
2007-07-24,MSCI_ACWI,106.5771
2007-07-25,MSCI_ACWI,106.9501
2007-07-26,MSCI_ACWI,104.4790
2007-07-27,MSCI_ACWI,103.2293
2007-07-30,MSCI_ACWI,103.6228
2007-07-31,MSCI_ACWI,103.8522
2007-08-01,MSCI_ACWI,103.0562
2007-08-02,MSCI_ACWI,103.6501
2007-08-03,MSCI_ACWI,101.6057
2007-08-06,MSCI_ACWI,101.9184
2007-08-07,MSCI_ACWI,102.7519
2007-08-08,MSCI_ACWI,104.1921
2007-08-09,MSCI_ACWI,102.8569
2007-08-10,MSCI_ACWI,101.3300
2007-08-13,MSCI_ACWI,102.3876
2007-08-14,MSCI_ACWI,101.2483
2007-08-15,MSCI_ACWI,100.4221
2007-08-16,MSCI_ACWI,99.1047
2007-08-17,MSCI_ACWI,99.7887
2007-08-20,MSCI_ACWI,100.9640
2007-08-21,MSCI_ACWI,101.2282
2007-08-22,MSCI_ACWI,102.4010
2007-08-23,MSCI_ACWI,102.6263
2007-08-24,MSCI_ACWI,102.9446
2007-08-27,MSCI_ACWI,102.8573
2007-08-28,MSCI_ACWI,101.1114
2007-08-29,MSCI_ACWI,102.0298
2007-08-30,MSCI_ACWI,102.4499
2007-08-31,MSCI_ACWI,103.9903
2007-09-03,MSCI_ACWI,104.2690
2007-09-04,MSCI_ACWI,105.0635
2007-09-05,MSCI_ACWI,103.5279
2007-09-06,MSCI_ACWI,103.7418
2007-09-07,MSCI_ACWI,101.9192
2007-09-10,MSCI_ACWI,101.0620
2007-09-11,MSCI_ACWI,102.1552
2007-09-12,MSCI_ACWI,102.0561
2007-09-13,MSCI_ACWI,102.7534
2007-09-14,MSCI_ACWI,102.7656
2007-09-17,MSCI_ACWI,101.9622
2007-09-18,MSCI_ACWI,103.5378
2007-09-19,MSCI_ACWI,105.0133
2007-09-20,MSCI_ACWI,104.1376
2007-09-21,MSCI_ACWI,104.3949
2007-09-24,MSCI_ACWI,104.3954
2007-09-25,MSCI_ACWI,104.0514
2007-09-26,MSCI_ACWI,104.5750
2007-09-27,MSCI_ACWI,105.4023
2007-09-28,MSCI_ACWI,105.0346
2007-10-01,MSCI_ACWI,105.8935
2007-10-02,MSCI_ACWI,106.8672
2007-10-03,MSCI_ACWI,106.7256
2007-10-04,MSCI_ACWI,106.7527
2007-10-05,MSCI_ACWI,107.7658
2007-10-08,MSCI_ACWI,107.9050
2007-10-09,MSCI_ACWI,108.5240
2007-10-10,MSCI_ACWI,108.2273
2007-10-11,MSCI_ACWI,108.1115
2007-10-12,MSCI_ACWI,108.5048
2007-10-15,MSCI_ACWI,107.6234
2007-10-16,MSCI_ACWI,107.0192
2007-10-17,MSCI_ACWI,107.0696
2007-10-18,MSCI_ACWI,106.5881
2007-10-19,MSCI_ACWI,105.0386
2007-10-22,MSCI_ACWI,104.8244
2007-10-23,MSCI_ACWI,105.5091
2007-10-24,MSCI_ACWI,105.2552
2007-10-25,MSCI_ACWI,105.2866
2007-10-26,MSCI_ACWI,106.2851
2007-10-29,MSCI_ACWI,107.1822
2007-10-30,MSCI_ACWI,106.4824
2007-10-31,MSCI_ACWI,107.2766
2007-11-01,MSCI_ACWI,105.7916
2007-11-02,MSCI_ACWI,104.9447
2007-11-05,MSCI_ACWI,104.1151
2007-11-06,MSCI_ACWI,104.6537
2007-11-07,MSCI_ACWI,102.6638
2007-11-08,MSCI_ACWI,101.8038
2007-11-09,MSCI_ACWI,100.5542
2007-11-12,MSCI_ACWI,99.8998
2007-11-13,MSCI_ACWI,100.9683
2007-11-14,MSCI_ACWI,101.0661
2007-11-15,MSCI_ACWI,100.0954
2007-11-16,MSCI_ACWI,99.6784
2007-11-19,MSCI_ACWI,97.9503
2007-11-20,MSCI_ACWI,97.9621
2007-11-21,MSCI_ACWI,95.7887
2007-11-22,MSCI_ACWI,95.8579
2007-11-23,MSCI_ACWI,97.2694
2007-11-26,MSCI_ACWI,96.4060
2007-11-27,MSCI_ACWI,96.6231
2007-11-28,MSCI_ACWI,99.1411
2007-11-29,MSCI_ACWI,99.7681
2007-11-30,MSCI_ACWI,101.0595
2007-12-03,MSCI_ACWI,100.8261
2007-12-04,MSCI_ACWI,99.6007
2007-12-05,MSCI_ACWI,101.4188
2007-12-06,MSCI_ACWI,102.5557
2007-12-07,MSCI_ACWI,102.6934
2007-12-10,MSCI_ACWI,102.8411
2007-12-11,MSCI_ACWI,101.8120
2007-12-12,MSCI_ACWI,102.0311
2007-12-13,MSCI_ACWI,101.0859
2007-12-14,MSCI_ACWI,101.0034
2007-12-17,MSCI_ACWI,99.3655
2007-12-18,MSCI_ACWI,99.4769
2007-12-19,MSCI_ACWI,99.4012
2007-12-20,MSCI_ACWI,99.9555
2007-12-21,MSCI_ACWI,101.3062
2007-12-24,MSCI_ACWI,101.7923
2007-12-25,MSCI_ACWI,101.9668
2007-12-26,MSCI_ACWI,101.6523
2007-12-27,MSCI_ACWI,100.7934
2007-12-28,MSCI_ACWI,100.1094
2007-12-31,MSCI_ACWI,100.3373
2008-01-01,MSCI_ACWI,100.3406
2008-01-02,MSCI_ACWI,98.9458
2008-01-03,MSCI_ACWI,98.8039
2008-01-04,MSCI_ACWI,96.5965
2008-01-07,MSCI_ACWI,96.4691
2008-01-08,MSCI_ACWI,96.0451
2008-01-09,MSCI_ACWI,96.5649
2008-01-10,MSCI_ACWI,96.0873
2008-01-11,MSCI_ACWI,94.8864
2008-01-14,MSCI_ACWI,95.1514
2008-01-15,MSCI_ACWI,93.1362
2008-01-16,MSCI_ACWI,92.4062
2008-01-17,MSCI_ACWI,91.1571
2008-01-18,MSCI_ACWI,90.9004
2008-01-21,MSCI_ACWI,88.7989
2008-01-22,MSCI_ACWI,87.5012
2008-01-23,MSCI_ACWI,88.3001
2008-01-24,MSCI_ACWI,90.0059
2008-01-25,MSCI_ACWI,90.2975
2008-01-28,MSCI_ACWI,89.7401
2008-01-29,MSCI_ACWI,90.8736
2008-01-30,MSCI_ACWI,90.1717
2008-01-31,MSCI_ACWI,90.9650
2008-02-01,MSCI_ACWI,92.3224
2008-02-04,MSCI_ACWI,92.3925
2008-02-05,MSCI_ACWI,90.6610
2008-02-06,MSCI_ACWI,89.7616
2008-02-07,MSCI_ACWI,90.1499
2008-02-08,MSCI_ACWI,90.0855
2008-02-11,MSCI_ACWI,89.9779
2008-02-12,MSCI_ACWI,90.8804
2008-02-13,MSCI_ACWI,91.5733
2008-02-14,MSCI_ACWI,91.4607
2008-02-15,MSCI_ACWI,90.6738
2008-02-18,MSCI_ACWI,91.3389
2008-02-19,MSCI_ACWI,91.2912
2008-02-20,MSCI_ACWI,91.2099
2008-02-21,MSCI_ACWI,90.7019
2008-02-22,MSCI_ACWI,90.6071
2008-02-25,MSCI_ACWI,91.8845
2008-02-26,MSCI_ACWI,92.5240
2008-02-27,MSCI_ACWI,91.9577
2008-02-28,MSCI_ACWI,90.8033
2008-02-29,MSCI_ACWI,88.9687
2008-03-03,MSCI_ACWI,87.9065
2008-03-04,MSCI_ACWI,87.1681
2008-03-05,MSCI_ACWI,87.7295
2008-03-06,MSCI_ACWI,86.4402
2008-03-07,MSCI_ACWI,85.2269
2008-03-10,MSCI_ACWI,83.8535
2008-03-11,MSCI_ACWI,85.9084
2008-03-12,MSCI_ACWI,85.6488
2008-03-13,MSCI_ACWI,84.7787
2008-03-14,MSCI_ACWI,83.5051
2008-03-17,MSCI_ACWI,80.7239
2008-03-18,MSCI_ACWI,83.1909
2008-03-19,MSCI_ACWI,82.7012
2008-03-20,MSCI_ACWI,83.9557
2008-03-21,MSCI_ACWI,84.1462
2008-03-24,MSCI_ACWI,84.9886
2008-03-25,MSCI_ACWI,85.8333
2008-03-26,MSCI_ACWI,84.9390
2008-03-27,MSCI_ACWI,84.5699
2008-03-28,MSCI_ACWI,84.4255
2008-03-31,MSCI_ACWI,83.9872
2008-04-01,MSCI_ACWI,87.0188
2008-04-02,MSCI_ACWI,87.8639
2008-04-03,MSCI_ACWI,87.9948
2008-04-04,MSCI_ACWI,87.7906
2008-04-07,MSCI_ACWI,88.4116
2008-04-08,MSCI_ACWI,87.7758
2008-04-09,MSCI_ACWI,86.8559
2008-04-10,MSCI_ACWI,87.0229
2008-04-11,MSCI_ACWI,85.9254
2008-04-14,MSCI_ACWI,85.1520
2008-04-15,MSCI_ACWI,85.7053
2008-04-16,MSCI_ACWI,86.8354
2008-04-17,MSCI_ACWI,87.0086
2008-04-18,MSCI_ACWI,88.8467
2008-04-21,MSCI_ACWI,88.3279
2008-04-22,MSCI_ACWI,87.5420
2008-04-23,MSCI_ACWI,88.1944
2008-04-24,MSCI_ACWI,88.9674
2008-04-25,MSCI_ACWI,89.9623
2008-04-28,MSCI_ACWI,90.3062
2008-04-29,MSCI_ACWI,89.9619
2008-04-30,MSCI_ACWI,90.2473
2008-05-01,MSCI_ACWI,91.3272
2008-05-02,MSCI_ACWI,92.5216
2008-05-05,MSCI_ACWI,92.0641
2008-05-06,MSCI_ACWI,92.0877
2008-05-07,MSCI_ACWI,92.2122
2008-05-08,MSCI_ACWI,92.2260
2008-05-09,MSCI_ACWI,91.3812
2008-05-12,MSCI_ACWI,91.7154
2008-05-13,MSCI_ACWI,91.9063
2008-05-14,MSCI_ACWI,92.3600
2008-05-15,MSCI_ACWI,93.1591
2008-05-16,MSCI_ACWI,93.4347
2008-05-19,MSCI_ACWI,94.0617
2008-05-20,MSCI_ACWI,92.5301
2008-05-21,MSCI_ACWI,90.9833
2008-05-22,MSCI_ACWI,91.2868
2008-05-23,MSCI_ACWI,89.9882
2008-05-26,MSCI_ACWI,89.5340
2008-05-27,MSCI_ACWI,89.9078
2008-05-28,MSCI_ACWI,90.6010
2008-05-29,MSCI_ACWI,91.5012
2008-05-30,MSCI_ACWI,91.8260
2008-06-02,MSCI_ACWI,91.3648
2008-06-03,MSCI_ACWI,91.2553
2008-06-04,MSCI_ACWI,90.9594
2008-06-05,MSCI_ACWI,91.2952
2008-06-06,MSCI_ACWI,88.9726
2008-06-09,MSCI_ACWI,88.4753
2008-06-10,MSCI_ACWI,88.5651
2008-06-11,MSCI_ACWI,87.3620
2008-06-12,MSCI_ACWI,87.6388
2008-06-13,MSCI_ACWI,88.7238
2008-06-16,MSCI_ACWI,88.5775
2008-06-17,MSCI_ACWI,88.4898
2008-06-18,MSCI_ACWI,87.7459
2008-06-19,MSCI_ACWI,87.4476
2008-06-20,MSCI_ACWI,85.4570
2008-06-23,MSCI_ACWI,85.8600
2008-06-24,MSCI_ACWI,85.0220
2008-06-25,MSCI_ACWI,85.6995
2008-06-26,MSCI_ACWI,83.3438
2008-06-27,MSCI_ACWI,82.9017
2008-06-30,MSCI_ACWI,83.1359
2008-07-01,MSCI_ACWI,82.4870
2008-07-02,MSCI_ACWI,80.9202
2008-07-03,MSCI_ACWI,81.3545
2008-07-04,MSCI_ACWI,81.1384
2008-07-07,MSCI_ACWI,81.2518
2008-07-08,MSCI_ACWI,81.0916
2008-07-09,MSCI_ACWI,80.7414
2008-07-10,MSCI_ACWI,80.3214
2008-07-11,MSCI_ACWI,79.0471
2008-07-14,MSCI_ACWI,78.9100
2008-07-15,MSCI_ACWI,77.3972
2008-07-16,MSCI_ACWI,78.8502
2008-07-17,MSCI_ACWI,79.8533
2008-07-18,MSCI_ACWI,80.0603
2008-07-21,MSCI_ACWI,80.5351
2008-07-22,MSCI_ACWI,81.0494
2008-07-23,MSCI_ACWI,82.3138
2008-07-24,MSCI_ACWI,81.2699
2008-07-25,MSCI_ACWI,80.9244
2008-07-28,MSCI_ACWI,79.7968
2008-07-29,MSCI_ACWI,80.8550
2008-07-30,MSCI_ACWI,82.4110
2008-07-31,MSCI_ACWI,81.7709
2008-08-01,MSCI_ACWI,81.0981
2008-08-04,MSCI_ACWI,79.9580
2008-08-05,MSCI_ACWI,81.6928
2008-08-06,MSCI_ACWI,82.6555
2008-08-07,MSCI_ACWI,81.9321
2008-08-08,MSCI_ACWI,83.9555
2008-08-11,MSCI_ACWI,84.8026
2008-08-12,MSCI_ACWI,84.5400
2008-08-13,MSCI_ACWI,83.8609
2008-08-14,MSCI_ACWI,84.1061
2008-08-15,MSCI_ACWI,84.9478
2008-08-18,MSCI_ACWI,84.3398
2008-08-19,MSCI_ACWI,83.0049
2008-08-20,MSCI_ACWI,83.5186
2008-08-21,MSCI_ACWI,82.8983
2008-08-22,MSCI_ACWI,83.8212
2008-08-25,MSCI_ACWI,83.2326
2008-08-26,MSCI_ACWI,83.7175
2008-08-27,MSCI_ACWI,84.0314
2008-08-28,MSCI_ACWI,84.9309
2008-08-29,MSCI_ACWI,84.7905
2008-09-01,MSCI_ACWI,84.8352
2008-09-02,MSCI_ACWI,84.7758
2008-09-03,MSCI_ACWI,84.4106
2008-09-04,MSCI_ACWI,82.5815
2008-09-05,MSCI_ACWI,82.3347
2008-09-08,MSCI_ACWI,84.6308
2008-09-09,MSCI_ACWI,82.8123
2008-09-10,MSCI_ACWI,83.1443
2008-09-11,MSCI_ACWI,83.6846
2008-09-12,MSCI_ACWI,83.5288
2008-09-15,MSCI_ACWI,80.4478
2008-09-16,MSCI_ACWI,79.9143
2008-09-17,MSCI_ACWI,77.2132
2008-09-18,MSCI_ACWI,77.6948
2008-09-19,MSCI_ACWI,82.2979
2008-09-22,MSCI_ACWI,79.8816
2008-09-23,MSCI_ACWI,78.3066
2008-09-24,MSCI_ACWI,78.3323
2008-09-25,MSCI_ACWI,79.4054
2008-09-26,MSCI_ACWI,78.9942
2008-09-29,MSCI_ACWI,74.4700
2008-09-30,MSCI_ACWI,77.7644
2008-10-01,MSCI_ACWI,78.1187
2008-10-02,MSCI_ACWI,76.4019
2008-10-03,MSCI_ACWI,76.0302
2008-10-06,MSCI_ACWI,72.9950
2008-10-07,MSCI_ACWI,70.1040
2008-10-08,MSCI_ACWI,67.3361
2008-10-09,MSCI_ACWI,64.6754
2008-10-10,MSCI_ACWI,62.1520
2008-10-13,MSCI_ACWI,67.5378
2008-10-14,MSCI_ACWI,69.2668
2008-10-15,MSCI_ACWI,64.5858
2008-10-16,MSCI_ACWI,64.1231
2008-10-17,MSCI_ACWI,64.6613
2008-10-20,MSCI_ACWI,68.0250
2008-10-21,MSCI_ACWI,67.4376
2008-10-22,MSCI_ACWI,64.3989
2008-10-23,MSCI_ACWI,64.3501
2008-10-24,MSCI_ACWI,62.0960
2008-10-27,MSCI_ACWI,60.8036
2008-10-28,MSCI_ACWI,64.8959
2008-10-29,MSCI_ACWI,65.3303
2008-10-30,MSCI_ACWI,67.7278
2008-10-31,MSCI_ACWI,69.0723
2008-11-03,MSCI_ACWI,69.0789
2008-11-04,MSCI_ACWI,71.1309
2008-11-05,MSCI_ACWI,69.0661
2008-11-06,MSCI_ACWI,66.3178
2008-11-07,MSCI_ACWI,67.3236
2008-11-10,MSCI_ACWI,67.4492
2008-11-11,MSCI_ACWI,66.3217
2008-11-12,MSCI_ACWI,63.8138
2008-11-13,MSCI_ACWI,65.0660
2008-11-14,MSCI_ACWI,63.6290
2008-11-17,MSCI_ACWI,62.3451
2008-11-18,MSCI_ACWI,62.2942
2008-11-19,MSCI_ACWI,59.5168
2008-11-20,MSCI_ACWI,56.5303
2008-11-21,MSCI_ACWI,58.1876
2008-11-24,MSCI_ACWI,60.4796
2008-11-25,MSCI_ACWI,60.7999
2008-11-26,MSCI_ACWI,62.2851
2008-11-27,MSCI_ACWI,63.0154
2008-11-28,MSCI_ACWI,64.4913
2008-12-01,MSCI_ACWI,60.6792
2008-12-02,MSCI_ACWI,61.0458
2008-12-03,MSCI_ACWI,62.0913
2008-12-04,MSCI_ACWI,60.8213
2008-12-05,MSCI_ACWI,61.3185
2008-12-08,MSCI_ACWI,63.5551
2008-12-09,MSCI_ACWI,63.2645
2008-12-10,MSCI_ACWI,63.8215
2008-12-11,MSCI_ACWI,62.2934
2008-12-12,MSCI_ACWI,61.0294
2008-12-15,MSCI_ACWI,60.1618
2008-12-16,MSCI_ACWI,61.4336
2008-12-17,MSCI_ACWI,59.7941
2008-12-18,MSCI_ACWI,58.7057
2008-12-19,MSCI_ACWI,60.1751
2008-12-22,MSCI_ACWI,59.2257
2008-12-23,MSCI_ACWI,58.7642
2008-12-24,MSCI_ACWI,58.5451
2008-12-25,MSCI_ACWI,58.6085
2008-12-26,MSCI_ACWI,58.5736
2008-12-29,MSCI_ACWI,58.3444
2008-12-30,MSCI_ACWI,59.6876
2008-12-31,MSCI_ACWI,61.0042
2009-01-01,MSCI_ACWI,61.0161
2009-01-02,MSCI_ACWI,62.5485
2009-01-05,MSCI_ACWI,64.0719
2009-01-06,MSCI_ACWI,65.6388
2009-01-07,MSCI_ACWI,63.6322
2009-01-08,MSCI_ACWI,63.0691
2009-01-09,MSCI_ACWI,62.9881
2009-01-12,MSCI_ACWI,62.2903
2009-01-13,MSCI_ACWI,62.2627
2009-01-14,MSCI_ACWI,60.5121
2009-01-15,MSCI_ACWI,60.2335
2009-01-16,MSCI_ACWI,60.2910
2009-01-19,MSCI_ACWI,60.3074
2009-01-20,MSCI_ACWI,58.8553
2009-01-21,MSCI_ACWI,60.0300
2009-01-22,MSCI_ACWI,59.1170
2009-01-23,MSCI_ACWI,59.4946
2009-01-26,MSCI_ACWI,59.0909
2009-01-27,MSCI_ACWI,59.7449
2009-01-28,MSCI_ACWI,61.2077
2009-01-29,MSCI_ACWI,60.5424
2009-01-30,MSCI_ACWI,60.5183
2009-02-02,MSCI_ACWI,59.7853
2009-02-03,MSCI_ACWI,60.0823
2009-02-04,MSCI_ACWI,60.9044
2009-02-05,MSCI_ACWI,61.4437
2009-02-06,MSCI_ACWI,62.7726
2009-02-09,MSCI_ACWI,62.2067
2009-02-10,MSCI_ACWI,60.3623
2009-02-11,MSCI_ACWI,60.8418
2009-02-12,MSCI_ACWI,60.8447
2009-02-13,MSCI_ACWI,60.2996
2009-02-16,MSCI_ACWI,60.3687
2009-02-17,MSCI_ACWI,58.8546
2009-02-18,MSCI_ACWI,58.6749
2009-02-19,MSCI_ACWI,57.9234
2009-02-20,MSCI_ACWI,56.9103
2009-02-23,MSCI_ACWI,55.4539
2009-02-24,MSCI_ACWI,55.9913
2009-02-25,MSCI_ACWI,56.0119
2009-02-26,MSCI_ACWI,55.7763
2009-02-27,MSCI_ACWI,55.0844
2009-03-02,MSCI_ACWI,52.8372
2009-03-03,MSCI_ACWI,52.3900
2009-03-04,MSCI_ACWI,53.7584
2009-03-05,MSCI_ACWI,52.2830
2009-03-06,MSCI_ACWI,51.6319
2009-03-09,MSCI_ACWI,51.1143
2009-03-10,MSCI_ACWI,53.2537
2009-03-11,MSCI_ACWI,53.6607
2009-03-12,MSCI_ACWI,54.5579
2009-03-13,MSCI_ACWI,55.0038
2009-03-16,MSCI_ACWI,55.2606
2009-03-17,MSCI_ACWI,56.2579
2009-03-18,MSCI_ACWI,56.3457
2009-03-19,MSCI_ACWI,54.8187
2009-03-20,MSCI_ACWI,54.6216
2009-03-23,MSCI_ACWI,57.3786
2009-03-24,MSCI_ACWI,57.2154
2009-03-25,MSCI_ACWI,57.5478
2009-03-26,MSCI_ACWI,58.3933
2009-03-27,MSCI_ACWI,58.3589
2009-03-30,MSCI_ACWI,56.6240
2009-03-31,MSCI_ACWI,57.0331
2009-04-01,MSCI_ACWI,58.1491
2009-04-02,MSCI_ACWI,59.7696
2009-04-03,MSCI_ACWI,60.0315
2009-04-06,MSCI_ACWI,59.7827
2009-04-07,MSCI_ACWI,59.3262
2009-04-08,MSCI_ACWI,59.6361
2009-04-09,MSCI_ACWI,61.6327
2009-04-10,MSCI_ACWI,61.7080
2009-04-13,MSCI_ACWI,61.5207
2009-04-14,MSCI_ACWI,61.5810
2009-04-15,MSCI_ACWI,62.0388
2009-04-16,MSCI_ACWI,62.8097
2009-04-17,MSCI_ACWI,63.8224
2009-04-20,MSCI_ACWI,62.2385
2009-04-21,MSCI_ACWI,62.4777
2009-04-22,MSCI_ACWI,62.3019
2009-04-23,MSCI_ACWI,62.7075
2009-04-24,MSCI_ACWI,62.9953
2009-04-27,MSCI_ACWI,63.0611
2009-04-28,MSCI_ACWI,62.5518
2009-04-29,MSCI_ACWI,63.1680
2009-04-30,MSCI_ACWI,63.8905
2009-05-01,MSCI_ACWI,64.0857
2009-05-04,MSCI_ACWI,65.6916
2009-05-05,MSCI_ACWI,65.7728
2009-05-06,MSCI_ACWI,66.8968
2009-05-07,MSCI_ACWI,66.3251
2009-05-08,MSCI_ACWI,67.3179
2009-05-11,MSCI_ACWI,66.0125
2009-05-12,MSCI_ACWI,65.7794
2009-05-13,MSCI_ACWI,64.5339
2009-05-14,MSCI_ACWI,64.5746
2009-05-15,MSCI_ACWI,64.6317
2009-05-18,MSCI_ACWI,66.3339
2009-05-19,MSCI_ACWI,66.6571
2009-05-20,MSCI_ACWI,66.3146
2009-05-21,MSCI_ACWI,65.2576
2009-05-22,MSCI_ACWI,64.5071
2009-05-25,MSCI_ACWI,64.5235
2009-05-26,MSCI_ACWI,65.4904
2009-05-27,MSCI_ACWI,65.5489
2009-05-28,MSCI_ACWI,65.7433
2009-05-29,MSCI_ACWI,65.7720
2009-06-01,MSCI_ACWI,67.5220
2009-06-02,MSCI_ACWI,67.1237
2009-06-03,MSCI_ACWI,66.5361
2009-06-04,MSCI_ACWI,66.7004
2009-06-05,MSCI_ACWI,67.3907
2009-06-08,MSCI_ACWI,67.5351
2009-06-09,MSCI_ACWI,67.2708
2009-06-10,MSCI_ACWI,67.7465
2009-06-11,MSCI_ACWI,68.0208
2009-06-12,MSCI_ACWI,68.2295
2009-06-15,MSCI_ACWI,67.2347
2009-06-16,MSCI_ACWI,66.3937
2009-06-17,MSCI_ACWI,65.8976
2009-06-18,MSCI_ACWI,65.7566
2009-06-19,MSCI_ACWI,66.3767
2009-06-22,MSCI_ACWI,64.9032
2009-06-23,MSCI_ACWI,64.1240
2009-06-24,MSCI_ACWI,64.9796
2009-06-25,MSCI_ACWI,66.0546
2009-06-26,MSCI_ACWI,65.7846
2009-06-29,MSCI_ACWI,66.2881
2009-06-30,MSCI_ACWI,66.0005
2009-07-01,MSCI_ACWI,66.1708
2009-07-02,MSCI_ACWI,65.1210
2009-07-03,MSCI_ACWI,65.1402
2009-07-06,MSCI_ACWI,65.0074
2009-07-07,MSCI_ACWI,63.9679
2009-07-08,MSCI_ACWI,63.8023
2009-07-09,MSCI_ACWI,63.7954
2009-07-10,MSCI_ACWI,63.5914
2009-07-13,MSCI_ACWI,64.2362
2009-07-14,MSCI_ACWI,65.0955
2009-07-15,MSCI_ACWI,66.3227
2009-07-16,MSCI_ACWI,66.7589
2009-07-17,MSCI_ACWI,66.9897
2009-07-20,MSCI_ACWI,67.5438
2009-07-21,MSCI_ACWI,68.0564
2009-07-22,MSCI_ACWI,68.1385
2009-07-23,MSCI_ACWI,69.2601
2009-07-24,MSCI_ACWI,69.6777
2009-07-27,MSCI_ACWI,69.9640
2009-07-28,MSCI_ACWI,69.9628
2009-07-29,MSCI_ACWI,70.1193
2009-07-30,MSCI_ACWI,71.1581
2009-07-31,MSCI_ACWI,71.0456
2009-08-03,MSCI_ACWI,71.3116
2009-08-04,MSCI_ACWI,71.4337
2009-08-05,MSCI_ACWI,71.1498
2009-08-06,MSCI_ACWI,71.1185
2009-08-07,MSCI_ACWI,72.1223
2009-08-10,MSCI_ACWI,72.1861
2009-08-11,MSCI_ACWI,71.5584
2009-08-12,MSCI_ACWI,71.7232
2009-08-13,MSCI_ACWI,72.2161
2009-08-14,MSCI_ACWI,72.0608
2009-08-17,MSCI_ACWI,70.7824
2009-08-18,MSCI_ACWI,71.3344
2009-08-19,MSCI_ACWI,71.0799
2009-08-20,MSCI_ACWI,71.8855
2009-08-21,MSCI_ACWI,72.6802
2009-08-24,MSCI_ACWI,73.1775
2009-08-25,MSCI_ACWI,73.2762
2009-08-26,MSCI_ACWI,73.4759
2009-08-27,MSCI_ACWI,73.3701
2009-08-28,MSCI_ACWI,73.1995
2009-08-31,MSCI_ACWI,72.6992
2009-09-01,MSCI_ACWI,71.8440
2009-09-02,MSCI_ACWI,71.6136
2009-09-03,MSCI_ACWI,71.9318
2009-09-04,MSCI_ACWI,72.8513
2009-09-07,MSCI_ACWI,73.0365
2009-09-08,MSCI_ACWI,73.0810
2009-09-09,MSCI_ACWI,73.1934
2009-09-10,MSCI_ACWI,73.8471
2009-09-11,MSCI_ACWI,73.9406
2009-09-14,MSCI_ACWI,73.7060
2009-09-15,MSCI_ACWI,74.0559
2009-09-16,MSCI_ACWI,74.8681
2009-09-17,MSCI_ACWI,74.8730
2009-09-18,MSCI_ACWI,74.8106
2009-09-21,MSCI_ACWI,74.5756
2009-09-22,MSCI_ACWI,74.7244
2009-09-23,MSCI_ACWI,74.4382
2009-09-24,MSCI_ACWI,73.8443
2009-09-25,MSCI_ACWI,73.5318
2009-09-28,MSCI_ACWI,74.5194
2009-09-29,MSCI_ACWI,74.9310
2009-09-30,MSCI_ACWI,74.6479
2009-10-01,MSCI_ACWI,73.4532
2009-10-02,MSCI_ACWI,72.3742
2009-10-05,MSCI_ACWI,72.9294
2009-10-06,MSCI_ACWI,73.8051
2009-10-07,MSCI_ACWI,74.2559
2009-10-08,MSCI_ACWI,74.7940
2009-10-09,MSCI_ACWI,75.0185
2009-10-12,MSCI_ACWI,75.1477
2009-10-13,MSCI_ACWI,74.8614
2009-10-14,MSCI_ACWI,75.8535
2009-10-15,MSCI_ACWI,75.9295
2009-10-16,MSCI_ACWI,75.5623
2009-10-19,MSCI_ACWI,76.1499
2009-10-20,MSCI_ACWI,75.8491
2009-10-21,MSCI_ACWI,75.3878
2009-10-22,MSCI_ACWI,75.2827
2009-10-23,MSCI_ACWI,74.7243
2009-10-26,MSCI_ACWI,74.3218
2009-10-27,MSCI_ACWI,74.2523
2009-10-28,MSCI_ACWI,72.9483
2009-10-29,MSCI_ACWI,73.8055
2009-10-30,MSCI_ACWI,72.8097
2009-11-02,MSCI_ACWI,72.6462
2009-11-03,MSCI_ACWI,72.9638
2009-11-04,MSCI_ACWI,73.0760
2009-11-05,MSCI_ACWI,73.6030
2009-11-06,MSCI_ACWI,73.9741
2009-11-09,MSCI_ACWI,74.9918
2009-11-10,MSCI_ACWI,75.1751
2009-11-11,MSCI_ACWI,75.4802
2009-11-12,MSCI_ACWI,75.3376
2009-11-13,MSCI_ACWI,75.6909
2009-11-16,MSCI_ACWI,76.4058
2009-11-17,MSCI_ACWI,76.7648
2009-11-18,MSCI_ACWI,76.2556
2009-11-19,MSCI_ACWI,75.5681
2009-11-20,MSCI_ACWI,75.2415
2009-11-23,MSCI_ACWI,75.8373
2009-11-24,MSCI_ACWI,75.6310
2009-11-25,MSCI_ACWI,75.7590
2009-11-26,MSCI_ACWI,74.9989
2009-11-27,MSCI_ACWI,74.2999
2009-11-30,MSCI_ACWI,74.4963
2009-12-01,MSCI_ACWI,75.5943
2009-12-02,MSCI_ACWI,75.8822
2009-12-03,MSCI_ACWI,75.6818
2009-12-04,MSCI_ACWI,76.5687
2009-12-07,MSCI_ACWI,76.6510
2009-12-08,MSCI_ACWI,76.2236
2009-12-09,MSCI_ACWI,75.9659
2009-12-10,MSCI_ACWI,76.4233
2009-12-11,MSCI_ACWI,77.1034
2009-12-14,MSCI_ACWI,77.5414
2009-12-15,MSCI_ACWI,77.6138
2009-12-16,MSCI_ACWI,77.9344
2009-12-17,MSCI_ACWI,77.7978
2009-12-18,MSCI_ACWI,78.0616
2009-12-21,MSCI_ACWI,78.5123
2009-12-22,MSCI_ACWI,79.2605
2009-12-23,MSCI_ACWI,79.2390
2009-12-24,MSCI_ACWI,79.5493
2009-12-25,MSCI_ACWI,79.5168
2009-12-28,MSCI_ACWI,79.6967
2009-12-29,MSCI_ACWI,79.7042
2009-12-30,MSCI_ACWI,79.9006
2009-12-31,MSCI_ACWI,79.5685
2010-01-01,MSCI_ACWI,79.5685
2010-01-04,MSCI_ACWI,80.4588
2010-01-05,MSCI_ACWI,80.8995
2010-01-06,MSCI_ACWI,81.1782
2010-01-07,MSCI_ACWI,81.4116
2010-01-08,MSCI_ACWI,81.7560
2010-01-11,MSCI_ACWI,81.1587
2010-01-12,MSCI_ACWI,80.6640
2010-01-13,MSCI_ACWI,80.8837
2010-01-14,MSCI_ACWI,81.4605
2010-01-15,MSCI_ACWI,81.3057
2010-01-18,MSCI_ACWI,81.3856
2010-01-19,MSCI_ACWI,82.2860
2010-01-20,MSCI_ACWI,81.9556
2010-01-21,MSCI_ACWI,81.0734
2010-01-22,MSCI_ACWI,79.4423
2010-01-25,MSCI_ACWI,79.1858
2010-01-26,MSCI_ACWI,79.1813
2010-01-27,MSCI_ACWI,78.9902
2010-01-28,MSCI_ACWI,78.8467
2010-01-29,MSCI_ACWI,78.5842
2010-02-01,MSCI_ACWI,79.2146
2010-02-02,MSCI_ACWI,79.9215
2010-02-03,MSCI_ACWI,79.9147
2010-02-04,MSCI_ACWI,78.3999
2010-02-05,MSCI_ACWI,78.0373
2010-02-08,MSCI_ACWI,77.6543
2010-02-09,MSCI_ACWI,78.1501
2010-02-10,MSCI_ACWI,78.4405
2010-02-11,MSCI_ACWI,79.5199
2010-02-12,MSCI_ACWI,79.4307
2010-02-15,MSCI_ACWI,79.5597
2010-02-16,MSCI_ACWI,80.1145
2010-02-17,MSCI_ACWI,81.1027
2010-02-18,MSCI_ACWI,81.5771
2010-02-19,MSCI_ACWI,81.8720
2010-02-22,MSCI_ACWI,81.8513
2010-02-23,MSCI_ACWI,81.2359
2010-02-24,MSCI_ACWI,81.2479
2010-02-25,MSCI_ACWI,81.0665
2010-02-26,MSCI_ACWI,81.0575
2010-03-01,MSCI_ACWI,82.6706
2010-03-02,MSCI_ACWI,82.8702
2010-03-03,MSCI_ACWI,82.6676
2010-03-04,MSCI_ACWI,83.0164
2010-03-05,MSCI_ACWI,84.0930
2010-03-08,MSCI_ACWI,84.2134
2010-03-09,MSCI_ACWI,84.6169
2010-03-10,MSCI_ACWI,84.5895
2010-03-11,MSCI_ACWI,84.6487
2010-03-12,MSCI_ACWI,84.4647
2010-03-15,MSCI_ACWI,84.6748
2010-03-16,MSCI_ACWI,84.8397
2010-03-17,MSCI_ACWI,85.6675
2010-03-18,MSCI_ACWI,86.1208
2010-03-19,MSCI_ACWI,86.1791
2010-03-22,MSCI_ACWI,86.2456
2010-03-23,MSCI_ACWI,86.7507
2010-03-24,MSCI_ACWI,87.2578
2010-03-25,MSCI_ACWI,87.3614
2010-03-26,MSCI_ACWI,87.1465
2010-03-29,MSCI_ACWI,87.3216
2010-03-30,MSCI_ACWI,87.7400
2010-03-31,MSCI_ACWI,87.0114
2010-04-01,MSCI_ACWI,87.9043
2010-04-02,MSCI_ACWI,87.9574
2010-04-05,MSCI_ACWI,88.5418
2010-04-06,MSCI_ACWI,89.4351
2010-04-07,MSCI_ACWI,89.4476
2010-04-08,MSCI_ACWI,89.1626
2010-04-09,MSCI_ACWI,89.4261
2010-04-12,MSCI_ACWI,88.7121
2010-04-13,MSCI_ACWI,88.7200
2010-04-14,MSCI_ACWI,89.2855
2010-04-15,MSCI_ACWI,89.8561
2010-04-16,MSCI_ACWI,88.8452
2010-04-19,MSCI_ACWI,88.6023
2010-04-20,MSCI_ACWI,89.4346
2010-04-21,MSCI_ACWI,89.7714
2010-04-22,MSCI_ACWI,89.8978
2010-04-23,MSCI_ACWI,89.9777
2010-04-26,MSCI_ACWI,90.5590
2010-04-27,MSCI_ACWI,88.7762
2010-04-28,MSCI_ACWI,88.8374
2010-04-29,MSCI_ACWI,89.5876
2010-04-30,MSCI_ACWI,88.6955
2010-05-03,MSCI_ACWI,89.6436
2010-05-04,MSCI_ACWI,88.4058
2010-05-05,MSCI_ACWI,88.4607
2010-05-06,MSCI_ACWI,87.1230
2010-05-07,MSCI_ACWI,85.5461
2010-05-10,MSCI_ACWI,88.3629
2010-05-11,MSCI_ACWI,88.7463
2010-05-12,MSCI_ACWI,89.8789
2010-05-13,MSCI_ACWI,90.3783
2010-05-14,MSCI_ACWI,89.2286
2010-05-17,MSCI_ACWI,89.1061
2010-05-18,MSCI_ACWI,88.5571
2010-05-19,MSCI_ACWI,87.3581
2010-05-20,MSCI_ACWI,84.8135
2010-05-21,MSCI_ACWI,84.0473
2010-05-24,MSCI_ACWI,84.6797
2010-05-25,MSCI_ACWI,84.0840
2010-05-26,MSCI_ACWI,84.9236
2010-05-27,MSCI_ACWI,87.0998
2010-05-28,MSCI_ACWI,86.4853
2010-05-31,MSCI_ACWI,86.9993
2010-06-01,MSCI_ACWI,85.9297
2010-06-02,MSCI_ACWI,87.2645
2010-06-03,MSCI_ACWI,88.2739
2010-06-04,MSCI_ACWI,87.1803
2010-06-07,MSCI_ACWI,86.2975
2010-06-08,MSCI_ACWI,86.4843
2010-06-09,MSCI_ACWI,86.1080
2010-06-10,MSCI_ACWI,87.6838
2010-06-11,MSCI_ACWI,88.2921
2010-06-14,MSCI_ACWI,87.8809
2010-06-15,MSCI_ACWI,88.9521
2010-06-16,MSCI_ACWI,89.1566
2010-06-17,MSCI_ACWI,89.0455
2010-06-18,MSCI_ACWI,89.0904
2010-06-21,MSCI_ACWI,89.7818
2010-06-22,MSCI_ACWI,89.2925
2010-06-23,MSCI_ACWI,88.8578
2010-06-24,MSCI_ACWI,87.2709
2010-06-25,MSCI_ACWI,87.1855
2010-06-28,MSCI_ACWI,87.1720
2010-06-29,MSCI_ACWI,85.5119
2010-06-30,MSCI_ACWI,84.4674
2010-07-01,MSCI_ACWI,82.6091
2010-07-02,MSCI_ACWI,81.7408
2010-07-05,MSCI_ACWI,81.9965
2010-07-06,MSCI_ACWI,82.6734
2010-07-07,MSCI_ACWI,84.1535
2010-07-08,MSCI_ACWI,84.8645
2010-07-09,MSCI_ACWI,85.7635
2010-07-12,MSCI_ACWI,86.1005
2010-07-13,MSCI_ACWI,86.7794
2010-07-14,MSCI_ACWI,86.6987
2010-07-15,MSCI_ACWI,85.5517
2010-07-16,MSCI_ACWI,83.5249
2010-07-19,MSCI_ACWI,83.3435
2010-07-20,MSCI_ACWI,84.2670
2010-07-21,MSCI_ACWI,84.4894
2010-07-22,MSCI_ACWI,85.4603
2010-07-23,MSCI_ACWI,86.6456
2010-07-26,MSCI_ACWI,86.7234
2010-07-27,MSCI_ACWI,86.5416
2010-07-28,MSCI_ACWI,86.2498
2010-07-29,MSCI_ACWI,85.7561
2010-07-30,MSCI_ACWI,85.8784
2010-08-02,MSCI_ACWI,86.8925
2010-08-03,MSCI_ACWI,86.6753
2010-08-04,MSCI_ACWI,87.2020
2010-08-05,MSCI_ACWI,87.1638
2010-08-06,MSCI_ACWI,86.2170
2010-08-09,MSCI_ACWI,86.9677
2010-08-10,MSCI_ACWI,87.0095
2010-08-11,MSCI_ACWI,85.8985
2010-08-12,MSCI_ACWI,85.7509
2010-08-13,MSCI_ACWI,86.1959
2010-08-16,MSCI_ACWI,85.8775
2010-08-17,MSCI_ACWI,86.6700
2010-08-18,MSCI_ACWI,86.8500
2010-08-19,MSCI_ACWI,85.9166
2010-08-20,MSCI_ACWI,86.1738
2010-08-23,MSCI_ACWI,86.3178
2010-08-24,MSCI_ACWI,85.0264
2010-08-25,MSCI_ACWI,84.9241
2010-08-26,MSCI_ACWI,84.4604
2010-08-27,MSCI_ACWI,85.4556
2010-08-30,MSCI_ACWI,85.3272
2010-08-31,MSCI_ACWI,84.9532
2010-09-01,MSCI_ACWI,86.5377
2010-09-02,MSCI_ACWI,87.0675
2010-09-03,MSCI_ACWI,87.7638
2010-09-06,MSCI_ACWI,88.0723
2010-09-07,MSCI_ACWI,88.2146
2010-09-08,MSCI_ACWI,88.4193
2010-09-09,MSCI_ACWI,89.0781
2010-09-10,MSCI_ACWI,89.3665
2010-09-13,MSCI_ACWI,89.6676
2010-09-14,MSCI_ACWI,89.1967
2010-09-15,MSCI_ACWI,88.9363
2010-09-16,MSCI_ACWI,88.2309
2010-09-17,MSCI_ACWI,88.6027
2010-09-20,MSCI_ACWI,89.4614
2010-09-21,MSCI_ACWI,88.9966
2010-09-22,MSCI_ACWI,87.2646
2010-09-23,MSCI_ACWI,87.3020
2010-09-24,MSCI_ACWI,87.7097
2010-09-27,MSCI_ACWI,87.6836
2010-09-28,MSCI_ACWI,87.4817
2010-09-29,MSCI_ACWI,87.2356
2010-09-30,MSCI_ACWI,86.6544
2010-10-01,MSCI_ACWI,86.4925
2010-10-04,MSCI_ACWI,86.3975
2010-10-05,MSCI_ACWI,86.9568
2010-10-06,MSCI_ACWI,87.1600
2010-10-07,MSCI_ACWI,86.8631
2010-10-08,MSCI_ACWI,87.1087
2010-10-11,MSCI_ACWI,87.4664
2010-10-12,MSCI_ACWI,87.5839
2010-10-13,MSCI_ACWI,87.8854
2010-10-14,MSCI_ACWI,87.4610
2010-10-15,MSCI_ACWI,87.6983
2010-10-18,MSCI_ACWI,88.1550
2010-10-19,MSCI_ACWI,87.9345
2010-10-20,MSCI_ACWI,87.6600
2010-10-21,MSCI_ACWI,87.6965
2010-10-22,MSCI_ACWI,88.0530
2010-10-25,MSCI_ACWI,88.2400
2010-10-26,MSCI_ACWI,88.5874
2010-10-27,MSCI_ACWI,88.3542
2010-10-28,MSCI_ACWI,88.0929
2010-10-29,MSCI_ACWI,88.1905
2010-11-01,MSCI_ACWI,88.4936
2010-11-02,MSCI_ACWI,88.3219
2010-11-03,MSCI_ACWI,88.4954
2010-11-04,MSCI_ACWI,89.1893
2010-11-05,MSCI_ACWI,90.5485
2010-11-08,MSCI_ACWI,91.1985
2010-11-09,MSCI_ACWI,90.9723
2010-11-10,MSCI_ACWI,91.8031
2010-11-11,MSCI_ACWI,91.7542
2010-11-12,MSCI_ACWI,90.6098
2010-11-15,MSCI_ACWI,91.1974
2010-11-16,MSCI_ACWI,89.8625
2010-11-17,MSCI_ACWI,90.0188
2010-11-18,MSCI_ACWI,91.0576
2010-11-19,MSCI_ACWI,90.7512
2010-11-22,MSCI_ACWI,90.8764
2010-11-23,MSCI_ACWI,90.4582
2010-11-24,MSCI_ACWI,91.5393
2010-11-25,MSCI_ACWI,91.8244
2010-11-26,MSCI_ACWI,91.8390
2010-11-29,MSCI_ACWI,92.1100
2010-11-30,MSCI_ACWI,92.0674
2010-12-01,MSCI_ACWI,93.5444
2010-12-02,MSCI_ACWI,94.3451
2010-12-03,MSCI_ACWI,93.5665
2010-12-06,MSCI_ACWI,94.1421
2010-12-07,MSCI_ACWI,94.0811
2010-12-08,MSCI_ACWI,94.6541
2010-12-09,MSCI_ACWI,95.2489
2010-12-10,MSCI_ACWI,95.2589
2010-12-13,MSCI_ACWI,94.7434
2010-12-14,MSCI_ACWI,94.9973
2010-12-15,MSCI_ACWI,94.7668
2010-12-16,MSCI_ACWI,95.6617
2010-12-17,MSCI_ACWI,95.8845
2010-12-20,MSCI_ACWI,96.3270
2010-12-21,MSCI_ACWI,97.0034
2010-12-22,MSCI_ACWI,97.4683
2010-12-23,MSCI_ACWI,97.6904
2010-12-24,MSCI_ACWI,97.3575
2010-12-27,MSCI_ACWI,97.0091
2010-12-28,MSCI_ACWI,97.3360
2010-12-29,MSCI_ACWI,97.6752
2010-12-30,MSCI_ACWI,96.5559
2010-12-31,MSCI_ACWI,95.8778
2011-01-03,MSCI_ACWI,96.9151
2011-01-04,MSCI_ACWI,97.3450
2011-01-05,MSCI_ACWI,98.3108
2011-01-06,MSCI_ACWI,98.9742
2011-01-07,MSCI_ACWI,99.1349
2011-01-10,MSCI_ACWI,98.9483
2011-01-11,MSCI_ACWI,99.5251
2011-01-12,MSCI_ACWI,99.8619
2011-01-13,MSCI_ACWI,98.2648
2011-01-14,MSCI_ACWI,98.2657
2011-01-17,MSCI_ACWI,98.6542
2011-01-18,MSCI_ACWI,98.5138
2011-01-19,MSCI_ACWI,97.3285
2011-01-20,MSCI_ACWI,96.8225
2011-01-21,MSCI_ACWI,95.9953
2011-01-24,MSCI_ACWI,95.9739
2011-01-25,MSCI_ACWI,95.9011
2011-01-26,MSCI_ACWI,96.3217
2011-01-27,MSCI_ACWI,96.2178
2011-01-28,MSCI_ACWI,95.5866
2011-01-31,MSCI_ACWI,95.2906
2011-02-01,MSCI_ACWI,96.2523
2011-02-02,MSCI_ACWI,96.3569
2011-02-03,MSCI_ACWI,97.4141
2011-02-04,MSCI_ACWI,98.0388
2011-02-07,MSCI_ACWI,98.6011
2011-02-08,MSCI_ACWI,98.1687
2011-02-09,MSCI_ACWI,97.4370
2011-02-10,MSCI_ACWI,97.6743
2011-02-11,MSCI_ACWI,98.2626
2011-02-14,MSCI_ACWI,99.3470
2011-02-15,MSCI_ACWI,98.9137
2011-02-16,MSCI_ACWI,99.4387
2011-02-17,MSCI_ACWI,99.5190
2011-02-18,MSCI_ACWI,99.3994
2011-02-21,MSCI_ACWI,98.8578
2011-02-22,MSCI_ACWI,97.2077
2011-02-23,MSCI_ACWI,96.1552
2011-02-24,MSCI_ACWI,95.6994
2011-02-25,MSCI_ACWI,97.0449
2011-02-28,MSCI_ACWI,97.3417
2011-03-01,MSCI_ACWI,96.6000
2011-03-02,MSCI_ACWI,96.0886
2011-03-03,MSCI_ACWI,96.7283
2011-03-04,MSCI_ACWI,96.2840
2011-03-07,MSCI_ACWI,95.4640
2011-03-08,MSCI_ACWI,96.4386
2011-03-09,MSCI_ACWI,96.2174
2011-03-10,MSCI_ACWI,95.2061
2011-03-11,MSCI_ACWI,94.9542
2011-03-14,MSCI_ACWI,93.2777
2011-03-15,MSCI_ACWI,91.2269
2011-03-16,MSCI_ACWI,90.8574
2011-03-17,MSCI_ACWI,91.3663
2011-03-18,MSCI_ACWI,91.1467
2011-03-21,MSCI_ACWI,92.2199
2011-03-22,MSCI_ACWI,92.3796
2011-03-23,MSCI_ACWI,93.0358
2011-03-24,MSCI_ACWI,93.4213
2011-03-25,MSCI_ACWI,94.0089
2011-03-28,MSCI_ACWI,93.9445
2011-03-29,MSCI_ACWI,94.4593
2011-03-30,MSCI_ACWI,95.2292
2011-03-31,MSCI_ACWI,94.6469
2011-04-01,MSCI_ACWI,95.5167
2011-04-04,MSCI_ACWI,95.2856
2011-04-05,MSCI_ACWI,95.3764
2011-04-06,MSCI_ACWI,94.8646
2011-04-07,MSCI_ACWI,95.0096
2011-04-08,MSCI_ACWI,94.4807
2011-04-11,MSCI_ACWI,94.1389
2011-04-12,MSCI_ACWI,92.7310
2011-04-13,MSCI_ACWI,93.0689
2011-04-14,MSCI_ACWI,93.1961
2011-04-15,MSCI_ACWI,93.5515
2011-04-18,MSCI_ACWI,93.4686
2011-04-19,MSCI_ACWI,93.2723
2011-04-20,MSCI_ACWI,93.8719
2011-04-21,MSCI_ACWI,94.2647
2011-04-22,MSCI_ACWI,94.2699
2011-04-25,MSCI_ACWI,94.1041
2011-04-26,MSCI_ACWI,94.2306
2011-04-27,MSCI_ACWI,94.4138
2011-04-28,MSCI_ACWI,94.0473
2011-04-29,MSCI_ACWI,94.2360
2011-05-02,MSCI_ACWI,94.1212
2011-05-03,MSCI_ACWI,93.7176
2011-05-04,MSCI_ACWI,92.6443
2011-05-05,MSCI_ACWI,93.3289
2011-05-06,MSCI_ACWI,94.2891
2011-05-09,MSCI_ACWI,95.5402
2011-05-10,MSCI_ACWI,95.7658
2011-05-11,MSCI_ACWI,95.6513
2011-05-12,MSCI_ACWI,95.7591
2011-05-13,MSCI_ACWI,95.1960
2011-05-16,MSCI_ACWI,94.5233
2011-05-17,MSCI_ACWI,94.5034
2011-05-18,MSCI_ACWI,94.8459
2011-05-19,MSCI_ACWI,95.0514
2011-05-20,MSCI_ACWI,95.1754
2011-05-23,MSCI_ACWI,94.3589
2011-05-24,MSCI_ACWI,94.0673
2011-05-25,MSCI_ACWI,94.5015
2011-05-26,MSCI_ACWI,94.9045
2011-05-27,MSCI_ACWI,94.7114
2011-05-30,MSCI_ACWI,94.6395
2011-05-31,MSCI_ACWI,95.1614
2011-06-01,MSCI_ACWI,93.7000
2011-06-02,MSCI_ACWI,92.9177
2011-06-03,MSCI_ACWI,91.7622
2011-06-06,MSCI_ACWI,90.8484
2011-06-07,MSCI_ACWI,90.5283
2011-06-08,MSCI_ACWI,90.3247
2011-06-09,MSCI_ACWI,91.2802
2011-06-10,MSCI_ACWI,90.8977
2011-06-13,MSCI_ACWI,90.7570
2011-06-14,MSCI_ACWI,91.2743
2011-06-15,MSCI_ACWI,91.0606
2011-06-16,MSCI_ACWI,91.1583
2011-06-17,MSCI_ACWI,90.4929
2011-06-20,MSCI_ACWI,90.4708
2011-06-21,MSCI_ACWI,91.4831
2011-06-22,MSCI_ACWI,91.0011
2011-06-23,MSCI_ACWI,91.6056
2011-06-24,MSCI_ACWI,91.2404
2011-06-27,MSCI_ACWI,90.8492
2011-06-28,MSCI_ACWI,91.3367
2011-06-29,MSCI_ACWI,92.3351
2011-06-30,MSCI_ACWI,92.8704
2011-07-01,MSCI_ACWI,93.8568
2011-07-04,MSCI_ACWI,94.0727
2011-07-05,MSCI_ACWI,94.2162
2011-07-06,MSCI_ACWI,94.9719
2011-07-07,MSCI_ACWI,95.2842
2011-07-08,MSCI_ACWI,95.4010
2011-07-11,MSCI_ACWI,95.2256
2011-07-12,MSCI_ACWI,94.5401
2011-07-13,MSCI_ACWI,94.3674
2011-07-14,MSCI_ACWI,93.7937
2011-07-15,MSCI_ACWI,94.1533
2011-07-18,MSCI_ACWI,93.6591
2011-07-19,MSCI_ACWI,93.8494
2011-07-20,MSCI_ACWI,94.3727
2011-07-21,MSCI_ACWI,94.4414
2011-07-22,MSCI_ACWI,94.9505
2011-07-25,MSCI_ACWI,94.6148
2011-07-26,MSCI_ACWI,93.8244
2011-07-27,MSCI_ACWI,92.9904
2011-07-28,MSCI_ACWI,93.1126
2011-07-29,MSCI_ACWI,92.1755
2011-08-01,MSCI_ACWI,92.8445
2011-08-02,MSCI_ACWI,90.7928
2011-08-03,MSCI_ACWI,89.6770
2011-08-04,MSCI_ACWI,86.8466
2011-08-05,MSCI_ACWI,85.3837
2011-08-08,MSCI_ACWI,81.0707
2011-08-09,MSCI_ACWI,82.6148
2011-08-10,MSCI_ACWI,80.8673
2011-08-11,MSCI_ACWI,82.7093
2011-08-12,MSCI_ACWI,83.9062
2011-08-15,MSCI_ACWI,84.3003
2011-08-16,MSCI_ACWI,84.1446
2011-08-17,MSCI_ACWI,84.1387
2011-08-18,MSCI_ACWI,81.4048
2011-08-19,MSCI_ACWI,79.5675
2011-08-22,MSCI_ACWI,79.7098
2011-08-23,MSCI_ACWI,81.4912
2011-08-24,MSCI_ACWI,81.9717
2011-08-25,MSCI_ACWI,81.3919
2011-08-26,MSCI_ACWI,81.8973
2011-08-29,MSCI_ACWI,82.9194
2011-08-30,MSCI_ACWI,83.9312
2011-08-31,MSCI_ACWI,85.2758
2011-09-01,MSCI_ACWI,85.7233
2011-09-02,MSCI_ACWI,84.0757
2011-09-05,MSCI_ACWI,82.9506
2011-09-06,MSCI_ACWI,82.6684
2011-09-07,MSCI_ACWI,84.8930
2011-09-08,MSCI_ACWI,84.8987
2011-09-09,MSCI_ACWI,84.2210
2011-09-12,MSCI_ACWI,83.8326
2011-09-13,MSCI_ACWI,84.1261
2011-09-14,MSCI_ACWI,84.6982
2011-09-15,MSCI_ACWI,85.2911
2011-09-16,MSCI_ACWI,86.2649
2011-09-19,MSCI_ACWI,85.7825
2011-09-20,MSCI_ACWI,85.5373
2011-09-21,MSCI_ACWI,83.9477
2011-09-22,MSCI_ACWI,81.5291
2011-09-23,MSCI_ACWI,81.3448
2011-09-26,MSCI_ACWI,82.4557
2011-09-27,MSCI_ACWI,83.9417
2011-09-28,MSCI_ACWI,83.0576
2011-09-29,MSCI_ACWI,83.2772
2011-09-30,MSCI_ACWI,82.8710
2011-10-03,MSCI_ACWI,81.4902
2011-10-04,MSCI_ACWI,81.1924
2011-10-05,MSCI_ACWI,82.5085
2011-10-06,MSCI_ACWI,84.0790
2011-10-07,MSCI_ACWI,83.9159
2011-10-10,MSCI_ACWI,85.0442
2011-10-11,MSCI_ACWI,85.4664
2011-10-12,MSCI_ACWI,85.6970
2011-10-13,MSCI_ACWI,85.9350
2011-10-14,MSCI_ACWI,86.0946
2011-10-17,MSCI_ACWI,85.8727
2011-10-18,MSCI_ACWI,86.5530
2011-10-19,MSCI_ACWI,85.7465
2011-10-20,MSCI_ACWI,85.5852
2011-10-21,MSCI_ACWI,86.2344
2011-10-24,MSCI_ACWI,87.7750
2011-10-25,MSCI_ACWI,86.6952
2011-10-26,MSCI_ACWI,87.5837
2011-10-27,MSCI_ACWI,89.1034
2011-10-28,MSCI_ACWI,89.2913
2011-10-31,MSCI_ACWI,88.2575
2011-11-01,MSCI_ACWI,86.9641
2011-11-02,MSCI_ACWI,87.2210
2011-11-03,MSCI_ACWI,88.6758
2011-11-04,MSCI_ACWI,88.5213
2011-11-07,MSCI_ACWI,88.7258
2011-11-08,MSCI_ACWI,89.0684
2011-11-09,MSCI_ACWI,88.1292
2011-11-10,MSCI_ACWI,87.7245
2011-11-11,MSCI_ACWI,88.6827
2011-11-14,MSCI_ACWI,88.7173
2011-11-15,MSCI_ACWI,89.1356
2011-11-16,MSCI_ACWI,88.2124
2011-11-17,MSCI_ACWI,87.1616
2011-11-18,MSCI_ACWI,86.5557
2011-11-21,MSCI_ACWI,84.8953
2011-11-22,MSCI_ACWI,84.4757
2011-11-23,MSCI_ACWI,83.4935
2011-11-24,MSCI_ACWI,83.5103
2011-11-25,MSCI_ACWI,83.5853
2011-11-28,MSCI_ACWI,85.6550
2011-11-29,MSCI_ACWI,86.3454
2011-11-30,MSCI_ACWI,88.7091
2011-12-01,MSCI_ACWI,89.0183
2011-12-02,MSCI_ACWI,89.5109
2011-12-05,MSCI_ACWI,90.0930
2011-12-06,MSCI_ACWI,90.1426
2011-12-07,MSCI_ACWI,90.4100
2011-12-08,MSCI_ACWI,89.3019
2011-12-09,MSCI_ACWI,89.6200
2011-12-12,MSCI_ACWI,89.2980
2011-12-13,MSCI_ACWI,89.4476
2011-12-14,MSCI_ACWI,88.8465
2011-12-15,MSCI_ACWI,88.6983
2011-12-16,MSCI_ACWI,88.6992
2011-12-19,MSCI_ACWI,87.9534
2011-12-20,MSCI_ACWI,89.4129
2011-12-21,MSCI_ACWI,90.0533
2011-12-22,MSCI_ACWI,90.6124
2011-12-23,MSCI_ACWI,91.4890
2011-12-26,MSCI_ACWI,91.5294
2011-12-27,MSCI_ACWI,91.3515
2011-12-28,MSCI_ACWI,91.0096
2011-12-29,MSCI_ACWI,91.9066
2011-12-30,MSCI_ACWI,91.8036
2012-01-02,MSCI_ACWI,92.0490
2012-01-03,MSCI_ACWI,93.1891
2012-01-04,MSCI_ACWI,94.0364
2012-01-05,MSCI_ACWI,94.3703
2012-01-06,MSCI_ACWI,94.5273
2012-01-09,MSCI_ACWI,94.4603
2012-01-10,MSCI_ACWI,95.4341
2012-01-11,MSCI_ACWI,95.8980
2012-01-12,MSCI_ACWI,95.3439
2012-01-13,MSCI_ACWI,95.8800
2012-01-16,MSCI_ACWI,95.9239
2012-01-17,MSCI_ACWI,96.3361
2012-01-18,MSCI_ACWI,96.5812
2012-01-19,MSCI_ACWI,96.8873
2012-01-20,MSCI_ACWI,96.9123
2012-01-23,MSCI_ACWI,96.5001
2012-01-24,MSCI_ACWI,96.5938
2012-01-25,MSCI_ACWI,97.1076
2012-01-26,MSCI_ACWI,96.4341
2012-01-27,MSCI_ACWI,96.3323
2012-01-30,MSCI_ACWI,95.8569
2012-01-31,MSCI_ACWI,96.3325
2012-02-01,MSCI_ACWI,96.7998
2012-02-02,MSCI_ACWI,97.3252
2012-02-03,MSCI_ACWI,98.6846
2012-02-06,MSCI_ACWI,98.9853
2012-02-07,MSCI_ACWI,98.0974
2012-02-08,MSCI_ACWI,98.3673
2012-02-09,MSCI_ACWI,98.2119
2012-02-10,MSCI_ACWI,97.8516
2012-02-13,MSCI_ACWI,98.4305
2012-02-14,MSCI_ACWI,98.6461
2012-02-15,MSCI_ACWI,99.3707
2012-02-16,MSCI_ACWI,99.8196
2012-02-17,MSCI_ACWI,99.5999
2012-02-20,MSCI_ACWI,99.4375
2012-02-21,MSCI_ACWI,99.3144
2012-02-22,MSCI_ACWI,99.1244
2012-02-23,MSCI_ACWI,98.8779
2012-02-24,MSCI_ACWI,98.2976
2012-02-27,MSCI_ACWI,98.5301
2012-02-28,MSCI_ACWI,98.8025
2012-02-29,MSCI_ACWI,99.0124
2012-03-01,MSCI_ACWI,99.6991
2012-03-02,MSCI_ACWI,100.3046
2012-03-05,MSCI_ACWI,99.4915
2012-03-06,MSCI_ACWI,98.2897
2012-03-07,MSCI_ACWI,98.5910
2012-03-08,MSCI_ACWI,98.9659
2012-03-09,MSCI_ACWI,100.3190
2012-03-12,MSCI_ACWI,99.8970
2012-03-13,MSCI_ACWI,101.6278
2012-03-14,MSCI_ACWI,102.0966
2012-03-15,MSCI_ACWI,102.3252
2012-03-16,MSCI_ACWI,101.9569
2012-03-19,MSCI_ACWI,101.7059
2012-03-20,MSCI_ACWI,101.1324
2012-03-21,MSCI_ACWI,101.0581
2012-03-22,MSCI_ACWI,100.3996
2012-03-23,MSCI_ACWI,100.1624
2012-03-26,MSCI_ACWI,100.7302
2012-03-27,MSCI_ACWI,100.8320
2012-03-28,MSCI_ACWI,100.3845
2012-03-29,MSCI_ACWI,99.8661
2012-03-30,MSCI_ACWI,100.1191
2012-04-02,MSCI_ACWI,101.1489
2012-04-03,MSCI_ACWI,100.4777
2012-04-04,MSCI_ACWI,100.2568
2012-04-05,MSCI_ACWI,100.5801
2012-04-06,MSCI_ACWI,100.5019
2012-04-09,MSCI_ACWI,99.7116
2012-04-10,MSCI_ACWI,98.0842
2012-04-11,MSCI_ACWI,98.3022
2012-04-12,MSCI_ACWI,99.1995
2012-04-13,MSCI_ACWI,98.8618
2012-04-16,MSCI_ACWI,98.8470
2012-04-17,MSCI_ACWI,99.6173
2012-04-18,MSCI_ACWI,99.5959
2012-04-19,MSCI_ACWI,99.0318
2012-04-20,MSCI_ACWI,98.8017
2012-04-23,MSCI_ACWI,98.1015
2012-04-24,MSCI_ACWI,98.0700
2012-04-25,MSCI_ACWI,99.1649
2012-04-26,MSCI_ACWI,99.4189
2012-04-27,MSCI_ACWI,99.6096
2012-04-30,MSCI_ACWI,99.5839
2012-05-01,MSCI_ACWI,99.8599
2012-05-02,MSCI_ACWI,100.1156
2012-05-03,MSCI_ACWI,99.5755
2012-05-04,MSCI_ACWI,98.4341
2012-05-07,MSCI_ACWI,98.5198
2012-05-08,MSCI_ACWI,98.1137
2012-05-09,MSCI_ACWI,97.7810
2012-05-10,MSCI_ACWI,97.9281
2012-05-11,MSCI_ACWI,97.7572
2012-05-14,MSCI_ACWI,97.0893
2012-05-15,MSCI_ACWI,96.7918
2012-05-16,MSCI_ACWI,96.1377
2012-05-17,MSCI_ACWI,95.4339
2012-05-18,MSCI_ACWI,94.2493
2012-05-21,MSCI_ACWI,94.9293
2012-05-22,MSCI_ACWI,95.6758
2012-05-23,MSCI_ACWI,95.8280
2012-05-24,MSCI_ACWI,96.2074
2012-05-25,MSCI_ACWI,96.5569
2012-05-28,MSCI_ACWI,96.5679
2012-05-29,MSCI_ACWI,97.5646
2012-05-30,MSCI_ACWI,97.0933
2012-05-31,MSCI_ACWI,97.0412
2012-06-01,MSCI_ACWI,95.1148
2012-06-04,MSCI_ACWI,93.8281
2012-06-05,MSCI_ACWI,94.6323
2012-06-06,MSCI_ACWI,96.4385
2012-06-07,MSCI_ACWI,96.5913
2012-06-08,MSCI_ACWI,97.1008
2012-06-11,MSCI_ACWI,96.5559
2012-06-12,MSCI_ACWI,97.5118
2012-06-13,MSCI_ACWI,96.5839
2012-06-14,MSCI_ACWI,96.7551
2012-06-15,MSCI_ACWI,97.5765
2012-06-18,MSCI_ACWI,98.2855
2012-06-19,MSCI_ACWI,98.7322
2012-06-20,MSCI_ACWI,98.7799
2012-06-21,MSCI_ACWI,97.7320
2012-06-22,MSCI_ACWI,97.9954
2012-06-25,MSCI_ACWI,97.0221
2012-06-26,MSCI_ACWI,97.2857
2012-06-27,MSCI_ACWI,98.3098
2012-06-28,MSCI_ACWI,98.3444
2012-06-29,MSCI_ACWI,99.2183
2012-07-02,MSCI_ACWI,100.4542
2012-07-03,MSCI_ACWI,101.2660
2012-07-04,MSCI_ACWI,101.9639
2012-07-05,MSCI_ACWI,102.4558
2012-07-06,MSCI_ACWI,102.0142
2012-07-09,MSCI_ACWI,101.5608
2012-07-10,MSCI_ACWI,101.5198
2012-07-11,MSCI_ACWI,101.5517
2012-07-12,MSCI_ACWI,101.0201
2012-07-13,MSCI_ACWI,102.0140
2012-07-16,MSCI_ACWI,102.0434
2012-07-17,MSCI_ACWI,102.6367
2012-07-18,MSCI_ACWI,102.9070
2012-07-19,MSCI_ACWI,103.7181
2012-07-20,MSCI_ACWI,103.2499
2012-07-23,MSCI_ACWI,101.9213
2012-07-24,MSCI_ACWI,101.4755
2012-07-25,MSCI_ACWI,101.0236
2012-07-26,MSCI_ACWI,101.6169
2012-07-27,MSCI_ACWI,102.9913
2012-07-30,MSCI_ACWI,104.4489
2012-07-31,MSCI_ACWI,103.6388
2012-08-01,MSCI_ACWI,103.6503
2012-08-02,MSCI_ACWI,103.7336
2012-08-03,MSCI_ACWI,104.1141
2012-08-06,MSCI_ACWI,104.2953
2012-08-07,MSCI_ACWI,104.8587
2012-08-08,MSCI_ACWI,105.4613
2012-08-09,MSCI_ACWI,106.1332
2012-08-10,MSCI_ACWI,106.1339
2012-08-13,MSCI_ACWI,105.5797
2012-08-14,MSCI_ACWI,105.9989
2012-08-15,MSCI_ACWI,106.2835
2012-08-16,MSCI_ACWI,106.3942
2012-08-17,MSCI_ACWI,107.0920
2012-08-20,MSCI_ACWI,106.6703
2012-08-21,MSCI_ACWI,105.8376
2012-08-22,MSCI_ACWI,105.4691
2012-08-23,MSCI_ACWI,104.3836
2012-08-24,MSCI_ACWI,104.8653
2012-08-27,MSCI_ACWI,104.8664
2012-08-28,MSCI_ACWI,104.2370
2012-08-29,MSCI_ACWI,104.4522
2012-08-30,MSCI_ACWI,103.7913
2012-08-31,MSCI_ACWI,103.4606
2012-09-03,MSCI_ACWI,103.8374
2012-09-04,MSCI_ACWI,103.5061
2012-09-05,MSCI_ACWI,102.9848
2012-09-06,MSCI_ACWI,104.6100
2012-09-07,MSCI_ACWI,104.5138
2012-09-10,MSCI_ACWI,104.2567
2012-09-11,MSCI_ACWI,104.1894
2012-09-12,MSCI_ACWI,104.2775
2012-09-13,MSCI_ACWI,105.0655
2012-09-14,MSCI_ACWI,104.7909
2012-09-17,MSCI_ACWI,104.5000
2012-09-18,MSCI_ACWI,104.7258
2012-09-19,MSCI_ACWI,105.0454
2012-09-20,MSCI_ACWI,105.2768
2012-09-21,MSCI_ACWI,105.3324
2012-09-24,MSCI_ACWI,105.4818
2012-09-25,MSCI_ACWI,104.7599
2012-09-26,MSCI_ACWI,104.4518
2012-09-27,MSCI_ACWI,105.1367
2012-09-28,MSCI_ACWI,104.5626
2012-10-01,MSCI_ACWI,104.7868
2012-10-02,MSCI_ACWI,104.6089
2012-10-03,MSCI_ACWI,104.7982
2012-10-04,MSCI_ACWI,104.6998
2012-10-05,MSCI_ACWI,104.7036
2012-10-08,MSCI_ACWI,104.7249
2012-10-09,MSCI_ACWI,104.4034
2012-10-10,MSCI_ACWI,103.7293
2012-10-11,MSCI_ACWI,103.7093
2012-10-12,MSCI_ACWI,103.3336
2012-10-15,MSCI_ACWI,104.0308
2012-10-16,MSCI_ACWI,104.5883
2012-10-17,MSCI_ACWI,104.6198
2012-10-18,MSCI_ACWI,104.8789
2012-10-19,MSCI_ACWI,104.0881
2012-10-22,MSCI_ACWI,103.6941
2012-10-23,MSCI_ACWI,102.9667
2012-10-24,MSCI_ACWI,102.8218
2012-10-25,MSCI_ACWI,103.2356
2012-10-26,MSCI_ACWI,103.1729
2012-10-29,MSCI_ACWI,103.1526
2012-10-30,MSCI_ACWI,102.9731
2012-10-31,MSCI_ACWI,103.1197
2012-11-01,MSCI_ACWI,104.1564
2012-11-02,MSCI_ACWI,104.4532
2012-11-05,MSCI_ACWI,104.7435
2012-11-06,MSCI_ACWI,105.2308
2012-11-07,MSCI_ACWI,104.1010
2012-11-08,MSCI_ACWI,103.3045
2012-11-09,MSCI_ACWI,103.3632
2012-11-12,MSCI_ACWI,103.2063
2012-11-13,MSCI_ACWI,102.9522
2012-11-14,MSCI_ACWI,101.7789
2012-11-15,MSCI_ACWI,100.9647
2012-11-16,MSCI_ACWI,101.5578
2012-11-19,MSCI_ACWI,102.7379
2012-11-20,MSCI_ACWI,102.8926
2012-11-21,MSCI_ACWI,103.0021
2012-11-22,MSCI_ACWI,102.9706
2012-11-23,MSCI_ACWI,103.5208
2012-11-26,MSCI_ACWI,103.3070
2012-11-27,MSCI_ACWI,103.3722
2012-11-28,MSCI_ACWI,103.8046
2012-11-29,MSCI_ACWI,104.1742
2012-11-30,MSCI_ACWI,104.0531
2012-12-03,MSCI_ACWI,103.4600
2012-12-04,MSCI_ACWI,103.3211
2012-12-05,MSCI_ACWI,103.7089
2012-12-06,MSCI_ACWI,104.6752
2012-12-07,MSCI_ACWI,105.3023
2012-12-10,MSCI_ACWI,105.4738
2012-12-11,MSCI_ACWI,105.5061
2012-12-12,MSCI_ACWI,105.4385
2012-12-13,MSCI_ACWI,104.7640
2012-12-14,MSCI_ACWI,104.4529
2012-12-17,MSCI_ACWI,104.6678
2012-12-18,MSCI_ACWI,105.2054
2012-12-19,MSCI_ACWI,104.9947
2012-12-20,MSCI_ACWI,105.3748
2012-12-21,MSCI_ACWI,105.0198
2012-12-24,MSCI_ACWI,104.6896
2012-12-25,MSCI_ACWI,104.7595
2012-12-26,MSCI_ACWI,104.3714
2012-12-27,MSCI_ACWI,104.4375
2012-12-28,MSCI_ACWI,103.8866
2012-12-31,MSCI_ACWI,104.9734
2013-01-01,MSCI_ACWI,104.9843
2013-01-02,MSCI_ACWI,106.8010
2013-01-03,MSCI_ACWI,107.8315
2013-01-04,MSCI_ACWI,108.5804
2013-01-07,MSCI_ACWI,107.8860
2013-01-08,MSCI_ACWI,107.7723
2013-01-09,MSCI_ACWI,108.3430
2013-01-10,MSCI_ACWI,107.7692
2013-01-11,MSCI_ACWI,106.8889
2013-01-14,MSCI_ACWI,106.7076
2013-01-15,MSCI_ACWI,106.9355
2013-01-16,MSCI_ACWI,107.0700
2013-01-17,MSCI_ACWI,107.0898
2013-01-18,MSCI_ACWI,107.8565
2013-01-21,MSCI_ACWI,107.7319
2013-01-22,MSCI_ACWI,108.2543
2013-01-23,MSCI_ACWI,108.2309
2013-01-24,MSCI_ACWI,107.6412
2013-01-25,MSCI_ACWI,107.4168
2013-01-28,MSCI_ACWI,107.2787
2013-01-29,MSCI_ACWI,107.7585
2013-01-30,MSCI_ACWI,106.9416
2013-01-31,MSCI_ACWI,106.6542
2013-02-01,MSCI_ACWI,106.4969
2013-02-04,MSCI_ACWI,106.4421
2013-02-05,MSCI_ACWI,106.9814
2013-02-06,MSCI_ACWI,107.0772
2013-02-07,MSCI_ACWI,107.7941
2013-02-08,MSCI_ACWI,108.4587
2013-02-11,MSCI_ACWI,108.1269
2013-02-12,MSCI_ACWI,107.9939
2013-02-13,MSCI_ACWI,108.3318
2013-02-14,MSCI_ACWI,108.9710
2013-02-15,MSCI_ACWI,108.5957
2013-02-18,MSCI_ACWI,108.6802
2013-02-19,MSCI_ACWI,109.4047
2013-02-20,MSCI_ACWI,108.7059
2013-02-21,MSCI_ACWI,108.5101
2013-02-22,MSCI_ACWI,109.6979
2013-02-25,MSCI_ACWI,108.5423
2013-02-26,MSCI_ACWI,109.2319
2013-02-27,MSCI_ACWI,109.9136
2013-02-28,MSCI_ACWI,110.7199
2013-03-01,MSCI_ACWI,111.2292
2013-03-04,MSCI_ACWI,111.0869
2013-03-05,MSCI_ACWI,112.1190
2013-03-06,MSCI_ACWI,112.6440
2013-03-07,MSCI_ACWI,112.1066
2013-03-08,MSCI_ACWI,113.3568
2013-03-11,MSCI_ACWI,113.4649
2013-03-12,MSCI_ACWI,113.2257
2013-03-13,MSCI_ACWI,113.5292
2013-03-14,MSCI_ACWI,113.9620
2013-03-15,MSCI_ACWI,113.4420
2013-03-18,MSCI_ACWI,113.2967
2013-03-19,MSCI_ACWI,113.5629
2013-03-20,MSCI_ACWI,113.5715
2013-03-21,MSCI_ACWI,113.2088
2013-03-22,MSCI_ACWI,112.8945
2013-03-25,MSCI_ACWI,113.5982
2013-03-26,MSCI_ACWI,114.3258
2013-03-27,MSCI_ACWI,114.8891
2013-03-28,MSCI_ACWI,114.7619
2013-03-29,MSCI_ACWI,114.7856
2013-04-01,MSCI_ACWI,114.2325
2013-04-02,MSCI_ACWI,114.8016
2013-04-03,MSCI_ACWI,113.9855
2013-04-04,MSCI_ACWI,113.5942
2013-04-05,MSCI_ACWI,111.7985
2013-04-08,MSCI_ACWI,112.3650
2013-04-09,MSCI_ACWI,112.5913
2013-04-10,MSCI_ACWI,113.8171
2013-04-11,MSCI_ACWI,114.2474
2013-04-12,MSCI_ACWI,113.9589
2013-04-15,MSCI_ACWI,112.1225
2013-04-16,MSCI_ACWI,112.3374
2013-04-17,MSCI_ACWI,111.7514
2013-04-18,MSCI_ACWI,110.8814
2013-04-19,MSCI_ACWI,111.6737
2013-04-22,MSCI_ACWI,112.4657
2013-04-23,MSCI_ACWI,113.7416
2013-04-24,MSCI_ACWI,114.5255
2013-04-25,MSCI_ACWI,115.1598
2013-04-26,MSCI_ACWI,114.8303
2013-04-29,MSCI_ACWI,115.0217
2013-04-30,MSCI_ACWI,114.9931
2013-05-01,MSCI_ACWI,114.2454
2013-05-02,MSCI_ACWI,115.5255
2013-05-03,MSCI_ACWI,116.0949
2013-05-06,MSCI_ACWI,116.6511
2013-05-07,MSCI_ACWI,117.2012
2013-05-08,MSCI_ACWI,117.3677
2013-05-09,MSCI_ACWI,117.5590
2013-05-10,MSCI_ACWI,118.5568
2013-05-13,MSCI_ACWI,118.4729
2013-05-14,MSCI_ACWI,119.1957
2013-05-15,MSCI_ACWI,120.6534
2013-05-16,MSCI_ACWI,119.9523
2013-05-17,MSCI_ACWI,121.1789
2013-05-20,MSCI_ACWI,121.3078
2013-05-21,MSCI_ACWI,121.3226
2013-05-22,MSCI_ACWI,120.7598
2013-05-23,MSCI_ACWI,118.8609
2013-05-24,MSCI_ACWI,118.5710
2013-05-27,MSCI_ACWI,118.2989
2013-05-28,MSCI_ACWI,119.6354
2013-05-29,MSCI_ACWI,117.9454
2013-05-30,MSCI_ACWI,117.2863
2013-05-31,MSCI_ACWI,116.6603
2013-06-03,MSCI_ACWI,115.9609
2013-06-04,MSCI_ACWI,115.7239
2013-06-05,MSCI_ACWI,113.8879
2013-06-06,MSCI_ACWI,113.1482
2013-06-07,MSCI_ACWI,113.9265
2013-06-10,MSCI_ACWI,114.2539
2013-06-11,MSCI_ACWI,112.6572
2013-06-12,MSCI_ACWI,111.7717
2013-06-13,MSCI_ACWI,112.4087
2013-06-14,MSCI_ACWI,112.1763
2013-06-17,MSCI_ACWI,113.0619
2013-06-18,MSCI_ACWI,113.0480
2013-06-19,MSCI_ACWI,112.3155
2013-06-20,MSCI_ACWI,110.2506
2013-06-21,MSCI_ACWI,110.2833
2013-06-24,MSCI_ACWI,109.0182
2013-06-25,MSCI_ACWI,110.0262
2013-06-26,MSCI_ACWI,111.7845
2013-06-27,MSCI_ACWI,112.7616
2013-06-28,MSCI_ACWI,112.9149
2013-07-01,MSCI_ACWI,113.3749
2013-07-02,MSCI_ACWI,113.2964
2013-07-03,MSCI_ACWI,113.2831
2013-07-04,MSCI_ACWI,114.4710
2013-07-05,MSCI_ACWI,115.1747
2013-07-08,MSCI_ACWI,115.3586
2013-07-09,MSCI_ACWI,116.9392
2013-07-10,MSCI_ACWI,116.6778
2013-07-11,MSCI_ACWI,117.0355
2013-07-12,MSCI_ACWI,117.0712
2013-07-15,MSCI_ACWI,117.4029
2013-07-16,MSCI_ACWI,116.5846
2013-07-17,MSCI_ACWI,117.2699
2013-07-18,MSCI_ACWI,117.8051
2013-07-19,MSCI_ACWI,117.4484
2013-07-22,MSCI_ACWI,117.5056
2013-07-23,MSCI_ACWI,117.4300
2013-07-24,MSCI_ACWI,117.1425
2013-07-25,MSCI_ACWI,117.0539
2013-07-26,MSCI_ACWI,116.6841
2013-07-29,MSCI_ACWI,116.1787
2013-07-30,MSCI_ACWI,116.3031
2013-07-31,MSCI_ACWI,115.8254
2013-08-01,MSCI_ACWI,117.4819
2013-08-02,MSCI_ACWI,117.6732
2013-08-05,MSCI_ACWI,117.8436
2013-08-06,MSCI_ACWI,116.9322
2013-08-07,MSCI_ACWI,116.1779
2013-08-08,MSCI_ACWI,116.3034
2013-08-09,MSCI_ACWI,116.6123
2013-08-12,MSCI_ACWI,117.0159
2013-08-13,MSCI_ACWI,117.8552
2013-08-14,MSCI_ACWI,117.6434
2013-08-15,MSCI_ACWI,116.3893
2013-08-16,MSCI_ACWI,115.6979
2013-08-19,MSCI_ACWI,114.8815
2013-08-20,MSCI_ACWI,114.0165
2013-08-21,MSCI_ACWI,113.6088
2013-08-22,MSCI_ACWI,114.4133
2013-08-23,MSCI_ACWI,114.7870
2013-08-26,MSCI_ACWI,114.7649
2013-08-27,MSCI_ACWI,113.0167
2013-08-28,MSCI_ACWI,113.1075
2013-08-29,MSCI_ACWI,114.3300
2013-08-30,MSCI_ACWI,114.2076
2013-09-02,MSCI_ACWI,114.9009
2013-09-03,MSCI_ACWI,115.4608
2013-09-04,MSCI_ACWI,115.8820
2013-09-05,MSCI_ACWI,116.8125
2013-09-06,MSCI_ACWI,116.9149
2013-09-09,MSCI_ACWI,117.2581
2013-09-10,MSCI_ACWI,118.2843
2013-09-11,MSCI_ACWI,118.4429
2013-09-12,MSCI_ACWI,118.1817
2013-09-13,MSCI_ACWI,118.6262
2013-09-16,MSCI_ACWI,118.8771
2013-09-17,MSCI_ACWI,118.9688
2013-09-18,MSCI_ACWI,119.9375
2013-09-19,MSCI_ACWI,119.2844
2013-09-20,MSCI_ACWI,118.7876
2013-09-23,MSCI_ACWI,118.6203
2013-09-24,MSCI_ACWI,118.3993
2013-09-25,MSCI_ACWI,118.1115
2013-09-26,MSCI_ACWI,118.5573
2013-09-27,MSCI_ACWI,117.8763
2013-09-30,MSCI_ACWI,116.9970
2013-10-01,MSCI_ACWI,117.8777
2013-10-02,MSCI_ACWI,117.1750
2013-10-03,MSCI_ACWI,116.4372
2013-10-04,MSCI_ACWI,117.0294
2013-10-07,MSCI_ACWI,116.4509
2013-10-08,MSCI_ACWI,115.4130
2013-10-09,MSCI_ACWI,115.8374
2013-10-10,MSCI_ACWI,117.6673
2013-10-11,MSCI_ACWI,118.2105
2013-10-14,MSCI_ACWI,118.3631
2013-10-15,MSCI_ACWI,118.8713
2013-10-16,MSCI_ACWI,119.8223
2013-10-17,MSCI_ACWI,119.4358
2013-10-18,MSCI_ACWI,120.0380
2013-10-21,MSCI_ACWI,120.3287
2013-10-22,MSCI_ACWI,120.2350
2013-10-23,MSCI_ACWI,119.4182
2013-10-24,MSCI_ACWI,119.6182
2013-10-25,MSCI_ACWI,119.6586
2013-10-28,MSCI_ACWI,119.9743
2013-10-29,MSCI_ACWI,120.4203
2013-10-30,MSCI_ACWI,120.3259
2013-10-31,MSCI_ACWI,121.1753
2013-11-01,MSCI_ACWI,121.7182
2013-11-04,MSCI_ACWI,121.9049
2013-11-05,MSCI_ACWI,121.7979
2013-11-06,MSCI_ACWI,121.9178
2013-11-07,MSCI_ACWI,121.8713
2013-11-08,MSCI_ACWI,122.5229
2013-11-11,MSCI_ACWI,122.2755
2013-11-12,MSCI_ACWI,121.8323
2013-11-13,MSCI_ACWI,122.2143
2013-11-14,MSCI_ACWI,122.6569
2013-11-15,MSCI_ACWI,123.2791
2013-11-18,MSCI_ACWI,123.1807
2013-11-19,MSCI_ACWI,122.7479
2013-11-20,MSCI_ACWI,122.9122
2013-11-21,MSCI_ACWI,123.0716
2013-11-22,MSCI_ACWI,123.0292
2013-11-25,MSCI_ACWI,123.2515
2013-11-26,MSCI_ACWI,122.5772
2013-11-27,MSCI_ACWI,122.7039
2013-11-28,MSCI_ACWI,122.7954
2013-11-29,MSCI_ACWI,122.7066
2013-12-02,MSCI_ACWI,122.7039
2013-12-03,MSCI_ACWI,121.7472
2013-12-04,MSCI_ACWI,121.3720
2013-12-05,MSCI_ACWI,120.1287
2013-12-06,MSCI_ACWI,120.8609
2013-12-09,MSCI_ACWI,121.0221
2013-12-10,MSCI_ACWI,120.3367
2013-12-11,MSCI_ACWI,119.1156
2013-12-12,MSCI_ACWI,118.5465
2013-12-13,MSCI_ACWI,118.6663
2013-12-16,MSCI_ACWI,119.1667
2013-12-17,MSCI_ACWI,119.0111
2013-12-18,MSCI_ACWI,120.1590
2013-12-19,MSCI_ACWI,121.2757
2013-12-20,MSCI_ACWI,121.7800
2013-12-23,MSCI_ACWI,122.2434
2013-12-24,MSCI_ACWI,122.7951
2013-12-25,MSCI_ACWI,122.7940
2013-12-26,MSCI_ACWI,122.9892
2013-12-27,MSCI_ACWI,122.8237
2013-12-30,MSCI_ACWI,122.6879
2013-12-31,MSCI_ACWI,123.3382
2014-01-01,MSCI_ACWI,123.3395
2014-01-02,MSCI_ACWI,123.2217
2014-01-03,MSCI_ACWI,123.5391
2014-01-06,MSCI_ACWI,122.8564
2014-01-07,MSCI_ACWI,123.6058
2014-01-08,MSCI_ACWI,123.8648
2014-01-09,MSCI_ACWI,123.6127
2014-01-10,MSCI_ACWI,123.5081
2014-01-13,MSCI_ACWI,123.1266
2014-01-14,MSCI_ACWI,123.2160
2014-01-15,MSCI_ACWI,124.6571
2014-01-16,MSCI_ACWI,124.5065
2014-01-17,MSCI_ACWI,124.7445
2014-01-20,MSCI_ACWI,124.6574
2014-01-21,MSCI_ACWI,124.9935
2014-01-22,MSCI_ACWI,125.0456
2014-01-23,MSCI_ACWI,123.0689
2014-01-24,MSCI_ACWI,120.6935
2014-01-27,MSCI_ACWI,119.6651
2014-01-28,MSCI_ACWI,120.2169
2014-01-29,MSCI_ACWI,119.9225
2014-01-30,MSCI_ACWI,120.8947
2014-01-31,MSCI_ACWI,120.9858
2014-02-03,MSCI_ACWI,118.7659
2014-02-04,MSCI_ACWI,118.5836
2014-02-05,MSCI_ACWI,118.5555
2014-02-06,MSCI_ACWI,119.5352
2014-02-07,MSCI_ACWI,120.7533
2014-02-10,MSCI_ACWI,120.8109
2014-02-11,MSCI_ACWI,121.8668
2014-02-12,MSCI_ACWI,123.0241
2014-02-13,MSCI_ACWI,122.6017
2014-02-14,MSCI_ACWI,123.0416
2014-02-17,MSCI_ACWI,123.2256
2014-02-18,MSCI_ACWI,123.1938
2014-02-19,MSCI_ACWI,122.8344
2014-02-20,MSCI_ACWI,123.1634
2014-02-21,MSCI_ACWI,123.2487
2014-02-24,MSCI_ACWI,123.9785
2014-02-25,MSCI_ACWI,123.9545
2014-02-26,MSCI_ACWI,124.2770
2014-02-27,MSCI_ACWI,124.4995
2014-02-28,MSCI_ACWI,123.8369
2014-03-03,MSCI_ACWI,122.6543
2014-03-04,MSCI_ACWI,124.5012
2014-03-05,MSCI_ACWI,124.6720
2014-03-06,MSCI_ACWI,124.4026
2014-03-07,MSCI_ACWI,123.8387
2014-03-10,MSCI_ACWI,123.2277
2014-03-11,MSCI_ACWI,123.0710
2014-03-12,MSCI_ACWI,122.1907
2014-03-13,MSCI_ACWI,121.0675
2014-03-14,MSCI_ACWI,120.3247
2014-03-17,MSCI_ACWI,121.2285
2014-03-18,MSCI_ACWI,122.2350
2014-03-19,MSCI_ACWI,121.7559
2014-03-20,MSCI_ACWI,122.4956
2014-03-21,MSCI_ACWI,122.5083
2014-03-24,MSCI_ACWI,122.1359
2014-03-25,MSCI_ACWI,122.9017
2014-03-26,MSCI_ACWI,122.8800
2014-03-27,MSCI_ACWI,123.3867
2014-03-28,MSCI_ACWI,123.9841
2014-03-31,MSCI_ACWI,124.6490
2014-04-01,MSCI_ACWI,125.2822
2014-04-02,MSCI_ACWI,125.8436
2014-04-03,MSCI_ACWI,126.1118
2014-04-04,MSCI_ACWI,125.7653
2014-04-07,MSCI_ACWI,124.2226
2014-04-08,MSCI_ACWI,124.1599
2014-04-09,MSCI_ACWI,124.7141
2014-04-10,MSCI_ACWI,123.0320
2014-04-11,MSCI_ACWI,121.7321
2014-04-14,MSCI_ACWI,122.7356
2014-04-15,MSCI_ACWI,122.6678
2014-04-16,MSCI_ACWI,124.0738
2014-04-17,MSCI_ACWI,124.2386
2014-04-18,MSCI_ACWI,124.3263
2014-04-21,MSCI_ACWI,124.7167
2014-04-22,MSCI_ACWI,125.4088
2014-04-23,MSCI_ACWI,124.8838
2014-04-24,MSCI_ACWI,125.1149
2014-04-25,MSCI_ACWI,124.1257
2014-04-28,MSCI_ACWI,124.1949
2014-04-29,MSCI_ACWI,125.1886
2014-04-30,MSCI_ACWI,125.0821
2014-05-01,MSCI_ACWI,125.2705
2014-05-02,MSCI_ACWI,125.3002
2014-05-05,MSCI_ACWI,125.2292
2014-05-06,MSCI_ACWI,124.3679
2014-05-07,MSCI_ACWI,124.5439
2014-05-08,MSCI_ACWI,125.3423
2014-05-09,MSCI_ACWI,126.0788
2014-05-12,MSCI_ACWI,127.0071
2014-05-13,MSCI_ACWI,127.7790
2014-05-14,MSCI_ACWI,127.7169
2014-05-15,MSCI_ACWI,126.7965
2014-05-16,MSCI_ACWI,127.0567
2014-05-19,MSCI_ACWI,127.1313
2014-05-20,MSCI_ACWI,126.7635
2014-05-21,MSCI_ACWI,127.6694
2014-05-22,MSCI_ACWI,128.2796
2014-05-23,MSCI_ACWI,128.9248
2014-05-26,MSCI_ACWI,129.0809
2014-05-27,MSCI_ACWI,129.6244
2014-05-28,MSCI_ACWI,129.7741
2014-05-29,MSCI_ACWI,130.1015
2014-05-30,MSCI_ACWI,129.8020
2014-06-02,MSCI_ACWI,130.3457
2014-06-03,MSCI_ACWI,130.2178
2014-06-04,MSCI_ACWI,130.2928
2014-06-05,MSCI_ACWI,130.9473
2014-06-06,MSCI_ACWI,131.4631
2014-06-09,MSCI_ACWI,132.0695
2014-06-10,MSCI_ACWI,132.6101
2014-06-11,MSCI_ACWI,132.4552
2014-06-12,MSCI_ACWI,131.8923
2014-06-13,MSCI_ACWI,132.1588
2014-06-16,MSCI_ACWI,131.7051
2014-06-17,MSCI_ACWI,132.0463
2014-06-18,MSCI_ACWI,132.4121
2014-06-19,MSCI_ACWI,132.6367
2014-06-20,MSCI_ACWI,133.0403
2014-06-23,MSCI_ACWI,132.7816
2014-06-24,MSCI_ACWI,132.2550
2014-06-25,MSCI_ACWI,131.8469
2014-06-26,MSCI_ACWI,132.3063
2014-06-27,MSCI_ACWI,132.0540
2014-06-30,MSCI_ACWI,131.8018
2014-07-01,MSCI_ACWI,132.7019
2014-07-02,MSCI_ACWI,133.2382
2014-07-03,MSCI_ACWI,134.1900
2014-07-04,MSCI_ACWI,134.3613
2014-07-07,MSCI_ACWI,133.7386
2014-07-08,MSCI_ACWI,132.6884
2014-07-09,MSCI_ACWI,132.6861
2014-07-10,MSCI_ACWI,132.3097
2014-07-11,MSCI_ACWI,132.3863
2014-07-14,MSCI_ACWI,132.9411
2014-07-15,MSCI_ACWI,133.1657
2014-07-16,MSCI_ACWI,134.2099
2014-07-17,MSCI_ACWI,133.2130
2014-07-18,MSCI_ACWI,133.9359
2014-07-21,MSCI_ACWI,133.5430
2014-07-22,MSCI_ACWI,134.9578
2014-07-23,MSCI_ACWI,135.2769
2014-07-24,MSCI_ACWI,135.4144
2014-07-25,MSCI_ACWI,135.1973
2014-07-28,MSCI_ACWI,135.1417
2014-07-29,MSCI_ACWI,135.1749
2014-07-30,MSCI_ACWI,135.2115
2014-07-31,MSCI_ACWI,133.2345
2014-08-01,MSCI_ACWI,132.0811
2014-08-04,MSCI_ACWI,132.6085
2014-08-05,MSCI_ACWI,132.1996
2014-08-06,MSCI_ACWI,131.9266
2014-08-07,MSCI_ACWI,131.3280
2014-08-08,MSCI_ACWI,131.0386
2014-08-11,MSCI_ACWI,132.2970
2014-08-12,MSCI_ACWI,132.4849
2014-08-13,MSCI_ACWI,133.0477
2014-08-14,MSCI_ACWI,133.5570
2014-08-15,MSCI_ACWI,133.4668
2014-08-18,MSCI_ACWI,134.6114
2014-08-19,MSCI_ACWI,135.7104
2014-08-20,MSCI_ACWI,136.1266
2014-08-21,MSCI_ACWI,136.5363
2014-08-22,MSCI_ACWI,136.6961
2014-08-25,MSCI_ACWI,137.7273
2014-08-26,MSCI_ACWI,137.9862
2014-08-27,MSCI_ACWI,138.2078
2014-08-28,MSCI_ACWI,137.9656
2014-08-29,MSCI_ACWI,138.3282
2014-09-01,MSCI_ACWI,138.7142
2014-09-02,MSCI_ACWI,138.7402
2014-09-03,MSCI_ACWI,139.1496
2014-09-04,MSCI_ACWI,140.7400
2014-09-05,MSCI_ACWI,140.9253
2014-09-08,MSCI_ACWI,140.5707
2014-09-09,MSCI_ACWI,140.0385
2014-09-10,MSCI_ACWI,140.0349
2014-09-11,MSCI_ACWI,139.7923
2014-09-12,MSCI_ACWI,139.1755
2014-09-15,MSCI_ACWI,138.9049
2014-09-16,MSCI_ACWI,139.2453
2014-09-17,MSCI_ACWI,139.3867
2014-09-18,MSCI_ACWI,140.2407
2014-09-19,MSCI_ACWI,140.9235
2014-09-22,MSCI_ACWI,139.9217
2014-09-23,MSCI_ACWI,138.6449
2014-09-24,MSCI_ACWI,139.9230
2014-09-25,MSCI_ACWI,138.8537
2014-09-26,MSCI_ACWI,139.8172
2014-09-29,MSCI_ACWI,139.2977
2014-09-30,MSCI_ACWI,139.5582
2014-10-01,MSCI_ACWI,138.4357
2014-10-02,MSCI_ACWI,136.9212
2014-10-03,MSCI_ACWI,139.0906
2014-10-06,MSCI_ACWI,138.9894
2014-10-07,MSCI_ACWI,136.9836
2014-10-08,MSCI_ACWI,137.0839
2014-10-09,MSCI_ACWI,135.4553
2014-10-10,MSCI_ACWI,134.1859
2014-10-13,MSCI_ACWI,132.6809
2014-10-14,MSCI_ACWI,132.6160
2014-10-15,MSCI_ACWI,130.3974
2014-10-16,MSCI_ACWI,129.8202
2014-10-17,MSCI_ACWI,131.5681
2014-10-20,MSCI_ACWI,132.4118
2014-10-21,MSCI_ACWI,134.7738
2014-10-22,MSCI_ACWI,135.2419
2014-10-23,MSCI_ACWI,136.3047
2014-10-24,MSCI_ACWI,136.7082
2014-10-27,MSCI_ACWI,136.0720
2014-10-28,MSCI_ACWI,137.2026
2014-10-29,MSCI_ACWI,137.3734
2014-10-30,MSCI_ACWI,139.1490
2014-10-31,MSCI_ACWI,141.7020
2014-11-03,MSCI_ACWI,141.4548
2014-11-04,MSCI_ACWI,140.3643
2014-11-05,MSCI_ACWI,141.7997
2014-11-06,MSCI_ACWI,142.3937
2014-11-07,MSCI_ACWI,142.5844
2014-11-10,MSCI_ACWI,142.9768
2014-11-11,MSCI_ACWI,143.2826
2014-11-12,MSCI_ACWI,142.6241
2014-11-13,MSCI_ACWI,142.7093
2014-11-14,MSCI_ACWI,142.7017
2014-11-17,MSCI_ACWI,142.7276
2014-11-18,MSCI_ACWI,142.9116
2014-11-19,MSCI_ACWI,142.5727
2014-11-20,MSCI_ACWI,142.6435
2014-11-21,MSCI_ACWI,145.2152
2014-11-24,MSCI_ACWI,145.2626
2014-11-25,MSCI_ACWI,144.8710
2014-11-26,MSCI_ACWI,144.8141
2014-11-27,MSCI_ACWI,145.1261
2014-11-28,MSCI_ACWI,144.7948
2014-12-01,MSCI_ACWI,143.6706
2014-12-02,MSCI_ACWI,144.9801
2014-12-03,MSCI_ACWI,146.2502
2014-12-04,MSCI_ACWI,144.6802
2014-12-05,MSCI_ACWI,146.4534
2014-12-08,MSCI_ACWI,145.4828
2014-12-09,MSCI_ACWI,143.4269
2014-12-10,MSCI_ACWI,141.6500
2014-12-11,MSCI_ACWI,141.9107
2014-12-12,MSCI_ACWI,139.1029
2014-12-15,MSCI_ACWI,137.8021
2014-12-16,MSCI_ACWI,136.7019
2014-12-17,MSCI_ACWI,139.3636
2014-12-18,MSCI_ACWI,143.4996
2014-12-19,MSCI_ACWI,144.6467
2014-12-22,MSCI_ACWI,145.4012
2014-12-23,MSCI_ACWI,146.3503
2014-12-24,MSCI_ACWI,146.3475
2014-12-25,MSCI_ACWI,146.3067
2014-12-26,MSCI_ACWI,146.8531
2014-12-29,MSCI_ACWI,147.0444
2014-12-30,MSCI_ACWI,146.3640
2014-12-31,MSCI_ACWI,146.2952
2015-01-01,MSCI_ACWI,146.2954
2015-01-02,MSCI_ACWI,146.7367
2015-01-05,MSCI_ACWI,145.0788
2015-01-06,MSCI_ACWI,143.8815
2015-01-07,MSCI_ACWI,146.0333
2015-01-08,MSCI_ACWI,148.9755
2015-01-09,MSCI_ACWI,147.6742
2015-01-12,MSCI_ACWI,147.2297
2015-01-13,MSCI_ACWI,147.8798
2015-01-14,MSCI_ACWI,146.7290
2015-01-15,MSCI_ACWI,149.1030
2015-01-16,MSCI_ACWI,151.2568
2015-01-19,MSCI_ACWI,149.9716
2015-01-20,MSCI_ACWI,151.0881
2015-01-21,MSCI_ACWI,151.9494
2015-01-22,MSCI_ACWI,155.6569
2015-01-23,MSCI_ACWI,157.8673
2015-01-26,MSCI_ACWI,158.1381
2015-01-27,MSCI_ACWI,155.5866
2015-01-28,MSCI_ACWI,154.9880
2015-01-29,MSCI_ACWI,155.2201
2015-01-30,MSCI_ACWI,154.4220
2015-02-02,MSCI_ACWI,155.0386
2015-02-03,MSCI_ACWI,155.5245
2015-02-04,MSCI_ACWI,155.9329
2015-02-05,MSCI_ACWI,156.9006
2015-02-06,MSCI_ACWI,157.4755
2015-02-09,MSCI_ACWI,156.9890
2015-02-10,MSCI_ACWI,158.0047
2015-02-11,MSCI_ACWI,157.8609
2015-02-12,MSCI_ACWI,158.7249
2015-02-13,MSCI_ACWI,159.4679
2015-02-16,MSCI_ACWI,159.4575
2015-02-17,MSCI_ACWI,159.6920
2015-02-18,MSCI_ACWI,160.6051
2015-02-19,MSCI_ACWI,160.3706
2015-02-20,MSCI_ACWI,161.2738
2015-02-23,MSCI_ACWI,161.6454
2015-02-24,MSCI_ACWI,162.3539
2015-02-25,MSCI_ACWI,162.3238
2015-02-26,MSCI_ACWI,164.2031
2015-02-27,MSCI_ACWI,164.0072
2015-03-02,MSCI_ACWI,164.6042
2015-03-03,MSCI_ACWI,164.0823
2015-03-04,MSCI_ACWI,165.0084
2015-03-05,MSCI_ACWI,165.8404
2015-03-06,MSCI_ACWI,166.4927
2015-03-09,MSCI_ACWI,166.5135
2015-03-10,MSCI_ACWI,165.8516
2015-03-11,MSCI_ACWI,167.7762
2015-03-12,MSCI_ACWI,168.8248
2015-03-13,MSCI_ACWI,169.4083
2015-03-16,MSCI_ACWI,170.3049
2015-03-17,MSCI_ACWI,169.7394
2015-03-18,MSCI_ACWI,170.7933
2015-03-19,MSCI_ACWI,171.0409
2015-03-20,MSCI_ACWI,170.4325
2015-03-23,MSCI_ACWI,168.7842
2015-03-24,MSCI_ACWI,168.6755
2015-03-25,MSCI_ACWI,166.0495
2015-03-26,MSCI_ACWI,165.8858
2015-03-27,MSCI_ACWI,166.3359
2015-03-30,MSCI_ACWI,168.5406
2015-03-31,MSCI_ACWI,168.6292
2015-04-01,MSCI_ACWI,168.2765
2015-04-02,MSCI_ACWI,167.5104
2015-04-03,MSCI_ACWI,167.6148
2015-04-06,MSCI_ACWI,166.7286
2015-04-07,MSCI_ACWI,169.3865
2015-04-08,MSCI_ACWI,170.9510
2015-04-09,MSCI_ACWI,173.3878
2015-04-10,MSCI_ACWI,175.0103
2015-04-13,MSCI_ACWI,175.3867
2015-04-14,MSCI_ACWI,173.9811
2015-04-15,MSCI_ACWI,175.7414
2015-04-16,MSCI_ACWI,174.7898
2015-04-17,MSCI_ACWI,171.8906
2015-04-20,MSCI_ACWI,172.9552
2015-04-21,MSCI_ACWI,173.5748
2015-04-22,MSCI_ACWI,174.3802
2015-04-23,MSCI_ACWI,173.7618
2015-04-24,MSCI_ACWI,173.5198
2015-04-27,MSCI_ACWI,173.4790
2015-04-28,MSCI_ACWI,172.1204
2015-04-29,MSCI_ACWI,168.7752
2015-04-30,MSCI_ACWI,166.3139
2015-05-01,MSCI_ACWI,166.7811
2015-05-04,MSCI_ACWI,168.0462
2015-05-05,MSCI_ACWI,166.2163
2015-05-06,MSCI_ACWI,163.6239
2015-05-07,MSCI_ACWI,164.4568
2015-05-08,MSCI_ACWI,167.4024
2015-05-11,MSCI_ACWI,168.0021
2015-05-12,MSCI_ACWI,166.1344
2015-05-13,MSCI_ACWI,165.1164
2015-05-14,MSCI_ACWI,165.8932
2015-05-15,MSCI_ACWI,165.4543
2015-05-18,MSCI_ACWI,166.6975
2015-05-19,MSCI_ACWI,169.8382
2015-05-20,MSCI_ACWI,170.1722
2015-05-21,MSCI_ACWI,170.4257
2015-05-22,MSCI_ACWI,171.4263
2015-05-25,MSCI_ACWI,171.4143
2015-05-26,MSCI_ACWI,171.3002
2015-05-27,MSCI_ACWI,172.6027
2015-05-28,MSCI_ACWI,171.5874
2015-05-29,MSCI_ACWI,169.7632
2015-06-01,MSCI_ACWI,170.6934
2015-06-02,MSCI_ACWI,167.4503
2015-06-03,MSCI_ACWI,165.9838
2015-06-04,MSCI_ACWI,164.4283
2015-06-05,MSCI_ACWI,165.6188
2015-06-08,MSCI_ACWI,163.4570
2015-06-09,MSCI_ACWI,162.7277
2015-06-10,MSCI_ACWI,164.0941
2015-06-11,MSCI_ACWI,165.3315
2015-06-12,MSCI_ACWI,164.1162
2015-06-15,MSCI_ACWI,163.0947
2015-06-16,MSCI_ACWI,163.8329
2015-06-17,MSCI_ACWI,163.7917
2015-06-18,MSCI_ACWI,163.0320
2015-06-19,MSCI_ACWI,163.5719
2015-06-22,MSCI_ACWI,164.5765
2015-06-23,MSCI_ACWI,167.7832
2015-06-24,MSCI_ACWI,166.9598
2015-06-25,MSCI_ACWI,166.4186
2015-06-26,MSCI_ACWI,166.6513
2015-06-29,MSCI_ACWI,162.9159
2015-06-30,MSCI_ACWI,163.1108
2015-07-01,MSCI_ACWI,164.6856
2015-07-02,MSCI_ACWI,164.6612
2015-07-03,MSCI_ACWI,164.3640
2015-07-06,MSCI_ACWI,163.1009
2015-07-07,MSCI_ACWI,164.5481
2015-07-08,MSCI_ACWI,160.6504
2015-07-09,MSCI_ACWI,162.1103
2015-07-10,MSCI_ACWI,162.6594
2015-07-13,MSCI_ACWI,166.5593
2015-07-14,MSCI_ACWI,167.5966
2015-07-15,MSCI_ACWI,168.1179
2015-07-16,MSCI_ACWI,170.1951
2015-07-17,MSCI_ACWI,170.8857
2015-07-20,MSCI_ACWI,170.7337
2015-07-21,MSCI_ACWI,169.3525
2015-07-22,MSCI_ACWI,168.8886
2015-07-23,MSCI_ACWI,167.0991
2015-07-24,MSCI_ACWI,165.5834
2015-07-27,MSCI_ACWI,162.2339
2015-07-28,MSCI_ACWI,164.2958
2015-07-29,MSCI_ACWI,165.7079
2015-07-30,MSCI_ACWI,167.1594
2015-07-31,MSCI_ACWI,165.9197
2015-08-03,MSCI_ACWI,166.4992
2015-08-04,MSCI_ACWI,166.5285
2015-08-05,MSCI_ACWI,168.3061
2015-08-06,MSCI_ACWI,166.6354
2015-08-07,MSCI_ACWI,165.7840
2015-08-10,MSCI_ACWI,166.8633
2015-08-11,MSCI_ACWI,164.2561
2015-08-12,MSCI_ACWI,161.2915
2015-08-13,MSCI_ACWI,162.2401
2015-08-14,MSCI_ACWI,162.6735
2015-08-17,MSCI_ACWI,163.4992
2015-08-18,MSCI_ACWI,163.5835
2015-08-19,MSCI_ACWI,161.5964
2015-08-20,MSCI_ACWI,156.9542
2015-08-21,MSCI_ACWI,151.2097
2015-08-24,MSCI_ACWI,142.1190
2015-08-25,MSCI_ACWI,144.0075
2015-08-26,MSCI_ACWI,146.7608
2015-08-27,MSCI_ACWI,152.5544
2015-08-28,MSCI_ACWI,153.2387
2015-08-31,MSCI_ACWI,152.3873
2015-09-01,MSCI_ACWI,147.6296
2015-09-02,MSCI_ACWI,149.1808
2015-09-03,MSCI_ACWI,151.6943
2015-09-04,MSCI_ACWI,148.9104
2015-09-07,MSCI_ACWI,148.4003
2015-09-08,MSCI_ACWI,150.6646
2015-09-09,MSCI_ACWI,151.3598
2015-09-10,MSCI_ACWI,150.3105
2015-09-11,MSCI_ACWI,149.5728
2015-09-14,MSCI_ACWI,149.0352
2015-09-15,MSCI_ACWI,150.4027
2015-09-16,MSCI_ACWI,152.0616
2015-09-17,MSCI_ACWI,151.7982
2015-09-18,MSCI_ACWI,149.2081
2015-09-21,MSCI_ACWI,151.2354
2015-09-22,MSCI_ACWI,149.5682
2015-09-23,MSCI_ACWI,148.7772
2015-09-24,MSCI_ACWI,146.0090
2015-09-25,MSCI_ACWI,148.1901
2015-09-28,MSCI_ACWI,144.7896
2015-09-29,MSCI_ACWI,143.7544
2015-09-30,MSCI_ACWI,147.4256
2015-10-01,MSCI_ACWI,147.4940
2015-10-02,MSCI_ACWI,148.2798
2015-10-05,MSCI_ACWI,151.9869
2015-10-06,MSCI_ACWI,151.7178
2015-10-07,MSCI_ACWI,153.5290
2015-10-08,MSCI_ACWI,153.7846
2015-10-09,MSCI_ACWI,153.7825
2015-10-12,MSCI_ACWI,153.6951
2015-10-13,MSCI_ACWI,152.3954
2015-10-14,MSCI_ACWI,150.8178
2015-10-15,MSCI_ACWI,153.6259
2015-10-16,MSCI_ACWI,154.4095
2015-10-19,MSCI_ACWI,155.0590
2015-10-20,MSCI_ACWI,154.3685
2015-10-21,MSCI_ACWI,153.7325
2015-10-22,MSCI_ACWI,157.7943
2015-10-23,MSCI_ACWI,161.2883
2015-10-26,MSCI_ACWI,160.9003
2015-10-27,MSCI_ACWI,160.0454
2015-10-28,MSCI_ACWI,161.3050
2015-10-29,MSCI_ACWI,161.9626
2015-10-30,MSCI_ACWI,160.6655
2015-11-02,MSCI_ACWI,161.6843
2015-11-03,MSCI_ACWI,163.2895
2015-11-04,MSCI_ACWI,164.5035
2015-11-05,MSCI_ACWI,164.1613
2015-11-06,MSCI_ACWI,165.2642
2015-11-09,MSCI_ACWI,163.9434
2015-11-10,MSCI_ACWI,164.4629
2015-11-11,MSCI_ACWI,164.0561
2015-11-12,MSCI_ACWI,161.9188
2015-11-13,MSCI_ACWI,160.5225
2015-11-16,MSCI_ACWI,161.7645
2015-11-17,MSCI_ACWI,163.7556
2015-11-18,MSCI_ACWI,165.1574
2015-11-19,MSCI_ACWI,164.8551
2015-11-20,MSCI_ACWI,166.2145
2015-11-23,MSCI_ACWI,166.4908
2015-11-24,MSCI_ACWI,165.9534
2015-11-25,MSCI_ACWI,166.7150
2015-11-26,MSCI_ACWI,167.0250
2015-11-27,MSCI_ACWI,166.8865
2015-11-30,MSCI_ACWI,166.6561
2015-12-01,MSCI_ACWI,167.5524
2015-12-02,MSCI_ACWI,166.8085
2015-12-03,MSCI_ACWI,160.9263
2015-12-04,MSCI_ACWI,161.6724
2015-12-07,MSCI_ACWI,161.4195
2015-12-08,MSCI_ACWI,159.5416
2015-12-09,MSCI_ACWI,157.6716
2015-12-10,MSCI_ACWI,157.8881
2015-12-11,MSCI_ACWI,154.5202
2015-12-14,MSCI_ACWI,153.5815
2015-12-15,MSCI_ACWI,156.4773
2015-12-16,MSCI_ACWI,158.2604
2015-12-17,MSCI_ACWI,158.8616
2015-12-18,MSCI_ACWI,156.6794
2015-12-21,MSCI_ACWI,156.1221
2015-12-22,MSCI_ACWI,156.4558
2015-12-23,MSCI_ACWI,159.7197
2015-12-24,MSCI_ACWI,158.8031
2015-12-25,MSCI_ACWI,158.7476
2015-12-28,MSCI_ACWI,158.2487
2015-12-29,MSCI_ACWI,160.5453
2015-12-30,MSCI_ACWI,159.4918
2015-12-31,MSCI_ACWI,159.1087
2016-01-01,MSCI_ACWI,159.1101
2016-01-04,MSCI_ACWI,156.6992
2016-01-05,MSCI_ACWI,157.9121
2016-01-06,MSCI_ACWI,155.5504
2016-01-07,MSCI_ACWI,151.0209
2016-01-08,MSCI_ACWI,148.7618
2016-01-11,MSCI_ACWI,148.8093
2016-01-12,MSCI_ACWI,149.5496
2016-01-13,MSCI_ACWI,147.8484
2016-01-14,MSCI_ACWI,148.2762
2016-01-15,MSCI_ACWI,144.0810
2016-01-18,MSCI_ACWI,144.3828
2016-01-19,MSCI_ACWI,144.8453
2016-01-20,MSCI_ACWI,141.9766
2016-01-21,MSCI_ACWI,143.3980
2016-01-22,MSCI_ACWI,147.1959
2016-01-25,MSCI_ACWI,145.8364
2016-01-26,MSCI_ACWI,146.7374
2016-01-27,MSCI_ACWI,146.2209
2016-01-28,MSCI_ACWI,145.5455
2016-01-29,MSCI_ACWI,150.1000
2016-02-01,MSCI_ACWI,149.4896
2016-02-02,MSCI_ACWI,146.7436
2016-02-03,MSCI_ACWI,144.8134
2016-02-04,MSCI_ACWI,144.2800
2016-02-05,MSCI_ACWI,142.5203
2016-02-08,MSCI_ACWI,140.2352
2016-02-09,MSCI_ACWI,137.3269
2016-02-10,MSCI_ACWI,138.6194
2016-02-11,MSCI_ACWI,135.0151
2016-02-12,MSCI_ACWI,137.6509
2016-02-15,MSCI_ACWI,140.6528
2016-02-16,MSCI_ACWI,142.1151
2016-02-17,MSCI_ACWI,144.4070
2016-02-18,MSCI_ACWI,145.0227
2016-02-19,MSCI_ACWI,144.3916
2016-02-22,MSCI_ACWI,147.2857
2016-02-23,MSCI_ACWI,145.7712
2016-02-24,MSCI_ACWI,145.1348
2016-02-25,MSCI_ACWI,146.6536
2016-02-26,MSCI_ACWI,148.2306
2016-02-29,MSCI_ACWI,148.4494
2016-03-01,MSCI_ACWI,151.2179
2016-03-02,MSCI_ACWI,153.1006
2016-03-03,MSCI_ACWI,152.7793
2016-03-04,MSCI_ACWI,152.7814
2016-03-07,MSCI_ACWI,153.1619
2016-03-08,MSCI_ACWI,150.8808
2016-03-09,MSCI_ACWI,151.8858
2016-03-10,MSCI_ACWI,149.9936
2016-03-11,MSCI_ACWI,152.4920
2016-03-14,MSCI_ACWI,153.3732
2016-03-15,MSCI_ACWI,152.3573
2016-03-16,MSCI_ACWI,153.0883
2016-03-17,MSCI_ACWI,152.1087
2016-03-18,MSCI_ACWI,152.8560
2016-03-21,MSCI_ACWI,153.1894
2016-03-22,MSCI_ACWI,153.6690
2016-03-23,MSCI_ACWI,153.1817
2016-03-24,MSCI_ACWI,152.4374
2016-03-25,MSCI_ACWI,152.5396
2016-03-28,MSCI_ACWI,152.1836
2016-03-29,MSCI_ACWI,153.4261
2016-03-30,MSCI_ACWI,152.9145
2016-03-31,MSCI_ACWI,152.0350
2016-04-01,MSCI_ACWI,151.8694
2016-04-04,MSCI_ACWI,151.4595
2016-04-05,MSCI_ACWI,149.4410
2016-04-06,MSCI_ACWI,150.6433
2016-04-07,MSCI_ACWI,149.6074
2016-04-08,MSCI_ACWI,150.2916
2016-04-11,MSCI_ACWI,149.9753
2016-04-12,MSCI_ACWI,151.9998
2016-04-13,MSCI_ACWI,155.3398
2016-04-14,MSCI_ACWI,156.1507
2016-04-15,MSCI_ACWI,155.5774
2016-04-18,MSCI_ACWI,155.5070
2016-04-19,MSCI_ACWI,156.4977
2016-04-20,MSCI_ACWI,157.1979
2016-04-21,MSCI_ACWI,157.5211
2016-04-22,MSCI_ACWI,157.6961
2016-04-25,MSCI_ACWI,156.9053
2016-04-26,MSCI_ACWI,156.6930
2016-04-27,MSCI_ACWI,156.7111
2016-04-28,MSCI_ACWI,155.9804
2016-04-29,MSCI_ACWI,153.4979
2016-05-02,MSCI_ACWI,153.0344
2016-05-03,MSCI_ACWI,151.3286
2016-05-04,MSCI_ACWI,150.3366
2016-05-05,MSCI_ACWI,151.2990
2016-05-06,MSCI_ACWI,151.0971
2016-05-09,MSCI_ACWI,151.3336
2016-05-10,MSCI_ACWI,153.1111
2016-05-11,MSCI_ACWI,151.9231
2016-05-12,MSCI_ACWI,152.0470
2016-05-13,MSCI_ACWI,152.1144
2016-05-16,MSCI_ACWI,152.7727
2016-05-17,MSCI_ACWI,152.2509
2016-05-18,MSCI_ACWI,152.8500
2016-05-19,MSCI_ACWI,152.5248
2016-05-20,MSCI_ACWI,153.5294
2016-05-23,MSCI_ACWI,153.4537
2016-05-24,MSCI_ACWI,155.5704
2016-05-25,MSCI_ACWI,157.2629
2016-05-26,MSCI_ACWI,157.0577
2016-05-27,MSCI_ACWI,158.2633
2016-05-30,MSCI_ACWI,158.2307
2016-05-31,MSCI_ACWI,158.1235
2016-06-01,MSCI_ACWI,157.4182
2016-06-02,MSCI_ACWI,157.7442
2016-06-03,MSCI_ACWI,155.8809
2016-06-06,MSCI_ACWI,156.2137
2016-06-07,MSCI_ACWI,157.2881
2016-06-08,MSCI_ACWI,157.3087
2016-06-09,MSCI_ACWI,157.2855
2016-06-10,MSCI_ACWI,155.4615
2016-06-13,MSCI_ACWI,153.5215
2016-06-14,MSCI_ACWI,153.3584
2016-06-15,MSCI_ACWI,153.4062
2016-06-16,MSCI_ACWI,153.9989
2016-06-17,MSCI_ACWI,153.3773
2016-06-20,MSCI_ACWI,154.8488
2016-06-21,MSCI_ACWI,156.2379
2016-06-22,MSCI_ACWI,156.1079
2016-06-23,MSCI_ACWI,157.2815
2016-06-24,MSCI_ACWI,152.9584
2016-06-27,MSCI_ACWI,151.5040
2016-06-28,MSCI_ACWI,153.0754
2016-06-29,MSCI_ACWI,155.7228
2016-06-30,MSCI_ACWI,157.4910
2016-07-01,MSCI_ACWI,157.8862
2016-07-04,MSCI_ACWI,157.9464
2016-07-05,MSCI_ACWI,156.8198
2016-07-06,MSCI_ACWI,156.7187
2016-07-07,MSCI_ACWI,157.1446
2016-07-08,MSCI_ACWI,159.3026
2016-07-11,MSCI_ACWI,160.6917
2016-07-12,MSCI_ACWI,161.7461
2016-07-13,MSCI_ACWI,161.6199
2016-07-14,MSCI_ACWI,162.5542
2016-07-15,MSCI_ACWI,162.8710
2016-07-18,MSCI_ACWI,163.2815
2016-07-19,MSCI_ACWI,163.6027
2016-07-20,MSCI_ACWI,164.4333
2016-07-21,MSCI_ACWI,164.4533
2016-07-22,MSCI_ACWI,164.8612
2016-07-25,MSCI_ACWI,164.6502
2016-07-26,MSCI_ACWI,164.7066
2016-07-27,MSCI_ACWI,164.7382
2016-07-28,MSCI_ACWI,163.4865
2016-07-29,MSCI_ACWI,163.2059
2016-08-01,MSCI_ACWI,163.1976
2016-08-02,MSCI_ACWI,161.3864
2016-08-03,MSCI_ACWI,161.7135
2016-08-04,MSCI_ACWI,162.7674
2016-08-05,MSCI_ACWI,164.7309
2016-08-08,MSCI_ACWI,165.1561
2016-08-09,MSCI_ACWI,165.4221
2016-08-10,MSCI_ACWI,164.6660
2016-08-11,MSCI_ACWI,165.2995
2016-08-12,MSCI_ACWI,165.3793
2016-08-15,MSCI_ACWI,165.5181
2016-08-16,MSCI_ACWI,163.8901
2016-08-17,MSCI_ACWI,163.6369
2016-08-18,MSCI_ACWI,163.4610
2016-08-19,MSCI_ACWI,162.9860
2016-08-22,MSCI_ACWI,162.8618
2016-08-23,MSCI_ACWI,163.5248
2016-08-24,MSCI_ACWI,163.7743
2016-08-25,MSCI_ACWI,163.0014
2016-08-26,MSCI_ACWI,162.9888
2016-08-29,MSCI_ACWI,164.5153
2016-08-30,MSCI_ACWI,164.6493
2016-08-31,MSCI_ACWI,164.4164
2016-09-01,MSCI_ACWI,163.9037
2016-09-02,MSCI_ACWI,165.4739
2016-09-05,MSCI_ACWI,166.1650
2016-09-06,MSCI_ACWI,165.7808
2016-09-07,MSCI_ACWI,165.9347
2016-09-08,MSCI_ACWI,165.2437
2016-09-09,MSCI_ACWI,162.7280
2016-09-12,MSCI_ACWI,162.8760
2016-09-13,MSCI_ACWI,160.7438
2016-09-14,MSCI_ACWI,160.4541
2016-09-15,MSCI_ACWI,161.6403
2016-09-16,MSCI_ACWI,162.0181
2016-09-19,MSCI_ACWI,162.5552
2016-09-20,MSCI_ACWI,162.7751
2016-09-21,MSCI_ACWI,164.9380
2016-09-22,MSCI_ACWI,165.3618
2016-09-23,MSCI_ACWI,164.6934
2016-09-26,MSCI_ACWI,162.5091
2016-09-27,MSCI_ACWI,164.0802
2016-09-28,MSCI_ACWI,164.7972
2016-09-29,MSCI_ACWI,163.7638
2016-09-30,MSCI_ACWI,163.9446
2016-10-03,MSCI_ACWI,164.1687
2016-10-04,MSCI_ACWI,164.7111
2016-10-05,MSCI_ACWI,164.3963
2016-10-06,MSCI_ACWI,164.6707
2016-10-07,MSCI_ACWI,163.9999
2016-10-10,MSCI_ACWI,164.9519
2016-10-11,MSCI_ACWI,164.5262
2016-10-12,MSCI_ACWI,164.7506
2016-10-13,MSCI_ACWI,163.7296
2016-10-14,MSCI_ACWI,164.6152
2016-10-17,MSCI_ACWI,164.2340
2016-10-18,MSCI_ACWI,165.9347
2016-10-19,MSCI_ACWI,166.6293
2016-10-20,MSCI_ACWI,167.0426
2016-10-21,MSCI_ACWI,167.5936
2016-10-24,MSCI_ACWI,167.9821
2016-10-25,MSCI_ACWI,167.9261
2016-10-26,MSCI_ACWI,166.7663
2016-10-27,MSCI_ACWI,166.1979
2016-10-28,MSCI_ACWI,165.6867
2016-10-31,MSCI_ACWI,165.2198
2016-11-01,MSCI_ACWI,163.3523
2016-11-02,MSCI_ACWI,161.0638
2016-11-03,MSCI_ACWI,160.8280
2016-11-04,MSCI_ACWI,159.7399
2016-11-07,MSCI_ACWI,163.5181
2016-11-08,MSCI_ACWI,164.0558
2016-11-09,MSCI_ACWI,165.5057
2016-11-10,MSCI_ACWI,166.9017
2016-11-11,MSCI_ACWI,166.3455
2016-11-14,MSCI_ACWI,167.7967
2016-11-15,MSCI_ACWI,168.6279
2016-11-16,MSCI_ACWI,169.3168
2016-11-17,MSCI_ACWI,170.0975
2016-11-18,MSCI_ACWI,170.7855
2016-11-21,MSCI_ACWI,171.2555
2016-11-22,MSCI_ACWI,172.2317
2016-11-23,MSCI_ACWI,172.8486
2016-11-24,MSCI_ACWI,172.5828
2016-11-25,MSCI_ACWI,172.6773
2016-11-28,MSCI_ACWI,172.4651
2016-11-29,MSCI_ACWI,172.0339
2016-11-30,MSCI_ACWI,172.0308
2016-12-01,MSCI_ACWI,171.5758
2016-12-02,MSCI_ACWI,170.7021
2016-12-05,MSCI_ACWI,170.5171
2016-12-06,MSCI_ACWI,171.4053
2016-12-07,MSCI_ACWI,172.9406
2016-12-08,MSCI_ACWI,176.0360
2016-12-09,MSCI_ACWI,177.8984
2016-12-12,MSCI_ACWI,176.5956
2016-12-13,MSCI_ACWI,177.4060
2016-12-14,MSCI_ACWI,176.1977
2016-12-15,MSCI_ACWI,179.0801
2016-12-16,MSCI_ACWI,179.1497
2016-12-19,MSCI_ACWI,178.9413
2016-12-20,MSCI_ACWI,180.2127
2016-12-21,MSCI_ACWI,179.1457
2016-12-22,MSCI_ACWI,178.3665
2016-12-23,MSCI_ACWI,178.3912
2016-12-26,MSCI_ACWI,178.3492
2016-12-27,MSCI_ACWI,178.6496
2016-12-28,MSCI_ACWI,179.0356
2016-12-29,MSCI_ACWI,177.8046
2016-12-30,MSCI_ACWI,176.7551
2017-01-02,MSCI_ACWI,176.9162
2017-01-03,MSCI_ACWI,180.2965
2017-01-04,MSCI_ACWI,180.2555
2017-01-05,MSCI_ACWI,179.1152
2017-01-06,MSCI_ACWI,179.5720
2017-01-09,MSCI_ACWI,179.3332
2017-01-10,MSCI_ACWI,179.1150
2017-01-11,MSCI_ACWI,181.1245
2017-01-12,MSCI_ACWI,178.6635
2017-01-13,MSCI_ACWI,179.5587
2017-01-16,MSCI_ACWI,179.3493
2017-01-17,MSCI_ACWI,177.9073
2017-01-18,MSCI_ACWI,178.2347
2017-01-19,MSCI_ACWI,178.6762
2017-01-20,MSCI_ACWI,178.1285
2017-01-23,MSCI_ACWI,177.0795
2017-01-24,MSCI_ACWI,177.8909
2017-01-25,MSCI_ACWI,179.5340
2017-01-26,MSCI_ACWI,180.6858
2017-01-27,MSCI_ACWI,180.0178
2017-01-30,MSCI_ACWI,179.2011
2017-01-31,MSCI_ACWI,177.2278
2017-02-01,MSCI_ACWI,178.2004
2017-02-02,MSCI_ACWI,177.6304
2017-02-03,MSCI_ACWI,178.9212
2017-02-06,MSCI_ACWI,179.1785
2017-02-07,MSCI_ACWI,179.9158
2017-02-08,MSCI_ACWI,180.0914
2017-02-09,MSCI_ACWI,181.3817
2017-02-10,MSCI_ACWI,182.8274
2017-02-13,MSCI_ACWI,184.0497
2017-02-14,MSCI_ACWI,184.7886
2017-02-15,MSCI_ACWI,185.6950
2017-02-16,MSCI_ACWI,184.3974
2017-02-17,MSCI_ACWI,184.9753
2017-02-20,MSCI_ACWI,185.2509
2017-02-21,MSCI_ACWI,187.3562
2017-02-22,MSCI_ACWI,187.3064
2017-02-23,MSCI_ACWI,186.7836
2017-02-24,MSCI_ACWI,186.6267
2017-02-27,MSCI_ACWI,185.8752
2017-02-28,MSCI_ACWI,185.3028
2017-03-01,MSCI_ACWI,188.1966
2017-03-02,MSCI_ACWI,188.0342
2017-03-03,MSCI_ACWI,187.2949
2017-03-06,MSCI_ACWI,186.4489
2017-03-07,MSCI_ACWI,186.3457
2017-03-08,MSCI_ACWI,186.2409
2017-03-09,MSCI_ACWI,185.6693
2017-03-10,MSCI_ACWI,185.3199
2017-03-13,MSCI_ACWI,185.7625
2017-03-14,MSCI_ACWI,185.5859
2017-03-15,MSCI_ACWI,186.9286
2017-03-16,MSCI_ACWI,186.4259
2017-03-17,MSCI_ACWI,186.3082
2017-03-20,MSCI_ACWI,186.0264
2017-03-21,MSCI_ACWI,183.8277
2017-03-22,MSCI_ACWI,183.5183
2017-03-23,MSCI_ACWI,183.9986
2017-03-24,MSCI_ACWI,183.7905
2017-03-27,MSCI_ACWI,182.3317
2017-03-28,MSCI_ACWI,183.9241
2017-03-29,MSCI_ACWI,185.9174
2017-03-30,MSCI_ACWI,186.4410
2017-03-31,MSCI_ACWI,186.3508
2017-04-03,MSCI_ACWI,186.8308
2017-04-04,MSCI_ACWI,186.7545
2017-04-05,MSCI_ACWI,186.4930
2017-04-06,MSCI_ACWI,186.5645
2017-04-07,MSCI_ACWI,187.1450
2017-04-10,MSCI_ACWI,187.5306
2017-04-11,MSCI_ACWI,187.0472
2017-04-12,MSCI_ACWI,186.8386
2017-04-13,MSCI_ACWI,185.9613
2017-04-14,MSCI_ACWI,185.8333
2017-04-17,MSCI_ACWI,186.4569
2017-04-18,MSCI_ACWI,184.9749
2017-04-19,MSCI_ACWI,184.4080
2017-04-20,MSCI_ACWI,184.6765
2017-04-21,MSCI_ACWI,185.7020
2017-04-24,MSCI_ACWI,185.5572
2017-04-25,MSCI_ACWI,185.6272
2017-04-26,MSCI_ACWI,186.5136
2017-04-27,MSCI_ACWI,186.5505
2017-04-28,MSCI_ACWI,185.8834
2017-05-01,MSCI_ACWI,185.8160
2017-05-02,MSCI_ACWI,186.6196
2017-05-03,MSCI_ACWI,186.2113
2017-05-04,MSCI_ACWI,185.7712
2017-05-05,MSCI_ACWI,185.9443
2017-05-08,MSCI_ACWI,187.1297
2017-05-09,MSCI_ACWI,187.6183
2017-05-10,MSCI_ACWI,188.3495
2017-05-11,MSCI_ACWI,188.1257
2017-05-12,MSCI_ACWI,187.3910
2017-05-15,MSCI_ACWI,187.4028
2017-05-16,MSCI_ACWI,186.1783
2017-05-17,MSCI_ACWI,182.9854
2017-05-18,MSCI_ACWI,182.7986
2017-05-19,MSCI_ACWI,183.0239
2017-05-22,MSCI_ACWI,183.2060
2017-05-23,MSCI_ACWI,183.6915
2017-05-24,MSCI_ACWI,184.5581
2017-05-25,MSCI_ACWI,184.8705
2017-05-26,MSCI_ACWI,185.2109
2017-05-29,MSCI_ACWI,185.2530
2017-05-30,MSCI_ACWI,185.0446
2017-05-31,MSCI_ACWI,183.9820
2017-06-01,MSCI_ACWI,185.3725
2017-06-02,MSCI_ACWI,185.7350
2017-06-05,MSCI_ACWI,185.8719
2017-06-06,MSCI_ACWI,185.1438
2017-06-07,MSCI_ACWI,185.2943
2017-06-08,MSCI_ACWI,185.8112
2017-06-09,MSCI_ACWI,186.3058
2017-06-12,MSCI_ACWI,185.4761
2017-06-13,MSCI_ACWI,186.3089
2017-06-14,MSCI_ACWI,185.3618
2017-06-15,MSCI_ACWI,186.1001
2017-06-16,MSCI_ACWI,185.8622
2017-06-19,MSCI_ACWI,187.7225
2017-06-20,MSCI_ACWI,187.1319
2017-06-21,MSCI_ACWI,186.6005
2017-06-22,MSCI_ACWI,186.5626
2017-06-23,MSCI_ACWI,186.2135
2017-06-26,MSCI_ACWI,186.5755
2017-06-27,MSCI_ACWI,184.2906
2017-06-28,MSCI_ACWI,184.1933
2017-06-29,MSCI_ACWI,182.2089
2017-06-30,MSCI_ACWI,182.2178
2017-07-03,MSCI_ACWI,183.2646
2017-07-04,MSCI_ACWI,183.2387
2017-07-05,MSCI_ACWI,183.7982
2017-07-06,MSCI_ACWI,181.5812
2017-07-07,MSCI_ACWI,182.0951
2017-07-10,MSCI_ACWI,182.6093
2017-07-11,MSCI_ACWI,182.1870
2017-07-12,MSCI_ACWI,183.8764
2017-07-13,MSCI_ACWI,184.7051
2017-07-14,MSCI_ACWI,185.0715
2017-07-17,MSCI_ACWI,184.8305
2017-07-18,MSCI_ACWI,183.1951
2017-07-19,MSCI_ACWI,185.0938
2017-07-20,MSCI_ACWI,183.6405
2017-07-21,MSCI_ACWI,182.9214
2017-07-24,MSCI_ACWI,182.8978
2017-07-25,MSCI_ACWI,183.0339
2017-07-26,MSCI_ACWI,183.6524
2017-07-27,MSCI_ACWI,183.3761
2017-07-28,MSCI_ACWI,181.7346
2017-07-31,MSCI_ACWI,181.2016
2017-08-01,MSCI_ACWI,181.7121
2017-08-02,MSCI_ACWI,181.0220
2017-08-03,MSCI_ACWI,180.4749
2017-08-04,MSCI_ACWI,182.4252
2017-08-07,MSCI_ACWI,182.2340
2017-08-08,MSCI_ACWI,182.8086
2017-08-09,MSCI_ACWI,182.1456
2017-08-10,MSCI_ACWI,180.0942
2017-08-11,MSCI_ACWI,178.9924
2017-08-14,MSCI_ACWI,180.5502
2017-08-15,MSCI_ACWI,181.2715
2017-08-16,MSCI_ACWI,182.0822
2017-08-17,MSCI_ACWI,180.1103
2017-08-18,MSCI_ACWI,179.4350
2017-08-21,MSCI_ACWI,178.6506
2017-08-22,MSCI_ACWI,180.7022
2017-08-23,MSCI_ACWI,179.7555
2017-08-24,MSCI_ACWI,179.8481
2017-08-25,MSCI_ACWI,179.2981
2017-08-28,MSCI_ACWI,178.1834
2017-08-29,MSCI_ACWI,176.9813
2017-08-30,MSCI_ACWI,178.9762
2017-08-31,MSCI_ACWI,180.3811
2017-09-01,MSCI_ACWI,181.1060
2017-09-04,MSCI_ACWI,180.2528
2017-09-05,MSCI_ACWI,179.4250
2017-09-06,MSCI_ACWI,179.5291
2017-09-07,MSCI_ACWI,179.0982
2017-09-08,MSCI_ACWI,178.9250
2017-09-11,MSCI_ACWI,181.0442
2017-09-12,MSCI_ACWI,182.0744
2017-09-13,MSCI_ACWI,182.4668
2017-09-14,MSCI_ACWI,182.9101
2017-09-15,MSCI_ACWI,181.9200
2017-09-18,MSCI_ACWI,182.5078
2017-09-19,MSCI_ACWI,182.5164
2017-09-20,MSCI_ACWI,182.5190
2017-09-21,MSCI_ACWI,182.8967
2017-09-22,MSCI_ACWI,182.4166
2017-09-25,MSCI_ACWI,183.2451
2017-09-26,MSCI_ACWI,184.1995
2017-09-27,MSCI_ACWI,185.2084
2017-09-28,MSCI_ACWI,184.6199
2017-09-29,MSCI_ACWI,184.9081
2017-10-02,MSCI_ACWI,186.6310
2017-10-03,MSCI_ACWI,187.0275
2017-10-04,MSCI_ACWI,187.1262
2017-10-05,MSCI_ACWI,188.3446
2017-10-06,MSCI_ACWI,187.9110
2017-10-09,MSCI_ACWI,187.7038
2017-10-10,MSCI_ACWI,187.3814
2017-10-11,MSCI_ACWI,187.2966
2017-10-12,MSCI_ACWI,187.2850
2017-10-13,MSCI_ACWI,187.8940
2017-10-16,MSCI_ACWI,188.7718
2017-10-17,MSCI_ACWI,189.1732
2017-10-18,MSCI_ACWI,189.0605
2017-10-19,MSCI_ACWI,187.8758
2017-10-20,MSCI_ACWI,189.1850
2017-10-23,MSCI_ACWI,189.3423
2017-10-24,MSCI_ACWI,189.1365
2017-10-25,MSCI_ACWI,187.7158
2017-10-26,MSCI_ACWI,189.4997
2017-10-27,MSCI_ACWI,192.2689
2017-10-30,MSCI_ACWI,191.6382
2017-10-31,MSCI_ACWI,191.5427
2017-11-01,MSCI_ACWI,192.6508
2017-11-02,MSCI_ACWI,191.8627
2017-11-03,MSCI_ACWI,192.9577
2017-11-06,MSCI_ACWI,193.6975
2017-11-07,MSCI_ACWI,193.9305
2017-11-08,MSCI_ACWI,194.1127
2017-11-09,MSCI_ACWI,192.7820
2017-11-10,MSCI_ACWI,191.9069
2017-11-13,MSCI_ACWI,191.4181
2017-11-14,MSCI_ACWI,189.5567
2017-11-15,MSCI_ACWI,187.7937
2017-11-16,MSCI_ACWI,189.7882
2017-11-17,MSCI_ACWI,189.6429
2017-11-20,MSCI_ACWI,190.3942
2017-11-21,MSCI_ACWI,192.0133
2017-11-22,MSCI_ACWI,191.3789
2017-11-23,MSCI_ACWI,190.6648
2017-11-24,MSCI_ACWI,189.7031
2017-11-27,MSCI_ACWI,189.5045
2017-11-28,MSCI_ACWI,191.2457
2017-11-29,MSCI_ACWI,191.4047
2017-11-30,MSCI_ACWI,190.7638
2017-12-01,MSCI_ACWI,190.9354
2017-12-04,MSCI_ACWI,191.3749
2017-12-05,MSCI_ACWI,191.0779
2017-12-06,MSCI_ACWI,190.9952
2017-12-07,MSCI_ACWI,191.4212
2017-12-08,MSCI_ACWI,193.0759
2017-12-11,MSCI_ACWI,193.1795
2017-12-12,MSCI_ACWI,194.3015
2017-12-13,MSCI_ACWI,194.0474
2017-12-14,MSCI_ACWI,193.2547
2017-12-15,MSCI_ACWI,194.0271
2017-12-18,MSCI_ACWI,195.0140
2017-12-19,MSCI_ACWI,194.4635
2017-12-20,MSCI_ACWI,193.2358
2017-12-21,MSCI_ACWI,194.0739
2017-12-22,MSCI_ACWI,194.5406
2017-12-25,MSCI_ACWI,194.5697
2017-12-26,MSCI_ACWI,193.9683
2017-12-27,MSCI_ACWI,193.9862
2017-12-28,MSCI_ACWI,193.7797
2017-12-29,MSCI_ACWI,192.4752
2018-01-01,MSCI_ACWI,192.4591
2018-01-02,MSCI_ACWI,193.2852
2018-01-03,MSCI_ACWI,194.5286
2018-01-04,MSCI_ACWI,195.2418
2018-01-05,MSCI_ACWI,197.1553
2018-01-08,MSCI_ACWI,198.3705
2018-01-09,MSCI_ACWI,199.4436
2018-01-10,MSCI_ACWI,198.4785
2018-01-11,MSCI_ACWI,198.1752
2018-01-12,MSCI_ACWI,197.8325
2018-01-15,MSCI_ACWI,196.5232
2018-01-16,MSCI_ACWI,196.9074
2018-01-17,MSCI_ACWI,197.7203
2018-01-18,MSCI_ACWI,197.6204
2018-01-19,MSCI_ACWI,198.8093
2018-01-22,MSCI_ACWI,199.5670
2018-01-23,MSCI_ACWI,199.8758
2018-01-24,MSCI_ACWI,198.7404
2018-01-25,MSCI_ACWI,197.0674
2018-01-26,MSCI_ACWI,199.4880
2018-01-29,MSCI_ACWI,199.4858
2018-01-30,MSCI_ACWI,196.6539
2018-01-31,MSCI_ACWI,195.9971
2018-02-01,MSCI_ACWI,195.6552
2018-02-02,MSCI_ACWI,192.6543
2018-02-05,MSCI_ACWI,187.2094
2018-02-06,MSCI_ACWI,187.3513
2018-02-07,MSCI_ACWI,188.2533
2018-02-08,MSCI_ACWI,184.1863
2018-02-09,MSCI_ACWI,184.4181
2018-02-12,MSCI_ACWI,186.1891
2018-02-13,MSCI_ACWI,185.5767
2018-02-14,MSCI_ACWI,187.2205
2018-02-15,MSCI_ACWI,188.4565
2018-02-16,MSCI_ACWI,189.4290
2018-02-19,MSCI_ACWI,190.0958
2018-02-20,MSCI_ACWI,190.0688
2018-02-21,MSCI_ACWI,190.0779
2018-02-22,MSCI_ACWI,189.8489
2018-02-23,MSCI_ACWI,192.3786
2018-02-26,MSCI_ACWI,194.1254
2018-02-27,MSCI_ACWI,193.2276
2018-02-28,MSCI_ACWI,191.7837
2018-03-01,MSCI_ACWI,189.8081
2018-03-02,MSCI_ACWI,187.5749
2018-03-05,MSCI_ACWI,188.5314
2018-03-06,MSCI_ACWI,188.6647
2018-03-07,MSCI_ACWI,188.4066
2018-03-08,MSCI_ACWI,190.4276
2018-03-09,MSCI_ACWI,192.6977
2018-03-12,MSCI_ACWI,193.3946
2018-03-13,MSCI_ACWI,191.4519
2018-03-14,MSCI_ACWI,191.1662
2018-03-15,MSCI_ACWI,191.6603
2018-03-16,MSCI_ACWI,192.3039
2018-03-19,MSCI_ACWI,189.4841
2018-03-20,MSCI_ACWI,190.5557
2018-03-21,MSCI_ACWI,190.4897
2018-03-22,MSCI_ACWI,186.7662
2018-03-23,MSCI_ACWI,182.6649
2018-03-26,MSCI_ACWI,184.2022
2018-03-27,MSCI_ACWI,183.9034
2018-03-28,MSCI_ACWI,183.6444
2018-03-29,MSCI_ACWI,185.9864
2018-03-30,MSCI_ACWI,186.1217
2018-04-02,MSCI_ACWI,183.6962
2018-04-03,MSCI_ACWI,185.0594
2018-04-04,MSCI_ACWI,185.4040
2018-04-05,MSCI_ACWI,188.2498
2018-04-06,MSCI_ACWI,185.4773
2018-04-09,MSCI_ACWI,185.4397
2018-04-10,MSCI_ACWI,187.3748
2018-04-11,MSCI_ACWI,186.2764
2018-04-12,MSCI_ACWI,187.9897
2018-04-13,MSCI_ACWI,187.5740
2018-04-16,MSCI_ACWI,187.7239
2018-04-17,MSCI_ACWI,189.3979
2018-04-18,MSCI_ACWI,189.7065
2018-04-19,MSCI_ACWI,189.4597
2018-04-20,MSCI_ACWI,189.2063
2018-04-23,MSCI_ACWI,189.7181
2018-04-24,MSCI_ACWI,188.4965
2018-04-25,MSCI_ACWI,188.5161
2018-04-26,MSCI_ACWI,190.8127
2018-04-27,MSCI_ACWI,191.5427
2018-04-30,MSCI_ACWI,191.2661
2018-05-01,MSCI_ACWI,192.4847
2018-05-02,MSCI_ACWI,192.2311
2018-05-03,MSCI_ACWI,191.6282
2018-05-04,MSCI_ACWI,193.4541
2018-05-07,MSCI_ACWI,194.4195
2018-05-08,MSCI_ACWI,195.3195
2018-05-09,MSCI_ACWI,196.5642
2018-05-10,MSCI_ACWI,197.6199
2018-05-11,MSCI_ACWI,197.4465
2018-05-14,MSCI_ACWI,197.4917
2018-05-15,MSCI_ACWI,197.5834
2018-05-16,MSCI_ACWI,199.2183
2018-05-17,MSCI_ACWI,199.1667
2018-05-18,MSCI_ACWI,199.0530
2018-05-21,MSCI_ACWI,200.2087
2018-05-22,MSCI_ACWI,199.7861
2018-05-23,MSCI_ACWI,200.3078
2018-05-24,MSCI_ACWI,199.5919
2018-05-25,MSCI_ACWI,200.2527
2018-05-28,MSCI_ACWI,200.5496
2018-05-29,MSCI_ACWI,199.3131
2018-05-30,MSCI_ACWI,199.6794
2018-05-31,MSCI_ACWI,198.2148
2018-06-01,MSCI_ACWI,199.9575
2018-06-04,MSCI_ACWI,200.7971
2018-06-05,MSCI_ACWI,201.0255
2018-06-06,MSCI_ACWI,200.6752
2018-06-07,MSCI_ACWI,200.0303
2018-06-08,MSCI_ACWI,200.7531
2018-06-11,MSCI_ACWI,200.6913
2018-06-12,MSCI_ACWI,201.1660
2018-06-13,MSCI_ACWI,200.8695
2018-06-14,MSCI_ACWI,202.9669
2018-06-15,MSCI_ACWI,202.6382
2018-06-18,MSCI_ACWI,201.8408
2018-06-19,MSCI_ACWI,201.0537
2018-06-20,MSCI_ACWI,201.5153
2018-06-21,MSCI_ACWI,199.7658
2018-06-22,MSCI_ACWI,200.1539
2018-06-25,MSCI_ACWI,196.5613
2018-06-26,MSCI_ACWI,197.0767
2018-06-27,MSCI_ACWI,196.9372
2018-06-28,MSCI_ACWI,197.4428
2018-06-29,MSCI_ACWI,197.0992
2018-07-02,MSCI_ACWI,197.4516
2018-07-03,MSCI_ACWI,196.6900
2018-07-04,MSCI_ACWI,196.7586
2018-07-05,MSCI_ACWI,196.9500
2018-07-06,MSCI_ACWI,197.6181
2018-07-09,MSCI_ACWI,199.4064
2018-07-10,MSCI_ACWI,200.4835
2018-07-11,MSCI_ACWI,198.6916
2018-07-12,MSCI_ACWI,200.5759
2018-07-13,MSCI_ACWI,201.2976
2018-07-16,MSCI_ACWI,200.3506
2018-07-17,MSCI_ACWI,201.2344
2018-07-18,MSCI_ACWI,202.2378
2018-07-19,MSCI_ACWI,201.9759
2018-07-20,MSCI_ACWI,200.9017
2018-07-23,MSCI_ACWI,200.9705
2018-07-24,MSCI_ACWI,202.1591
2018-07-25,MSCI_ACWI,203.7947
2018-07-26,MSCI_ACWI,204.0729
2018-07-27,MSCI_ACWI,203.7786
2018-07-30,MSCI_ACWI,202.0652
2018-07-31,MSCI_ACWI,202.6093
2018-08-01,MSCI_ACWI,202.7738
2018-08-02,MSCI_ACWI,203.2816
2018-08-03,MSCI_ACWI,204.4677
2018-08-06,MSCI_ACWI,205.1595
2018-08-07,MSCI_ACWI,205.5497
2018-08-08,MSCI_ACWI,205.2923
2018-08-09,MSCI_ACWI,205.6943
2018-08-10,MSCI_ACWI,205.8499
2018-08-13,MSCI_ACWI,204.6740
2018-08-14,MSCI_ACWI,206.3046
2018-08-15,MSCI_ACWI,205.1426
2018-08-16,MSCI_ACWI,205.0442
2018-08-17,MSCI_ACWI,205.3735
2018-08-20,MSCI_ACWI,205.8092
2018-08-21,MSCI_ACWI,205.0617
2018-08-22,MSCI_ACWI,204.1526
2018-08-23,MSCI_ACWI,203.9604
2018-08-24,MSCI_ACWI,204.1260
2018-08-27,MSCI_ACWI,205.3262
2018-08-28,MSCI_ACWI,204.8228
2018-08-29,MSCI_ACWI,205.8828
2018-08-30,MSCI_ACWI,205.4907
2018-08-31,MSCI_ACWI,205.3506
2018-09-03,MSCI_ACWI,205.1399
2018-09-04,MSCI_ACWI,205.3647
2018-09-05,MSCI_ACWI,202.8898
2018-09-06,MSCI_ACWI,202.0306
2018-09-07,MSCI_ACWI,202.4386
2018-09-10,MSCI_ACWI,202.2532
2018-09-11,MSCI_ACWI,202.8372
2018-09-12,MSCI_ACWI,202.6039
2018-09-13,MSCI_ACWI,202.8941
2018-09-14,MSCI_ACWI,203.6087
2018-09-17,MSCI_ACWI,202.4443
2018-09-18,MSCI_ACWI,203.3313
2018-09-19,MSCI_ACWI,204.5657
2018-09-20,MSCI_ACWI,204.7617
2018-09-21,MSCI_ACWI,205.2802
2018-09-24,MSCI_ACWI,204.0075
2018-09-25,MSCI_ACWI,204.1830
2018-09-26,MSCI_ACWI,204.6214
2018-09-27,MSCI_ACWI,205.9595
2018-09-28,MSCI_ACWI,206.5995
2018-10-01,MSCI_ACWI,207.4660
2018-10-02,MSCI_ACWI,207.3160
2018-10-03,MSCI_ACWI,207.6715
2018-10-04,MSCI_ACWI,205.9211
2018-10-05,MSCI_ACWI,204.7099
2018-10-08,MSCI_ACWI,204.6072
2018-10-09,MSCI_ACWI,204.2190
2018-10-10,MSCI_ACWI,198.7396
2018-10-11,MSCI_ACWI,193.8723
2018-10-12,MSCI_ACWI,195.9772
2018-10-15,MSCI_ACWI,194.6700
2018-10-16,MSCI_ACWI,198.1049
2018-10-17,MSCI_ACWI,198.8198
2018-10-18,MSCI_ACWI,197.1017
2018-10-19,MSCI_ACWI,196.8332
2018-10-22,MSCI_ACWI,196.7834
2018-10-23,MSCI_ACWI,194.8139
2018-10-24,MSCI_ACWI,191.8372
2018-10-25,MSCI_ACWI,193.5454
2018-10-26,MSCI_ACWI,191.3936
2018-10-29,MSCI_ACWI,190.4389
2018-10-30,MSCI_ACWI,192.7680
2018-10-31,MSCI_ACWI,195.9159
2018-11-01,MSCI_ACWI,196.7546
2018-11-02,MSCI_ACWI,197.2818
2018-11-05,MSCI_ACWI,197.1490
2018-11-06,MSCI_ACWI,197.7237
2018-11-07,MSCI_ACWI,199.8017
2018-11-08,MSCI_ACWI,200.3733
2018-11-09,MSCI_ACWI,199.6240
2018-11-12,MSCI_ACWI,198.2343
2018-11-13,MSCI_ACWI,197.5389
2018-11-14,MSCI_ACWI,196.1453
2018-11-15,MSCI_ACWI,197.2524
2018-11-16,MSCI_ACWI,196.5424
2018-11-19,MSCI_ACWI,193.6873
2018-11-20,MSCI_ACWI,191.2518
2018-11-21,MSCI_ACWI,192.2818
2018-11-22,MSCI_ACWI,192.0413
2018-11-23,MSCI_ACWI,192.1885
2018-11-26,MSCI_ACWI,194.5224
2018-11-27,MSCI_ACWI,195.5479
2018-11-28,MSCI_ACWI,198.6380
2018-11-29,MSCI_ACWI,197.3057
2018-11-30,MSCI_ACWI,198.9217
2018-12-03,MSCI_ACWI,201.1638
2018-12-04,MSCI_ACWI,196.7574
2018-12-05,MSCI_ACWI,195.9495
2018-12-06,MSCI_ACWI,193.2167
2018-12-07,MSCI_ACWI,190.9412
2018-12-10,MSCI_ACWI,189.6998
2018-12-11,MSCI_ACWI,190.7779
2018-12-12,MSCI_ACWI,192.2300
2018-12-13,MSCI_ACWI,192.5840
2018-12-14,MSCI_ACWI,190.3760
2018-12-17,MSCI_ACWI,187.1989
2018-12-18,MSCI_ACWI,186.1298
2018-12-19,MSCI_ACWI,183.9655
2018-12-20,MSCI_ACWI,181.3280
2018-12-21,MSCI_ACWI,178.9246
2018-12-24,MSCI_ACWI,176.0834
2018-12-25,MSCI_ACWI,175.3672
2018-12-26,MSCI_ACWI,180.2415
2018-12-27,MSCI_ACWI,181.4266
2018-12-28,MSCI_ACWI,181.8966
2018-12-31,MSCI_ACWI,183.1476
2019-01-01,MSCI_ACWI,183.1558
2019-01-02,MSCI_ACWI,183.9266
2019-01-03,MSCI_ACWI,180.7952
2019-01-04,MSCI_ACWI,185.2446
2019-01-07,MSCI_ACWI,186.0274
2019-01-08,MSCI_ACWI,187.6752
2019-01-09,MSCI_ACWI,188.2829
2019-01-10,MSCI_ACWI,188.8002
2019-01-11,MSCI_ACWI,189.5339
2019-01-14,MSCI_ACWI,188.7515
2019-01-15,MSCI_ACWI,190.9367
2019-01-16,MSCI_ACWI,191.9204
2019-01-17,MSCI_ACWI,192.9608
2019-01-18,MSCI_ACWI,195.5560
2019-01-21,MSCI_ACWI,195.5899
2019-01-22,MSCI_ACWI,193.6773
2019-01-23,MSCI_ACWI,193.4328
2019-01-24,MSCI_ACWI,194.3155
2019-01-25,MSCI_ACWI,195.4534
2019-01-28,MSCI_ACWI,193.6295
2019-01-29,MSCI_ACWI,194.0529
2019-01-30,MSCI_ACWI,195.8774
2019-01-31,MSCI_ACWI,196.8684
2019-02-01,MSCI_ACWI,197.0870
2019-02-04,MSCI_ACWI,198.4263
2019-02-05,MSCI_ACWI,200.0044
2019-02-06,MSCI_ACWI,200.1234
2019-02-07,MSCI_ACWI,198.6426
2019-02-08,MSCI_ACWI,198.4696
2019-02-11,MSCI_ACWI,199.4679
2019-02-12,MSCI_ACWI,201.2566
2019-02-13,MSCI_ACWI,202.1488
2019-02-14,MSCI_ACWI,201.9226
2019-02-15,MSCI_ACWI,203.5971
2019-02-18,MSCI_ACWI,203.4779
2019-02-19,MSCI_ACWI,203.2811
2019-02-20,MSCI_ACWI,203.9863
2019-02-21,MSCI_ACWI,203.5531
2019-02-22,MSCI_ACWI,204.7187
2019-02-25,MSCI_ACWI,205.2113
2019-02-26,MSCI_ACWI,204.9540
2019-02-27,MSCI_ACWI,204.4923
2019-02-28,MSCI_ACWI,203.6873
2019-03-01,MSCI_ACWI,204.6072
2019-03-04,MSCI_ACWI,205.3555
2019-03-05,MSCI_ACWI,205.4344
2019-03-06,MSCI_ACWI,204.4780
2019-03-07,MSCI_ACWI,204.3438
2019-03-08,MSCI_ACWI,203.0893
2019-03-11,MSCI_ACWI,205.5956
2019-03-12,MSCI_ACWI,205.6817
2019-03-13,MSCI_ACWI,206.0965
2019-03-14,MSCI_ACWI,206.2347
2019-03-15,MSCI_ACWI,207.1372
2019-03-18,MSCI_ACWI,208.0027
2019-03-19,MSCI_ACWI,208.1013
2019-03-20,MSCI_ACWI,207.2226
2019-03-21,MSCI_ACWI,208.4896
2019-03-22,MSCI_ACWI,206.8185
2019-03-25,MSCI_ACWI,205.1586
2019-03-26,MSCI_ACWI,207.3432
2019-03-27,MSCI_ACWI,207.1253
2019-03-28,MSCI_ACWI,207.6090
2019-03-29,MSCI_ACWI,209.1602
2019-04-01,MSCI_ACWI,211.6921
2019-04-02,MSCI_ACWI,212.2930
2019-04-03,MSCI_ACWI,212.7527
2019-04-04,MSCI_ACWI,213.0417
2019-04-05,MSCI_ACWI,213.6574
2019-04-08,MSCI_ACWI,213.2771
2019-04-09,MSCI_ACWI,212.3581
2019-04-10,MSCI_ACWI,213.2727
2019-04-11,MSCI_ACWI,212.6443
2019-04-12,MSCI_ACWI,212.9530
2019-04-15,MSCI_ACWI,213.1563
2019-04-16,MSCI_ACWI,213.6778
2019-04-17,MSCI_ACWI,213.5213
2019-04-18,MSCI_ACWI,214.4972
2019-04-19,MSCI_ACWI,214.5109
2019-04-22,MSCI_ACWI,214.3203
2019-04-23,MSCI_ACWI,216.4063
2019-04-24,MSCI_ACWI,215.8882
2019-04-25,MSCI_ACWI,216.5613
2019-04-26,MSCI_ACWI,216.9971
2019-04-29,MSCI_ACWI,217.2298
2019-04-30,MSCI_ACWI,216.6375
2019-05-01,MSCI_ACWI,215.2649
2019-05-02,MSCI_ACWI,215.5856
2019-05-03,MSCI_ACWI,217.0840
2019-05-06,MSCI_ACWI,215.5338
2019-05-07,MSCI_ACWI,212.8119
2019-05-08,MSCI_ACWI,212.0979
2019-05-09,MSCI_ACWI,210.0254
2019-05-10,MSCI_ACWI,210.5218
2019-05-13,MSCI_ACWI,206.6748
2019-05-14,MSCI_ACWI,208.3070
2019-05-15,MSCI_ACWI,209.4927
2019-05-16,MSCI_ACWI,211.3594
2019-05-17,MSCI_ACWI,210.5621
2019-05-20,MSCI_ACWI,209.4027
2019-05-21,MSCI_ACWI,210.3902
2019-05-22,MSCI_ACWI,210.3749
2019-05-23,MSCI_ACWI,208.0299
2019-05-24,MSCI_ACWI,207.7581
2019-05-27,MSCI_ACWI,208.1821
2019-05-28,MSCI_ACWI,207.4507
2019-05-29,MSCI_ACWI,206.2449
2019-05-30,MSCI_ACWI,206.9491
2019-05-31,MSCI_ACWI,204.9480
2019-06-03,MSCI_ACWI,204.0441
2019-06-04,MSCI_ACWI,206.2680
2019-06-05,MSCI_ACWI,207.3267
2019-06-06,MSCI_ACWI,207.6656
2019-06-07,MSCI_ACWI,208.7490
2019-06-10,MSCI_ACWI,210.2713
2019-06-11,MSCI_ACWI,210.9107
2019-06-12,MSCI_ACWI,210.2060
2019-06-13,MSCI_ACWI,211.2641
2019-06-14,MSCI_ACWI,211.4759
2019-06-17,MSCI_ACWI,211.3542
2019-06-18,MSCI_ACWI,214.2121
2019-06-19,MSCI_ACWI,214.9328
2019-06-20,MSCI_ACWI,215.7858
2019-06-21,MSCI_ACWI,214.7639
2019-06-24,MSCI_ACWI,213.4891
2019-06-25,MSCI_ACWI,212.2021
2019-06-26,MSCI_ACWI,211.9414
2019-06-27,MSCI_ACWI,213.0078
2019-06-28,MSCI_ACWI,213.6796
2019-07-01,MSCI_ACWI,216.3137
2019-07-02,MSCI_ACWI,217.4470
2019-07-03,MSCI_ACWI,218.9299
2019-07-04,MSCI_ACWI,219.2131
2019-07-05,MSCI_ACWI,219.4285
2019-07-08,MSCI_ACWI,218.2844
2019-07-09,MSCI_ACWI,218.3129
2019-07-10,MSCI_ACWI,218.2658
2019-07-11,MSCI_ACWI,218.7530
2019-07-12,MSCI_ACWI,219.3099
2019-07-15,MSCI_ACWI,219.4422
2019-07-16,MSCI_ACWI,219.7147
2019-07-17,MSCI_ACWI,218.6692
2019-07-18,MSCI_ACWI,218.7790
2019-07-19,MSCI_ACWI,218.5257
2019-07-22,MSCI_ACWI,218.7035
2019-07-23,MSCI_ACWI,221.2226
2019-07-24,MSCI_ACWI,222.0897
2019-07-25,MSCI_ACWI,220.8162
2019-07-26,MSCI_ACWI,222.0972
2019-07-29,MSCI_ACWI,221.6452
2019-07-30,MSCI_ACWI,220.6303
2019-07-31,MSCI_ACWI,219.1946
2019-08-01,MSCI_ACWI,219.1142
2019-08-02,MSCI_ACWI,215.6940
2019-08-05,MSCI_ACWI,208.7090
2019-08-06,MSCI_ACWI,209.7282
2019-08-07,MSCI_ACWI,209.6155
2019-08-08,MSCI_ACWI,213.1582
2019-08-09,MSCI_ACWI,212.0617
2019-08-12,MSCI_ACWI,210.0292
2019-08-13,MSCI_ACWI,211.9741
2019-08-14,MSCI_ACWI,208.3594
2019-08-15,MSCI_ACWI,208.8677
2019-08-16,MSCI_ACWI,211.4147
2019-08-19,MSCI_ACWI,213.8565
2019-08-20,MSCI_ACWI,212.9586
2019-08-21,MSCI_ACWI,214.3746
2019-08-22,MSCI_ACWI,214.1168
2019-08-23,MSCI_ACWI,210.2379
2019-08-26,MSCI_ACWI,210.7845
2019-08-27,MSCI_ACWI,211.0896
2019-08-28,MSCI_ACWI,212.2334
2019-08-29,MSCI_ACWI,214.4370
2019-08-30,MSCI_ACWI,216.3558
2019-09-02,MSCI_ACWI,217.0604
2019-09-03,MSCI_ACWI,216.0362
2019-09-04,MSCI_ACWI,217.2201
2019-09-05,MSCI_ACWI,219.4933
2019-09-06,MSCI_ACWI,219.9608
2019-09-09,MSCI_ACWI,219.8060
2019-09-10,MSCI_ACWI,220.1611
2019-09-11,MSCI_ACWI,222.6249
2019-09-12,MSCI_ACWI,222.7658
2019-09-13,MSCI_ACWI,222.1804
2019-09-16,MSCI_ACWI,223.0559
2019-09-17,MSCI_ACWI,222.3317
2019-09-18,MSCI_ACWI,222.1322
2019-09-19,MSCI_ACWI,222.4109
2019-09-20,MSCI_ACWI,222.8043
2019-09-23,MSCI_ACWI,222.6392
2019-09-24,MSCI_ACWI,221.4715
2019-09-25,MSCI_ACWI,222.3408
2019-09-26,MSCI_ACWI,222.6851
2019-09-27,MSCI_ACWI,221.8208
2019-09-30,MSCI_ACWI,223.1473
2019-10-01,MSCI_ACWI,220.8213
2019-10-02,MSCI_ACWI,216.6820
2019-10-03,MSCI_ACWI,216.9123
2019-10-04,MSCI_ACWI,219.1478
2019-10-07,MSCI_ACWI,218.5992
2019-10-08,MSCI_ACWI,216.8689
2019-10-09,MSCI_ACWI,217.6249
2019-10-10,MSCI_ACWI,218.1979
2019-10-11,MSCI_ACWI,220.7574
2019-10-14,MSCI_ACWI,220.7555
2019-10-15,MSCI_ACWI,222.4718
2019-10-16,MSCI_ACWI,222.2256
2019-10-17,MSCI_ACWI,221.6202
2019-10-18,MSCI_ACWI,220.4626
2019-10-21,MSCI_ACWI,221.6868
2019-10-22,MSCI_ACWI,221.6903
2019-10-23,MSCI_ACWI,222.2757
2019-10-24,MSCI_ACWI,223.3272
2019-10-25,MSCI_ACWI,224.1961
2019-10-28,MSCI_ACWI,225.1168
2019-10-29,MSCI_ACWI,224.7650
2019-10-30,MSCI_ACWI,225.0058
2019-10-31,MSCI_ACWI,224.0249
2019-11-01,MSCI_ACWI,225.5942
2019-11-04,MSCI_ACWI,227.0977
2019-11-05,MSCI_ACWI,228.7347
2019-11-06,MSCI_ACWI,228.8816
2019-11-07,MSCI_ACWI,230.1422
2019-11-08,MSCI_ACWI,230.6216
2019-11-11,MSCI_ACWI,229.8299
2019-11-12,MSCI_ACWI,230.7081
2019-11-13,MSCI_ACWI,230.3168
2019-11-14,MSCI_ACWI,230.2283
2019-11-15,MSCI_ACWI,230.9260
2019-11-18,MSCI_ACWI,230.6795
2019-11-19,MSCI_ACWI,230.7644
2019-11-20,MSCI_ACWI,230.0448
2019-11-21,MSCI_ACWI,229.2573
2019-11-22,MSCI_ACWI,230.5592
2019-11-25,MSCI_ACWI,232.6547
2019-11-26,MSCI_ACWI,232.8335
2019-11-27,MSCI_ACWI,234.0061
2019-11-28,MSCI_ACWI,233.7257
2019-11-29,MSCI_ACWI,232.2099
2019-12-02,MSCI_ACWI,229.8366
2019-12-03,MSCI_ACWI,228.3568
2019-12-04,MSCI_ACWI,229.3633
2019-12-05,MSCI_ACWI,229.7326
2019-12-06,MSCI_ACWI,232.3910
2019-12-09,MSCI_ACWI,231.6855
2019-12-10,MSCI_ACWI,230.9825
2019-12-11,MSCI_ACWI,231.7614
2019-12-12,MSCI_ACWI,232.7072
2019-12-13,MSCI_ACWI,233.6676
2019-12-16,MSCI_ACWI,235.2457
2019-12-17,MSCI_ACWI,235.2204
2019-12-18,MSCI_ACWI,235.6876
2019-12-19,MSCI_ACWI,236.4974
2019-12-20,MSCI_ACWI,238.0256
2019-12-23,MSCI_ACWI,238.1547
2019-12-24,MSCI_ACWI,238.1501
2019-12-25,MSCI_ACWI,238.0968
2019-12-26,MSCI_ACWI,238.8023
2019-12-27,MSCI_ACWI,238.0772
2019-12-30,MSCI_ACWI,236.2110
2019-12-31,MSCI_ACWI,236.1255
2020-01-01,MSCI_ACWI,236.1257
2020-01-02,MSCI_ACWI,238.5304
2020-01-03,MSCI_ACWI,238.0694
2020-01-06,MSCI_ACWI,237.3847
2020-01-07,MSCI_ACWI,238.3201
2020-01-08,MSCI_ACWI,239.0783
2020-01-09,MSCI_ACWI,241.0932
2020-01-10,MSCI_ACWI,240.7679
2020-01-13,MSCI_ACWI,241.5376
2020-01-14,MSCI_ACWI,241.8376
2020-01-15,MSCI_ACWI,241.3524
2020-01-16,MSCI_ACWI,242.8960
2020-01-17,MSCI_ACWI,244.9116
2020-01-20,MSCI_ACWI,245.1212
2020-01-21,MSCI_ACWI,243.7768
2020-01-22,MSCI_ACWI,244.5312
2020-01-23,MSCI_ACWI,244.5419
2020-01-24,MSCI_ACWI,243.9606
2020-01-27,MSCI_ACWI,240.2896
2020-01-28,MSCI_ACWI,241.9945
2020-01-29,MSCI_ACWI,242.0188
2020-01-30,MSCI_ACWI,240.4509
2020-01-31,MSCI_ACWI,236.5306
2020-02-03,MSCI_ACWI,237.7999
2020-02-04,MSCI_ACWI,241.7176
2020-02-05,MSCI_ACWI,244.5711
2020-02-06,MSCI_ACWI,246.5249
2020-02-07,MSCI_ACWI,245.5086
2020-02-10,MSCI_ACWI,247.0547
2020-02-11,MSCI_ACWI,248.3238
2020-02-12,MSCI_ACWI,250.2997
2020-02-13,MSCI_ACWI,250.8919
2020-02-14,MSCI_ACWI,251.1191
2020-02-17,MSCI_ACWI,251.4532
2020-02-18,MSCI_ACWI,250.4625
2020-02-19,MSCI_ACWI,252.3084
2020-02-20,MSCI_ACWI,250.8406
2020-02-21,MSCI_ACWI,247.8498
2020-02-24,MSCI_ACWI,240.4357
2020-02-25,MSCI_ACWI,234.7188
2020-02-26,MSCI_ACWI,233.3661
2020-02-27,MSCI_ACWI,223.2257
2020-02-28,MSCI_ACWI,219.3560
2020-03-02,MSCI_ACWI,223.0922
2020-03-03,MSCI_ACWI,219.5722
2020-03-04,MSCI_ACWI,226.2166
2020-03-05,MSCI_ACWI,220.8689
2020-03-06,MSCI_ACWI,214.0318
2020-03-09,MSCI_ACWI,197.0379
2020-03-10,MSCI_ACWI,203.6985
2020-03-11,MSCI_ACWI,197.4566
2020-03-12,MSCI_ACWI,181.8557
2020-03-13,MSCI_ACWI,191.6845
2020-03-16,MSCI_ACWI,173.0945
2020-03-17,MSCI_ACWI,181.8686
2020-03-18,MSCI_ACWI,174.8673
2020-03-19,MSCI_ACWI,177.6062
2020-03-20,MSCI_ACWI,174.8164
2020-03-23,MSCI_ACWI,167.9565
2020-03-24,MSCI_ACWI,181.4465
2020-03-25,MSCI_ACWI,185.7519
2020-03-26,MSCI_ACWI,190.9780
2020-03-27,MSCI_ACWI,185.8386
2020-03-30,MSCI_ACWI,190.1103
2020-03-31,MSCI_ACWI,189.9497
2020-04-01,MSCI_ACWI,183.7520
2020-04-02,MSCI_ACWI,187.0543
2020-04-03,MSCI_ACWI,185.6167
2020-04-06,MSCI_ACWI,196.0883
2020-04-07,MSCI_ACWI,196.2131
2020-04-08,MSCI_ACWI,200.5607
2020-04-09,MSCI_ACWI,202.3407
2020-04-10,MSCI_ACWI,202.4742
2020-04-13,MSCI_ACWI,201.6652
2020-04-14,MSCI_ACWI,205.2891
2020-04-15,MSCI_ACWI,202.0499
2020-04-16,MSCI_ACWI,203.3803
2020-04-17,MSCI_ACWI,207.9308
2020-04-20,MSCI_ACWI,205.8841
2020-04-21,MSCI_ACWI,200.0695
2020-04-22,MSCI_ACWI,204.2884
2020-04-23,MSCI_ACWI,204.9396
2020-04-24,MSCI_ACWI,206.1212
2020-04-27,MSCI_ACWI,209.2395
2020-04-28,MSCI_ACWI,209.6851
2020-04-29,MSCI_ACWI,214.0792
2020-04-30,MSCI_ACWI,210.6725
2020-05-01,MSCI_ACWI,205.0781
2020-05-04,MSCI_ACWI,205.3999
2020-05-05,MSCI_ACWI,208.9283
2020-05-06,MSCI_ACWI,208.8829
2020-05-07,MSCI_ACWI,210.9860
2020-05-08,MSCI_ACWI,212.8276
2020-05-11,MSCI_ACWI,213.7762
2020-05-12,MSCI_ACWI,210.2182
2020-05-13,MSCI_ACWI,207.6599
2020-05-14,MSCI_ACWI,208.0927
2020-05-15,MSCI_ACWI,208.8126
2020-05-18,MSCI_ACWI,213.9335
2020-05-19,MSCI_ACWI,211.8427
2020-05-20,MSCI_ACWI,213.9302
2020-05-21,MSCI_ACWI,213.2807
2020-05-22,MSCI_ACWI,213.4295
2020-05-25,MSCI_ACWI,214.4518
2020-05-26,MSCI_ACWI,216.0225
2020-05-27,MSCI_ACWI,218.3185
2020-05-28,MSCI_ACWI,217.6797
2020-05-29,MSCI_ACWI,216.4652
2020-06-01,MSCI_ACWI,218.2075
2020-06-02,MSCI_ACWI,219.8138
2020-06-03,MSCI_ACWI,222.8029
2020-06-04,MSCI_ACWI,220.0525
2020-06-05,MSCI_ACWI,225.2451
2020-06-08,MSCI_ACWI,227.4951
2020-06-09,MSCI_ACWI,225.3774
2020-06-10,MSCI_ACWI,224.8188
2020-06-11,MSCI_ACWI,213.9395
2020-06-12,MSCI_ACWI,217.2327
2020-06-15,MSCI_ACWI,216.7603
2020-06-16,MSCI_ACWI,222.3124
2020-06-17,MSCI_ACWI,222.6363
2020-06-18,MSCI_ACWI,222.5328
2020-06-19,MSCI_ACWI,222.8553
2020-06-22,MSCI_ACWI,222.3447
2020-06-23,MSCI_ACWI,222.6642
2020-06-24,MSCI_ACWI,218.7987
2020-06-25,MSCI_ACWI,221.0181
2020-06-26,MSCI_ACWI,217.8960
2020-06-29,MSCI_ACWI,218.6714
2020-06-30,MSCI_ACWI,221.2338
2020-07-01,MSCI_ACWI,221.6655
2020-07-02,MSCI_ACWI,224.4228
2020-07-03,MSCI_ACWI,224.2975
2020-07-06,MSCI_ACWI,226.8776
2020-07-07,MSCI_ACWI,225.4784
2020-07-08,MSCI_ACWI,225.9496
2020-07-09,MSCI_ACWI,225.8906
2020-07-10,MSCI_ACWI,226.7685
2020-07-13,MSCI_ACWI,225.3234
2020-07-14,MSCI_ACWI,225.9161
2020-07-15,MSCI_ACWI,228.1581
2020-07-16,MSCI_ACWI,226.4907
2020-07-17,MSCI_ACWI,227.3738
2020-07-20,MSCI_ACWI,228.9239
2020-07-21,MSCI_ACWI,229.2772
2020-07-22,MSCI_ACWI,227.5237
2020-07-23,MSCI_ACWI,225.8189
2020-07-24,MSCI_ACWI,223.3928
2020-07-27,MSCI_ACWI,222.5089
2020-07-28,MSCI_ACWI,222.6796
2020-07-29,MSCI_ACWI,223.6004
2020-07-30,MSCI_ACWI,221.8011
2020-07-31,MSCI_ACWI,221.2432
2020-08-03,MSCI_ACWI,224.4759
2020-08-04,MSCI_ACWI,225.5223
2020-08-05,MSCI_ACWI,225.0554
2020-08-06,MSCI_ACWI,226.2595
2020-08-07,MSCI_ACWI,226.5521
2020-08-10,MSCI_ACWI,227.3191
2020-08-11,MSCI_ACWI,227.3454
2020-08-12,MSCI_ACWI,229.4001
2020-08-13,MSCI_ACWI,228.7393
2020-08-14,MSCI_ACWI,228.3450
2020-08-17,MSCI_ACWI,228.6008
2020-08-18,MSCI_ACWI,228.1781
2020-08-19,MSCI_ACWI,228.0316
2020-08-20,MSCI_ACWI,228.2554
2020-08-21,MSCI_ACWI,230.0080
2020-08-24,MSCI_ACWI,231.8827
2020-08-25,MSCI_ACWI,232.3577
2020-08-26,MSCI_ACWI,234.5431
2020-08-27,MSCI_ACWI,234.7740
2020-08-28,MSCI_ACWI,233.9522
2020-08-31,MSCI_ACWI,232.1439
2020-09-01,MSCI_ACWI,233.5248
2020-09-02,MSCI_ACWI,238.1853
2020-09-03,MSCI_ACWI,232.2920
2020-09-04,MSCI_ACWI,230.6339
2020-09-07,MSCI_ACWI,230.6585
2020-09-08,MSCI_ACWI,226.6309
2020-09-09,MSCI_ACWI,229.5862
2020-09-10,MSCI_ACWI,226.2237
2020-09-11,MSCI_ACWI,227.1806
2020-09-14,MSCI_ACWI,229.1107
2020-09-15,MSCI_ACWI,230.7185
2020-09-16,MSCI_ACWI,230.8951
2020-09-17,MSCI_ACWI,229.3741
2020-09-18,MSCI_ACWI,227.1042
2020-09-21,MSCI_ACWI,225.6400
2020-09-22,MSCI_ACWI,227.3548
2020-09-23,MSCI_ACWI,224.6303
2020-09-24,MSCI_ACWI,224.2965
2020-09-25,MSCI_ACWI,227.0311
2020-09-28,MSCI_ACWI,230.1907
2020-09-29,MSCI_ACWI,228.0366
2020-09-30,MSCI_ACWI,229.1227
2020-10-01,MSCI_ACWI,230.1250
2020-10-02,MSCI_ACWI,228.9722
2020-10-05,MSCI_ACWI,231.1891
2020-10-06,MSCI_ACWI,229.7384
2020-10-07,MSCI_ACWI,232.7368
2020-10-08,MSCI_ACWI,234.7991
2020-10-09,MSCI_ACWI,235.3398
2020-10-12,MSCI_ACWI,238.3017
2020-10-13,MSCI_ACWI,238.5085
2020-10-14,MSCI_ACWI,237.2894
2020-10-15,MSCI_ACWI,236.6129
2020-10-16,MSCI_ACWI,236.6513
2020-10-19,MSCI_ACWI,233.5958
2020-10-20,MSCI_ACWI,233.2355
2020-10-21,MSCI_ACWI,232.0683
2020-10-22,MSCI_ACWI,233.2328
2020-10-23,MSCI_ACWI,233.8840
2020-10-26,MSCI_ACWI,230.6845
2020-10-27,MSCI_ACWI,229.7630
2020-10-28,MSCI_ACWI,224.6620
2020-10-29,MSCI_ACWI,227.4801
2020-10-30,MSCI_ACWI,225.0500
2020-11-02,MSCI_ACWI,228.0820
2020-11-03,MSCI_ACWI,230.4157
2020-11-04,MSCI_ACWI,235.2514
2020-11-05,MSCI_ACWI,237.9392
2020-11-06,MSCI_ACWI,237.5451
2020-11-09,MSCI_ACWI,241.6890
2020-11-10,MSCI_ACWI,241.8767
2020-11-11,MSCI_ACWI,244.9284
2020-11-12,MSCI_ACWI,242.3657
2020-11-13,MSCI_ACWI,244.0316
2020-11-16,MSCI_ACWI,246.7871
2020-11-17,MSCI_ACWI,245.6933
2020-11-18,MSCI_ACWI,244.5969
2020-11-19,MSCI_ACWI,245.4129
2020-11-20,MSCI_ACWI,244.8280
2020-11-23,MSCI_ACWI,246.4504
2020-11-24,MSCI_ACWI,248.8593
2020-11-25,MSCI_ACWI,248.2863
2020-11-26,MSCI_ACWI,248.5982
2020-11-27,MSCI_ACWI,248.6154
2020-11-30,MSCI_ACWI,246.1652
2020-12-01,MSCI_ACWI,247.3742
2020-12-02,MSCI_ACWI,246.9816
2020-12-03,MSCI_ACWI,246.2192
2020-12-04,MSCI_ACWI,248.4051
2020-12-07,MSCI_ACWI,248.3255
2020-12-08,MSCI_ACWI,249.2684
2020-12-09,MSCI_ACWI,248.7857
2020-12-10,MSCI_ACWI,247.8752
2020-12-11,MSCI_ACWI,247.8501
2020-12-14,MSCI_ACWI,247.1213
2020-12-15,MSCI_ACWI,248.5434
2020-12-16,MSCI_ACWI,249.1055
2020-12-17,MSCI_ACWI,249.8093
2020-12-18,MSCI_ACWI,249.2193
2020-12-21,MSCI_ACWI,247.6437
2020-12-22,MSCI_ACWI,248.1758
2020-12-23,MSCI_ACWI,248.7388
2020-12-24,MSCI_ACWI,249.3152
2020-12-25,MSCI_ACWI,249.3776
2020-12-28,MSCI_ACWI,250.0952
2020-12-29,MSCI_ACWI,250.4099
2020-12-30,MSCI_ACWI,250.1190
2020-12-31,MSCI_ACWI,251.8366
2021-01-01,MSCI_ACWI,251.8493
2021-01-04,MSCI_ACWI,249.8253
2021-01-05,MSCI_ACWI,251.2915
2021-01-06,MSCI_ACWI,252.3215
2021-01-07,MSCI_ACWI,255.7809
2021-01-08,MSCI_ACWI,258.2243
2021-01-11,MSCI_ACWI,258.4610
2021-01-12,MSCI_ACWI,258.7501
2021-01-13,MSCI_ACWI,259.4293
2021-01-14,MSCI_ACWI,260.0170
2021-01-15,MSCI_ACWI,258.6863
2021-01-18,MSCI_ACWI,258.9830
2021-01-19,MSCI_ACWI,260.0052
2021-01-20,MSCI_ACWI,263.3850
2021-01-21,MSCI_ACWI,262.8738
2021-01-22,MSCI_ACWI,261.2484
2021-01-25,MSCI_ACWI,262.7179
2021-01-26,MSCI_ACWI,261.1493
2021-01-27,MSCI_ACWI,257.4175
2021-01-28,MSCI_ACWI,257.5459
2021-01-29,MSCI_ACWI,252.4761
2021-02-01,MSCI_ACWI,257.6717
2021-02-02,MSCI_ACWI,262.1749
2021-02-03,MSCI_ACWI,263.3204
2021-02-04,MSCI_ACWI,265.5956
2021-02-05,MSCI_ACWI,266.0804
2021-02-08,MSCI_ACWI,267.5668
2021-02-09,MSCI_ACWI,266.9413
2021-02-10,MSCI_ACWI,266.7516
2021-02-11,MSCI_ACWI,267.4048
2021-02-12,MSCI_ACWI,268.6962
2021-02-15,MSCI_ACWI,269.5183
2021-02-16,MSCI_ACWI,269.8249
2021-02-17,MSCI_ACWI,270.8464
2021-02-18,MSCI_ACWI,268.3696
2021-02-19,MSCI_ACWI,267.6012
2021-02-22,MSCI_ACWI,265.0337
2021-02-23,MSCI_ACWI,264.6655
2021-02-24,MSCI_ACWI,266.0051
2021-02-25,MSCI_ACWI,260.5895
2021-02-26,MSCI_ACWI,258.5584
2021-03-01,MSCI_ACWI,265.7271
2021-03-02,MSCI_ACWI,264.1402
2021-03-03,MSCI_ACWI,262.1840
2021-03-04,MSCI_ACWI,259.2637
2021-03-05,MSCI_ACWI,263.8134
2021-03-08,MSCI_ACWI,263.6170
2021-03-09,MSCI_ACWI,266.6161
2021-03-10,MSCI_ACWI,267.6566
2021-03-11,MSCI_ACWI,269.6742
2021-03-12,MSCI_ACWI,270.0558
2021-03-15,MSCI_ACWI,271.5602
2021-03-16,MSCI_ACWI,272.4575
2021-03-17,MSCI_ACWI,272.3351
2021-03-18,MSCI_ACWI,269.9790
2021-03-19,MSCI_ACWI,269.5485
2021-03-22,MSCI_ACWI,270.1549
2021-03-23,MSCI_ACWI,269.3747
2021-03-24,MSCI_ACWI,267.9045
2021-03-25,MSCI_ACWI,269.5825
2021-03-26,MSCI_ACWI,272.9792
2021-03-29,MSCI_ACWI,273.5533
2021-03-30,MSCI_ACWI,274.2626
2021-03-31,MSCI_ACWI,274.1603
2021-04-01,MSCI_ACWI,276.9277
2021-04-02,MSCI_ACWI,277.1531
2021-04-05,MSCI_ACWI,278.9189
2021-04-06,MSCI_ACWI,278.4769
2021-04-07,MSCI_ACWI,277.2377
2021-04-08,MSCI_ACWI,278.6819
2021-04-09,MSCI_ACWI,279.7486
2021-04-12,MSCI_ACWI,278.8749
2021-04-13,MSCI_ACWI,279.4189
2021-04-14,MSCI_ACWI,278.4062
2021-04-15,MSCI_ACWI,280.8364
2021-04-16,MSCI_ACWI,281.7918
2021-04-19,MSCI_ACWI,280.1176
2021-04-20,MSCI_ACWI,277.0971
2021-04-21,MSCI_ACWI,278.7048
2021-04-22,MSCI_ACWI,278.2385
2021-04-23,MSCI_ACWI,279.7674
2021-04-26,MSCI_ACWI,280.0376
2021-04-27,MSCI_ACWI,279.7662
2021-04-28,MSCI_ACWI,279.6673
2021-04-29,MSCI_ACWI,280.1040
2021-04-30,MSCI_ACWI,279.3727
2021-05-03,MSCI_ACWI,279.1238
2021-05-04,MSCI_ACWI,277.8451
2021-05-05,MSCI_ACWI,279.2961
2021-05-06,MSCI_ACWI,279.8968
2021-05-07,MSCI_ACWI,280.4830
2021-05-10,MSCI_ACWI,278.5792
2021-05-11,MSCI_ACWI,275.3755
2021-05-12,MSCI_ACWI,272.7147
2021-05-13,MSCI_ACWI,273.5207
2021-05-14,MSCI_ACWI,276.3792
2021-05-17,MSCI_ACWI,275.8682
2021-05-18,MSCI_ACWI,274.3533
2021-05-19,MSCI_ACWI,272.8402
2021-05-20,MSCI_ACWI,275.4879
2021-05-21,MSCI_ACWI,276.2011
2021-05-24,MSCI_ACWI,277.3687
2021-05-25,MSCI_ACWI,277.2250
2021-05-26,MSCI_ACWI,278.3384
2021-05-27,MSCI_ACWI,278.8851
2021-05-28,MSCI_ACWI,280.2501
2021-05-31,MSCI_ACWI,279.3462
2021-06-01,MSCI_ACWI,279.8339
2021-06-02,MSCI_ACWI,280.9995
2021-06-03,MSCI_ACWI,281.4330
2021-06-04,MSCI_ACWI,282.7818
2021-06-07,MSCI_ACWI,282.5126
2021-06-08,MSCI_ACWI,282.5179
2021-06-09,MSCI_ACWI,282.0052
2021-06-10,MSCI_ACWI,283.3771
2021-06-11,MSCI_ACWI,285.3380
2021-06-14,MSCI_ACWI,285.6632
2021-06-15,MSCI_ACWI,285.2802
2021-06-16,MSCI_ACWI,284.5156
2021-06-17,MSCI_ACWI,287.5564
2021-06-18,MSCI_ACWI,286.0436
2021-06-21,MSCI_ACWI,286.7830
2021-06-22,MSCI_ACWI,288.5703
2021-06-23,MSCI_ACWI,287.5050
2021-06-24,MSCI_ACWI,289.5362
2021-06-25,MSCI_ACWI,290.2481
2021-06-28,MSCI_ACWI,290.9139
2021-06-29,MSCI_ACWI,291.3236
2021-06-30,MSCI_ACWI,291.7980
2021-07-01,MSCI_ACWI,292.3386
2021-07-02,MSCI_ACWI,294.1329
2021-07-05,MSCI_ACWI,293.9794
2021-07-06,MSCI_ACWI,293.9529
2021-07-07,MSCI_ACWI,295.1730
2021-07-08,MSCI_ACWI,290.8605
2021-07-09,MSCI_ACWI,293.2748
2021-07-12,MSCI_ACWI,294.7021
2021-07-13,MSCI_ACWI,295.3804
2021-07-14,MSCI_ACWI,295.4456
2021-07-15,MSCI_ACWI,294.4788
2021-07-16,MSCI_ACWI,292.8894
2021-07-19,MSCI_ACWI,288.2005
2021-07-20,MSCI_ACWI,291.6630
2021-07-21,MSCI_ACWI,293.6680
2021-07-22,MSCI_ACWI,294.8196
2021-07-23,MSCI_ACWI,297.3841
2021-07-26,MSCI_ACWI,296.0395
2021-07-27,MSCI_ACWI,293.8688
2021-07-28,MSCI_ACWI,295.0096
2021-07-29,MSCI_ACWI,295.3750
2021-07-30,MSCI_ACWI,293.8335
2021-08-02,MSCI_ACWI,294.3393
2021-08-03,MSCI_ACWI,296.2132
2021-08-04,MSCI_ACWI,296.2613
2021-08-05,MSCI_ACWI,297.7523
2021-08-06,MSCI_ACWI,299.1924
2021-08-09,MSCI_ACWI,299.5606
2021-08-10,MSCI_ACWI,300.5821
2021-08-11,MSCI_ACWI,300.9085
2021-08-12,MSCI_ACWI,301.5658
2021-08-13,MSCI_ACWI,300.4760
2021-08-16,MSCI_ACWI,300.1039
2021-08-17,MSCI_ACWI,299.6609
2021-08-18,MSCI_ACWI,298.0876
2021-08-19,MSCI_ACWI,296.7931
2021-08-20,MSCI_ACWI,297.9928
2021-08-23,MSCI_ACWI,299.7120
2021-08-24,MSCI_ACWI,300.8979
2021-08-25,MSCI_ACWI,301.6098
2021-08-26,MSCI_ACWI,299.9733
2021-08-27,MSCI_ACWI,301.3447
2021-08-30,MSCI_ACWI,302.4800
2021-08-31,MSCI_ACWI,302.5530
2021-09-01,MSCI_ACWI,302.2780
2021-09-02,MSCI_ACWI,302.8274
2021-09-03,MSCI_ACWI,302.8122
2021-09-06,MSCI_ACWI,304.0391
2021-09-07,MSCI_ACWI,303.5901
2021-09-08,MSCI_ACWI,303.1150
2021-09-09,MSCI_ACWI,301.6926
2021-09-10,MSCI_ACWI,300.3336
2021-09-13,MSCI_ACWI,301.0975
2021-09-14,MSCI_ACWI,299.8420
2021-09-15,MSCI_ACWI,300.6943
2021-09-16,MSCI_ACWI,301.3629
2021-09-17,MSCI_ACWI,299.9003
2021-09-20,MSCI_ACWI,295.3197
2021-09-21,MSCI_ACWI,295.7104
2021-09-22,MSCI_ACWI,297.6304
2021-09-23,MSCI_ACWI,300.2658
2021-09-24,MSCI_ACWI,300.7379
2021-09-27,MSCI_ACWI,300.4584
2021-09-28,MSCI_ACWI,295.6003
2021-09-29,MSCI_ACWI,296.6154
2021-09-30,MSCI_ACWI,295.4355
2021-10-01,MSCI_ACWI,296.4799
2021-10-04,MSCI_ACWI,292.9384
2021-10-05,MSCI_ACWI,295.7545
2021-10-06,MSCI_ACWI,296.7620
2021-10-07,MSCI_ACWI,299.7308
2021-10-08,MSCI_ACWI,299.2501
2021-10-11,MSCI_ACWI,298.4785
2021-10-12,MSCI_ACWI,298.1510
2021-10-13,MSCI_ACWI,298.9244
2021-10-14,MSCI_ACWI,302.6799
2021-10-15,MSCI_ACWI,304.8925
2021-10-18,MSCI_ACWI,305.3820
2021-10-19,MSCI_ACWI,306.4916
2021-10-20,MSCI_ACWI,307.5900
2021-10-21,MSCI_ACWI,307.8125
2021-10-22,MSCI_ACWI,307.7060
2021-10-25,MSCI_ACWI,309.4695
2021-10-26,MSCI_ACWI,310.5999
2021-10-27,MSCI_ACWI,308.8478
2021-10-28,MSCI_ACWI,308.8934
2021-10-29,MSCI_ACWI,310.9717
2021-11-01,MSCI_ACWI,311.8546
2021-11-02,MSCI_ACWI,312.5689
2021-11-03,MSCI_ACWI,313.8514
2021-11-04,MSCI_ACWI,316.1744
2021-11-05,MSCI_ACWI,316.4883
2021-11-08,MSCI_ACWI,316.1643
2021-11-09,MSCI_ACWI,315.5610
2021-11-10,MSCI_ACWI,315.1556
2021-11-11,MSCI_ACWI,316.7134
2021-11-12,MSCI_ACWI,319.4976
2021-11-15,MSCI_ACWI,320.4565
2021-11-16,MSCI_ACWI,323.0365
2021-11-17,MSCI_ACWI,323.2030
2021-11-18,MSCI_ACWI,322.1682
2021-11-19,MSCI_ACWI,322.3467
2021-11-22,MSCI_ACWI,322.5427
2021-11-23,MSCI_ACWI,321.4702
2021-11-24,MSCI_ACWI,323.4466
2021-11-25,MSCI_ACWI,323.5005
2021-11-26,MSCI_ACWI,313.3242
2021-11-29,MSCI_ACWI,316.6408
2021-11-30,MSCI_ACWI,312.0169
2021-12-01,MSCI_ACWI,309.0800
2021-12-02,MSCI_ACWI,311.9111
2021-12-03,MSCI_ACWI,310.4170
2021-12-06,MSCI_ACWI,313.1176
2021-12-07,MSCI_ACWI,320.3752
2021-12-08,MSCI_ACWI,319.2050
2021-12-09,MSCI_ACWI,318.6267
2021-12-10,MSCI_ACWI,319.2229
2021-12-13,MSCI_ACWI,317.4819
2021-12-14,MSCI_ACWI,315.1818
2021-12-15,MSCI_ACWI,318.8815
2021-12-16,MSCI_ACWI,316.9201
2021-12-17,MSCI_ACWI,315.1674
2021-12-20,MSCI_ACWI,310.5021
2021-12-21,MSCI_ACWI,316.2748
2021-12-22,MSCI_ACWI,317.5432
2021-12-23,MSCI_ACWI,320.2535
2021-12-24,MSCI_ACWI,319.7737
2021-12-27,MSCI_ACWI,322.8311
2021-12-28,MSCI_ACWI,323.7726
2021-12-29,MSCI_ACWI,322.4275
2021-12-30,MSCI_ACWI,322.5430
2021-12-31,MSCI_ACWI,321.1876
2022-01-03,MSCI_ACWI,324.3774
2022-01-04,MSCI_ACWI,324.5212
2022-01-05,MSCI_ACWI,319.4091
2022-01-06,MSCI_ACWI,318.7649
2022-01-07,MSCI_ACWI,316.9707
2022-01-10,MSCI_ACWI,316.9383
2022-01-11,MSCI_ACWI,319.0793
2022-01-12,MSCI_ACWI,319.3848
2022-01-13,MSCI_ACWI,315.3636
2022-01-14,MSCI_ACWI,315.1514
2022-01-17,MSCI_ACWI,316.1761
2022-01-18,MSCI_ACWI,312.8738
2022-01-19,MSCI_ACWI,310.5052
2022-01-20,MSCI_ACWI,309.4528
2022-01-21,MSCI_ACWI,304.0891
2022-01-24,MSCI_ACWI,302.7312
2022-01-25,MSCI_ACWI,300.6566
2022-01-26,MSCI_ACWI,300.8361
2022-01-27,MSCI_ACWI,301.6761
2022-01-28,MSCI_ACWI,305.7441
2022-01-31,MSCI_ACWI,309.8270
2022-02-01,MSCI_ACWI,311.3855
2022-02-02,MSCI_ACWI,312.4751
2022-02-03,MSCI_ACWI,303.6904
2022-02-04,MSCI_ACWI,304.1396
2022-02-07,MSCI_ACWI,303.8470
2022-02-08,MSCI_ACWI,306.0972
2022-02-09,MSCI_ACWI,310.6668
2022-02-10,MSCI_ACWI,306.7206
2022-02-11,MSCI_ACWI,303.8530
2022-02-14,MSCI_ACWI,303.3762
2022-02-15,MSCI_ACWI,306.1509
2022-02-16,MSCI_ACWI,306.9392
2022-02-17,MSCI_ACWI,302.3027
2022-02-18,MSCI_ACWI,300.4560
2022-02-21,MSCI_ACWI,299.5633
2022-02-22,MSCI_ACWI,296.9054
2022-02-23,MSCI_ACWI,293.5996
2022-02-24,MSCI_ACWI,297.3835
2022-02-25,MSCI_ACWI,301.0719
2022-02-28,MSCI_ACWI,301.2338
2022-03-01,MSCI_ACWI,299.5846
2022-03-02,MSCI_ACWI,304.3956
2022-03-03,MSCI_ACWI,302.7072
2022-03-04,MSCI_ACWI,301.6120
2022-03-07,MSCI_ACWI,294.5729
2022-03-08,MSCI_ACWI,292.1825
2022-03-09,MSCI_ACWI,295.2741
2022-03-10,MSCI_ACWI,295.4993
2022-03-11,MSCI_ACWI,293.5088
2022-03-14,MSCI_ACWI,291.0068
2022-03-15,MSCI_ACWI,293.9366
2022-03-16,MSCI_ACWI,301.5257
2022-03-17,MSCI_ACWI,303.7053
2022-03-18,MSCI_ACWI,308.1137
2022-03-21,MSCI_ACWI,307.8161
2022-03-22,MSCI_ACWI,311.8473
2022-03-23,MSCI_ACWI,310.2062
2022-03-24,MSCI_ACWI,312.5739
2022-03-25,MSCI_ACWI,313.5887
2022-03-28,MSCI_ACWI,315.1710
2022-03-29,MSCI_ACWI,316.2091
2022-03-30,MSCI_ACWI,313.7557
2022-03-31,MSCI_ACWI,310.6764
2022-04-01,MSCI_ACWI,313.7014
2022-04-04,MSCI_ACWI,317.5562
2022-04-05,MSCI_ACWI,316.1696
2022-04-06,MSCI_ACWI,312.8686
2022-04-07,MSCI_ACWI,312.8122
2022-04-08,MSCI_ACWI,313.8158
2022-04-11,MSCI_ACWI,308.9946
2022-04-12,MSCI_ACWI,308.4619
2022-04-13,MSCI_ACWI,311.8543
2022-04-14,MSCI_ACWI,311.5994
2022-04-15,MSCI_ACWI,311.3701
2022-04-18,MSCI_ACWI,310.1748
2022-04-19,MSCI_ACWI,312.9357
2022-04-20,MSCI_ACWI,311.5763
2022-04-21,MSCI_ACWI,308.7117
2022-04-22,MSCI_ACWI,303.1024
2022-04-25,MSCI_ACWI,303.6713
2022-04-26,MSCI_ACWI,299.1112
2022-04-27,MSCI_ACWI,302.4028
2022-04-28,MSCI_ACWI,307.9686
2022-04-29,MSCI_ACWI,301.4415
2022-05-02,MSCI_ACWI,302.1909
2022-05-03,MSCI_ACWI,302.9623
2022-05-04,MSCI_ACWI,307.7343
2022-05-05,MSCI_ACWI,300.4433
2022-05-06,MSCI_ACWI,296.0558
2022-05-09,MSCI_ACWI,288.3816
2022-05-10,MSCI_ACWI,288.3185
2022-05-11,MSCI_ACWI,286.0167
2022-05-12,MSCI_ACWI,287.7762
2022-05-13,MSCI_ACWI,294.8285
2022-05-16,MSCI_ACWI,293.9665
2022-05-17,MSCI_ACWI,296.1292
2022-05-18,MSCI_ACWI,289.0278
2022-05-19,MSCI_ACWI,285.1271
2022-05-20,MSCI_ACWI,287.0591
2022-05-23,MSCI_ACWI,288.5091
2022-05-24,MSCI_ACWI,284.4021
2022-05-25,MSCI_ACWI,287.6031
2022-05-26,MSCI_ACWI,290.8403
2022-05-27,MSCI_ACWI,297.2391
2022-05-30,MSCI_ACWI,297.1618
2022-05-31,MSCI_ACWI,297.2022
2022-06-01,MSCI_ACWI,296.2372
2022-06-02,MSCI_ACWI,298.8132
2022-06-03,MSCI_ACWI,295.3624
2022-06-06,MSCI_ACWI,296.7622
2022-06-07,MSCI_ACWI,298.3261
2022-06-08,MSCI_ACWI,295.9450
2022-06-09,MSCI_ACWI,292.1805
2022-06-10,MSCI_ACWI,287.4285
2022-06-13,MSCI_ACWI,279.7979
2022-06-14,MSCI_ACWI,278.3510
2022-06-15,MSCI_ACWI,281.4244
2022-06-16,MSCI_ACWI,272.4138
2022-06-17,MSCI_ACWI,272.8502
2022-06-20,MSCI_ACWI,271.5628
2022-06-21,MSCI_ACWI,276.0217
2022-06-22,MSCI_ACWI,273.8655
2022-06-23,MSCI_ACWI,276.8546
2022-06-24,MSCI_ACWI,283.6998
2022-06-27,MSCI_ACWI,283.1769
2022-06-28,MSCI_ACWI,281.7575
2022-06-29,MSCI_ACWI,281.3334
2022-06-30,MSCI_ACWI,278.8653
2022-07-01,MSCI_ACWI,281.6419
2022-07-04,MSCI_ACWI,281.5717
2022-07-05,MSCI_ACWI,285.1959
2022-07-06,MSCI_ACWI,286.9083
2022-07-07,MSCI_ACWI,292.1617
2022-07-08,MSCI_ACWI,292.4081
2022-07-11,MSCI_ACWI,291.2613
2022-07-12,MSCI_ACWI,289.9590
2022-07-13,MSCI_ACWI,287.3981
2022-07-14,MSCI_ACWI,288.0990
2022-07-15,MSCI_ACWI,290.3995
2022-07-18,MSCI_ACWI,287.6333
2022-07-19,MSCI_ACWI,292.1497
2022-07-20,MSCI_ACWI,294.9221
2022-07-21,MSCI_ACWI,297.6442
2022-07-22,MSCI_ACWI,295.2285
2022-07-25,MSCI_ACWI,295.5414
2022-07-26,MSCI_ACWI,295.4265
2022-07-27,MSCI_ACWI,300.8687
2022-07-28,MSCI_ACWI,303.5772
2022-07-29,MSCI_ACWI,305.8880
2022-08-01,MSCI_ACWI,303.9444
2022-08-02,MSCI_ACWI,303.6983
2022-08-03,MSCI_ACWI,308.5160
2022-08-04,MSCI_ACWI,307.0357
2022-08-05,MSCI_ACWI,307.7675
2022-08-08,MSCI_ACWI,306.8380
2022-08-09,MSCI_ACWI,305.1825
2022-08-10,MSCI_ACWI,306.9841
2022-08-11,MSCI_ACWI,307.8238
2022-08-12,MSCI_ACWI,314.2391
2022-08-15,MSCI_ACWI,316.5216
2022-08-16,MSCI_ACWI,317.1664
2022-08-17,MSCI_ACWI,315.6341
2022-08-18,MSCI_ACWI,316.8760
2022-08-19,MSCI_ACWI,315.4776
2022-08-22,MSCI_ACWI,312.3012
2022-08-23,MSCI_ACWI,311.0195
2022-08-24,MSCI_ACWI,311.2785
2022-08-25,MSCI_ACWI,315.5522
2022-08-26,MSCI_ACWI,307.0869
2022-08-29,MSCI_ACWI,304.9798
2022-08-30,MSCI_ACWI,302.5118
2022-08-31,MSCI_ACWI,298.7581
2022-09-01,MSCI_ACWI,300.0791
2022-09-02,MSCI_ACWI,296.7044
2022-09-05,MSCI_ACWI,298.9016
2022-09-06,MSCI_ACWI,298.1076
2022-09-07,MSCI_ACWI,299.4672
2022-09-08,MSCI_ACWI,301.5311
2022-09-09,MSCI_ACWI,304.1322
2022-09-12,MSCI_ACWI,305.3925
2022-09-13,MSCI_ACWI,298.8750
2022-09-14,MSCI_ACWI,298.6891
2022-09-15,MSCI_ACWI,296.0215
2022-09-16,MSCI_ACWI,292.2002
2022-09-19,MSCI_ACWI,293.6791
2022-09-20,MSCI_ACWI,291.7865
2022-09-21,MSCI_ACWI,290.9048
2022-09-22,MSCI_ACWI,289.6332
2022-09-23,MSCI_ACWI,287.0097
2022-09-26,MSCI_ACWI,284.9297
2022-09-27,MSCI_ACWI,285.3924
2022-09-28,MSCI_ACWI,288.2315
2022-09-29,MSCI_ACWI,280.4147
2022-09-30,MSCI_ACWI,277.3006
2022-10-03,MSCI_ACWI,282.0252
2022-10-04,MSCI_ACWI,287.0456
2022-10-05,MSCI_ACWI,289.3574
2022-10-06,MSCI_ACWI,287.6107
2022-10-07,MSCI_ACWI,282.5152
2022-10-10,MSCI_ACWI,282.1588
2022-10-11,MSCI_ACWI,279.2339
2022-10-12,MSCI_ACWI,278.6117
2022-10-13,MSCI_ACWI,282.3854
2022-10-14,MSCI_ACWI,277.9841
2022-10-17,MSCI_ACWI,281.9948
2022-10-18,MSCI_ACWI,284.1732
2022-10-19,MSCI_ACWI,283.5269
2022-10-20,MSCI_ACWI,280.9414
2022-10-21,MSCI_ACWI,285.7391
2022-10-24,MSCI_ACWI,285.5636
2022-10-25,MSCI_ACWI,288.0425
2022-10-26,MSCI_ACWI,285.5322
2022-10-27,MSCI_ACWI,286.0326
2022-10-28,MSCI_ACWI,290.7674
2022-10-31,MSCI_ACWI,291.4466
2022-11-01,MSCI_ACWI,292.3200
2022-11-02,MSCI_ACWI,287.7333
2022-11-03,MSCI_ACWI,287.3520
2022-11-04,MSCI_ACWI,288.2811
2022-11-07,MSCI_ACWI,288.4122
2022-11-08,MSCI_ACWI,288.7309
2022-11-09,MSCI_ACWI,285.2943
2022-11-10,MSCI_ACWI,293.3178
2022-11-11,MSCI_ACWI,294.4438
2022-11-14,MSCI_ACWI,292.4933
2022-11-15,MSCI_ACWI,294.6050
2022-11-16,MSCI_ACWI,291.3030
2022-11-17,MSCI_ACWI,291.5941
2022-11-18,MSCI_ACWI,292.3470
2022-11-21,MSCI_ACWI,293.5955
2022-11-22,MSCI_ACWI,295.7126
2022-11-23,MSCI_ACWI,295.4661
2022-11-24,MSCI_ACWI,295.7733
2022-11-25,MSCI_ACWI,295.4893
2022-11-28,MSCI_ACWI,291.9615
2022-11-29,MSCI_ACWI,293.3656
2022-11-30,MSCI_ACWI,301.4554
2022-12-01,MSCI_ACWI,298.1831
2022-12-02,MSCI_ACWI,297.6357
2022-12-05,MSCI_ACWI,292.9144
2022-12-06,MSCI_ACWI,289.9437
2022-12-07,MSCI_ACWI,288.7027
2022-12-08,MSCI_ACWI,289.4533
2022-12-09,MSCI_ACWI,289.1855
2022-12-12,MSCI_ACWI,291.2223
2022-12-13,MSCI_ACWI,291.1344
2022-12-14,MSCI_ACWI,290.2227
2022-12-15,MSCI_ACWI,283.1941
2022-12-16,MSCI_ACWI,281.0817
2022-12-19,MSCI_ACWI,280.1206
2022-12-20,MSCI_ACWI,278.9992
2022-12-21,MSCI_ACWI,282.9964
2022-12-22,MSCI_ACWI,280.7092
2022-12-23,MSCI_ACWI,281.0190
2022-12-26,MSCI_ACWI,281.1034
2022-12-27,MSCI_ACWI,279.8254
2022-12-28,MSCI_ACWI,278.2414
2022-12-29,MSCI_ACWI,280.4618
2022-12-30,MSCI_ACWI,279.3902
2023-01-02,MSCI_ACWI,279.8244
2023-01-03,MSCI_ACWI,282.5375
2023-01-04,MSCI_ACWI,283.8987
2023-01-05,MSCI_ACWI,283.6489
2023-01-06,MSCI_ACWI,286.8685
2023-01-09,MSCI_ACWI,285.2671
2023-01-10,MSCI_ACWI,286.4058
2023-01-11,MSCI_ACWI,288.6169
2023-01-12,MSCI_ACWI,289.0862
2023-01-13,MSCI_ACWI,290.3178
2023-01-16,MSCI_ACWI,290.4793
2023-01-17,MSCI_ACWI,291.0643
2023-01-18,MSCI_ACWI,288.1936
2023-01-19,MSCI_ACWI,286.6021
2023-01-20,MSCI_ACWI,289.5410
2023-01-23,MSCI_ACWI,291.4910
2023-01-24,MSCI_ACWI,291.3231
2023-01-25,MSCI_ACWI,290.7463
2023-01-26,MSCI_ACWI,294.3736
2023-01-27,MSCI_ACWI,295.4759
2023-01-30,MSCI_ACWI,291.9601
2023-01-31,MSCI_ACWI,294.2330
2023-02-01,MSCI_ACWI,295.2770
2023-02-02,MSCI_ACWI,298.3831
2023-02-03,MSCI_ACWI,297.9129
2023-02-06,MSCI_ACWI,298.0551
2023-02-07,MSCI_ACWI,301.7393
2023-02-08,MSCI_ACWI,299.2530
2023-02-09,MSCI_ACWI,297.2785
2023-02-10,MSCI_ACWI,298.7100
2023-02-13,MSCI_ACWI,300.0078
2023-02-14,MSCI_ACWI,300.3276
2023-02-15,MSCI_ACWI,301.5223
2023-02-16,MSCI_ACWI,299.4800
2023-02-17,MSCI_ACWI,298.3595
2023-02-20,MSCI_ACWI,298.2060
2023-02-21,MSCI_ACWI,293.9049
2023-02-22,MSCI_ACWI,294.1118
2023-02-23,MSCI_ACWI,295.8462
2023-02-24,MSCI_ACWI,293.9224
2023-02-27,MSCI_ACWI,293.5516
2023-02-28,MSCI_ACWI,292.6859
2023-03-01,MSCI_ACWI,290.7976
2023-03-02,MSCI_ACWI,293.6255
2023-03-03,MSCI_ACWI,297.9453
2023-03-06,MSCI_ACWI,296.5060
2023-03-07,MSCI_ACWI,295.1178
2023-03-08,MSCI_ACWI,295.7713
2023-03-09,MSCI_ACWI,291.7985
2023-03-10,MSCI_ACWI,284.9236
2023-03-13,MSCI_ACWI,282.6341
2023-03-14,MSCI_ACWI,285.2949
2023-03-15,MSCI_ACWI,287.0109
2023-03-16,MSCI_ACWI,288.3765
2023-03-17,MSCI_ACWI,285.9571
2023-03-20,MSCI_ACWI,285.7556
2023-03-21,MSCI_ACWI,287.9553
2023-03-22,MSCI_ACWI,285.2830
2023-03-23,MSCI_ACWI,284.2603
2023-03-24,MSCI_ACWI,287.0642
2023-03-27,MSCI_ACWI,287.2403
2023-03-28,MSCI_ACWI,286.3069
2023-03-29,MSCI_ACWI,289.9587
2023-03-30,MSCI_ACWI,290.0720
2023-03-31,MSCI_ACWI,294.5038
2023-04-03,MSCI_ACWI,294.9783
2023-04-04,MSCI_ACWI,292.1344
2023-04-05,MSCI_ACWI,292.5386
2023-04-06,MSCI_ACWI,292.7221
2023-04-07,MSCI_ACWI,292.8337
2023-04-10,MSCI_ACWI,294.7716
2023-04-11,MSCI_ACWI,294.0636
2023-04-12,MSCI_ACWI,292.1142
2023-04-13,MSCI_ACWI,293.5222
2023-04-14,MSCI_ACWI,294.3957
2023-04-17,MSCI_ACWI,297.1140
2023-04-18,MSCI_ACWI,296.5585
2023-04-19,MSCI_ACWI,296.1090
2023-04-20,MSCI_ACWI,294.5623
2023-04-21,MSCI_ACWI,294.4625
2023-04-24,MSCI_ACWI,293.2733
2023-04-25,MSCI_ACWI,290.8399
2023-04-26,MSCI_ACWI,288.2869
2023-04-27,MSCI_ACWI,292.6643
2023-04-28,MSCI_ACWI,293.9876
2023-05-01,MSCI_ACWI,295.3547
2023-05-02,MSCI_ACWI,292.4826
2023-05-03,MSCI_ACWI,289.7765
2023-05-04,MSCI_ACWI,289.8404
2023-05-05,MSCI_ACWI,293.8645
2023-05-08,MSCI_ACWI,294.4484
2023-05-09,MSCI_ACWI,294.6990
2023-05-10,MSCI_ACWI,294.8699
2023-05-11,MSCI_ACWI,295.6182
2023-05-12,MSCI_ACWI,296.5125
2023-05-15,MSCI_ACWI,297.5771
2023-05-16,MSCI_ACWI,296.0156
2023-05-17,MSCI_ACWI,298.9499
2023-05-18,MSCI_ACWI,302.3296
2023-05-19,MSCI_ACWI,302.0803
2023-05-22,MSCI_ACWI,302.2812
2023-05-23,MSCI_ACWI,299.9829
2023-05-24,MSCI_ACWI,297.5121
2023-05-25,MSCI_ACWI,299.0075
2023-05-26,MSCI_ACWI,302.9310
2023-05-29,MSCI_ACWI,303.0403
2023-05-30,MSCI_ACWI,302.0632
2023-05-31,MSCI_ACWI,301.1782
2023-06-01,MSCI_ACWI,302.3126
2023-06-02,MSCI_ACWI,307.2408
2023-06-05,MSCI_ACWI,307.4348
2023-06-06,MSCI_ACWI,308.8477
2023-06-07,MSCI_ACWI,307.5130
2023-06-08,MSCI_ACWI,307.1820
2023-06-09,MSCI_ACWI,308.1894
2023-06-12,MSCI_ACWI,310.4408
2023-06-13,MSCI_ACWI,311.4717
2023-06-14,MSCI_ACWI,311.0135
2023-06-15,MSCI_ACWI,312.2373
2023-06-16,MSCI_ACWI,311.6720
2023-06-19,MSCI_ACWI,310.8121
2023-06-20,MSCI_ACWI,309.6758
2023-06-21,MSCI_ACWI,306.8007
2023-06-22,MSCI_ACWI,306.8390
2023-06-23,MSCI_ACWI,306.0701
2023-06-26,MSCI_ACWI,304.5562
2023-06-27,MSCI_ACWI,306.0747
2023-06-28,MSCI_ACWI,307.7204
2023-06-29,MSCI_ACWI,308.8104
2023-06-30,MSCI_ACWI,311.3920
2023-07-03,MSCI_ACWI,312.5276
2023-07-04,MSCI_ACWI,312.7499
2023-07-05,MSCI_ACWI,312.3265
2023-07-06,MSCI_ACWI,308.6105
2023-07-07,MSCI_ACWI,306.1609
2023-07-10,MSCI_ACWI,306.0942
2023-07-11,MSCI_ACWI,308.2002
2023-07-12,MSCI_ACWI,308.0775
2023-07-13,MSCI_ACWI,309.5448
2023-07-14,MSCI_ACWI,308.3252
2023-07-17,MSCI_ACWI,308.9478
2023-07-18,MSCI_ACWI,310.5342
2023-07-19,MSCI_ACWI,312.2193
2023-07-20,MSCI_ACWI,311.7219
2023-07-21,MSCI_ACWI,312.4739
2023-07-24,MSCI_ACWI,314.2025
2023-07-25,MSCI_ACWI,316.5760
2023-07-26,MSCI_ACWI,315.9486
2023-07-27,MSCI_ACWI,317.1977
2023-07-28,MSCI_ACWI,318.3923
2023-07-31,MSCI_ACWI,319.4100
2023-08-01,MSCI_ACWI,319.1678
2023-08-02,MSCI_ACWI,315.4345
2023-08-03,MSCI_ACWI,314.1865
2023-08-04,MSCI_ACWI,311.3647
2023-08-07,MSCI_ACWI,313.4792
2023-08-08,MSCI_ACWI,313.2304
2023-08-09,MSCI_ACWI,311.2483
2023-08-10,MSCI_ACWI,311.1262
2023-08-11,MSCI_ACWI,310.9930
2023-08-14,MSCI_ACWI,312.9601
2023-08-15,MSCI_ACWI,309.1451
2023-08-16,MSCI_ACWI,307.7756
2023-08-17,MSCI_ACWI,306.0071
2023-08-18,MSCI_ACWI,305.7515
2023-08-21,MSCI_ACWI,306.4366
2023-08-22,MSCI_ACWI,307.6008
2023-08-23,MSCI_ACWI,310.5366
2023-08-24,MSCI_ACWI,308.1837
2023-08-25,MSCI_ACWI,310.3442
2023-08-28,MSCI_ACWI,311.8368
2023-08-29,MSCI_ACWI,315.2647
2023-08-30,MSCI_ACWI,313.9578
2023-08-31,MSCI_ACWI,315.4048
2023-09-01,MSCI_ACWI,317.2696
2023-09-04,MSCI_ACWI,318.3242
2023-09-05,MSCI_ACWI,318.6909
2023-09-06,MSCI_ACWI,316.8742
2023-09-07,MSCI_ACWI,315.9069
2023-09-08,MSCI_ACWI,315.7936
2023-09-11,MSCI_ACWI,316.9940
2023-09-12,MSCI_ACWI,316.6026
2023-09-13,MSCI_ACWI,315.9332
2023-09-14,MSCI_ACWI,320.9047
2023-09-15,MSCI_ACWI,318.8909
2023-09-18,MSCI_ACWI,317.8591
2023-09-19,MSCI_ACWI,316.8962
2023-09-20,MSCI_ACWI,314.5062
2023-09-21,MSCI_ACWI,310.9188
2023-09-22,MSCI_ACWI,310.6595
2023-09-25,MSCI_ACWI,312.7835
2023-09-26,MSCI_ACWI,308.8642
2023-09-27,MSCI_ACWI,310.6479
2023-09-28,MSCI_ACWI,310.6216
2023-09-29,MSCI_ACWI,309.9591
2023-10-02,MSCI_ACWI,311.1721
2023-10-03,MSCI_ACWI,307.5500
2023-10-04,MSCI_ACWI,307.7576
2023-10-05,MSCI_ACWI,307.3042
2023-10-06,MSCI_ACWI,310.1478
2023-10-09,MSCI_ACWI,311.1929
2023-10-10,MSCI_ACWI,312.8162
2023-10-11,MSCI_ACWI,313.6090
2023-10-12,MSCI_ACWI,314.3536
2023-10-13,MSCI_ACWI,313.3684
2023-10-16,MSCI_ACWI,314.0888
2023-10-17,MSCI_ACWI,313.7792
2023-10-18,MSCI_ACWI,311.0483
2023-10-19,MSCI_ACWI,307.0856
2023-10-20,MSCI_ACWI,303.1061
2023-10-23,MSCI_ACWI,301.2312
2023-10-24,MSCI_ACWI,303.6768
2023-10-25,MSCI_ACWI,301.1579
2023-10-26,MSCI_ACWI,299.0222
2023-10-27,MSCI_ACWI,297.4495
2023-10-30,MSCI_ACWI,298.8789
2023-10-31,MSCI_ACWI,301.1373
2023-11-01,MSCI_ACWI,304.9146
2023-11-02,MSCI_ACWI,308.4394
2023-11-03,MSCI_ACWI,308.7421
2023-11-06,MSCI_ACWI,309.6856
2023-11-07,MSCI_ACWI,310.9325
2023-11-08,MSCI_ACWI,310.3179
2023-11-09,MSCI_ACWI,309.1483
2023-11-10,MSCI_ACWI,312.3012
2023-11-13,MSCI_ACWI,312.2398
2023-11-14,MSCI_ACWI,313.8584
2023-11-15,MSCI_ACWI,315.0247
2023-11-16,MSCI_ACWI,314.4961
2023-11-17,MSCI_ACWI,315.1746
2023-11-20,MSCI_ACWI,315.8605
2023-11-21,MSCI_ACWI,315.6450
2023-11-22,MSCI_ACWI,317.9441
2023-11-23,MSCI_ACWI,317.2191
2023-11-24,MSCI_ACWI,316.7003
2023-11-27,MSCI_ACWI,316.1365
2023-11-28,MSCI_ACWI,315.4525
2023-11-29,MSCI_ACWI,315.6979
2023-11-30,MSCI_ACWI,318.6510
2023-12-01,MSCI_ACWI,322.3316
2023-12-04,MSCI_ACWI,321.5330
2023-12-05,MSCI_ACWI,321.2357
2023-12-06,MSCI_ACWI,321.5628
2023-12-07,MSCI_ACWI,323.1868
2023-12-08,MSCI_ACWI,324.7748
2023-12-11,MSCI_ACWI,326.3210
2023-12-12,MSCI_ACWI,326.3796
2023-12-13,MSCI_ACWI,329.0857
2023-12-14,MSCI_ACWI,326.3990
2023-12-15,MSCI_ACWI,328.7967
2023-12-18,MSCI_ACWI,329.2032
2023-12-19,MSCI_ACWI,329.1557
2023-12-20,MSCI_ACWI,326.5827
2023-12-21,MSCI_ACWI,328.3135
2023-12-22,MSCI_ACWI,328.1136
2023-12-25,MSCI_ACWI,328.1684
2023-12-26,MSCI_ACWI,328.8798
2023-12-27,MSCI_ACWI,328.1961
2023-12-28,MSCI_ACWI,328.8945
2023-12-29,MSCI_ACWI,329.8607
2024-01-01,MSCI_ACWI,329.8989
2024-01-02,MSCI_ACWI,330.4967
2024-01-03,MSCI_ACWI,328.3948
2024-01-04,MSCI_ACWI,326.8134
2024-01-05,MSCI_ACWI,326.6572
2024-01-08,MSCI_ACWI,329.7892
2024-01-09,MSCI_ACWI,330.6782
2024-01-10,MSCI_ACWI,330.4144
2024-01-11,MSCI_ACWI,330.8607
2024-01-12,MSCI_ACWI,331.3834
2024-01-15,MSCI_ACWI,331.5019
2024-01-16,MSCI_ACWI,331.4224
2024-01-17,MSCI_ACWI,329.0869
2024-01-18,MSCI_ACWI,331.3022
2024-01-19,MSCI_ACWI,333.7241
2024-01-22,MSCI_ACWI,334.7227
2024-01-23,MSCI_ACWI,336.7362
2024-01-24,MSCI_ACWI,336.2315
2024-01-25,MSCI_ACWI,339.4841
2024-01-26,MSCI_ACWI,338.7444
2024-01-29,MSCI_ACWI,342.8496
2024-01-30,MSCI_ACWI,341.3714
2024-01-31,MSCI_ACWI,337.4147
2024-02-01,MSCI_ACWI,340.7266
2024-02-02,MSCI_ACWI,343.7832
2024-02-05,MSCI_ACWI,344.7145
2024-02-06,MSCI_ACWI,345.7550
2024-02-07,MSCI_ACWI,347.3849
2024-02-08,MSCI_ACWI,347.1901
2024-02-09,MSCI_ACWI,347.8216
2024-02-12,MSCI_ACWI,348.4212
2024-02-13,MSCI_ACWI,346.1792
2024-02-14,MSCI_ACWI,348.6153
2024-02-15,MSCI_ACWI,349.9582
2024-02-16,MSCI_ACWI,349.5291
2024-02-19,MSCI_ACWI,349.8330
2024-02-20,MSCI_ACWI,346.9314
2024-02-21,MSCI_ACWI,347.3812
2024-02-22,MSCI_ACWI,353.0656
2024-02-23,MSCI_ACWI,353.0722
2024-02-26,MSCI_ACWI,351.1800
2024-02-27,MSCI_ACWI,352.0065
2024-02-28,MSCI_ACWI,351.2938
2024-02-29,MSCI_ACWI,353.2275
2024-03-01,MSCI_ACWI,355.4730
2024-03-04,MSCI_ACWI,354.5938
2024-03-05,MSCI_ACWI,351.6652
2024-03-06,MSCI_ACWI,352.6107
2024-03-07,MSCI_ACWI,355.3347
2024-03-08,MSCI_ACWI,353.5500
2024-03-11,MSCI_ACWI,353.4421
2024-03-12,MSCI_ACWI,356.9620
2024-03-13,MSCI_ACWI,355.9613
2024-03-14,MSCI_ACWI,356.6523
2024-03-15,MSCI_ACWI,354.3419
2024-03-18,MSCI_ACWI,356.2253
2024-03-19,MSCI_ACWI,357.9512
2024-03-20,MSCI_ACWI,360.3503
2024-03-21,MSCI_ACWI,362.5851
2024-03-22,MSCI_ACWI,363.1916
2024-03-25,MSCI_ACWI,361.6206
2024-03-26,MSCI_ACWI,361.5060
2024-03-27,MSCI_ACWI,363.8599
2024-03-28,MSCI_ACWI,364.8503
2024-03-29,MSCI_ACWI,365.0430
2024-04-01,MSCI_ACWI,365.6421
2024-04-02,MSCI_ACWI,363.1538
2024-04-03,MSCI_ACWI,361.6337
2024-04-04,MSCI_ACWI,358.1227
2024-04-05,MSCI_ACWI,361.2104
2024-04-08,MSCI_ACWI,360.7792
2024-04-09,MSCI_ACWI,361.2052
2024-04-10,MSCI_ACWI,361.6861
2024-04-11,MSCI_ACWI,364.3368
2024-04-12,MSCI_ACWI,362.5861
2024-04-15,MSCI_ACWI,359.0812
2024-04-16,MSCI_ACWI,356.2094
2024-04-17,MSCI_ACWI,354.5839
2024-04-18,MSCI_ACWI,354.0883
2024-04-19,MSCI_ACWI,350.7426
2024-04-22,MSCI_ACWI,354.4727
2024-04-23,MSCI_ACWI,356.9128
2024-04-24,MSCI_ACWI,357.8647
2024-04-25,MSCI_ACWI,355.2484
2024-04-26,MSCI_ACWI,359.6051
2024-04-29,MSCI_ACWI,360.0365
2024-04-30,MSCI_ACWI,356.5481
2024-05-01,MSCI_ACWI,355.7470
2024-05-02,MSCI_ACWI,358.5700
2024-05-03,MSCI_ACWI,360.0815
2024-05-06,MSCI_ACWI,362.7063
2024-05-07,MSCI_ACWI,363.8895
2024-05-08,MSCI_ACWI,364.2245
2024-05-09,MSCI_ACWI,364.8160
2024-05-10,MSCI_ACWI,366.4104
2024-05-13,MSCI_ACWI,365.4816
2024-05-14,MSCI_ACWI,366.2137
2024-05-15,MSCI_ACWI,368.8611
2024-05-16,MSCI_ACWI,368.6502
2024-05-17,MSCI_ACWI,368.8935
2024-05-20,MSCI_ACWI,369.8208
2024-05-21,MSCI_ACWI,369.9898
2024-05-22,MSCI_ACWI,369.5909
2024-05-23,MSCI_ACWI,367.8954
2024-05-24,MSCI_ACWI,368.4576
2024-05-27,MSCI_ACWI,368.8723
2024-05-28,MSCI_ACWI,367.9398
2024-05-29,MSCI_ACWI,366.1496
2024-05-30,MSCI_ACWI,363.8597
2024-05-31,MSCI_ACWI,365.4408
2024-06-03,MSCI_ACWI,366.4966
2024-06-04,MSCI_ACWI,365.5938
2024-06-05,MSCI_ACWI,369.2720
2024-06-06,MSCI_ACWI,369.8775
2024-06-07,MSCI_ACWI,371.1190
2024-06-10,MSCI_ACWI,374.0614
2024-06-11,MSCI_ACWI,374.0851
2024-06-12,MSCI_ACWI,373.4008
2024-06-13,MSCI_ACWI,375.1651
2024-06-14,MSCI_ACWI,377.0104
2024-06-17,MSCI_ACWI,377.4869
2024-06-18,MSCI_ACWI,378.3747
2024-06-19,MSCI_ACWI,378.6064
2024-06-20,MSCI_ACWI,379.2041
2024-06-21,MSCI_ACWI,379.1672
2024-06-24,MSCI_ACWI,377.5061
2024-06-25,MSCI_ACWI,379.7098
2024-06-26,MSCI_ACWI,380.3904
2024-06-27,MSCI_ACWI,379.3887
2024-06-28,MSCI_ACWI,378.4077
2024-07-01,MSCI_ACWI,378.8412
2024-07-02,MSCI_ACWI,379.8028
2024-07-03,MSCI_ACWI,380.4790
2024-07-04,MSCI_ACWI,381.4989
2024-07-05,MSCI_ACWI,382.0968
2024-07-08,MSCI_ACWI,382.0208
2024-07-09,MSCI_ACWI,382.5147
2024-07-10,MSCI_ACWI,385.5322
2024-07-11,MSCI_ACWI,383.3615
2024-07-12,MSCI_ACWI,384.2812
2024-07-15,MSCI_ACWI,384.1212
2024-07-16,MSCI_ACWI,386.6393
2024-07-17,MSCI_ACWI,381.2420
2024-07-18,MSCI_ACWI,378.9811
2024-07-19,MSCI_ACWI,376.8092
2024-07-22,MSCI_ACWI,379.8004
2024-07-23,MSCI_ACWI,380.8745
2024-07-24,MSCI_ACWI,374.2168
2024-07-25,MSCI_ACWI,371.4753
2024-07-26,MSCI_ACWI,374.5952
2024-07-29,MSCI_ACWI,376.3977
2024-07-30,MSCI_ACWI,375.4192
2024-07-31,MSCI_ACWI,380.8327
2024-08-01,MSCI_ACWI,376.8215
2024-08-02,MSCI_ACWI,364.8350
2024-08-05,MSCI_ACWI,351.3769
2024-08-06,MSCI_ACWI,356.9705
2024-08-07,MSCI_ACWI,356.8947
2024-08-08,MSCI_ACWI,362.8865
2024-08-09,MSCI_ACWI,364.8955
2024-08-12,MSCI_ACWI,364.7190
2024-08-13,MSCI_ACWI,369.2454
2024-08-14,MSCI_ACWI,368.7328
2024-08-15,MSCI_ACWI,374.8550
2024-08-16,MSCI_ACWI,376.7818
2024-08-19,MSCI_ACWI,377.8410
2024-08-20,MSCI_ACWI,376.0542
2024-08-21,MSCI_ACWI,376.8434
2024-08-22,MSCI_ACWI,375.0888
2024-08-23,MSCI_ACWI,376.8672
2024-08-26,MSCI_ACWI,376.3651
2024-08-27,MSCI_ACWI,377.0555
2024-08-28,MSCI_ACWI,376.7099
2024-08-29,MSCI_ACWI,378.7736
2024-08-30,MSCI_ACWI,381.7553
2024-09-02,MSCI_ACWI,381.4443
2024-09-03,MSCI_ACWI,376.1822
2024-09-04,MSCI_ACWI,372.5423
2024-09-05,MSCI_ACWI,371.8818
2024-09-06,MSCI_ACWI,365.9115
2024-09-09,MSCI_ACWI,370.7191
2024-09-10,MSCI_ACWI,372.0814
2024-09-11,MSCI_ACWI,374.7262
2024-09-12,MSCI_ACWI,377.4143
2024-09-13,MSCI_ACWI,378.2267
2024-09-16,MSCI_ACWI,377.7560
2024-09-17,MSCI_ACWI,377.8805
2024-09-18,MSCI_ACWI,376.9999
2024-09-19,MSCI_ACWI,382.6610
2024-09-20,MSCI_ACWI,381.2216
2024-09-23,MSCI_ACWI,382.8253
2024-09-24,MSCI_ACWI,384.2273
2024-09-25,MSCI_ACWI,383.0842
2024-09-26,MSCI_ACWI,386.5114
2024-09-27,MSCI_ACWI,387.2402
2024-09-30,MSCI_ACWI,387.4213
2024-10-01,MSCI_ACWI,387.6605
2024-10-02,MSCI_ACWI,388.9313
2024-10-03,MSCI_ACWI,388.0936
2024-10-04,MSCI_ACWI,392.1827
2024-10-07,MSCI_ACWI,390.2680
2024-10-08,MSCI_ACWI,390.9462
2024-10-09,MSCI_ACWI,393.5480
2024-10-10,MSCI_ACWI,394.2792
2024-10-11,MSCI_ACWI,395.6309
2024-10-14,MSCI_ACWI,398.7536
2024-10-15,MSCI_ACWI,396.4500
2024-10-16,MSCI_ACWI,397.7654
2024-10-17,MSCI_ACWI,399.5877
2024-10-18,MSCI_ACWI,400.6877
2024-10-21,MSCI_ACWI,400.0615
2024-10-22,MSCI_ACWI,399.9041
2024-10-23,MSCI_ACWI,397.9408
2024-10-24,MSCI_ACWI,397.7784
2024-10-25,MSCI_ACWI,396.4137
2024-10-28,MSCI_ACWI,397.9909
2024-10-29,MSCI_ACWI,398.8025
2024-10-30,MSCI_ACWI,394.9647
2024-10-31,MSCI_ACWI,389.3299
2024-11-01,MSCI_ACWI,390.9426
2024-11-04,MSCI_ACWI,389.0589
2024-11-05,MSCI_ACWI,392.8009
2024-11-06,MSCI_ACWI,404.2492
2024-11-07,MSCI_ACWI,405.2287
2024-11-08,MSCI_ACWI,407.8498
2024-11-11,MSCI_ACWI,411.7686
2024-11-12,MSCI_ACWI,410.2868
2024-11-13,MSCI_ACWI,410.1222
2024-11-14,MSCI_ACWI,408.9371
2024-11-15,MSCI_ACWI,406.4226
2024-11-18,MSCI_ACWI,406.4538
2024-11-19,MSCI_ACWI,407.6835
2024-11-20,MSCI_ACWI,409.5993
2024-11-21,MSCI_ACWI,411.7482
2024-11-22,MSCI_ACWI,417.0652
2024-11-25,MSCI_ACWI,415.7026
2024-11-26,MSCI_ACWI,416.6216
2024-11-27,MSCI_ACWI,412.7149
2024-11-28,MSCI_ACWI,413.4511
2024-11-29,MSCI_ACWI,415.1540
2024-12-02,MSCI_ACWI,419.8985
2024-12-03,MSCI_ACWI,419.6290
2024-12-04,MSCI_ACWI,421.2032
2024-12-05,MSCI_ACWI,419.4094
2024-12-06,MSCI_ACWI,420.5828
2024-12-09,MSCI_ACWI,418.1045
2024-12-10,MSCI_ACWI,419.4390
2024-12-11,MSCI_ACWI,422.4611
2024-12-12,MSCI_ACWI,421.6655
2024-12-13,MSCI_ACWI,419.9931
2024-12-16,MSCI_ACWI,420.1213
2024-12-17,MSCI_ACWI,418.5994
2024-12-18,MSCI_ACWI,410.6586
2024-12-19,MSCI_ACWI,411.3937
2024-12-20,MSCI_ACWI,412.9943
2024-12-23,MSCI_ACWI,415.8635
2024-12-24,MSCI_ACWI,419.2002
2024-12-25,MSCI_ACWI,419.2967
2024-12-26,MSCI_ACWI,418.5885
2024-12-27,MSCI_ACWI,415.7402
2024-12-30,MSCI_ACWI,413.6123
2024-12-31,MSCI_ACWI,413.4292
2025-01-01,MSCI_ACWI,413.4728
2025-01-02,MSCI_ACWI,415.9983
2025-01-03,MSCI_ACWI,419.0543
2025-01-06,MSCI_ACWI,417.6195
2025-01-07,MSCI_ACWI,415.5669
2025-01-08,MSCI_ACWI,417.9880
2025-01-09,MSCI_ACWI,417.8607
2025-01-10,MSCI_ACWI,414.1103
2025-01-13,MSCI_ACWI,415.2157
2025-01-14,MSCI_ACWI,412.5811
2025-01-15,MSCI_ACWI,418.5290
2025-01-16,MSCI_ACWI,419.3987
2025-01-17,MSCI_ACWI,422.6501
2025-01-20,MSCI_ACWI,420.0621
2025-01-21,MSCI_ACWI,422.9803
2025-01-22,MSCI_ACWI,424.3483
2025-01-23,MSCI_ACWI,427.0123
2025-01-24,MSCI_ACWI,422.5251
2025-01-27,MSCI_ACWI,418.8968
2025-01-28,MSCI_ACWI,424.2407
2025-01-29,MSCI_ACWI,423.7659
2025-01-30,MSCI_ACWI,425.9350
2025-01-31,MSCI_ACWI,425.6416
2025-02-03,MSCI_ACWI,424.2039
2025-02-04,MSCI_ACWI,425.2289
2025-02-05,MSCI_ACWI,425.8937
2025-02-06,MSCI_ACWI,429.8206
2025-02-07,MSCI_ACWI,427.9721
2025-02-10,MSCI_ACWI,431.3577
2025-02-11,MSCI_ACWI,430.2400
2025-02-12,MSCI_ACWI,428.4801
2025-02-13,MSCI_ACWI,430.7159
2025-02-14,MSCI_ACWI,428.6173
2025-02-17,MSCI_ACWI,430.3344
2025-02-18,MSCI_ACWI,432.0560
2025-02-19,MSCI_ACWI,433.3905
2025-02-20,MSCI_ACWI,429.8840
2025-02-21,MSCI_ACWI,426.2194
2025-02-24,MSCI_ACWI,423.7443
2025-02-25,MSCI_ACWI,420.7076
2025-02-26,MSCI_ACWI,421.5324
2025-02-27,MSCI_ACWI,419.5530
2025-02-28,MSCI_ACWI,422.8943
2025-03-03,MSCI_ACWI,415.9930
2025-03-04,MSCI_ACWI,409.6633
2025-03-05,MSCI_ACWI,406.6373
2025-03-06,MSCI_ACWI,400.7638
2025-03-07,MSCI_ACWI,399.6844
2025-03-10,MSCI_ACWI,391.8155
2025-03-11,MSCI_ACWI,385.7961
2025-03-12,MSCI_ACWI,387.9583
2025-03-13,MSCI_ACWI,385.9257
2025-03-14,MSCI_ACWI,392.2808
2025-03-17,MSCI_ACWI,393.9745
2025-03-18,MSCI_ACWI,391.9530
2025-03-19,MSCI_ACWI,396.5045
2025-03-20,MSCI_ACWI,396.7377
2025-03-21,MSCI_ACWI,397.4699
2025-03-24,MSCI_ACWI,402.6347
2025-03-25,MSCI_ACWI,403.2356
2025-03-26,MSCI_ACWI,400.3789
2025-03-27,MSCI_ACWI,398.5582
2025-03-28,MSCI_ACWI,391.5724
2025-03-31,MSCI_ACWI,391.0716
2025-04-01,MSCI_ACWI,393.1341
2025-04-02,MSCI_ACWI,393.3527
2025-04-03,MSCI_ACWI,371.0430
2025-04-04,MSCI_ACWI,355.3039
2025-04-07,MSCI_ACWI,348.6744
2025-04-08,MSCI_ACWI,347.8762
2025-04-09,MSCI_ACWI,363.4543
2025-04-10,MSCI_ACWI,356.1629
2025-04-11,MSCI_ACWI,356.3488
2025-04-14,MSCI_ACWI,359.9179
2025-04-15,MSCI_ACWI,362.3579
2025-04-16,MSCI_ACWI,355.2540
2025-04-17,MSCI_ACWI,357.0696
2025-04-18,MSCI_ACWI,357.3064
2025-04-21,MSCI_ACWI,348.1366
2025-04-22,MSCI_ACWI,354.7054
2025-04-23,MSCI_ACWI,364.0945
2025-04-24,MSCI_ACWI,368.6237
2025-04-25,MSCI_ACWI,371.0101
2025-04-28,MSCI_ACWI,371.7922
2025-04-29,MSCI_ACWI,373.5074
2025-04-30,MSCI_ACWI,375.0829
2025-05-01,MSCI_ACWI,378.6807
2025-05-02,MSCI_ACWI,382.1444
2025-05-05,MSCI_ACWI,381.8337
2025-05-06,MSCI_ACWI,379.8082
2025-05-07,MSCI_ACWI,379.9401
2025-05-08,MSCI_ACWI,383.8472
2025-05-09,MSCI_ACWI,384.7380
2025-05-12,MSCI_ACWI,398.7762
2025-05-13,MSCI_ACWI,399.5725
2025-05-14,MSCI_ACWI,399.0999
2025-05-15,MSCI_ACWI,401.2200
2025-05-16,MSCI_ACWI,404.3598
2025-05-19,MSCI_ACWI,401.7600
2025-05-20,MSCI_ACWI,400.8812
2025-05-21,MSCI_ACWI,394.8758
2025-05-22,MSCI_ACWI,395.7473
2025-05-23,MSCI_ACWI,392.1819
2025-05-26,MSCI_ACWI,391.8216
2025-05-27,MSCI_ACWI,398.2185
2025-05-28,MSCI_ACWI,397.4599
2025-05-29,MSCI_ACWI,397.5518
2025-05-30,MSCI_ACWI,397.1663
2025-06-02,MSCI_ACWI,395.8253
2025-06-03,MSCI_ACWI,398.7004
2025-06-04,MSCI_ACWI,398.6527
2025-06-05,MSCI_ACWI,396.8969
2025-06-06,MSCI_ACWI,401.6231
2025-06-09,MSCI_ACWI,401.7508
2025-06-10,MSCI_ACWI,402.8535
2025-06-11,MSCI_ACWI,400.6680
2025-06-12,MSCI_ACWI,398.3912
2025-06-13,MSCI_ACWI,395.3727
2025-06-16,MSCI_ACWI,397.1890
2025-06-17,MSCI_ACWI,396.2923
2025-06-18,MSCI_ACWI,396.6029
2025-06-19,MSCI_ACWI,396.3140
2025-06-20,MSCI_ACWI,394.6729
2025-06-23,MSCI_ACWI,396.0857
2025-06-24,MSCI_ACWI,398.8579
2025-06-25,MSCI_ACWI,398.3360
2025-06-26,MSCI_ACWI,398.6894
2025-06-27,MSCI_ACWI,400.6560
2025-06-30,MSCI_ACWI,401.3529
2025-07-01,MSCI_ACWI,399.7951
2025-07-02,MSCI_ACWI,401.5392
2025-07-03,MSCI_ACWI,404.7212
2025-07-04,MSCI_ACWI,403.5108
2025-07-07,MSCI_ACWI,402.3556
2025-07-08,MSCI_ACWI,403.6499
2025-07-09,MSCI_ACWI,405.0769
2025-07-10,MSCI_ACWI,407.1672
2025-07-11,MSCI_ACWI,405.1094
2025-07-14,MSCI_ACWI,405.8625
2025-07-15,MSCI_ACWI,406.7474
2025-07-16,MSCI_ACWI,407.8834
2025-07-17,MSCI_ACWI,410.5051
2025-07-18,MSCI_ACWI,409.1515
2025-07-21,MSCI_ACWI,408.1381
2025-07-22,MSCI_ACWI,407.3090
2025-07-23,MSCI_ACWI,411.1322
2025-07-24,MSCI_ACWI,410.8855
2025-07-25,MSCI_ACWI,412.1221
2025-07-28,MSCI_ACWI,414.5901
2025-07-29,MSCI_ACWI,417.1352
2025-07-30,MSCI_ACWI,418.0373
2025-07-31,MSCI_ACWI,417.2098
2025-08-01,MSCI_ACWI,407.8475
2025-08-04,MSCI_ACWI,412.4275
2025-08-05,MSCI_ACWI,411.8458
2025-08-06,MSCI_ACWI,412.3500
2025-08-07,MSCI_ACWI,413.5203
2025-08-08,MSCI_ACWI,414.5810
2025-08-11,MSCI_ACWI,415.6721
2025-08-12,MSCI_ACWI,417.4556
2025-08-13,MSCI_ACWI,417.9043
2025-08-14,MSCI_ACWI,419.5554
2025-08-15,MSCI_ACWI,417.8415
2025-08-18,MSCI_ACWI,419.2395
2025-08-19,MSCI_ACWI,417.4846
2025-08-20,MSCI_ACWI,416.9200
2025-08-21,MSCI_ACWI,417.1787
2025-08-22,MSCI_ACWI,419.1869
2025-08-25,MSCI_ACWI,419.1731
2025-08-26,MSCI_ACWI,420.3165
2025-08-27,MSCI_ACWI,422.6811
2025-08-28,MSCI_ACWI,421.3494
2025-08-29,MSCI_ACWI,418.0332
2025-09-01,MSCI_ACWI,418.0443
2025-09-02,MSCI_ACWI,416.7234
2025-09-03,MSCI_ACWI,418.1683
2025-09-04,MSCI_ACWI,421.7717
2025-09-05,MSCI_ACWI,418.8470
2025-09-08,MSCI_ACWI,419.9463
2025-09-09,MSCI_ACWI,421.6807
2025-09-10,MSCI_ACWI,423.2117
2025-09-11,MSCI_ACWI,426.1187
2025-09-12,MSCI_ACWI,426.4732
2025-09-15,MSCI_ACWI,427.3447
2025-09-16,MSCI_ACWI,424.0558
2025-09-17,MSCI_ACWI,423.9695
2025-09-18,MSCI_ACWI,427.8622
2025-09-19,MSCI_ACWI,429.6490
2025-09-22,MSCI_ACWI,430.6262
2025-09-23,MSCI_ACWI,428.4637
2025-09-24,MSCI_ACWI,429.1130
2025-09-25,MSCI_ACWI,429.0512
2025-09-26,MSCI_ACWI,430.0154
2025-09-29,MSCI_ACWI,430.3745
2025-09-30,MSCI_ACWI,431.5245
2025-10-01,MSCI_ACWI,433.3891
2025-10-02,MSCI_ACWI,435.5139
2025-10-03,MSCI_ACWI,435.6230
2025-10-06,MSCI_ACWI,437.7844
2025-10-07,MSCI_ACWI,438.0271
2025-10-08,MSCI_ACWI,441.4131
2025-10-09,MSCI_ACWI,441.7603
2025-10-10,MSCI_ACWI,432.4097
2025-10-13,MSCI_ACWI,437.0601
2025-10-14,MSCI_ACWI,434.5721
2025-10-15,MSCI_ACWI,436.6346
2025-10-16,MSCI_ACWI,434.2087
2025-10-17,MSCI_ACWI,434.3539
2025-10-20,MSCI_ACWI,440.0710
2025-10-21,MSCI_ACWI,441.5768
2025-10-22,MSCI_ACWI,439.5057
2025-10-23,MSCI_ACWI,441.3324
2025-10-24,MSCI_ACWI,443.6717
2025-10-27,MSCI_ACWI,448.2492
2025-10-28,MSCI_ACWI,447.8533
2025-10-29,MSCI_ACWI,448.0095
2025-10-30,MSCI_ACWI,447.7854
2025-10-31,MSCI_ACWI,449.1265
2025-11-03,MSCI_ACWI,450.5451
2025-11-04,MSCI_ACWI,446.8825
2025-11-05,MSCI_ACWI,447.8826
2025-11-06,MSCI_ACWI,442.9379
2025-11-07,MSCI_ACWI,441.3961
2025-11-10,MSCI_ACWI,448.5156
2025-11-11,MSCI_ACWI,448.5240
2025-11-12,MSCI_ACWI,449.6870
2025-11-13,MSCI_ACWI,442.8679
2025-11-14,MSCI_ACWI,441.8296
2025-11-17,MSCI_ACWI,439.0410
2025-11-18,MSCI_ACWI,434.4149
2025-11-19,MSCI_ACWI,436.2774
2025-11-20,MSCI_ACWI,433.2242
2025-11-21,MSCI_ACWI,435.1659
2025-11-24,MSCI_ACWI,439.3050
2025-11-25,MSCI_ACWI,441.9683
2025-11-26,MSCI_ACWI,445.0021
2025-11-27,MSCI_ACWI,445.0563
2025-11-28,MSCI_ACWI,446.6195
2025-12-01,MSCI_ACWI,443.9394
2025-12-02,MSCI_ACWI,445.7287
2025-12-03,MSCI_ACWI,445.1241
2025-12-04,MSCI_ACWI,446.2671
2025-12-05,MSCI_ACWI,447.5995
2025-12-08,MSCI_ACWI,447.3179
2025-12-09,MSCI_ACWI,446.4564
2025-12-10,MSCI_ACWI,448.3274
2025-12-11,MSCI_ACWI,445.5122
2025-12-12,MSCI_ACWI,443.4333
2025-12-15,MSCI_ACWI,442.0759
2025-12-16,MSCI_ACWI,439.6525
2025-12-17,MSCI_ACWI,436.8119
2025-12-18,MSCI_ACWI,440.5401
2025-12-19,MSCI_ACWI,444.3724
2025-12-22,MSCI_ACWI,445.4806
2025-12-23,MSCI_ACWI,447.0742
2025-12-24,MSCI_ACWI,448.0278
2025-12-25,MSCI_ACWI,448.0531
2025-12-26,MSCI_ACWI,448.1855
2025-12-29,MSCI_ACWI,447.7080
2025-12-30,MSCI_ACWI,447.8103
2025-12-31,MSCI_ACWI,445.9396
2026-01-01,MSCI_ACWI,445.9902
2026-01-02,MSCI_ACWI,447.8881
2026-01-05,MSCI_ACWI,453.3866
2026-01-06,MSCI_ACWI,456.8867
2026-01-07,MSCI_ACWI,455.5209
2026-01-08,MSCI_ACWI,455.5253
2026-01-09,MSCI_ACWI,458.9399
2026-01-12,MSCI_ACWI,458.8617
2026-01-13,MSCI_ACWI,460.0017
2026-01-14,MSCI_ACWI,458.9817
2026-01-15,MSCI_ACWI,462.0914
2026-01-16,MSCI_ACWI,462.3657
2026-01-19,MSCI_ACWI,460.1150
2026-01-20,MSCI_ACWI,450.0712
2026-01-21,MSCI_ACWI,453.8877
2026-01-22,MSCI_ACWI,455.9215
2026-01-23,MSCI_ACWI,455.6754
2026-01-26,MSCI_ACWI,453.2519
2026-01-27,MSCI_ACWI,454.1119
2026-01-28,MSCI_ACWI,454.6733
2026-01-29,MSCI_ACWI,454.5898
2026-01-30,MSCI_ACWI,453.2925
2026-02-02,MSCI_ACWI,457.1188
2026-02-03,MSCI_ACWI,456.4013
2026-02-04,MSCI_ACWI,455.3388
2026-02-05,MSCI_ACWI,449.8707
2026-02-06,MSCI_ACWI,455.6617
2026-02-09,MSCI_ACWI,456.9618
2026-02-10,MSCI_ACWI,457.2229
2026-02-11,MSCI_ACWI,459.7203
2026-02-12,MSCI_ACWI,454.2534
2026-02-13,MSCI_ACWI,454.5885
2026-02-16,MSCI_ACWI,454.3508
2026-02-17,MSCI_ACWI,455.9559
2026-02-18,MSCI_ACWI,458.7415
2026-02-19,MSCI_ACWI,460.0415
2026-02-20,MSCI_ACWI,461.6239
2026-02-23,MSCI_ACWI,458.4823
2026-02-24,MSCI_ACWI,461.7121
2026-02-25,MSCI_ACWI,464.7932
2026-02-26,MSCI_ACWI,464.0119
2026-02-27,MSCI_ACWI,462.6001
2026-03-02,MSCI_ACWI,464.5887
2026-03-03,MSCI_ACWI,459.9201
2026-03-04,MSCI_ACWI,458.1255
2026-03-05,MSCI_ACWI,458.9130
2026-03-06,MSCI_ACWI,454.2987
2026-03-09,MSCI_ACWI,453.1282
2026-03-10,MSCI_ACWI,454.6759
2026-03-11,MSCI_ACWI,457.2116
2026-03-12,MSCI_ACWI,452.3819
2026-03-13,MSCI_ACWI,451.6520
2026-03-16,MSCI_ACWI,454.0914
2026-03-17,MSCI_ACWI,454.7886
2026-03-18,MSCI_ACWI,451.8449
2026-03-19,MSCI_ACWI,447.2112
2026-03-20,MSCI_ACWI,439.7965
2026-03-23,MSCI_ACWI,439.8883
2026-03-24,MSCI_ACWI,440.5910
2026-03-25,MSCI_ACWI,445.2481
2026-03-26,MSCI_ACWI,439.2750
2026-03-27,MSCI_ACWI,434.1628
2026-03-30,MSCI_ACWI,433.9678
2026-03-31,MSCI_ACWI,439.9983
2026-04-01,MSCI_ACWI,444.0851
2026-04-02,MSCI_ACWI,445.3368
2026-04-03,MSCI_ACWI,445.8043
2026-04-06,MSCI_ACWI,447.7020
2026-04-07,MSCI_ACWI,446.7302
2026-04-08,MSCI_ACWI,456.7037
2026-04-09,MSCI_ACWI,457.8609
2026-04-10,MSCI_ACWI,457.1752
2026-04-13,MSCI_ACWI,460.1716
2026-04-14,MSCI_ACWI,462.7126
2026-04-15,MSCI_ACWI,465.9955
2026-04-16,MSCI_ACWI,468.4607
2026-04-17,MSCI_ACWI,471.4509
2026-04-20,MSCI_ACWI,471.9926
2026-04-21,MSCI_ACWI,470.3816
2026-04-22,MSCI_ACWI,473.8877
2026-04-23,MSCI_ACWI,472.4686
2026-04-24,MSCI_ACWI,474.8699
2026-04-27,MSCI_ACWI,474.9045
2026-04-28,MSCI_ACWI,473.6338
2026-04-29,MSCI_ACWI,473.1113
2026-04-30,MSCI_ACWI,476.1456
2026-05-01,MSCI_ACWI,475.9159
2026-05-04,MSCI_ACWI,477.5962
2026-05-05,MSCI_ACWI,480.4123
2026-05-06,MSCI_ACWI,487.0568
2026-05-07,MSCI_ACWI,485.9546
2026-05-08,MSCI_ACWI,487.1461
2026-05-11,MSCI_ACWI,488.1855
2026-05-12,MSCI_ACWI,487.8597
2026-05-13,MSCI_ACWI,491.6626
2026-05-14,MSCI_ACWI,495.9144
2026-05-15,MSCI_ACWI,490.5112
2026-05-18,MSCI_ACWI,489.7592
2026-05-19,MSCI_ACWI,488.8158
2026-05-20,MSCI_ACWI,492.2478
2026-05-21,MSCI_ACWI,495.7773
2026-05-22,MSCI_ACWI,498.1483
2026-05-25,MSCI_ACWI,498.7768
2026-05-26,MSCI_ACWI,501.0244
2026-05-27,MSCI_ACWI,501.3377
2026-05-28,MSCI_ACWI,501.5611
2026-05-29,MSCI_ACWI,503.3304
2026-06-01,MSCI_ACWI,506.0649
2026-06-02,MSCI_ACWI,507.1185
2026-06-03,MSCI_ACWI,505.6016
2026-06-04,MSCI_ACWI,505.4663
2026-06-05,MSCI_ACWI,497.0830
2026-06-08,MSCI_ACWI,495.6546
2026-06-09,MSCI_ACWI,495.9168
2026-06-10,MSCI_ACWI,488.9555
2026-06-11,MSCI_ACWI,496.1206
2026-06-12,MSCI_ACWI,499.4571
2026-06-15,MSCI_ACWI,506.5907
2026-06-16,MSCI_ACWI,505.2707
2026-06-17,MSCI_ACWI,502.8483
2026-06-18,MSCI_ACWI,510.3304
2026-06-19,MSCI_ACWI,510.3102
2026-06-22,MSCI_ACWI,511.4586
2026-06-23,MSCI_ACWI,505.3871
2026-06-24,MSCI_ACWI,506.2716
2026-06-25,MSCI_ACWI,506.5735
2026-06-26,MSCI_ACWI,503.0803
2026-06-29,MSCI_ACWI,506.2111
2026-06-30,MSCI_ACWI,509.6212
2026-07-01,MSCI_ACWI,510.2711
2026-07-02,MSCI_ACWI,508.4685
2026-07-03,MSCI_ACWI,510.8038
2026-07-06,MSCI_ACWI,514.0528
2026-07-07,MSCI_ACWI,510.1007
2026-07-08,MSCI_ACWI,508.0023
2026-07-09,MSCI_ACWI,510.5147
2026-07-10,MSCI_ACWI,513.0286
2026-07-13,MSCI_ACWI,509.4312
2026-07-14,MSCI_ACWI,509.8169
2026-07-15,MSCI_ACWI,513.1804
2026-07-16,MSCI_ACWI,509.9674
2026-07-17,MSCI_ACWI,504.2138
2026-07-20,MSCI_ACWI,504.2166
2026-07-21,MSCI_ACWI,509.5731
2026-07-22,MSCI_ACWI,509.5082
2026-07-23,MSCI_ACWI,506.8347
2026-07-24,MSCI_ACWI,505.4995
2026-07-27,MSCI_ACWI,507.0358
2026-07-28,MSCI_ACWI,504.5862
2026-07-29,MSCI_ACWI,498.7705
2026-07-30,MSCI_ACWI,500.7708
2026-07-31,MSCI_ACWI,506.7973
2026-08-03,MSCI_ACWI,511.2001
2026-08-04,MSCI_ACWI,517.4189
2026-08-05,MSCI_ACWI,517.8401
2026-08-06,MSCI_ACWI,516.9738
2026-08-07,MSCI_ACWI,519.2127
2026-08-10,MSCI_ACWI,519.7156
2026-08-11,MSCI_ACWI,518.9128
2026-08-12,MSCI_ACWI,520.7127
2026-08-13,MSCI_ACWI,523.4993
2026-08-14,MSCI_ACWI,521.6900
2026-08-17,MSCI_ACWI,519.7849
2026-08-18,MSCI_ACWI,516.1274
2026-08-19,MSCI_ACWI,512.0475
2026-08-20,MSCI_ACWI,509.7436
2026-08-21,MSCI_ACWI,513.0385
2026-08-24,MSCI_ACWI,511.3201
2026-08-25,MSCI_ACWI,513.1388
2026-08-26,MSCI_ACWI,514.3498
2026-08-27,MSCI_ACWI,516.4717
2026-08-28,MSCI_ACWI,516.9103
2026-08-31,MSCI_ACWI,515.3794
2026-09-01,MSCI_ACWI,513.3968
2026-09-02,MSCI_ACWI,513.5840
2026-09-03,MSCI_ACWI,517.8145
2026-09-04,MSCI_ACWI,517.5254
2026-09-07,MSCI_ACWI,518.6630
2026-09-08,MSCI_ACWI,515.9216
2026-09-09,MSCI_ACWI,512.8045
2026-09-10,MSCI_ACWI,510.3358
2026-09-11,MSCI_ACWI,512.9865
2026-09-14,MSCI_ACWI,513.0823
2026-09-15,MSCI_ACWI,510.1400
2026-09-16,MSCI_ACWI,509.6207
2026-09-17,MSCI_ACWI,516.2271
2026-09-18,MSCI_ACWI,517.3872
2026-09-21,MSCI_ACWI,523.6668
2026-09-22,MSCI_ACWI,525.5545
2026-09-23,MSCI_ACWI,523.8976
2026-09-24,MSCI_ACWI,523.6579
2026-09-25,MSCI_ACWI,525.0806
2026-09-28,MSCI_ACWI,522.7112
2026-09-29,MSCI_ACWI,522.5110
2026-09-30,MSCI_ACWI,521.1917
2026-10-01,MSCI_ACWI,524.8345
2026-10-02,MSCI_ACWI,527.2761
2026-10-05,MSCI_ACWI,534.2356
2026-10-06,MSCI_ACWI,535.1485
2026-10-07,MSCI_ACWI,534.9653
2026-10-08,MSCI_ACWI,530.7591
2000-12-29,MSCI_WORLD,135.6676
2001-01-01,MSCI_WORLD,135.6676
2001-01-02,MSCI_WORLD,132.3060
2001-01-03,MSCI_WORLD,135.3687
2001-01-04,MSCI_WORLD,135.5066
2001-01-05,MSCI_WORLD,132.7778
2001-01-08,MSCI_WORLD,132.5359
2001-01-09,MSCI_WORLD,133.1128
2001-01-10,MSCI_WORLD,133.3305
2001-01-11,MSCI_WORLD,133.2325
2001-01-12,MSCI_WORLD,133.2616
2001-01-15,MSCI_WORLD,134.0753
2001-01-16,MSCI_WORLD,134.4179
2001-01-17,MSCI_WORLD,136.7285
2001-01-18,MSCI_WORLD,136.2693
2001-01-19,MSCI_WORLD,137.1817
2001-01-22,MSCI_WORLD,137.1723
2001-01-23,MSCI_WORLD,137.5333
2001-01-24,MSCI_WORLD,139.7732
2001-01-25,MSCI_WORLD,139.8964
2001-01-26,MSCI_WORLD,139.3984
2001-01-29,MSCI_WORLD,140.4482
2001-01-30,MSCI_WORLD,140.3406
2001-01-31,MSCI_WORLD,139.6035
2001-02-01,MSCI_WORLD,138.6302
2001-02-02,MSCI_WORLD,137.5045
2001-02-05,MSCI_WORLD,136.8214
2001-02-06,MSCI_WORLD,137.8062
2001-02-07,MSCI_WORLD,136.4274
2001-02-08,MSCI_WORLD,137.2137
2001-02-09,MSCI_WORLD,134.8813
2001-02-12,MSCI_WORLD,135.5944
2001-02-13,MSCI_WORLD,135.8052
2001-02-14,MSCI_WORLD,135.3884
2001-02-15,MSCI_WORLD,138.1845
2001-02-16,MSCI_WORLD,134.5359
2001-02-19,MSCI_WORLD,133.7332
2001-02-20,MSCI_WORLD,133.5005
2001-02-21,MSCI_WORLD,131.2518
2001-02-22,MSCI_WORLD,131.4367
2001-02-23,MSCI_WORLD,130.4457
2001-02-26,MSCI_WORLD,132.0126
2001-02-27,MSCI_WORLD,130.6052
2001-02-28,MSCI_WORLD,129.2281
2001-03-01,MSCI_WORLD,127.7490
2001-03-02,MSCI_WORLD,126.1789
2001-03-05,MSCI_WORLD,127.6684
2001-03-06,MSCI_WORLD,129.0023
2001-03-07,MSCI_WORLD,129.7835
2001-03-08,MSCI_WORLD,129.2452
2001-03-09,MSCI_WORLD,127.1053
2001-03-12,MSCI_WORLD,122.9029
2001-03-13,MSCI_WORLD,124.2576
2001-03-14,MSCI_WORLD,122.2264
2001-03-15,MSCI_WORLD,123.9517
2001-03-16,MSCI_WORLD,122.4495
2001-03-19,MSCI_WORLD,123.3097
2001-03-20,MSCI_WORLD,121.8000
2001-03-21,MSCI_WORLD,121.0723
2001-03-22,MSCI_WORLD,120.0254
2001-03-23,MSCI_WORLD,121.6852
2001-03-26,MSCI_WORLD,124.1827
2001-03-27,MSCI_WORLD,126.4549
2001-03-28,MSCI_WORLD,125.3247
2001-03-29,MSCI_WORLD,125.1427
2001-03-30,MSCI_WORLD,125.5798
2001-04-02,MSCI_WORLD,124.6001
2001-04-03,MSCI_WORLD,120.8750
2001-04-04,MSCI_WORLD,119.5299
2001-04-05,MSCI_WORLD,123.9955
2001-04-06,MSCI_WORLD,122.2509
2001-04-09,MSCI_WORLD,122.7337
2001-04-10,MSCI_WORLD,126.4065
2001-04-11,MSCI_WORLD,127.2272
2001-04-12,MSCI_WORLD,127.5340
2001-04-13,MSCI_WORLD,127.4742
2001-04-16,MSCI_WORLD,128.1047
2001-04-17,MSCI_WORLD,128.8601
2001-04-18,MSCI_WORLD,134.1915
2001-04-19,MSCI_WORLD,133.6749
2001-04-20,MSCI_WORLD,131.3459
2001-04-23,MSCI_WORLD,130.3483
2001-04-24,MSCI_WORLD,129.8913
2001-04-25,MSCI_WORLD,130.7456
2001-04-26,MSCI_WORLD,131.0279
2001-04-27,MSCI_WORLD,133.5119
2001-04-30,MSCI_WORLD,134.4490
2001-05-01,MSCI_WORLD,135.5058
2001-05-02,MSCI_WORLD,135.5677
2001-05-03,MSCI_WORLD,133.5642
2001-05-04,MSCI_WORLD,134.7000
2001-05-07,MSCI_WORLD,135.3025
2001-05-08,MSCI_WORLD,135.4397
2001-05-09,MSCI_WORLD,134.7514
2001-05-10,MSCI_WORLD,135.5088
2001-05-11,MSCI_WORLD,135.5292
2001-05-14,MSCI_WORLD,134.9538
2001-05-15,MSCI_WORLD,135.0182
2001-05-16,MSCI_WORLD,136.2063
2001-05-17,MSCI_WORLD,137.4830
2001-05-18,MSCI_WORLD,138.2325
2001-05-21,MSCI_WORLD,140.0392
2001-05-22,MSCI_WORLD,141.1733
2001-05-23,MSCI_WORLD,140.5597
2001-05-24,MSCI_WORLD,141.1800
2001-05-25,MSCI_WORLD,140.0198
2001-05-28,MSCI_WORLD,139.5175
2001-05-29,MSCI_WORLD,139.5725
2001-05-30,MSCI_WORLD,137.1491
2001-05-31,MSCI_WORLD,138.7949
2001-06-01,MSCI_WORLD,139.1836
2001-06-04,MSCI_WORLD,139.6216
2001-06-05,MSCI_WORLD,140.8148
2001-06-06,MSCI_WORLD,139.8684
2001-06-07,MSCI_WORLD,139.8250
2001-06-08,MSCI_WORLD,139.2641
2001-06-11,MSCI_WORLD,138.8240
2001-06-12,MSCI_WORLD,136.7810
2001-06-13,MSCI_WORLD,136.0628
2001-06-14,MSCI_WORLD,133.5108
2001-06-15,MSCI_WORLD,132.1805
2001-06-18,MSCI_WORLD,131.4338
2001-06-19,MSCI_WORLD,132.1930
2001-06-20,MSCI_WORLD,133.3628
2001-06-21,MSCI_WORLD,134.1764
2001-06-22,MSCI_WORLD,133.6720
2001-06-25,MSCI_WORLD,132.3220
2001-06-26,MSCI_WORLD,131.4987
2001-06-27,MSCI_WORLD,131.2647
2001-06-28,MSCI_WORLD,133.8086
2001-06-29,MSCI_WORLD,134.5935
2001-07-02,MSCI_WORLD,135.9666
2001-07-03,MSCI_WORLD,135.3109
2001-07-04,MSCI_WORLD,135.0076
2001-07-05,MSCI_WORLD,134.5347
2001-07-06,MSCI_WORLD,130.7272
2001-07-09,MSCI_WORLD,130.6663
2001-07-10,MSCI_WORLD,128.8748
2001-07-11,MSCI_WORLD,127.5718
2001-07-12,MSCI_WORLD,130.9823
2001-07-13,MSCI_WORLD,131.6388
2001-07-16,MSCI_WORLD,130.3103
2001-07-17,MSCI_WORLD,130.8842
2001-07-18,MSCI_WORLD,127.7046
2001-07-19,MSCI_WORLD,128.9241
2001-07-20,MSCI_WORLD,128.0352
2001-07-23,MSCI_WORLD,127.0560
2001-07-24,MSCI_WORLD,124.8840
2001-07-25,MSCI_WORLD,125.0973
2001-07-26,MSCI_WORLD,126.2321
2001-07-27,MSCI_WORLD,127.3762
2001-07-30,MSCI_WORLD,127.3118
2001-07-31,MSCI_WORLD,128.4841
2001-08-01,MSCI_WORLD,128.6321
2001-08-02,MSCI_WORLD,129.0780
2001-08-03,MSCI_WORLD,127.8023
2001-08-06,MSCI_WORLD,127.5248
2001-08-07,MSCI_WORLD,128.3442
2001-08-08,MSCI_WORLD,126.6359
2001-08-09,MSCI_WORLD,124.2584
2001-08-10,MSCI_WORLD,123.7653
2001-08-13,MSCI_WORLD,123.4375
2001-08-14,MSCI_WORLD,124.1259
2001-08-15,MSCI_WORLD,122.2731
2001-08-16,MSCI_WORLD,121.6716
2001-08-17,MSCI_WORLD,119.5325
2001-08-20,MSCI_WORLD,120.2119
2001-08-21,MSCI_WORLD,119.9464
2001-08-22,MSCI_WORLD,119.6397
2001-08-23,MSCI_WORLD,120.0828
2001-08-24,MSCI_WORLD,121.9263
2001-08-27,MSCI_WORLD,122.1061
2001-08-28,MSCI_WORLD,120.5596
2001-08-29,MSCI_WORLD,119.4505
2001-08-30,MSCI_WORLD,117.4486
2001-08-31,MSCI_WORLD,117.8011
2001-09-03,MSCI_WORLD,117.2692
2001-09-04,MSCI_WORLD,119.6323
2001-09-05,MSCI_WORLD,119.0393
2001-09-06,MSCI_WORLD,116.4272
2001-09-07,MSCI_WORLD,113.1846
2001-09-10,MSCI_WORLD,113.3057
2001-09-11,MSCI_WORLD,110.6144
2001-09-12,MSCI_WORLD,110.3241
2001-09-13,MSCI_WORLD,110.6182
2001-09-14,MSCI_WORLD,108.2080
2001-09-17,MSCI_WORLD,105.4548
2001-09-18,MSCI_WORLD,104.7407
2001-09-19,MSCI_WORLD,102.8153
2001-09-20,MSCI_WORLD,99.8756
2001-09-21,MSCI_WORLD,98.4638
2001-09-24,MSCI_WORLD,102.2474
2001-09-25,MSCI_WORLD,102.5561
2001-09-26,MSCI_WORLD,102.7703
2001-09-27,MSCI_WORLD,103.7665
2001-09-28,MSCI_WORLD,107.1281
2001-10-01,MSCI_WORLD,106.0779
2001-10-02,MSCI_WORLD,107.2205
2001-10-03,MSCI_WORLD,107.9146
2001-10-04,MSCI_WORLD,109.7633
2001-10-05,MSCI_WORLD,109.2430
2001-10-08,MSCI_WORLD,108.7307
2001-10-09,MSCI_WORLD,108.0947
2001-10-10,MSCI_WORLD,110.6974
2001-10-11,MSCI_WORLD,113.2351
2001-10-12,MSCI_WORLD,112.6242
2001-10-15,MSCI_WORLD,111.6106
2001-10-16,MSCI_WORLD,112.2623
2001-10-17,MSCI_WORLD,112.1987
2001-10-18,MSCI_WORLD,111.2637
2001-10-19,MSCI_WORLD,111.4892
2001-10-22,MSCI_WORLD,113.4077
2001-10-23,MSCI_WORLD,114.4610
2001-10-24,MSCI_WORLD,114.2543
2001-10-25,MSCI_WORLD,114.0565
2001-10-26,MSCI_WORLD,115.3367
2001-10-29,MSCI_WORLD,111.7844
2001-10-30,MSCI_WORLD,109.3861
2001-10-31,MSCI_WORLD,110.3858
2001-11-01,MSCI_WORLD,111.5665
2001-11-02,MSCI_WORLD,112.0213
2001-11-05,MSCI_WORLD,114.3993
2001-11-06,MSCI_WORLD,115.5641
2001-11-07,MSCI_WORLD,115.0599
2001-11-08,MSCI_WORLD,116.8349
2001-11-09,MSCI_WORLD,116.4009
2001-11-12,MSCI_WORLD,115.2692
2001-11-13,MSCI_WORLD,118.5427
2001-11-14,MSCI_WORLD,118.6273
2001-11-15,MSCI_WORLD,119.3469
2001-11-16,MSCI_WORLD,119.0168
2001-11-19,MSCI_WORLD,120.9306
2001-11-20,MSCI_WORLD,119.6149
2001-11-21,MSCI_WORLD,119.8622
2001-11-22,MSCI_WORLD,119.8523
2001-11-23,MSCI_WORLD,120.6419
2001-11-26,MSCI_WORLD,121.0135
2001-11-27,MSCI_WORLD,119.8581
2001-11-28,MSCI_WORLD,117.5765
2001-11-29,MSCI_WORLD,118.1379
2001-11-30,MSCI_WORLD,117.5980
2001-12-03,MSCI_WORLD,116.9639
2001-12-04,MSCI_WORLD,118.2009
2001-12-05,MSCI_WORLD,121.3579
2001-12-06,MSCI_WORLD,121.1176
2001-12-07,MSCI_WORLD,120.0866
2001-12-10,MSCI_WORLD,118.3568
2001-12-11,MSCI_WORLD,118.0687
2001-12-12,MSCI_WORLD,117.4404
2001-12-13,MSCI_WORLD,115.2582
2001-12-14,MSCI_WORLD,114.5714
2001-12-17,MSCI_WORLD,115.6649
2001-12-18,MSCI_WORLD,116.5752
2001-12-19,MSCI_WORLD,117.0200
2001-12-20,MSCI_WORLD,116.4049
2001-12-21,MSCI_WORLD,118.1046
2001-12-24,MSCI_WORLD,119.0034
2001-12-25,MSCI_WORLD,118.9656
2001-12-26,MSCI_WORLD,119.1237
2001-12-27,MSCI_WORLD,119.5092
2001-12-28,MSCI_WORLD,120.6764
2001-12-31,MSCI_WORLD,118.9832
2002-01-01,MSCI_WORLD,118.9832
2002-01-02,MSCI_WORLD,117.5709
2002-01-03,MSCI_WORLD,119.3394
2002-01-04,MSCI_WORLD,120.7805
2002-01-07,MSCI_WORLD,120.2685
2002-01-08,MSCI_WORLD,119.5355
2002-01-09,MSCI_WORLD,119.3473
2002-01-10,MSCI_WORLD,118.4551
2002-01-11,MSCI_WORLD,118.2088
2002-01-14,MSCI_WORLD,116.6637
2002-01-15,MSCI_WORLD,117.5614
2002-01-16,MSCI_WORLD,116.8174
2002-01-17,MSCI_WORLD,118.1656
2002-01-18,MSCI_WORLD,117.1524
2002-01-21,MSCI_WORLD,117.0044
2002-01-22,MSCI_WORLD,116.2789
2002-01-23,MSCI_WORLD,116.7423
2002-01-24,MSCI_WORLD,118.1076
2002-01-25,MSCI_WORLD,119.4858
2002-01-28,MSCI_WORLD,120.2450
2002-01-29,MSCI_WORLD,117.5685
2002-01-30,MSCI_WORLD,117.6342
2002-01-31,MSCI_WORLD,119.3196
2002-02-01,MSCI_WORLD,118.6887
2002-02-04,MSCI_WORLD,115.9980
2002-02-05,MSCI_WORLD,114.7445
2002-02-06,MSCI_WORLD,113.9478
2002-02-07,MSCI_WORLD,114.1491
2002-02-08,MSCI_WORLD,114.9573
2002-02-11,MSCI_WORLD,115.8244
2002-02-12,MSCI_WORLD,115.8651
2002-02-13,MSCI_WORLD,117.2519
2002-02-14,MSCI_WORLD,117.8627
2002-02-15,MSCI_WORLD,116.4065
2002-02-18,MSCI_WORLD,116.5224
2002-02-19,MSCI_WORLD,113.9453
2002-02-20,MSCI_WORLD,114.7409
2002-02-21,MSCI_WORLD,114.4235
2002-02-22,MSCI_WORLD,114.0343
2002-02-25,MSCI_WORLD,116.2172
2002-02-26,MSCI_WORLD,116.6426
2002-02-27,MSCI_WORLD,117.9218
2002-02-28,MSCI_WORLD,117.7096
2002-03-01,MSCI_WORLD,119.8211
2002-03-04,MSCI_WORLD,122.2783
2002-03-05,MSCI_WORLD,121.6487
2002-03-06,MSCI_WORLD,122.2576
2002-03-07,MSCI_WORLD,122.1451
2002-03-08,MSCI_WORLD,123.1991
2002-03-11,MSCI_WORLD,123.4107
2002-03-12,MSCI_WORLD,122.8696
2002-03-13,MSCI_WORLD,121.6474
2002-03-14,MSCI_WORLD,121.1061
2002-03-15,MSCI_WORLD,122.1895
2002-03-18,MSCI_WORLD,122.3505
2002-03-19,MSCI_WORLD,122.7901
2002-03-20,MSCI_WORLD,121.0397
2002-03-21,MSCI_WORLD,121.2273
2002-03-22,MSCI_WORLD,121.1543
2002-03-25,MSCI_WORLD,120.0231
2002-03-26,MSCI_WORLD,120.4282
2002-03-27,MSCI_WORLD,121.3601
2002-03-28,MSCI_WORLD,122.0860
2002-03-29,MSCI_WORLD,121.8522
2002-04-01,MSCI_WORLD,121.0371
2002-04-02,MSCI_WORLD,120.1560
2002-04-03,MSCI_WORLD,119.6809
2002-04-04,MSCI_WORLD,119.2753
2002-04-05,MSCI_WORLD,119.4089
2002-04-08,MSCI_WORLD,119.4207
2002-04-09,MSCI_WORLD,118.7055
2002-04-10,MSCI_WORLD,119.5741
2002-04-11,MSCI_WORLD,116.7631
2002-04-12,MSCI_WORLD,117.5953
2002-04-15,MSCI_WORLD,117.3693
2002-04-16,MSCI_WORLD,119.5047
2002-04-17,MSCI_WORLD,119.1741
2002-04-18,MSCI_WORLD,118.6728
2002-04-19,MSCI_WORLD,118.8820
2002-04-22,MSCI_WORLD,117.7308
2002-04-23,MSCI_WORLD,117.0904
2002-04-24,MSCI_WORLD,116.2645
2002-04-25,MSCI_WORLD,115.3531
2002-04-26,MSCI_WORLD,114.1800
2002-04-29,MSCI_WORLD,113.1018
2002-04-30,MSCI_WORLD,113.9615
2002-05-01,MSCI_WORLD,114.1400
2002-05-02,MSCI_WORLD,114.2663
2002-05-03,MSCI_WORLD,112.5395
2002-05-06,MSCI_WORLD,110.8676
2002-05-07,MSCI_WORLD,110.4082
2002-05-08,MSCI_WORLD,113.9819
2002-05-09,MSCI_WORLD,113.0069
2002-05-10,MSCI_WORLD,111.2254
2002-05-13,MSCI_WORLD,112.7547
2002-05-14,MSCI_WORLD,115.2910
2002-05-15,MSCI_WORLD,114.9733
2002-05-16,MSCI_WORLD,115.2482
2002-05-17,MSCI_WORLD,114.7293
2002-05-20,MSCI_WORLD,113.7290
2002-05-21,MSCI_WORLD,113.2988
2002-05-22,MSCI_WORLD,112.5455
2002-05-23,MSCI_WORLD,113.7106
2002-05-24,MSCI_WORLD,112.8746
2002-05-27,MSCI_WORLD,113.1118
2002-05-28,MSCI_WORLD,111.4900
2002-05-29,MSCI_WORLD,110.6407
2002-05-30,MSCI_WORLD,109.6141
2002-05-31,MSCI_WORLD,110.1010
2002-06-03,MSCI_WORLD,108.0840
2002-06-04,MSCI_WORLD,106.8805
2002-06-05,MSCI_WORLD,107.6054
2002-06-06,MSCI_WORLD,105.6304
2002-06-07,MSCI_WORLD,104.9741
2002-06-10,MSCI_WORLD,105.2110
2002-06-11,MSCI_WORLD,104.5393
2002-06-12,MSCI_WORLD,103.9068
2002-06-13,MSCI_WORLD,102.8620
2002-06-14,MSCI_WORLD,101.5691
2002-06-17,MSCI_WORLD,104.3631
2002-06-18,MSCI_WORLD,104.0322
2002-06-19,MSCI_WORLD,101.7351
2002-06-20,MSCI_WORLD,99.7304
2002-06-21,MSCI_WORLD,98.2217
2002-06-24,MSCI_WORLD,97.1813
2002-06-25,MSCI_WORLD,97.4280
2002-06-26,MSCI_WORLD,95.0648
2002-06-27,MSCI_WORLD,96.9060
2002-06-28,MSCI_WORLD,97.8160
2002-07-01,MSCI_WORLD,96.6716
2002-07-02,MSCI_WORLD,94.7293
2002-07-03,MSCI_WORLD,94.7732
2002-07-04,MSCI_WORLD,95.3351
2002-07-05,MSCI_WORLD,98.9653
2002-07-08,MSCI_WORLD,97.2660
2002-07-09,MSCI_WORLD,95.3549
2002-07-10,MSCI_WORLD,92.9676
2002-07-11,MSCI_WORLD,92.0530
2002-07-12,MSCI_WORLD,91.8652
2002-07-15,MSCI_WORLD,89.0267
2002-07-16,MSCI_WORLD,87.7119
2002-07-17,MSCI_WORLD,89.0616
2002-07-18,MSCI_WORLD,88.2098
2002-07-19,MSCI_WORLD,84.5974
2002-07-22,MSCI_WORLD,82.1703
2002-07-23,MSCI_WORLD,81.2204
2002-07-24,MSCI_WORLD,83.2152
2002-07-25,MSCI_WORLD,83.1514
2002-07-26,MSCI_WORLD,84.6181
2002-07-29,MSCI_WORLD,89.4280
2002-07-30,MSCI_WORLD,89.2027
2002-07-31,MSCI_WORLD,90.2203
2002-08-01,MSCI_WORLD,87.4088
2002-08-02,MSCI_WORLD,86.0444
2002-08-05,MSCI_WORLD,83.4740
2002-08-06,MSCI_WORLD,86.9483
2002-08-07,MSCI_WORLD,87.6083
2002-08-08,MSCI_WORLD,90.3406
2002-08-09,MSCI_WORLD,90.8818
2002-08-12,MSCI_WORLD,89.5733
2002-08-13,MSCI_WORLD,88.6939
2002-08-14,MSCI_WORLD,89.6219
2002-08-15,MSCI_WORLD,91.5512
2002-08-16,MSCI_WORLD,91.3150
2002-08-19,MSCI_WORLD,93.5987
2002-08-20,MSCI_WORLD,92.4967
2002-08-21,MSCI_WORLD,93.1451
2002-08-22,MSCI_WORLD,95.1106
2002-08-23,MSCI_WORLD,93.4717
2002-08-26,MSCI_WORLD,93.8468
2002-08-27,MSCI_WORLD,92.9976
2002-08-28,MSCI_WORLD,90.7757
2002-08-29,MSCI_WORLD,90.0110
2002-08-30,MSCI_WORLD,90.3467
2002-09-02,MSCI_WORLD,89.5812
2002-09-03,MSCI_WORLD,85.4053
2002-09-04,MSCI_WORLD,86.3217
2002-09-05,MSCI_WORLD,85.6348
2002-09-06,MSCI_WORLD,87.5444
2002-09-09,MSCI_WORLD,88.0470
2002-09-10,MSCI_WORLD,89.5538
2002-09-11,MSCI_WORLD,90.2278
2002-09-12,MSCI_WORLD,87.7473
2002-09-13,MSCI_WORLD,87.0578
2002-09-16,MSCI_WORLD,87.4362
2002-09-17,MSCI_WORLD,86.5951
2002-09-18,MSCI_WORLD,84.9112
2002-09-19,MSCI_WORLD,82.8131
2002-09-20,MSCI_WORLD,82.5819
2002-09-23,MSCI_WORLD,81.0650
2002-09-24,MSCI_WORLD,79.9834
2002-09-25,MSCI_WORLD,81.4853
2002-09-26,MSCI_WORLD,83.6915
2002-09-27,MSCI_WORLD,82.3432
2002-09-30,MSCI_WORLD,79.7852
2002-10-01,MSCI_WORLD,81.9788
2002-10-02,MSCI_WORLD,81.3940
2002-10-03,MSCI_WORLD,80.2782
2002-10-04,MSCI_WORLD,79.1258
2002-10-07,MSCI_WORLD,77.5901
2002-10-08,MSCI_WORLD,78.1910
2002-10-09,MSCI_WORLD,76.2063
2002-10-10,MSCI_WORLD,78.2569
2002-10-11,MSCI_WORLD,81.2254
2002-10-14,MSCI_WORLD,81.2804
2002-10-15,MSCI_WORLD,85.4964
2002-10-16,MSCI_WORLD,83.9940
2002-10-17,MSCI_WORLD,86.5752
2002-10-18,MSCI_WORLD,86.8675
2002-10-21,MSCI_WORLD,87.5988
2002-10-22,MSCI_WORLD,86.3776
2002-10-23,MSCI_WORLD,86.1390
2002-10-24,MSCI_WORLD,86.0751
2002-10-25,MSCI_WORLD,86.7086
2002-10-28,MSCI_WORLD,86.2560
2002-10-29,MSCI_WORLD,84.5723
2002-10-30,MSCI_WORLD,85.8362
2002-10-31,MSCI_WORLD,85.4868
2002-11-01,MSCI_WORLD,85.7077
2002-11-04,MSCI_WORLD,87.1507
2002-11-05,MSCI_WORLD,87.5076
2002-11-06,MSCI_WORLD,87.9261
2002-11-07,MSCI_WORLD,85.6403
2002-11-08,MSCI_WORLD,84.5099
2002-11-11,MSCI_WORLD,83.2005
2002-11-12,MSCI_WORLD,83.9453
2002-11-13,MSCI_WORLD,83.7270
2002-11-14,MSCI_WORLD,85.5559
2002-11-15,MSCI_WORLD,86.0713
2002-11-18,MSCI_WORLD,85.4996
2002-11-19,MSCI_WORLD,84.8962
2002-11-20,MSCI_WORLD,86.3962
2002-11-21,MSCI_WORLD,88.6907
2002-11-22,MSCI_WORLD,88.7445
2002-11-25,MSCI_WORLD,89.2902
2002-11-26,MSCI_WORLD,87.5974
2002-11-27,MSCI_WORLD,89.8176
2002-11-28,MSCI_WORLD,89.8787
2002-11-29,MSCI_WORLD,89.6799
2002-12-02,MSCI_WORLD,89.5462
2002-12-03,MSCI_WORLD,88.0059
2002-12-04,MSCI_WORLD,87.3229
2002-12-05,MSCI_WORLD,86.2878
2002-12-06,MSCI_WORLD,86.0836
2002-12-09,MSCI_WORLD,84.4233
2002-12-10,MSCI_WORLD,85.0584
2002-12-11,MSCI_WORLD,85.3598
2002-12-12,MSCI_WORLD,84.4592
2002-12-13,MSCI_WORLD,83.1272
2002-12-16,MSCI_WORLD,84.9592
2002-12-17,MSCI_WORLD,83.6903
2002-12-18,MSCI_WORLD,82.5266
2002-12-19,MSCI_WORLD,82.2905
2002-12-20,MSCI_WORLD,83.0404
2002-12-23,MSCI_WORLD,83.2726
2002-12-24,MSCI_WORLD,82.8261
2002-12-25,MSCI_WORLD,82.8027
2002-12-26,MSCI_WORLD,82.5836
2002-12-27,MSCI_WORLD,80.7187
2002-12-30,MSCI_WORLD,80.9076
2002-12-31,MSCI_WORLD,80.8793
2003-01-01,MSCI_WORLD,80.8793
2003-01-02,MSCI_WORLD,83.8154
2003-01-03,MSCI_WORLD,83.7207
2003-01-06,MSCI_WORLD,84.7941
2003-01-07,MSCI_WORLD,84.4518
2003-01-08,MSCI_WORLD,83.4952
2003-01-09,MSCI_WORLD,84.0899
2003-01-10,MSCI_WORLD,83.8996
2003-01-13,MSCI_WORLD,83.7508
2003-01-14,MSCI_WORLD,84.0657
2003-01-15,MSCI_WORLD,83.1298
2003-01-16,MSCI_WORLD,82.9895
2003-01-17,MSCI_WORLD,81.3402
2003-01-20,MSCI_WORLD,80.8345
2003-01-21,MSCI_WORLD,79.8793
2003-01-22,MSCI_WORLD,78.8037
2003-01-23,MSCI_WORLD,79.0074
2003-01-24,MSCI_WORLD,77.1232
2003-01-27,MSCI_WORLD,75.3719
2003-01-28,MSCI_WORLD,75.8159
2003-01-29,MSCI_WORLD,75.9722
2003-01-30,MSCI_WORLD,76.0205
2003-01-31,MSCI_WORLD,76.6542
2003-02-03,MSCI_WORLD,77.3626
2003-02-04,MSCI_WORLD,75.4296
2003-02-05,MSCI_WORLD,75.7689
2003-02-06,MSCI_WORLD,74.9399
2003-02-07,MSCI_WORLD,74.3390
2003-02-10,MSCI_WORLD,74.7467
2003-02-11,MSCI_WORLD,75.1589
2003-02-12,MSCI_WORLD,74.2173
2003-02-13,MSCI_WORLD,73.5456
2003-02-14,MSCI_WORLD,74.9645
2003-02-17,MSCI_WORLD,75.7529
2003-02-18,MSCI_WORLD,77.1008
2003-02-19,MSCI_WORLD,76.0445
2003-02-20,MSCI_WORLD,75.0899
2003-02-21,MSCI_WORLD,75.7908
2003-02-24,MSCI_WORLD,75.0538
2003-02-25,MSCI_WORLD,74.6290
2003-02-26,MSCI_WORLD,73.7743
2003-02-27,MSCI_WORLD,74.6199
2003-02-28,MSCI_WORLD,75.0122
2003-03-03,MSCI_WORLD,74.5294
2003-03-04,MSCI_WORLD,73.1186
2003-03-05,MSCI_WORLD,72.9796
2003-03-06,MSCI_WORLD,72.3209
2003-03-07,MSCI_WORLD,71.8196
2003-03-10,MSCI_WORLD,70.0945
2003-03-11,MSCI_WORLD,69.5997
2003-03-12,MSCI_WORLD,69.3221
2003-03-13,MSCI_WORLD,72.3351
2003-03-14,MSCI_WORLD,73.9446
2003-03-17,MSCI_WORLD,76.4476
2003-03-18,MSCI_WORLD,77.1356
2003-03-19,MSCI_WORLD,78.0778
2003-03-20,MSCI_WORLD,78.0784
2003-03-21,MSCI_WORLD,80.1698
2003-03-24,MSCI_WORLD,77.1646
2003-03-25,MSCI_WORLD,77.6422
2003-03-26,MSCI_WORLD,77.6221
2003-03-27,MSCI_WORLD,76.9656
2003-03-28,MSCI_WORLD,76.3714
2003-03-31,MSCI_WORLD,73.8465
2003-04-01,MSCI_WORLD,74.7093
2003-04-02,MSCI_WORLD,77.1538
2003-04-03,MSCI_WORLD,77.3781
2003-04-04,MSCI_WORLD,77.9753
2003-04-07,MSCI_WORLD,79.3147
2003-04-08,MSCI_WORLD,78.6167
2003-04-09,MSCI_WORLD,77.7526
2003-04-10,MSCI_WORLD,76.9468
2003-04-11,MSCI_WORLD,77.1744
2003-04-14,MSCI_WORLD,78.0078
2003-04-15,MSCI_WORLD,78.8014
2003-04-16,MSCI_WORLD,77.7262
2003-04-17,MSCI_WORLD,78.3520
2003-04-18,MSCI_WORLD,78.3628
2003-04-21,MSCI_WORLD,78.4907
2003-04-22,MSCI_WORLD,79.0634
2003-04-23,MSCI_WORLD,79.8699
2003-04-24,MSCI_WORLD,78.7984
2003-04-25,MSCI_WORLD,77.7428
2003-04-28,MSCI_WORLD,79.1036
2003-04-29,MSCI_WORLD,79.0865
2003-04-30,MSCI_WORLD,78.6042
2003-05-01,MSCI_WORLD,78.0525
2003-05-02,MSCI_WORLD,79.0843
2003-05-05,MSCI_WORLD,78.8386
2003-05-06,MSCI_WORLD,79.4072
2003-05-07,MSCI_WORLD,78.9456
2003-05-08,MSCI_WORLD,77.4262
2003-05-09,MSCI_WORLD,78.1180
2003-05-12,MSCI_WORLD,78.5300
2003-05-13,MSCI_WORLD,78.6130
2003-05-14,MSCI_WORLD,78.7396
2003-05-15,MSCI_WORLD,79.4134
2003-05-16,MSCI_WORLD,79.0353
2003-05-19,MSCI_WORLD,76.3916
2003-05-20,MSCI_WORLD,76.6085
2003-05-21,MSCI_WORLD,76.3305
2003-05-22,MSCI_WORLD,77.1725
2003-05-23,MSCI_WORLD,76.7411
2003-05-26,MSCI_WORLD,76.2894
2003-05-27,MSCI_WORLD,77.1679
2003-05-28,MSCI_WORLD,78.3179
2003-05-29,MSCI_WORLD,77.9205
2003-05-30,MSCI_WORLD,78.8306
2003-06-02,MSCI_WORLD,79.8582
2003-06-03,MSCI_WORLD,79.9119
2003-06-04,MSCI_WORLD,81.1170
2003-06-05,MSCI_WORLD,80.4880
2003-06-06,MSCI_WORLD,81.6797
2003-06-09,MSCI_WORLD,80.5363
2003-06-10,MSCI_WORLD,81.4319
2003-06-11,MSCI_WORLD,82.1132
2003-06-12,MSCI_WORLD,82.4846
2003-06-13,MSCI_WORLD,81.3803
2003-06-16,MSCI_WORLD,82.4259
2003-06-17,MSCI_WORLD,83.0841
2003-06-18,MSCI_WORLD,83.7926
2003-06-19,MSCI_WORLD,82.7167
2003-06-20,MSCI_WORLD,83.2539
2003-06-23,MSCI_WORLD,82.6996
2003-06-24,MSCI_WORLD,82.4988
2003-06-25,MSCI_WORLD,82.0141
2003-06-26,MSCI_WORLD,83.0246
2003-06-27,MSCI_WORLD,82.8443
2003-06-30,MSCI_WORLD,82.1261
2003-07-01,MSCI_WORLD,81.6546
2003-07-02,MSCI_WORLD,83.3446
2003-07-03,MSCI_WORLD,83.2504
2003-07-04,MSCI_WORLD,83.3109
2003-07-07,MSCI_WORLD,85.7306
2003-07-08,MSCI_WORLD,86.1555
2003-07-09,MSCI_WORLD,85.5870
2003-07-10,MSCI_WORLD,84.5063
2003-07-11,MSCI_WORLD,85.2423
2003-07-14,MSCI_WORLD,86.1889
2003-07-15,MSCI_WORLD,86.0147
2003-07-16,MSCI_WORLD,85.6295
2003-07-17,MSCI_WORLD,84.7400
2003-07-18,MSCI_WORLD,85.1831
2003-07-21,MSCI_WORLD,83.6808
2003-07-22,MSCI_WORLD,83.9971
2003-07-23,MSCI_WORLD,83.6870
2003-07-24,MSCI_WORLD,83.5713
2003-07-25,MSCI_WORLD,83.9880
2003-07-28,MSCI_WORLD,84.5443
2003-07-29,MSCI_WORLD,83.9881
2003-07-30,MSCI_WORLD,84.3831
2003-07-31,MSCI_WORLD,85.4815
2003-08-01,MSCI_WORLD,84.8263
2003-08-04,MSCI_WORLD,84.2075
2003-08-05,MSCI_WORLD,83.3843
2003-08-06,MSCI_WORLD,82.9059
2003-08-07,MSCI_WORLD,83.2029
2003-08-08,MSCI_WORLD,84.0873
2003-08-11,MSCI_WORLD,84.5067
2003-08-12,MSCI_WORLD,85.3480
2003-08-13,MSCI_WORLD,85.2338
2003-08-14,MSCI_WORLD,86.1898
2003-08-15,MSCI_WORLD,86.3038
2003-08-18,MSCI_WORLD,87.6220
2003-08-19,MSCI_WORLD,88.3290
2003-08-20,MSCI_WORLD,88.1452
2003-08-21,MSCI_WORLD,89.5514
2003-08-22,MSCI_WORLD,89.7290
2003-08-25,MSCI_WORLD,89.2618
2003-08-26,MSCI_WORLD,89.2826
2003-08-27,MSCI_WORLD,89.3748
2003-08-28,MSCI_WORLD,89.6979
2003-08-29,MSCI_WORLD,89.5169
2003-09-01,MSCI_WORLD,90.0941
2003-09-02,MSCI_WORLD,91.5856
2003-09-03,MSCI_WORLD,92.5663
2003-09-04,MSCI_WORLD,92.1022
2003-09-05,MSCI_WORLD,90.8537
2003-09-08,MSCI_WORLD,91.1393
2003-09-09,MSCI_WORLD,90.0781
2003-09-10,MSCI_WORLD,88.9307
2003-09-11,MSCI_WORLD,89.2656
2003-09-12,MSCI_WORLD,88.7086
2003-09-15,MSCI_WORLD,88.6124
2003-09-16,MSCI_WORLD,90.4462
2003-09-17,MSCI_WORLD,90.2218
2003-09-18,MSCI_WORLD,91.0616
2003-09-19,MSCI_WORLD,90.2179
2003-09-22,MSCI_WORLD,88.2760
2003-09-23,MSCI_WORLD,88.5066
2003-09-24,MSCI_WORLD,87.6784
2003-09-25,MSCI_WORLD,86.6852
2003-09-26,MSCI_WORLD,86.4164
2003-09-29,MSCI_WORLD,86.3879
2003-09-30,MSCI_WORLD,84.9015
2003-10-01,MSCI_WORLD,86.1469
2003-10-02,MSCI_WORLD,86.7976
2003-10-03,MSCI_WORLD,88.2728
2003-10-06,MSCI_WORLD,88.2462
2003-10-07,MSCI_WORLD,87.8861
2003-10-08,MSCI_WORLD,87.2140
2003-10-09,MSCI_WORLD,88.3691
2003-10-10,MSCI_WORLD,88.0839
2003-10-13,MSCI_WORLD,89.5377
2003-10-14,MSCI_WORLD,89.6284
2003-10-15,MSCI_WORLD,90.0159
2003-10-16,MSCI_WORLD,89.9322
2003-10-17,MSCI_WORLD,89.6835
2003-10-20,MSCI_WORLD,89.7954
2003-10-21,MSCI_WORLD,89.8127
2003-10-22,MSCI_WORLD,87.9766
2003-10-23,MSCI_WORLD,87.3771
2003-10-24,MSCI_WORLD,87.0260
2003-10-27,MSCI_WORLD,87.7543
2003-10-28,MSCI_WORLD,89.3830
2003-10-29,MSCI_WORLD,89.6648
2003-10-30,MSCI_WORLD,89.7859
2003-10-31,MSCI_WORLD,90.0898
2003-11-03,MSCI_WORLD,91.6862
2003-11-04,MSCI_WORLD,91.4922
2003-11-05,MSCI_WORLD,91.3263
2003-11-06,MSCI_WORLD,91.7885
2003-11-07,MSCI_WORLD,91.7411
2003-11-10,MSCI_WORLD,91.0679
2003-11-11,MSCI_WORLD,90.4973
2003-11-12,MSCI_WORLD,90.5841
2003-11-13,MSCI_WORLD,90.4567
2003-11-14,MSCI_WORLD,89.7252
2003-11-17,MSCI_WORLD,88.4698
2003-11-18,MSCI_WORLD,87.5571
2003-11-19,MSCI_WORLD,87.4256
2003-11-20,MSCI_WORLD,87.1741
2003-11-21,MSCI_WORLD,87.2399
2003-11-24,MSCI_WORLD,89.2915
2003-11-25,MSCI_WORLD,89.3876
2003-11-26,MSCI_WORLD,89.0442
2003-11-27,MSCI_WORLD,89.3140
2003-11-28,MSCI_WORLD,88.6897
2003-12-01,MSCI_WORLD,89.9899
2003-12-02,MSCI_WORLD,89.1717
2003-12-03,MSCI_WORLD,89.1289
2003-12-04,MSCI_WORLD,89.6303
2003-12-05,MSCI_WORLD,88.6422
2003-12-08,MSCI_WORLD,88.3455
2003-12-09,MSCI_WORLD,88.1648
2003-12-10,MSCI_WORLD,87.5262
2003-12-11,MSCI_WORLD,88.7763
2003-12-12,MSCI_WORLD,88.4360
2003-12-15,MSCI_WORLD,88.2778
2003-12-16,MSCI_WORLD,88.0964
2003-12-17,MSCI_WORLD,87.8380
2003-12-18,MSCI_WORLD,88.7058
2003-12-19,MSCI_WORLD,88.9733
2003-12-22,MSCI_WORLD,88.8320
2003-12-23,MSCI_WORLD,89.1453
2003-12-24,MSCI_WORLD,88.9692
2003-12-25,MSCI_WORLD,88.9754
2003-12-26,MSCI_WORLD,89.1485
2003-12-29,MSCI_WORLD,89.7825
2003-12-30,MSCI_WORLD,89.8053
2003-12-31,MSCI_WORLD,89.5659
2004-01-01,MSCI_WORLD,89.5659
2004-01-02,MSCI_WORLD,89.9118
2004-01-05,MSCI_WORLD,90.5024
2004-01-06,MSCI_WORLD,90.1732
2004-01-07,MSCI_WORLD,90.3749
2004-01-08,MSCI_WORLD,90.8035
2004-01-09,MSCI_WORLD,89.7090
2004-01-12,MSCI_WORLD,90.1208
2004-01-13,MSCI_WORLD,89.9445
2004-01-14,MSCI_WORLD,91.1076
2004-01-15,MSCI_WORLD,91.4330
2004-01-16,MSCI_WORLD,93.2313
2004-01-19,MSCI_WORLD,93.4755
2004-01-20,MSCI_WORLD,92.3961
2004-01-21,MSCI_WORLD,92.6435
2004-01-22,MSCI_WORLD,92.1531
2004-01-23,MSCI_WORLD,92.1555
2004-01-26,MSCI_WORLD,93.2343
2004-01-27,MSCI_WORLD,92.5142
2004-01-28,MSCI_WORLD,91.9631
2004-01-29,MSCI_WORLD,92.9225
2004-01-30,MSCI_WORLD,92.3985
2004-02-02,MSCI_WORLD,92.5609
2004-02-03,MSCI_WORLD,91.8952
2004-02-04,MSCI_WORLD,91.3686
2004-02-05,MSCI_WORLD,91.0188
2004-02-06,MSCI_WORLD,91.3241
2004-02-09,MSCI_WORLD,91.7429
2004-02-10,MSCI_WORLD,91.9600
2004-02-11,MSCI_WORLD,92.6642
2004-02-12,MSCI_WORLD,91.7469
2004-02-13,MSCI_WORLD,91.6718
2004-02-16,MSCI_WORLD,91.8027
2004-02-17,MSCI_WORLD,92.4207
2004-02-18,MSCI_WORLD,92.1147
2004-02-19,MSCI_WORLD,92.9391
2004-02-20,MSCI_WORLD,92.9823
2004-02-23,MSCI_WORLD,93.0444
2004-02-24,MSCI_WORLD,91.9989
2004-02-25,MSCI_WORLD,92.9314
2004-02-26,MSCI_WORLD,93.7362
2004-02-27,MSCI_WORLD,93.9307
2004-03-01,MSCI_WORLD,94.8728
2004-03-02,MSCI_WORLD,95.4496
2004-03-03,MSCI_WORLD,96.2847
2004-03-04,MSCI_WORLD,96.2987
2004-03-05,MSCI_WORLD,95.1809
2004-03-08,MSCI_WORLD,95.1050
2004-03-09,MSCI_WORLD,94.3133
2004-03-10,MSCI_WORLD,94.3198
2004-03-11,MSCI_WORLD,92.5306
2004-03-12,MSCI_WORLD,93.4185
2004-03-15,MSCI_WORLD,92.1068
2004-03-16,MSCI_WORLD,92.0714
2004-03-17,MSCI_WORLD,94.1041
2004-03-18,MSCI_WORLD,92.8346
2004-03-19,MSCI_WORLD,92.5200
2004-03-22,MSCI_WORLD,91.0365
2004-03-23,MSCI_WORLD,91.4514
2004-03-24,MSCI_WORLD,91.8705
2004-03-25,MSCI_WORLD,93.4156
2004-03-26,MSCI_WORLD,94.0554
2004-03-29,MSCI_WORLD,94.8032
2004-03-30,MSCI_WORLD,94.8661
2004-03-31,MSCI_WORLD,94.3400
2004-04-01,MSCI_WORLD,94.5840
2004-04-02,MSCI_WORLD,96.6847
2004-04-05,MSCI_WORLD,98.1435
2004-04-06,MSCI_WORLD,97.6471
2004-04-07,MSCI_WORLD,96.7011
2004-04-08,MSCI_WORLD,97.0951
2004-04-09,MSCI_WORLD,96.9504
2004-04-12,MSCI_WORLD,97.5792
2004-04-13,MSCI_WORLD,97.8918
2004-04-14,MSCI_WORLD,97.0225
2004-04-15,MSCI_WORLD,96.7869
2004-04-16,MSCI_WORLD,96.7403
2004-04-19,MSCI_WORLD,96.7797
2004-04-20,MSCI_WORLD,96.9526
2004-04-21,MSCI_WORLD,97.0683
2004-04-22,MSCI_WORLD,98.0386
2004-04-23,MSCI_WORLD,98.5511
2004-04-26,MSCI_WORLD,98.3163
2004-04-27,MSCI_WORLD,97.9596
2004-04-28,MSCI_WORLD,97.0208
2004-04-29,MSCI_WORLD,95.7416
2004-04-30,MSCI_WORLD,94.7319
2004-05-03,MSCI_WORLD,95.5630
2004-05-04,MSCI_WORLD,95.2081
2004-05-05,MSCI_WORLD,95.3237
2004-05-06,MSCI_WORLD,94.6069
2004-05-07,MSCI_WORLD,94.4270
2004-05-10,MSCI_WORLD,92.6848
2004-05-11,MSCI_WORLD,93.7340
2004-05-12,MSCI_WORLD,93.3664
2004-05-13,MSCI_WORLD,93.5890
2004-05-14,MSCI_WORLD,93.2419
2004-05-17,MSCI_WORLD,91.2372
2004-05-18,MSCI_WORLD,92.1611
2004-05-19,MSCI_WORLD,92.5550
2004-05-20,MSCI_WORLD,92.8780
2004-05-21,MSCI_WORLD,92.8765
2004-05-24,MSCI_WORLD,93.4643
2004-05-25,MSCI_WORLD,93.3142
2004-05-26,MSCI_WORLD,93.8750
2004-05-27,MSCI_WORLD,93.5483
2004-05-28,MSCI_WORLD,93.7702
2004-05-31,MSCI_WORLD,93.8415
2004-06-01,MSCI_WORLD,93.6781
2004-06-02,MSCI_WORLD,93.6029
2004-06-03,MSCI_WORLD,93.2028
2004-06-04,MSCI_WORLD,93.7319
2004-06-07,MSCI_WORLD,94.8367
2004-06-08,MSCI_WORLD,95.2740
2004-06-09,MSCI_WORLD,95.6549
2004-06-10,MSCI_WORLD,96.0164
2004-06-11,MSCI_WORLD,96.3485
2004-06-14,MSCI_WORLD,94.8778
2004-06-15,MSCI_WORLD,95.4848
2004-06-16,MSCI_WORLD,96.4023
2004-06-17,MSCI_WORLD,96.2684
2004-06-18,MSCI_WORLD,95.8694
2004-06-21,MSCI_WORLD,95.9749
2004-06-22,MSCI_WORLD,95.8396
2004-06-23,MSCI_WORLD,96.4211
2004-06-24,MSCI_WORLD,96.2108
2004-06-25,MSCI_WORLD,96.0759
2004-06-28,MSCI_WORLD,96.0213
2004-06-29,MSCI_WORLD,96.3747
2004-06-30,MSCI_WORLD,96.1222
2004-07-01,MSCI_WORLD,95.6551
2004-07-02,MSCI_WORLD,94.3932
2004-07-05,MSCI_WORLD,94.3421
2004-07-06,MSCI_WORLD,93.7508
2004-07-07,MSCI_WORLD,93.3772
2004-07-08,MSCI_WORLD,92.7543
2004-07-09,MSCI_WORLD,93.1149
2004-07-12,MSCI_WORLD,93.0778
2004-07-13,MSCI_WORLD,93.5478
2004-07-14,MSCI_WORLD,92.8442
2004-07-15,MSCI_WORLD,92.3970
2004-07-16,MSCI_WORLD,91.9462
2004-07-19,MSCI_WORLD,91.9831
2004-07-20,MSCI_WORLD,92.4889
2004-07-21,MSCI_WORLD,92.8092
2004-07-22,MSCI_WORLD,92.2273
2004-07-23,MSCI_WORLD,92.4054
2004-07-26,MSCI_WORLD,91.7963
2004-07-27,MSCI_WORLD,92.7673
2004-07-28,MSCI_WORLD,93.1130
2004-07-29,MSCI_WORLD,93.4751
2004-07-30,MSCI_WORLD,93.9646
2004-08-02,MSCI_WORLD,94.2335
2004-08-03,MSCI_WORLD,93.8575
2004-08-04,MSCI_WORLD,93.4590
2004-08-05,MSCI_WORLD,92.6947
2004-08-06,MSCI_WORLD,90.2465
2004-08-09,MSCI_WORLD,89.9815
2004-08-10,MSCI_WORLD,90.4754
2004-08-11,MSCI_WORLD,90.8157
2004-08-12,MSCI_WORLD,89.9594
2004-08-13,MSCI_WORLD,89.2180
2004-08-16,MSCI_WORLD,90.1038
2004-08-17,MSCI_WORLD,90.4371
2004-08-18,MSCI_WORLD,91.3644
2004-08-19,MSCI_WORLD,91.0984
2004-08-20,MSCI_WORLD,91.5964
2004-08-23,MSCI_WORLD,92.4503
2004-08-24,MSCI_WORLD,92.9226
2004-08-25,MSCI_WORLD,93.6266
2004-08-26,MSCI_WORLD,93.9277
2004-08-27,MSCI_WORLD,94.6643
2004-08-30,MSCI_WORLD,94.1141
2004-08-31,MSCI_WORLD,93.4962
2004-09-01,MSCI_WORLD,93.8057
2004-09-02,MSCI_WORLD,94.5712
2004-09-03,MSCI_WORLD,94.8919
2004-09-06,MSCI_WORLD,95.0496
2004-09-07,MSCI_WORLD,95.5175
2004-09-08,MSCI_WORLD,94.9932
2004-09-09,MSCI_WORLD,94.5719
2004-09-10,MSCI_WORLD,94.2220
2004-09-13,MSCI_WORLD,94.9237
2004-09-14,MSCI_WORLD,94.8457
2004-09-15,MSCI_WORLD,94.9587
2004-09-16,MSCI_WORLD,95.3140
2004-09-17,MSCI_WORLD,95.4571
2004-09-20,MSCI_WORLD,95.2242
2004-09-21,MSCI_WORLD,95.1425
2004-09-22,MSCI_WORLD,94.3156
2004-09-23,MSCI_WORLD,93.6017
2004-09-24,MSCI_WORLD,93.7621
2004-09-27,MSCI_WORLD,93.0207
2004-09-28,MSCI_WORLD,93.3685
2004-09-29,MSCI_WORLD,93.7455
2004-09-30,MSCI_WORLD,93.2170
2004-10-01,MSCI_WORLD,94.7459
2004-10-04,MSCI_WORLD,96.0764
2004-10-05,MSCI_WORLD,95.8572
2004-10-06,MSCI_WORLD,96.2864
2004-10-07,MSCI_WORLD,95.7974
2004-10-08,MSCI_WORLD,94.7269
2004-10-11,MSCI_WORLD,95.0456
2004-10-12,MSCI_WORLD,94.9089
2004-10-13,MSCI_WORLD,94.7647
2004-10-14,MSCI_WORLD,93.3794
2004-10-15,MSCI_WORLD,93.0943
2004-10-18,MSCI_WORLD,93.0145
2004-10-19,MSCI_WORLD,92.9294
2004-10-20,MSCI_WORLD,92.1816
2004-10-21,MSCI_WORLD,92.4757
2004-10-22,MSCI_WORLD,91.8765
2004-10-25,MSCI_WORLD,90.6041
2004-10-26,MSCI_WORLD,91.4265
2004-10-27,MSCI_WORLD,92.4799
2004-10-28,MSCI_WORLD,93.1279
2004-10-29,MSCI_WORLD,93.2420
2004-11-01,MSCI_WORLD,93.3162
2004-11-02,MSCI_WORLD,93.9409
2004-11-03,MSCI_WORLD,94.2067
2004-11-04,MSCI_WORLD,94.6081
2004-11-05,MSCI_WORLD,94.9513
2004-11-08,MSCI_WORLD,94.5945
2004-11-09,MSCI_WORLD,94.6987
2004-11-10,MSCI_WORLD,94.6238
2004-11-11,MSCI_WORLD,95.4302
2004-11-12,MSCI_WORLD,96.0717
2004-11-15,MSCI_WORLD,96.1695
2004-11-16,MSCI_WORLD,95.4521
2004-11-17,MSCI_WORLD,95.8640
2004-11-18,MSCI_WORLD,96.0335
2004-11-19,MSCI_WORLD,95.0276
2004-11-22,MSCI_WORLD,95.0871
2004-11-23,MSCI_WORLD,94.8796
2004-11-24,MSCI_WORLD,94.8314
2004-11-25,MSCI_WORLD,94.7485
2004-11-26,MSCI_WORLD,94.5982
2004-11-29,MSCI_WORLD,94.3972
2004-11-30,MSCI_WORLD,93.9312
2004-12-01,MSCI_WORLD,94.8523
2004-12-02,MSCI_WORLD,95.2432
2004-12-03,MSCI_WORLD,94.7940
2004-12-06,MSCI_WORLD,94.2715
2004-12-07,MSCI_WORLD,93.6539
2004-12-08,MSCI_WORLD,94.4093
2004-12-09,MSCI_WORLD,94.3795
2004-12-10,MSCI_WORLD,94.5108
2004-12-13,MSCI_WORLD,94.9410
2004-12-14,MSCI_WORLD,95.3225
2004-12-15,MSCI_WORLD,94.9649
2004-12-16,MSCI_WORLD,95.5660
2004-12-17,MSCI_WORLD,95.2346
2004-12-20,MSCI_WORLD,94.7161
2004-12-21,MSCI_WORLD,95.3497
2004-12-22,MSCI_WORLD,95.6587
2004-12-23,MSCI_WORLD,95.1789
2004-12-24,MSCI_WORLD,95.2057
2004-12-27,MSCI_WORLD,94.6053
2004-12-28,MSCI_WORLD,95.1346
2004-12-29,MSCI_WORLD,95.1083
2004-12-30,MSCI_WORLD,95.1396
2004-12-31,MSCI_WORLD,95.3501
2005-01-03,MSCI_WORLD,95.6421
2005-01-04,MSCI_WORLD,95.7997
2005-01-05,MSCI_WORLD,95.3708
2005-01-06,MSCI_WORLD,96.1218
2005-01-07,MSCI_WORLD,96.8541
2005-01-10,MSCI_WORLD,96.8606
2005-01-11,MSCI_WORLD,96.2040
2005-01-12,MSCI_WORLD,95.6312
2005-01-13,MSCI_WORLD,95.6365
2005-01-14,MSCI_WORLD,96.6175
2005-01-17,MSCI_WORLD,96.8758
2005-01-18,MSCI_WORLD,97.6023
2005-01-19,MSCI_WORLD,97.1077
2005-01-20,MSCI_WORLD,96.8238
2005-01-21,MSCI_WORLD,96.2415
2005-01-24,MSCI_WORLD,95.9247
2005-01-25,MSCI_WORLD,96.5927
2005-01-26,MSCI_WORLD,96.5345
2005-01-27,MSCI_WORLD,96.7800
2005-01-28,MSCI_WORLD,96.6165
2005-01-31,MSCI_WORLD,97.1859
2005-02-01,MSCI_WORLD,97.8849
2005-02-02,MSCI_WORLD,98.0890
2005-02-03,MSCI_WORLD,98.2156
2005-02-04,MSCI_WORLD,99.2544
2005-02-07,MSCI_WORLD,99.9641
2005-02-08,MSCI_WORLD,100.2682
2005-02-09,MSCI_WORLD,99.7073
2005-02-10,MSCI_WORLD,99.5140
2005-02-11,MSCI_WORLD,100.2681
2005-02-14,MSCI_WORLD,100.0507
2005-02-15,MSCI_WORLD,100.3484
2005-02-16,MSCI_WORLD,100.0111
2005-02-17,MSCI_WORLD,99.2200
2005-02-18,MSCI_WORLD,99.3518
2005-02-21,MSCI_WORLD,99.3237
2005-02-22,MSCI_WORLD,97.6580
2005-02-23,MSCI_WORLD,97.6986
2005-02-24,MSCI_WORLD,98.0244
2005-02-25,MSCI_WORLD,99.1188
2005-02-28,MSCI_WORLD,98.4668
2005-03-01,MSCI_WORLD,99.4018
2005-03-02,MSCI_WORLD,99.7887
2005-03-03,MSCI_WORLD,99.7693
2005-03-04,MSCI_WORLD,100.0399
2005-03-07,MSCI_WORLD,100.4416
2005-03-08,MSCI_WORLD,99.3370
2005-03-09,MSCI_WORLD,98.6333
2005-03-10,MSCI_WORLD,98.0904
2005-03-11,MSCI_WORLD,97.5886
2005-03-14,MSCI_WORLD,98.1794
2005-03-15,MSCI_WORLD,98.3757
2005-03-16,MSCI_WORLD,97.0802
2005-03-17,MSCI_WORLD,97.3359
2005-03-18,MSCI_WORLD,97.8733
2005-03-21,MSCI_WORLD,98.0534
2005-03-22,MSCI_WORLD,97.5067
2005-03-23,MSCI_WORLD,98.1035
2005-03-24,MSCI_WORLD,98.3630
2005-03-25,MSCI_WORLD,98.4103
2005-03-28,MSCI_WORLD,99.0349
2005-03-29,MSCI_WORLD,98.2731
2005-03-30,MSCI_WORLD,98.6270
2005-03-31,MSCI_WORLD,98.6133
2005-04-01,MSCI_WORLD,98.6346
2005-04-04,MSCI_WORLD,99.1824
2005-04-05,MSCI_WORLD,99.6661
2005-04-06,MSCI_WORLD,99.8941
2005-04-07,MSCI_WORLD,100.0849
2005-04-08,MSCI_WORLD,100.0195
2005-04-11,MSCI_WORLD,99.3275
2005-04-12,MSCI_WORLD,99.7830
2005-04-13,MSCI_WORLD,99.2816
2005-04-14,MSCI_WORLD,98.9395
2005-04-15,MSCI_WORLD,96.8398
2005-04-18,MSCI_WORLD,95.6536
2005-04-19,MSCI_WORLD,96.3019
2005-04-20,MSCI_WORLD,95.4101
2005-04-21,MSCI_WORLD,96.0760
2005-04-22,MSCI_WORLD,96.3015
2005-04-25,MSCI_WORLD,97.4279
2005-04-26,MSCI_WORLD,96.9212
2005-04-27,MSCI_WORLD,96.6675
2005-04-28,MSCI_WORLD,96.3075
2005-04-29,MSCI_WORLD,97.1147
2005-05-02,MSCI_WORLD,97.8509
2005-05-03,MSCI_WORLD,97.6478
2005-05-04,MSCI_WORLD,98.2344
2005-05-05,MSCI_WORLD,98.3779
2005-05-06,MSCI_WORLD,99.1222
2005-05-09,MSCI_WORLD,99.3918
2005-05-10,MSCI_WORLD,98.3259
2005-05-11,MSCI_WORLD,98.7583
2005-05-12,MSCI_WORLD,98.8227
2005-05-13,MSCI_WORLD,98.7967
2005-05-16,MSCI_WORLD,99.1966
2005-05-17,MSCI_WORLD,99.4796
2005-05-18,MSCI_WORLD,100.3808
2005-05-19,MSCI_WORLD,101.0962
2005-05-20,MSCI_WORLD,101.3861
2005-05-23,MSCI_WORLD,101.7110
2005-05-24,MSCI_WORLD,101.7491
2005-05-25,MSCI_WORLD,101.3293
2005-05-26,MSCI_WORLD,102.2775
2005-05-27,MSCI_WORLD,102.3237
2005-05-30,MSCI_WORLD,103.0170
2005-05-31,MSCI_WORLD,103.3389
2005-06-01,MSCI_WORLD,104.8322
2005-06-02,MSCI_WORLD,104.8337
2005-06-03,MSCI_WORLD,104.5538
2005-06-06,MSCI_WORLD,104.5649
2005-06-07,MSCI_WORLD,104.9585
2005-06-08,MSCI_WORLD,104.5163
2005-06-09,MSCI_WORLD,105.4415
2005-06-10,MSCI_WORLD,105.9594
2005-06-13,MSCI_WORLD,106.6428
2005-06-14,MSCI_WORLD,106.8256
2005-06-15,MSCI_WORLD,106.5698
2005-06-16,MSCI_WORLD,107.2244
2005-06-17,MSCI_WORLD,106.8214
2005-06-20,MSCI_WORLD,107.3188
2005-06-21,MSCI_WORLD,107.4364
2005-06-22,MSCI_WORLD,107.5411
2005-06-23,MSCI_WORLD,107.5423
2005-06-24,MSCI_WORLD,106.5415
2005-06-27,MSCI_WORLD,105.6495
2005-06-28,MSCI_WORLD,107.0053
2005-06-29,MSCI_WORLD,107.0991
2005-06-30,MSCI_WORLD,106.3081
2005-07-01,MSCI_WORLD,107.4616
2005-07-04,MSCI_WORLD,107.9803
2005-07-05,MSCI_WORLD,108.3963
2005-07-06,MSCI_WORLD,108.0426
2005-07-07,MSCI_WORLD,107.3753
2005-07-08,MSCI_WORLD,108.6212
2005-07-11,MSCI_WORLD,108.4810
2005-07-12,MSCI_WORLD,107.8121
2005-07-13,MSCI_WORLD,108.5675
2005-07-14,MSCI_WORLD,108.8472
2005-07-15,MSCI_WORLD,109.2372
2005-07-18,MSCI_WORLD,108.8131
2005-07-19,MSCI_WORLD,109.6785
2005-07-20,MSCI_WORLD,109.7498
2005-07-21,MSCI_WORLD,109.0454
2005-07-22,MSCI_WORLD,109.3733
2005-07-25,MSCI_WORLD,109.5052
2005-07-26,MSCI_WORLD,109.8063
2005-07-27,MSCI_WORLD,110.1800
2005-07-28,MSCI_WORLD,110.4039
2005-07-29,MSCI_WORLD,109.6593
2005-08-01,MSCI_WORLD,109.4638
2005-08-02,MSCI_WORLD,110.2964
2005-08-03,MSCI_WORLD,109.6940
2005-08-04,MSCI_WORLD,108.6354
2005-08-05,MSCI_WORLD,107.9790
2005-08-08,MSCI_WORLD,107.9253
2005-08-09,MSCI_WORLD,108.6748
2005-08-10,MSCI_WORLD,109.0653
2005-08-11,MSCI_WORLD,109.3240
2005-08-12,MSCI_WORLD,109.0573
2005-08-15,MSCI_WORLD,109.5885
2005-08-16,MSCI_WORLD,109.1168
2005-08-17,MSCI_WORLD,109.1205
2005-08-18,MSCI_WORLD,109.5511
2005-08-19,MSCI_WORLD,110.1131
2005-08-22,MSCI_WORLD,110.0211
2005-08-23,MSCI_WORLD,109.7959
2005-08-24,MSCI_WORLD,108.9613
2005-08-25,MSCI_WORLD,108.6485
2005-08-26,MSCI_WORLD,107.8816
2005-08-29,MSCI_WORLD,108.4488
2005-08-30,MSCI_WORLD,108.8293
2005-08-31,MSCI_WORLD,109.1201
2005-09-01,MSCI_WORLD,108.6879
2005-09-02,MSCI_WORLD,108.0829
2005-09-05,MSCI_WORLD,108.5816
2005-09-06,MSCI_WORLD,109.6924
2005-09-07,MSCI_WORLD,110.1680
2005-09-08,MSCI_WORLD,110.0277
2005-09-09,MSCI_WORLD,110.7890
2005-09-12,MSCI_WORLD,111.8333
2005-09-13,MSCI_WORLD,111.1627
2005-09-14,MSCI_WORLD,111.0159
2005-09-15,MSCI_WORLD,111.6858
2005-09-16,MSCI_WORLD,112.3147
2005-09-19,MSCI_WORLD,112.5865
2005-09-20,MSCI_WORLD,112.2273
2005-09-21,MSCI_WORLD,111.0947
2005-09-22,MSCI_WORLD,111.5773
2005-09-23,MSCI_WORLD,112.1711
2005-09-26,MSCI_WORLD,113.1775
2005-09-27,MSCI_WORLD,113.0991
2005-09-28,MSCI_WORLD,113.6500
2005-09-29,MSCI_WORLD,114.3956
2005-09-30,MSCI_WORLD,114.2014
2005-10-03,MSCI_WORLD,115.2771
2005-10-04,MSCI_WORLD,114.6062
2005-10-05,MSCI_WORLD,112.9864
2005-10-06,MSCI_WORLD,110.6596
2005-10-07,MSCI_WORLD,110.8528
2005-10-10,MSCI_WORLD,110.9694
2005-10-11,MSCI_WORLD,111.4767
2005-10-12,MSCI_WORLD,110.5998
2005-10-13,MSCI_WORLD,110.6652
2005-10-14,MSCI_WORLD,110.3342
2005-10-17,MSCI_WORLD,110.6972
2005-10-18,MSCI_WORLD,110.5041
2005-10-19,MSCI_WORLD,110.3318
2005-10-20,MSCI_WORLD,109.6245
2005-10-21,MSCI_WORLD,109.3770
2005-10-24,MSCI_WORLD,110.9036
2005-10-25,MSCI_WORLD,110.1771
2005-10-26,MSCI_WORLD,110.1986
2005-10-27,MSCI_WORLD,108.8966
2005-10-28,MSCI_WORLD,109.9817
2005-10-31,MSCI_WORLD,112.1658
2005-11-01,MSCI_WORLD,112.1306
2005-11-02,MSCI_WORLD,112.4836
2005-11-03,MSCI_WORLD,113.7201
2005-11-04,MSCI_WORLD,115.0273
2005-11-07,MSCI_WORLD,115.4395
2005-11-08,MSCI_WORLD,115.5742
2005-11-09,MSCI_WORLD,115.7416
2005-11-10,MSCI_WORLD,116.0534
2005-11-11,MSCI_WORLD,117.0338
2005-11-14,MSCI_WORLD,116.8112
2005-11-15,MSCI_WORLD,116.5744
2005-11-16,MSCI_WORLD,116.6774
2005-11-17,MSCI_WORLD,117.3253
2005-11-18,MSCI_WORLD,118.0907
2005-11-21,MSCI_WORLD,118.4352
2005-11-22,MSCI_WORLD,118.8889
2005-11-23,MSCI_WORLD,118.8702
2005-11-24,MSCI_WORLD,118.8421
2005-11-25,MSCI_WORLD,119.4387
2005-11-28,MSCI_WORLD,118.3882
2005-11-29,MSCI_WORLD,118.6218
2005-11-30,MSCI_WORLD,117.7513
2005-12-01,MSCI_WORLD,119.7770
2005-12-02,MSCI_WORLD,120.4930
2005-12-05,MSCI_WORLD,119.7997
2005-12-06,MSCI_WORLD,119.9157
2005-12-07,MSCI_WORLD,120.0559
2005-12-08,MSCI_WORLD,119.0608
2005-12-09,MSCI_WORLD,119.3535
2005-12-12,MSCI_WORLD,118.9075
2005-12-13,MSCI_WORLD,119.5310
2005-12-14,MSCI_WORLD,119.1357
2005-12-15,MSCI_WORLD,119.3575
2005-12-16,MSCI_WORLD,119.0903
2005-12-19,MSCI_WORLD,118.7982
2005-12-20,MSCI_WORLD,119.7281
2005-12-21,MSCI_WORLD,120.7813
2005-12-22,MSCI_WORLD,120.7238
2005-12-23,MSCI_WORLD,120.7915
2005-12-26,MSCI_WORLD,120.8731
2005-12-27,MSCI_WORLD,120.2023
2005-12-28,MSCI_WORLD,120.0596
2005-12-29,MSCI_WORLD,120.6394
2005-12-30,MSCI_WORLD,120.2988
2006-01-02,MSCI_WORLD,120.4299
2006-01-03,MSCI_WORLD,120.6902
2006-01-04,MSCI_WORLD,120.8817
2006-01-05,MSCI_WORLD,120.8689
2006-01-06,MSCI_WORLD,121.5262
2006-01-09,MSCI_WORLD,122.3597
2006-01-10,MSCI_WORLD,121.9362
2006-01-11,MSCI_WORLD,122.3455
2006-01-12,MSCI_WORLD,122.5831
2006-01-13,MSCI_WORLD,122.1259
2006-01-16,MSCI_WORLD,121.7349
2006-01-17,MSCI_WORLD,121.1694
2006-01-18,MSCI_WORLD,119.8673
2006-01-19,MSCI_WORLD,120.7754
2006-01-20,MSCI_WORLD,119.6089
2006-01-23,MSCI_WORLD,118.2245
2006-01-24,MSCI_WORLD,118.5156
2006-01-25,MSCI_WORLD,118.8211
2006-01-26,MSCI_WORLD,119.9136
2006-01-27,MSCI_WORLD,121.9932
2006-01-30,MSCI_WORLD,122.5267
2006-01-31,MSCI_WORLD,122.0742
2006-02-01,MSCI_WORLD,122.6496
2006-02-02,MSCI_WORLD,121.8433
2006-02-03,MSCI_WORLD,121.9405
2006-02-06,MSCI_WORLD,122.3226
2006-02-07,MSCI_WORLD,121.8163
2006-02-08,MSCI_WORLD,121.7805
2006-02-09,MSCI_WORLD,122.2653
2006-02-10,MSCI_WORLD,122.4306
2006-02-13,MSCI_WORLD,122.0014
2006-02-14,MSCI_WORLD,123.0634
2006-02-15,MSCI_WORLD,123.0336
2006-02-16,MSCI_WORLD,123.8791
2006-02-17,MSCI_WORLD,123.3723
2006-02-20,MSCI_WORLD,123.1688
2006-02-21,MSCI_WORLD,123.6844
2006-02-22,MSCI_WORLD,124.5018
2006-02-23,MSCI_WORLD,124.3466
2006-02-24,MSCI_WORLD,125.0474
2006-02-27,MSCI_WORLD,125.7415
2006-02-28,MSCI_WORLD,124.1468
2006-03-01,MSCI_WORLD,124.7354
2006-03-02,MSCI_WORLD,123.9966
2006-03-03,MSCI_WORLD,123.4838
2006-03-06,MSCI_WORLD,123.2259
2006-03-07,MSCI_WORLD,123.5502
2006-03-08,MSCI_WORLD,122.9886
2006-03-09,MSCI_WORLD,123.2874
2006-03-10,MSCI_WORLD,124.1639
2006-03-13,MSCI_WORLD,124.5568
2006-03-14,MSCI_WORLD,124.7854
2006-03-15,MSCI_WORLD,125.1098
2006-03-16,MSCI_WORLD,124.2580
2006-03-17,MSCI_WORLD,124.4695
2006-03-20,MSCI_WORLD,124.5947
2006-03-21,MSCI_WORLD,124.7028
2006-03-22,MSCI_WORLD,125.2421
2006-03-23,MSCI_WORLD,125.6576
2006-03-24,MSCI_WORLD,125.8492
2006-03-27,MSCI_WORLD,125.5200
2006-03-28,MSCI_WORLD,124.5561
2006-03-29,MSCI_WORLD,125.7834
2006-03-30,MSCI_WORLD,125.3071
2006-03-31,MSCI_WORLD,125.0000
2006-04-03,MSCI_WORLD,125.6405
2006-04-04,MSCI_WORLD,124.8092
2006-04-05,MSCI_WORLD,125.2656
2006-04-06,MSCI_WORLD,125.9002
2006-04-07,MSCI_WORLD,125.9658
2006-04-10,MSCI_WORLD,126.1538
2006-04-11,MSCI_WORLD,124.9924
2006-04-12,MSCI_WORLD,124.8303
2006-04-13,MSCI_WORLD,125.2003
2006-04-14,MSCI_WORLD,125.2073
2006-04-17,MSCI_WORLD,123.6519
2006-04-18,MSCI_WORLD,124.9805
2006-04-19,MSCI_WORLD,125.3603
2006-04-20,MSCI_WORLD,125.6803
2006-04-21,MSCI_WORLD,125.9321
2006-04-24,MSCI_WORLD,125.2494
2006-04-25,MSCI_WORLD,124.7745
2006-04-26,MSCI_WORLD,124.8894
2006-04-27,MSCI_WORLD,124.3895
2006-04-28,MSCI_WORLD,123.7338
2006-05-01,MSCI_WORLD,123.6839
2006-05-02,MSCI_WORLD,124.3776
2006-05-03,MSCI_WORLD,124.0176
2006-05-04,MSCI_WORLD,123.8675
2006-05-05,MSCI_WORLD,124.8029
2006-05-08,MSCI_WORLD,125.2563
2006-05-09,MSCI_WORLD,125.1966
2006-05-10,MSCI_WORLD,124.5838
2006-05-11,MSCI_WORLD,123.3547
2006-05-12,MSCI_WORLD,121.1882
2006-05-15,MSCI_WORLD,120.8465
2006-05-16,MSCI_WORLD,120.4171
2006-05-17,MSCI_WORLD,118.8554
2006-05-18,MSCI_WORLD,117.6641
2006-05-19,MSCI_WORLD,118.3616
2006-05-22,MSCI_WORLD,116.1583
2006-05-23,MSCI_WORLD,116.3807
2006-05-24,MSCI_WORLD,116.5079
2006-05-25,MSCI_WORLD,117.5170
2006-05-26,MSCI_WORLD,119.2031
2006-05-29,MSCI_WORLD,119.0781
2006-05-30,MSCI_WORLD,116.5472
2006-05-31,MSCI_WORLD,117.1998
2006-06-01,MSCI_WORLD,118.3165
2006-06-02,MSCI_WORLD,118.2472
2006-06-05,MSCI_WORLD,116.6896
2006-06-06,MSCI_WORLD,116.0659
2006-06-07,MSCI_WORLD,115.7608
2006-06-08,MSCI_WORLD,115.0416
2006-06-09,MSCI_WORLD,115.6707
2006-06-12,MSCI_WORLD,114.9420
2006-06-13,MSCI_WORLD,112.8278
2006-06-14,MSCI_WORLD,112.9666
2006-06-15,MSCI_WORLD,115.2872
2006-06-16,MSCI_WORLD,115.2259
2006-06-19,MSCI_WORLD,115.1993
2006-06-20,MSCI_WORLD,115.1472
2006-06-21,MSCI_WORLD,115.4159
2006-06-22,MSCI_WORLD,115.9898
2006-06-23,MSCI_WORLD,116.3319
2006-06-26,MSCI_WORLD,116.3559
2006-06-27,MSCI_WORLD,115.3311
2006-06-28,MSCI_WORLD,115.8878
2006-06-29,MSCI_WORLD,118.1354
2006-06-30,MSCI_WORLD,117.6969
2006-07-03,MSCI_WORLD,118.2893
2006-07-04,MSCI_WORLD,118.5724
2006-07-05,MSCI_WORLD,117.8426
2006-07-06,MSCI_WORLD,118.0638
2006-07-07,MSCI_WORLD,117.3388
2006-07-10,MSCI_WORLD,118.1813
2006-07-11,MSCI_WORLD,117.9095
2006-07-12,MSCI_WORLD,117.4077
2006-07-13,MSCI_WORLD,115.9204
2006-07-14,MSCI_WORLD,115.0882
2006-07-17,MSCI_WORLD,115.3727
2006-07-18,MSCI_WORLD,115.1458
2006-07-19,MSCI_WORLD,116.6744
2006-07-20,MSCI_WORLD,116.2087
2006-07-21,MSCI_WORLD,115.0897
2006-07-24,MSCI_WORLD,117.0859
2006-07-25,MSCI_WORLD,117.8099
2006-07-26,MSCI_WORLD,117.9255
2006-07-27,MSCI_WORLD,117.7012
2006-07-28,MSCI_WORLD,118.7077
2006-07-31,MSCI_WORLD,118.6634
2006-08-01,MSCI_WORLD,118.0813
2006-08-02,MSCI_WORLD,118.5522
2006-08-03,MSCI_WORLD,118.4176
2006-08-04,MSCI_WORLD,118.2385
2006-08-07,MSCI_WORLD,117.5598
2006-08-08,MSCI_WORLD,117.7510
2006-08-09,MSCI_WORLD,117.6065
2006-08-10,MSCI_WORLD,118.2089
2006-08-11,MSCI_WORLD,117.9687
2006-08-14,MSCI_WORLD,118.5882
2006-08-15,MSCI_WORLD,119.6039
2006-08-16,MSCI_WORLD,120.1870
2006-08-17,MSCI_WORLD,120.3618
2006-08-18,MSCI_WORLD,120.7669
2006-08-21,MSCI_WORLD,119.7964
2006-08-22,MSCI_WORLD,120.7728
2006-08-23,MSCI_WORLD,120.4515
2006-08-24,MSCI_WORLD,120.4645
2006-08-25,MSCI_WORLD,120.6129
2006-08-28,MSCI_WORLD,120.6893
2006-08-29,MSCI_WORLD,121.3042
2006-08-30,MSCI_WORLD,121.0619
2006-08-31,MSCI_WORLD,121.3727
2006-09-01,MSCI_WORLD,121.9086
2006-09-04,MSCI_WORLD,122.0327
2006-09-05,MSCI_WORLD,122.3922
2006-09-06,MSCI_WORLD,121.2394
2006-09-07,MSCI_WORLD,120.6317
2006-09-08,MSCI_WORLD,121.3639
2006-09-11,MSCI_WORLD,120.5292
2006-09-12,MSCI_WORLD,121.6042
2006-09-13,MSCI_WORLD,122.1189
2006-09-14,MSCI_WORLD,121.7070
2006-09-15,MSCI_WORLD,122.5254
2006-09-18,MSCI_WORLD,122.4160
2006-09-19,MSCI_WORLD,121.9888
2006-09-20,MSCI_WORLD,122.4249
2006-09-21,MSCI_WORLD,122.3174
2006-09-22,MSCI_WORLD,121.0335
2006-09-25,MSCI_WORLD,121.8866
2006-09-26,MSCI_WORLD,123.2458
2006-09-27,MSCI_WORLD,123.7479
2006-09-28,MSCI_WORLD,124.1231
2006-09-29,MSCI_WORLD,124.1094
2006-10-02,MSCI_WORLD,123.5587
2006-10-03,MSCI_WORLD,123.4065
2006-10-04,MSCI_WORLD,124.6403
2006-10-05,MSCI_WORLD,125.4859
2006-10-06,MSCI_WORLD,125.8859
2006-10-09,MSCI_WORLD,125.8816
2006-10-10,MSCI_WORLD,126.7301
2006-10-11,MSCI_WORLD,126.4043
2006-10-12,MSCI_WORLD,127.4235
2006-10-13,MSCI_WORLD,128.1404
2006-10-16,MSCI_WORLD,128.5620
2006-10-17,MSCI_WORLD,127.6683
2006-10-18,MSCI_WORLD,128.2992
2006-10-19,MSCI_WORLD,127.8656
2006-10-20,MSCI_WORLD,128.0854
2006-10-23,MSCI_WORLD,129.0785
2006-10-24,MSCI_WORLD,129.1638
2006-10-25,MSCI_WORLD,129.3193
2006-10-26,MSCI_WORLD,129.2802
2006-10-27,MSCI_WORLD,128.2717
2006-10-30,MSCI_WORLD,127.9764
2006-10-31,MSCI_WORLD,127.6968
2006-11-01,MSCI_WORLD,127.3089
2006-11-02,MSCI_WORLD,127.1451
2006-11-03,MSCI_WORLD,127.5339
2006-11-06,MSCI_WORLD,128.6401
2006-11-07,MSCI_WORLD,128.5487
2006-11-08,MSCI_WORLD,128.7673
2006-11-09,MSCI_WORLD,127.9919
2006-11-10,MSCI_WORLD,127.6432
2006-11-13,MSCI_WORLD,127.9643
2006-11-14,MSCI_WORLD,128.5744
2006-11-15,MSCI_WORLD,128.9974
2006-11-16,MSCI_WORLD,129.1130
2006-11-17,MSCI_WORLD,128.7097
2006-11-20,MSCI_WORLD,128.4584
2006-11-21,MSCI_WORLD,128.6985
2006-11-22,MSCI_WORLD,128.5114
2006-11-23,MSCI_WORLD,128.4017
2006-11-24,MSCI_WORLD,126.8644
2006-11-27,MSCI_WORLD,125.2414
2006-11-28,MSCI_WORLD,125.0760
2006-11-29,MSCI_WORLD,126.5311
2006-11-30,MSCI_WORLD,125.9681
2006-12-01,MSCI_WORLD,125.0272
2006-12-04,MSCI_WORLD,125.9108
2006-12-05,MSCI_WORLD,126.5500
2006-12-06,MSCI_WORLD,126.6251
2006-12-07,MSCI_WORLD,126.7711
2006-12-08,MSCI_WORLD,126.6395
2006-12-11,MSCI_WORLD,127.5824
2006-12-12,MSCI_WORLD,127.5482
2006-12-13,MSCI_WORLD,128.0283
2006-12-14,MSCI_WORLD,129.3130
2006-12-15,MSCI_WORLD,130.1164
2006-12-18,MSCI_WORLD,130.0118
2006-12-19,MSCI_WORLD,128.9892
2006-12-20,MSCI_WORLD,129.1884
2006-12-21,MSCI_WORLD,129.0171
2006-12-22,MSCI_WORLD,128.5525
2006-12-25,MSCI_WORLD,128.5030
2006-12-26,MSCI_WORLD,128.9196
2006-12-27,MSCI_WORLD,130.0383
2006-12-28,MSCI_WORLD,129.8911
2006-12-29,MSCI_WORLD,129.2017
2007-01-01,MSCI_WORLD,129.2017
2007-01-02,MSCI_WORLD,129.2493
2007-01-03,MSCI_WORLD,129.5659
2007-01-04,MSCI_WORLD,130.2400
2007-01-05,MSCI_WORLD,129.9160
2007-01-08,MSCI_WORLD,129.9194
2007-01-09,MSCI_WORLD,130.1089
2007-01-10,MSCI_WORLD,130.0139
2007-01-11,MSCI_WORLD,131.4851
2007-01-12,MSCI_WORLD,132.1311
2007-01-15,MSCI_WORLD,132.6232
2007-01-16,MSCI_WORLD,132.3873
2007-01-17,MSCI_WORLD,132.2494
2007-01-18,MSCI_WORLD,131.9906
2007-01-19,MSCI_WORLD,132.5518
2007-01-22,MSCI_WORLD,132.1264
2007-01-23,MSCI_WORLD,131.9234
2007-01-24,MSCI_WORLD,133.4541
2007-01-25,MSCI_WORLD,132.3983
2007-01-26,MSCI_WORLD,132.4185
2007-01-29,MSCI_WORLD,132.2550
2007-01-30,MSCI_WORLD,132.7336
2007-01-31,MSCI_WORLD,132.6585
2007-02-01,MSCI_WORLD,133.6106
2007-02-02,MSCI_WORLD,134.2505
2007-02-05,MSCI_WORLD,134.4692
2007-02-06,MSCI_WORLD,134.6539
2007-02-07,MSCI_WORLD,134.4393
2007-02-08,MSCI_WORLD,133.7325
2007-02-09,MSCI_WORLD,133.8884
2007-02-12,MSCI_WORLD,133.5861
2007-02-13,MSCI_WORLD,134.0447
2007-02-14,MSCI_WORLD,134.3726
2007-02-15,MSCI_WORLD,134.6497
2007-02-16,MSCI_WORLD,134.6619
2007-02-19,MSCI_WORLD,134.7130
2007-02-20,MSCI_WORLD,134.6652
2007-02-21,MSCI_WORLD,134.3929
2007-02-22,MSCI_WORLD,134.7772
2007-02-23,MSCI_WORLD,134.4427
2007-02-26,MSCI_WORLD,134.6568
2007-02-27,MSCI_WORLD,130.5847
2007-02-28,MSCI_WORLD,129.8203
2007-03-01,MSCI_WORLD,129.4815
2007-03-02,MSCI_WORLD,128.4164
2007-03-05,MSCI_WORLD,127.1565
2007-03-06,MSCI_WORLD,128.8542
2007-03-07,MSCI_WORLD,128.7820
2007-03-08,MSCI_WORLD,130.1460
2007-03-09,MSCI_WORLD,130.4260
2007-03-12,MSCI_WORLD,130.1713
2007-03-13,MSCI_WORLD,128.2234
2007-03-14,MSCI_WORLD,126.8302
2007-03-15,MSCI_WORLD,127.9377
2007-03-16,MSCI_WORLD,127.2356
2007-03-19,MSCI_WORLD,128.7665
2007-03-20,MSCI_WORLD,129.7514
2007-03-21,MSCI_WORLD,130.9601
2007-03-22,MSCI_WORLD,131.5248
2007-03-23,MSCI_WORLD,132.2640
2007-03-26,MSCI_WORLD,131.8039
2007-03-27,MSCI_WORLD,131.1532
2007-03-28,MSCI_WORLD,130.2853
2007-03-29,MSCI_WORLD,131.1083
2007-03-30,MSCI_WORLD,131.1837
2007-04-02,MSCI_WORLD,130.9123
2007-04-03,MSCI_WORLD,132.1673
2007-04-04,MSCI_WORLD,132.6531
2007-04-05,MSCI_WORLD,132.4315
2007-04-06,MSCI_WORLD,132.3979
2007-04-09,MSCI_WORLD,132.9782
2007-04-10,MSCI_WORLD,133.0159
2007-04-11,MSCI_WORLD,132.5916
2007-04-12,MSCI_WORLD,132.4334
2007-04-13,MSCI_WORLD,132.6706
2007-04-16,MSCI_WORLD,133.8662
2007-04-17,MSCI_WORLD,133.8901
2007-04-18,MSCI_WORLD,133.9090
2007-04-19,MSCI_WORLD,133.1540
2007-04-20,MSCI_WORLD,134.4462
2007-04-23,MSCI_WORLD,134.4505
2007-04-24,MSCI_WORLD,133.6328
2007-04-25,MSCI_WORLD,134.2423
2007-04-26,MSCI_WORLD,134.6387
2007-04-27,MSCI_WORLD,134.0183
2007-04-30,MSCI_WORLD,133.5984
2007-05-01,MSCI_WORLD,133.9345
2007-05-02,MSCI_WORLD,134.8160
2007-05-03,MSCI_WORLD,135.4861
2007-05-04,MSCI_WORLD,135.9505
2007-05-07,MSCI_WORLD,136.2966
2007-05-08,MSCI_WORLD,136.4685
2007-05-09,MSCI_WORLD,136.8024
2007-05-10,MSCI_WORLD,135.6741
2007-05-11,MSCI_WORLD,136.3905
2007-05-14,MSCI_WORLD,136.1858
2007-05-15,MSCI_WORLD,135.7247
2007-05-16,MSCI_WORLD,136.3119
2007-05-17,MSCI_WORLD,136.9207
2007-05-18,MSCI_WORLD,137.6915
2007-05-21,MSCI_WORLD,138.1993
2007-05-22,MSCI_WORLD,138.2953
2007-05-23,MSCI_WORLD,138.5006
2007-05-24,MSCI_WORLD,137.7314
2007-05-25,MSCI_WORLD,137.7461
2007-05-28,MSCI_WORLD,137.9025
2007-05-29,MSCI_WORLD,138.0270
2007-05-30,MSCI_WORLD,138.8431
2007-05-31,MSCI_WORLD,139.2897
2007-06-01,MSCI_WORLD,140.4150
2007-06-04,MSCI_WORLD,140.1633
2007-06-05,MSCI_WORLD,139.2878
2007-06-06,MSCI_WORLD,138.1962
2007-06-07,MSCI_WORLD,136.5863
2007-06-08,MSCI_WORLD,137.7002
2007-06-11,MSCI_WORLD,138.3273
2007-06-12,MSCI_WORLD,137.4638
2007-06-13,MSCI_WORLD,138.5980
2007-06-14,MSCI_WORLD,139.7048
2007-06-15,MSCI_WORLD,140.5668
2007-06-18,MSCI_WORLD,140.2671
2007-06-19,MSCI_WORLD,140.1704
2007-06-20,MSCI_WORLD,139.3356
2007-06-21,MSCI_WORLD,139.4693
2007-06-22,MSCI_WORLD,138.1015
2007-06-25,MSCI_WORLD,137.4629
2007-06-26,MSCI_WORLD,136.8965
2007-06-27,MSCI_WORLD,137.2443
2007-06-28,MSCI_WORLD,137.6144
2007-06-29,MSCI_WORLD,137.7139
2007-07-02,MSCI_WORLD,137.7158
2007-07-03,MSCI_WORLD,138.5393
2007-07-04,MSCI_WORLD,138.6786
2007-07-05,MSCI_WORLD,138.6572
2007-07-06,MSCI_WORLD,138.9566
2007-07-09,MSCI_WORLD,139.3735
2007-07-10,MSCI_WORLD,137.3533
2007-07-11,MSCI_WORLD,136.9840
2007-07-12,MSCI_WORLD,138.8199
2007-07-13,MSCI_WORLD,139.5048
2007-07-16,MSCI_WORLD,139.4522
2007-07-17,MSCI_WORLD,139.1463
2007-07-18,MSCI_WORLD,138.2538
2007-07-19,MSCI_WORLD,139.0381
2007-07-20,MSCI_WORLD,137.8543
2007-07-23,MSCI_WORLD,138.3296
2007-07-24,MSCI_WORLD,136.3180
2007-07-25,MSCI_WORLD,136.8343
2007-07-26,MSCI_WORLD,133.6779
2007-07-27,MSCI_WORLD,132.3056
2007-07-30,MSCI_WORLD,132.7707
2007-07-31,MSCI_WORLD,132.8637
2007-08-01,MSCI_WORLD,132.2160
2007-08-02,MSCI_WORLD,132.9719
2007-08-03,MSCI_WORLD,130.1722
2007-08-06,MSCI_WORLD,130.9241
2007-08-07,MSCI_WORLD,132.0148
2007-08-08,MSCI_WORLD,133.7229
2007-08-09,MSCI_WORLD,131.8954
2007-08-10,MSCI_WORLD,130.1660
2007-08-13,MSCI_WORLD,131.4650
2007-08-14,MSCI_WORLD,130.0007
2007-08-15,MSCI_WORLD,129.0543
2007-08-16,MSCI_WORLD,127.8764
2007-08-17,MSCI_WORLD,128.9391
2007-08-20,MSCI_WORLD,130.0941
2007-08-21,MSCI_WORLD,130.5022
2007-08-22,MSCI_WORLD,131.8539
2007-08-23,MSCI_WORLD,131.9962
2007-08-24,MSCI_WORLD,132.4521
2007-08-27,MSCI_WORLD,132.0726
2007-08-28,MSCI_WORLD,129.7140
2007-08-29,MSCI_WORLD,131.0534
2007-08-30,MSCI_WORLD,131.4585
2007-08-31,MSCI_WORLD,133.3083
2007-09-03,MSCI_WORLD,133.6113
2007-09-04,MSCI_WORLD,134.7234
2007-09-05,MSCI_WORLD,132.6826
2007-09-06,MSCI_WORLD,132.9119
2007-09-07,MSCI_WORLD,130.4734
2007-09-10,MSCI_WORLD,129.4533
2007-09-11,MSCI_WORLD,130.8850
2007-09-12,MSCI_WORLD,130.7716
2007-09-13,MSCI_WORLD,131.6060
2007-09-14,MSCI_WORLD,131.5270
2007-09-17,MSCI_WORLD,130.5000
2007-09-18,MSCI_WORLD,132.6175
2007-09-19,MSCI_WORLD,134.3167
2007-09-20,MSCI_WORLD,133.1059
2007-09-21,MSCI_WORLD,133.3824
2007-09-24,MSCI_WORLD,133.2081
2007-09-25,MSCI_WORLD,132.8094
2007-09-26,MSCI_WORLD,133.4043
2007-09-27,MSCI_WORLD,134.3368
2007-09-28,MSCI_WORLD,133.8642
2007-10-01,MSCI_WORLD,134.9395
2007-10-02,MSCI_WORLD,135.8899
2007-10-03,MSCI_WORLD,135.7747
2007-10-04,MSCI_WORLD,135.9390
2007-10-05,MSCI_WORLD,137.1301
2007-10-08,MSCI_WORLD,137.1805
2007-10-09,MSCI_WORLD,137.9543
2007-10-10,MSCI_WORLD,137.4783
2007-10-11,MSCI_WORLD,137.1685
2007-10-12,MSCI_WORLD,137.8169
2007-10-15,MSCI_WORLD,136.4452
2007-10-16,MSCI_WORLD,135.7103
2007-10-17,MSCI_WORLD,135.7613
2007-10-18,MSCI_WORLD,135.1822
2007-10-19,MSCI_WORLD,133.1477
2007-10-22,MSCI_WORLD,133.0958
2007-10-23,MSCI_WORLD,133.7360
2007-10-24,MSCI_WORLD,133.4034
2007-10-25,MSCI_WORLD,133.2984
2007-10-26,MSCI_WORLD,134.4598
2007-10-29,MSCI_WORLD,135.4130
2007-10-30,MSCI_WORLD,134.5228
2007-10-31,MSCI_WORLD,135.6240
2007-11-01,MSCI_WORLD,133.5972
2007-11-02,MSCI_WORLD,132.6716
2007-11-05,MSCI_WORLD,131.7820
2007-11-06,MSCI_WORLD,132.4046
2007-11-07,MSCI_WORLD,129.7206
2007-11-08,MSCI_WORLD,128.7863
2007-11-09,MSCI_WORLD,127.0516
2007-11-12,MSCI_WORLD,126.5407
2007-11-13,MSCI_WORLD,128.0257
2007-11-14,MSCI_WORLD,127.7650
2007-11-15,MSCI_WORLD,126.5047
2007-11-16,MSCI_WORLD,126.1542
2007-11-19,MSCI_WORLD,123.9537
2007-11-20,MSCI_WORLD,124.0830
2007-11-21,MSCI_WORLD,121.5307
2007-11-22,MSCI_WORLD,121.6910
2007-11-23,MSCI_WORLD,123.6428
2007-11-26,MSCI_WORLD,122.2697
2007-11-27,MSCI_WORLD,122.7594
2007-11-28,MSCI_WORLD,126.0422
2007-11-29,MSCI_WORLD,126.6612
2007-11-30,MSCI_WORLD,128.2104
2007-12-03,MSCI_WORLD,127.8403
2007-12-04,MSCI_WORLD,126.1476
2007-12-05,MSCI_WORLD,128.3433
2007-12-06,MSCI_WORLD,129.7826
2007-12-07,MSCI_WORLD,129.9871
2007-12-10,MSCI_WORLD,130.3398
2007-12-11,MSCI_WORLD,128.8189
2007-12-12,MSCI_WORLD,129.2059
2007-12-13,MSCI_WORLD,128.1582
2007-12-14,MSCI_WORLD,128.0855
2007-12-17,MSCI_WORLD,126.2197
2007-12-18,MSCI_WORLD,126.3312
2007-12-19,MSCI_WORLD,126.1072
2007-12-20,MSCI_WORLD,126.8648
2007-12-21,MSCI_WORLD,128.5581
2007-12-24,MSCI_WORLD,129.0014
2007-12-25,MSCI_WORLD,129.2477
2007-12-26,MSCI_WORLD,128.8329
2007-12-27,MSCI_WORLD,127.6165
2007-12-28,MSCI_WORLD,126.8079
2007-12-31,MSCI_WORLD,127.0584
2008-01-01,MSCI_WORLD,127.0584
2008-01-02,MSCI_WORLD,125.3173
2008-01-03,MSCI_WORLD,125.2111
2008-01-04,MSCI_WORLD,122.1469
2008-01-07,MSCI_WORLD,122.1301
2008-01-08,MSCI_WORLD,121.3552
2008-01-09,MSCI_WORLD,121.9612
2008-01-10,MSCI_WORLD,121.4254
2008-01-11,MSCI_WORLD,119.8661
2008-01-14,MSCI_WORLD,120.2804
2008-01-15,MSCI_WORLD,117.6545
2008-01-16,MSCI_WORLD,117.0656
2008-01-17,MSCI_WORLD,115.3739
2008-01-18,MSCI_WORLD,115.0008
2008-01-21,MSCI_WORLD,112.7249
2008-01-22,MSCI_WORLD,111.3778
2008-01-23,MSCI_WORLD,112.2793
2008-01-24,MSCI_WORLD,114.4960
2008-01-25,MSCI_WORLD,114.5361
2008-01-28,MSCI_WORLD,114.1297
2008-01-29,MSCI_WORLD,115.5265
2008-01-30,MSCI_WORLD,114.6890
2008-01-31,MSCI_WORLD,115.8784
2008-02-01,MSCI_WORLD,117.4279
2008-02-04,MSCI_WORLD,117.2290
2008-02-05,MSCI_WORLD,114.7704
2008-02-06,MSCI_WORLD,113.7996
2008-02-07,MSCI_WORLD,114.3245
2008-02-08,MSCI_WORLD,114.2266
2008-02-11,MSCI_WORLD,114.2206
2008-02-12,MSCI_WORLD,115.3781
2008-02-13,MSCI_WORLD,116.2061
2008-02-14,MSCI_WORLD,115.7851
2008-02-15,MSCI_WORLD,114.7530
2008-02-18,MSCI_WORLD,115.5611
2008-02-19,MSCI_WORLD,115.4313
2008-02-20,MSCI_WORLD,115.4013
2008-02-21,MSCI_WORLD,114.6238
2008-02-22,MSCI_WORLD,114.5664
2008-02-25,MSCI_WORLD,116.2603
2008-02-26,MSCI_WORLD,117.0866
2008-02-27,MSCI_WORLD,116.2581
2008-02-28,MSCI_WORLD,114.6726
2008-02-29,MSCI_WORLD,112.3619
2008-03-03,MSCI_WORLD,111.1526
2008-03-04,MSCI_WORLD,110.2378
2008-03-05,MSCI_WORLD,110.9971
2008-03-06,MSCI_WORLD,109.2084
2008-03-07,MSCI_WORLD,107.8096
2008-03-10,MSCI_WORLD,106.1524
2008-03-11,MSCI_WORLD,108.7444
2008-03-12,MSCI_WORLD,108.3656
2008-03-13,MSCI_WORLD,107.5899
2008-03-14,MSCI_WORLD,105.8774
2008-03-17,MSCI_WORLD,102.6247
2008-03-18,MSCI_WORLD,105.9169
2008-03-19,MSCI_WORLD,105.0865
2008-03-20,MSCI_WORLD,106.9387
2008-03-21,MSCI_WORLD,107.1346
2008-03-24,MSCI_WORLD,108.0585
2008-03-25,MSCI_WORLD,109.0448
2008-03-26,MSCI_WORLD,107.8710
2008-03-27,MSCI_WORLD,107.3874
2008-03-28,MSCI_WORLD,107.0702
2008-03-31,MSCI_WORLD,106.6180
2008-04-01,MSCI_WORLD,110.6229
2008-04-02,MSCI_WORLD,111.5466
2008-04-03,MSCI_WORLD,111.6912
2008-04-04,MSCI_WORLD,111.4659
2008-04-07,MSCI_WORLD,112.1308
2008-04-08,MSCI_WORLD,111.3038
2008-04-09,MSCI_WORLD,110.0885
2008-04-10,MSCI_WORLD,110.2330
2008-04-11,MSCI_WORLD,108.6674
2008-04-14,MSCI_WORLD,107.7633
2008-04-15,MSCI_WORLD,108.4508
2008-04-16,MSCI_WORLD,110.0249
2008-04-17,MSCI_WORLD,110.1171
2008-04-18,MSCI_WORLD,112.5695
2008-04-21,MSCI_WORLD,111.8606
2008-04-22,MSCI_WORLD,110.7545
2008-04-23,MSCI_WORLD,111.5660
2008-04-24,MSCI_WORLD,112.5677
2008-04-25,MSCI_WORLD,113.9288
2008-04-28,MSCI_WORLD,114.3360
2008-04-29,MSCI_WORLD,113.9864
2008-04-30,MSCI_WORLD,114.2146
2008-05-01,MSCI_WORLD,115.6277
2008-05-02,MSCI_WORLD,117.1009
2008-05-05,MSCI_WORLD,116.4905
2008-05-06,MSCI_WORLD,116.5220
2008-05-07,MSCI_WORLD,116.6625
2008-05-08,MSCI_WORLD,116.8249
2008-05-09,MSCI_WORLD,115.7256
2008-05-12,MSCI_WORLD,116.1993
2008-05-13,MSCI_WORLD,116.3077
2008-05-14,MSCI_WORLD,116.9043
2008-05-15,MSCI_WORLD,117.8910
2008-05-16,MSCI_WORLD,118.1203
2008-05-19,MSCI_WORLD,118.8582
2008-05-20,MSCI_WORLD,116.9835
2008-05-21,MSCI_WORLD,114.9036
2008-05-22,MSCI_WORLD,115.4252
2008-05-23,MSCI_WORLD,113.7902
2008-05-26,MSCI_WORLD,113.3272
2008-05-27,MSCI_WORLD,113.8255
2008-05-28,MSCI_WORLD,114.6852
2008-05-29,MSCI_WORLD,115.7997
2008-05-30,MSCI_WORLD,116.1689
2008-06-02,MSCI_WORLD,115.5208
2008-06-03,MSCI_WORLD,115.5154
2008-06-04,MSCI_WORLD,115.2985
2008-06-05,MSCI_WORLD,115.7235
2008-06-06,MSCI_WORLD,112.6044
2008-06-09,MSCI_WORLD,112.0796
2008-06-10,MSCI_WORLD,112.3476
2008-06-11,MSCI_WORLD,110.7582
2008-06-12,MSCI_WORLD,111.1510
2008-06-13,MSCI_WORLD,112.6738
2008-06-16,MSCI_WORLD,112.4059
2008-06-17,MSCI_WORLD,112.1796
2008-06-18,MSCI_WORLD,111.1884
2008-06-19,MSCI_WORLD,110.8866
2008-06-20,MSCI_WORLD,108.3727
2008-06-23,MSCI_WORLD,108.9541
2008-06-24,MSCI_WORLD,107.9536
2008-06-25,MSCI_WORLD,108.7110
2008-06-26,MSCI_WORLD,105.5799
2008-06-27,MSCI_WORLD,105.1360
2008-06-30,MSCI_WORLD,105.4447
2008-07-01,MSCI_WORLD,104.7457
2008-07-02,MSCI_WORLD,102.7343
2008-07-03,MSCI_WORLD,103.5286
2008-07-04,MSCI_WORLD,103.2395
2008-07-07,MSCI_WORLD,103.2746
2008-07-08,MSCI_WORLD,103.2549
2008-07-09,MSCI_WORLD,102.6122
2008-07-10,MSCI_WORLD,102.0663
2008-07-11,MSCI_WORLD,100.2524
2008-07-14,MSCI_WORLD,100.0427
2008-07-15,MSCI_WORLD,98.2678
2008-07-16,MSCI_WORLD,100.2229
2008-07-17,MSCI_WORLD,101.5133
2008-07-18,MSCI_WORLD,101.9003
2008-07-21,MSCI_WORLD,102.3432
2008-07-22,MSCI_WORLD,103.1314
2008-07-23,MSCI_WORLD,104.6448
2008-07-24,MSCI_WORLD,103.2128
2008-07-25,MSCI_WORLD,102.9489
2008-07-28,MSCI_WORLD,101.3891
2008-07-29,MSCI_WORLD,102.8951
2008-07-30,MSCI_WORLD,104.7975
2008-07-31,MSCI_WORLD,103.8770
2008-08-01,MSCI_WORLD,103.0316
2008-08-04,MSCI_WORLD,101.7121
2008-08-05,MSCI_WORLD,104.2106
2008-08-06,MSCI_WORLD,105.3672
2008-08-07,MSCI_WORLD,104.3466
2008-08-08,MSCI_WORLD,107.1854
2008-08-11,MSCI_WORLD,108.3631
2008-08-12,MSCI_WORLD,108.0135
2008-08-13,MSCI_WORLD,107.1168
2008-08-14,MSCI_WORLD,107.3563
2008-08-15,MSCI_WORLD,108.5389
2008-08-18,MSCI_WORLD,107.8336
2008-08-19,MSCI_WORLD,106.1528
2008-08-20,MSCI_WORLD,106.6575
2008-08-21,MSCI_WORLD,105.9603
2008-08-22,MSCI_WORLD,107.2374
2008-08-25,MSCI_WORLD,106.4393
2008-08-26,MSCI_WORLD,107.1820
2008-08-27,MSCI_WORLD,107.4734
2008-08-28,MSCI_WORLD,108.7323
2008-08-29,MSCI_WORLD,108.5394
2008-09-01,MSCI_WORLD,108.7826
2008-09-02,MSCI_WORLD,108.7199
2008-09-03,MSCI_WORLD,108.3709
2008-09-04,MSCI_WORLD,105.9426
2008-09-05,MSCI_WORLD,105.7602
2008-09-08,MSCI_WORLD,108.5918
2008-09-09,MSCI_WORLD,106.3994
2008-09-10,MSCI_WORLD,106.9434
2008-09-11,MSCI_WORLD,107.8775
2008-09-12,MSCI_WORLD,107.6424
2008-09-15,MSCI_WORLD,103.6568
2008-09-16,MSCI_WORLD,103.4152
2008-09-17,MSCI_WORLD,99.8201
2008-09-18,MSCI_WORLD,100.6646
2008-09-19,MSCI_WORLD,106.1995
2008-09-22,MSCI_WORLD,102.7954
2008-09-23,MSCI_WORLD,100.9395
2008-09-24,MSCI_WORLD,100.9145
2008-09-25,MSCI_WORLD,102.3604
2008-09-26,MSCI_WORLD,101.9233
2008-09-29,MSCI_WORLD,95.9777
2008-09-30,MSCI_WORLD,100.2324
2008-10-01,MSCI_WORLD,100.7155
2008-10-02,MSCI_WORLD,98.4789
2008-10-03,MSCI_WORLD,98.2097
2008-10-06,MSCI_WORLD,94.6609
2008-10-07,MSCI_WORLD,90.7940
2008-10-08,MSCI_WORLD,87.6182
2008-10-09,MSCI_WORLD,83.6100
2008-10-10,MSCI_WORLD,80.2965
2008-10-13,MSCI_WORLD,87.4229
2008-10-14,MSCI_WORLD,89.3690
2008-10-15,MSCI_WORLD,83.3680
2008-10-16,MSCI_WORLD,83.2876
2008-10-17,MSCI_WORLD,84.2117
2008-10-20,MSCI_WORLD,88.5988
2008-10-21,MSCI_WORLD,87.8333
2008-10-22,MSCI_WORLD,83.9953
2008-10-23,MSCI_WORLD,84.2294
2008-10-24,MSCI_WORLD,81.5519
2008-10-27,MSCI_WORLD,79.8343
2008-10-28,MSCI_WORLD,85.2236
2008-10-29,MSCI_WORLD,85.7207
2008-10-30,MSCI_WORLD,88.3147
2008-10-31,MSCI_WORLD,89.9786
2008-11-03,MSCI_WORLD,89.8251
2008-11-04,MSCI_WORLD,92.6236
2008-11-05,MSCI_WORLD,89.7731
2008-11-06,MSCI_WORLD,86.3019
2008-11-07,MSCI_WORLD,87.6329
2008-11-10,MSCI_WORLD,87.5489
2008-11-11,MSCI_WORLD,86.1728
2008-11-12,MSCI_WORLD,82.9164
2008-11-13,MSCI_WORLD,84.8933
2008-11-14,MSCI_WORLD,82.8073
2008-11-17,MSCI_WORLD,81.1037
2008-11-18,MSCI_WORLD,81.3453
2008-11-19,MSCI_WORLD,77.5414
2008-11-20,MSCI_WORLD,73.5840
2008-11-21,MSCI_WORLD,75.8987
2008-11-24,MSCI_WORLD,79.0909
2008-11-25,MSCI_WORLD,79.4115
2008-11-26,MSCI_WORLD,81.2817
2008-11-27,MSCI_WORLD,82.1191
2008-11-28,MSCI_WORLD,84.0980
2008-12-01,MSCI_WORLD,78.7859
2008-12-02,MSCI_WORLD,79.5833
2008-12-03,MSCI_WORLD,81.0321
2008-12-04,MSCI_WORLD,79.2660
2008-12-05,MSCI_WORLD,80.0085
2008-12-08,MSCI_WORLD,82.7501
2008-12-09,MSCI_WORLD,82.3032
2008-12-10,MSCI_WORLD,82.7745
2008-12-11,MSCI_WORLD,80.6456
2008-12-12,MSCI_WORLD,79.1830
2008-12-15,MSCI_WORLD,77.9594
2008-12-16,MSCI_WORLD,79.7017
2008-12-17,MSCI_WORLD,77.4806
2008-12-18,MSCI_WORLD,75.9484
2008-12-19,MSCI_WORLD,77.8522
2008-12-22,MSCI_WORLD,76.6976
2008-12-23,MSCI_WORLD,76.2143
2008-12-24,MSCI_WORLD,75.9567
2008-12-25,MSCI_WORLD,76.0654
2008-12-26,MSCI_WORLD,76.0665
2008-12-29,MSCI_WORLD,75.7482
2008-12-30,MSCI_WORLD,77.5039
2008-12-31,MSCI_WORLD,79.2314
2009-01-01,MSCI_WORLD,79.2314
2009-01-02,MSCI_WORLD,81.2631
2009-01-05,MSCI_WORLD,82.9938
2009-01-06,MSCI_WORLD,84.9461
2009-01-07,MSCI_WORLD,82.4277
2009-01-08,MSCI_WORLD,81.9139
2009-01-09,MSCI_WORLD,81.7707
2009-01-12,MSCI_WORLD,80.9414
2009-01-13,MSCI_WORLD,80.8254
2009-01-14,MSCI_WORLD,78.4307
2009-01-15,MSCI_WORLD,78.2186
2009-01-16,MSCI_WORLD,78.2434
2009-01-19,MSCI_WORLD,78.2666
2009-01-20,MSCI_WORLD,76.2871
2009-01-21,MSCI_WORLD,77.9861
2009-01-22,MSCI_WORLD,76.7412
2009-01-23,MSCI_WORLD,77.2861
2009-01-26,MSCI_WORLD,76.7840
2009-01-27,MSCI_WORLD,77.6985
2009-01-28,MSCI_WORLD,79.6098
2009-01-29,MSCI_WORLD,78.5773
2009-01-30,MSCI_WORLD,78.4137
2009-02-02,MSCI_WORLD,77.5515
2009-02-03,MSCI_WORLD,77.9518
2009-02-04,MSCI_WORLD,78.9084
2009-02-05,MSCI_WORLD,79.6438
2009-02-06,MSCI_WORLD,81.2281
2009-02-09,MSCI_WORLD,80.4492
2009-02-10,MSCI_WORLD,77.8364
2009-02-11,MSCI_WORLD,78.5546
2009-02-12,MSCI_WORLD,78.6446
2009-02-13,MSCI_WORLD,77.7695
2009-02-16,MSCI_WORLD,77.8988
2009-02-17,MSCI_WORLD,76.0037
2009-02-18,MSCI_WORLD,75.7901
2009-02-19,MSCI_WORLD,74.7364
2009-02-20,MSCI_WORLD,73.5372
2009-02-23,MSCI_WORLD,71.4015
2009-02-24,MSCI_WORLD,72.3010
2009-02-25,MSCI_WORLD,72.2527
2009-02-26,MSCI_WORLD,71.9418
2009-02-27,MSCI_WORLD,71.0219
2009-03-02,MSCI_WORLD,68.1181
2009-03-03,MSCI_WORLD,67.4423
2009-03-04,MSCI_WORLD,69.1204
2009-03-05,MSCI_WORLD,67.0811
2009-03-06,MSCI_WORLD,66.2139
2009-03-09,MSCI_WORLD,65.5023
2009-03-10,MSCI_WORLD,68.3636
2009-03-11,MSCI_WORLD,68.8041
2009-03-12,MSCI_WORLD,70.0517
2009-03-13,MSCI_WORLD,70.5600
2009-03-16,MSCI_WORLD,70.8118
2009-03-17,MSCI_WORLD,72.1911
2009-03-18,MSCI_WORLD,72.3771
2009-03-19,MSCI_WORLD,70.3655
2009-03-20,MSCI_WORLD,70.0487
2009-03-23,MSCI_WORLD,73.6095
2009-03-24,MSCI_WORLD,73.3126
2009-03-25,MSCI_WORLD,73.7101
2009-03-26,MSCI_WORLD,74.7506
2009-03-27,MSCI_WORLD,74.6578
2009-03-30,MSCI_WORLD,72.5321
2009-03-31,MSCI_WORLD,73.0612
2009-04-01,MSCI_WORLD,74.4622
2009-04-02,MSCI_WORLD,76.4375
2009-04-03,MSCI_WORLD,76.7374
2009-04-06,MSCI_WORLD,76.2758
2009-04-07,MSCI_WORLD,75.6345
2009-04-08,MSCI_WORLD,76.1371
2009-04-09,MSCI_WORLD,78.6340
2009-04-10,MSCI_WORLD,78.6881
2009-04-13,MSCI_WORLD,78.4314
2009-04-14,MSCI_WORLD,78.3931
2009-04-15,MSCI_WORLD,79.0149
2009-04-16,MSCI_WORLD,80.0548
2009-04-17,MSCI_WORLD,81.4737
2009-04-20,MSCI_WORLD,79.2581
2009-04-21,MSCI_WORLD,79.7278
2009-04-22,MSCI_WORLD,79.4884
2009-04-23,MSCI_WORLD,79.9263
2009-04-24,MSCI_WORLD,80.3696
2009-04-27,MSCI_WORLD,80.5930
2009-04-28,MSCI_WORLD,79.9765
2009-04-29,MSCI_WORLD,80.6621
2009-04-30,MSCI_WORLD,81.4166
2009-05-01,MSCI_WORLD,81.6969
2009-05-04,MSCI_WORLD,83.4797
2009-05-05,MSCI_WORLD,83.5482
2009-05-06,MSCI_WORLD,84.9989
2009-05-07,MSCI_WORLD,84.2240
2009-05-08,MSCI_WORLD,85.5493
2009-05-11,MSCI_WORLD,83.8102
2009-05-12,MSCI_WORLD,83.5285
2009-05-13,MSCI_WORLD,81.8769
2009-05-14,MSCI_WORLD,82.0820
2009-05-15,MSCI_WORLD,82.0387
2009-05-18,MSCI_WORLD,84.0837
2009-05-19,MSCI_WORLD,84.3783
2009-05-20,MSCI_WORLD,83.8728
2009-05-21,MSCI_WORLD,82.5703
2009-05-22,MSCI_WORLD,81.5873
2009-05-25,MSCI_WORLD,81.6064
2009-05-26,MSCI_WORLD,83.0834
2009-05-27,MSCI_WORLD,82.9044
2009-05-28,MSCI_WORLD,83.0812
2009-05-29,MSCI_WORLD,83.1256
2009-06-01,MSCI_WORLD,85.2125
2009-06-02,MSCI_WORLD,84.8534
2009-06-03,MSCI_WORLD,84.0854
2009-06-04,MSCI_WORLD,84.3561
2009-06-05,MSCI_WORLD,85.1210
2009-06-08,MSCI_WORLD,85.4239
2009-06-09,MSCI_WORLD,85.1814
2009-06-10,MSCI_WORLD,85.5977
2009-06-11,MSCI_WORLD,86.0173
2009-06-12,MSCI_WORLD,86.2655
2009-06-15,MSCI_WORLD,85.0031
2009-06-16,MSCI_WORLD,83.9196
2009-06-17,MSCI_WORLD,83.4181
2009-06-18,MSCI_WORLD,83.3685
2009-06-19,MSCI_WORLD,84.1299
2009-06-22,MSCI_WORLD,82.1845
2009-06-23,MSCI_WORLD,81.3573
2009-06-24,MSCI_WORLD,82.3350
2009-06-25,MSCI_WORLD,83.6529
2009-06-26,MSCI_WORLD,83.2221
2009-06-29,MSCI_WORLD,83.8947
2009-06-30,MSCI_WORLD,83.5057
2009-07-01,MSCI_WORLD,83.6581
2009-07-02,MSCI_WORLD,82.1594
2009-07-03,MSCI_WORLD,82.1717
2009-07-06,MSCI_WORLD,82.1330
2009-07-07,MSCI_WORLD,80.7123
2009-07-08,MSCI_WORLD,80.5615
2009-07-09,MSCI_WORLD,80.5771
2009-07-10,MSCI_WORLD,80.3403
2009-07-13,MSCI_WORLD,81.4662
2009-07-14,MSCI_WORLD,82.4463
2009-07-15,MSCI_WORLD,83.9180
2009-07-16,MSCI_WORLD,84.4588
2009-07-17,MSCI_WORLD,84.6479
2009-07-20,MSCI_WORLD,85.1673
2009-07-21,MSCI_WORLD,85.8628
2009-07-22,MSCI_WORLD,86.0229
2009-07-23,MSCI_WORLD,87.4385
2009-07-24,MSCI_WORLD,87.9725
2009-07-27,MSCI_WORLD,88.2538
2009-07-28,MSCI_WORLD,88.1714
2009-07-29,MSCI_WORLD,88.5044
2009-07-30,MSCI_WORLD,89.8307
2009-07-31,MSCI_WORLD,89.6137
2009-08-03,MSCI_WORLD,89.8968
2009-08-04,MSCI_WORLD,90.1152
2009-08-05,MSCI_WORLD,89.7850
2009-08-06,MSCI_WORLD,89.7076
2009-08-07,MSCI_WORLD,91.0487
2009-08-10,MSCI_WORLD,91.0729
2009-08-11,MSCI_WORLD,90.2971
2009-08-12,MSCI_WORLD,90.6641
2009-08-13,MSCI_WORLD,91.2160
2009-08-14,MSCI_WORLD,90.9835
2009-08-17,MSCI_WORLD,89.4881
2009-08-18,MSCI_WORLD,90.2268
2009-08-19,MSCI_WORLD,89.9946
2009-08-20,MSCI_WORLD,90.9562
2009-08-21,MSCI_WORLD,92.0316
2009-08-24,MSCI_WORLD,92.5269
2009-08-25,MSCI_WORLD,92.7213
2009-08-26,MSCI_WORLD,93.0160
2009-08-27,MSCI_WORLD,92.9771
2009-08-28,MSCI_WORLD,92.7491
2009-08-31,MSCI_WORLD,92.1858
2009-09-01,MSCI_WORLD,90.8757
2009-09-02,MSCI_WORLD,90.6508
2009-09-03,MSCI_WORLD,90.9783
2009-09-04,MSCI_WORLD,92.0955
2009-09-07,MSCI_WORLD,92.2783
2009-09-08,MSCI_WORLD,92.2681
2009-09-09,MSCI_WORLD,92.4989
2009-09-10,MSCI_WORLD,93.3180
2009-09-11,MSCI_WORLD,93.3889
2009-09-14,MSCI_WORLD,93.2003
2009-09-15,MSCI_WORLD,93.5390
2009-09-16,MSCI_WORLD,94.5038
2009-09-17,MSCI_WORLD,94.4707
2009-09-18,MSCI_WORLD,94.3752
2009-09-21,MSCI_WORLD,94.0959
2009-09-22,MSCI_WORLD,94.2637
2009-09-23,MSCI_WORLD,93.8942
2009-09-24,MSCI_WORLD,93.1246
2009-09-25,MSCI_WORLD,92.6617
2009-09-28,MSCI_WORLD,94.0770
2009-09-29,MSCI_WORLD,94.4655
2009-09-30,MSCI_WORLD,94.1124
2009-10-01,MSCI_WORLD,92.3819
2009-10-02,MSCI_WORLD,91.0124
2009-10-05,MSCI_WORLD,91.7498
2009-10-06,MSCI_WORLD,92.8435
2009-10-07,MSCI_WORLD,93.3897
2009-10-08,MSCI_WORLD,94.0796
2009-10-09,MSCI_WORLD,94.3054
2009-10-12,MSCI_WORLD,94.4774
2009-10-13,MSCI_WORLD,94.0704
2009-10-14,MSCI_WORLD,95.2669
2009-10-15,MSCI_WORLD,95.3583
2009-10-16,MSCI_WORLD,94.9098
2009-10-19,MSCI_WORLD,95.6586
2009-10-20,MSCI_WORLD,95.2924
2009-10-21,MSCI_WORLD,94.7362
2009-10-22,MSCI_WORLD,94.6890
2009-10-23,MSCI_WORLD,93.8030
2009-10-26,MSCI_WORLD,93.1755
2009-10-27,MSCI_WORLD,93.2427
2009-10-28,MSCI_WORLD,91.7503
2009-10-29,MSCI_WORLD,92.9653
2009-10-30,MSCI_WORLD,91.5766
2009-11-02,MSCI_WORLD,91.4419
2009-11-03,MSCI_WORLD,91.8852
2009-11-04,MSCI_WORLD,91.8605
2009-11-05,MSCI_WORLD,92.6097
2009-11-06,MSCI_WORLD,93.0380
2009-11-09,MSCI_WORLD,94.2924
2009-11-10,MSCI_WORLD,94.4721
2009-11-11,MSCI_WORLD,94.8019
2009-11-12,MSCI_WORLD,94.6869
2009-11-13,MSCI_WORLD,95.1471
2009-11-16,MSCI_WORLD,95.9760
2009-11-17,MSCI_WORLD,96.3913
2009-11-18,MSCI_WORLD,95.7590
2009-11-19,MSCI_WORLD,94.8572
2009-11-20,MSCI_WORLD,94.4243
2009-11-23,MSCI_WORLD,95.2326
2009-11-24,MSCI_WORLD,94.9770
2009-11-25,MSCI_WORLD,95.1679
2009-11-26,MSCI_WORLD,94.3057
2009-11-27,MSCI_WORLD,93.5329
2009-11-30,MSCI_WORLD,93.6743
2009-12-01,MSCI_WORLD,95.0406
2009-12-02,MSCI_WORLD,95.3201
2009-12-03,MSCI_WORLD,94.9768
2009-12-04,MSCI_WORLD,96.1066
2009-12-07,MSCI_WORLD,96.2049
2009-12-08,MSCI_WORLD,95.6612
2009-12-09,MSCI_WORLD,95.3963
2009-12-10,MSCI_WORLD,95.9920
2009-12-11,MSCI_WORLD,96.7653
2009-12-14,MSCI_WORLD,97.3322
2009-12-15,MSCI_WORLD,97.4017
2009-12-16,MSCI_WORLD,97.9103
2009-12-17,MSCI_WORLD,97.7575
2009-12-18,MSCI_WORLD,98.1373
2009-12-21,MSCI_WORLD,98.8794
2009-12-22,MSCI_WORLD,99.7601
2009-12-23,MSCI_WORLD,99.6724
2009-12-24,MSCI_WORLD,100.0021
2009-12-25,MSCI_WORLD,99.9503
2009-12-28,MSCI_WORLD,100.1394
2009-12-29,MSCI_WORLD,100.1739
2009-12-30,MSCI_WORLD,100.3470
2009-12-31,MSCI_WORLD,99.7828
2010-01-01,MSCI_WORLD,99.7828
2010-01-04,MSCI_WORLD,100.9334
2010-01-05,MSCI_WORLD,101.3844
2010-01-06,MSCI_WORLD,101.6579
2010-01-07,MSCI_WORLD,102.0396
2010-01-08,MSCI_WORLD,102.5048
2010-01-11,MSCI_WORLD,101.7029
2010-01-12,MSCI_WORLD,101.0853
2010-01-13,MSCI_WORLD,101.5040
2010-01-14,MSCI_WORLD,102.2821
2010-01-15,MSCI_WORLD,101.9840
2010-01-18,MSCI_WORLD,102.0891
2010-01-19,MSCI_WORLD,103.2641
2010-01-20,MSCI_WORLD,102.8513
2010-01-21,MSCI_WORLD,101.7637
2010-01-22,MSCI_WORLD,99.7559
2010-01-25,MSCI_WORLD,99.4877
2010-01-26,MSCI_WORLD,99.7016
2010-01-27,MSCI_WORLD,99.5525
2010-01-28,MSCI_WORLD,99.0856
2010-01-29,MSCI_WORLD,98.7419
2010-02-01,MSCI_WORLD,99.6364
2010-02-02,MSCI_WORLD,100.6136
2010-02-03,MSCI_WORLD,100.3792
2010-02-04,MSCI_WORLD,98.4575
2010-02-05,MSCI_WORLD,98.2722
2010-02-08,MSCI_WORLD,97.8091
2010-02-09,MSCI_WORLD,98.3289
2010-02-10,MSCI_WORLD,98.6483
2010-02-11,MSCI_WORLD,99.9396
2010-02-12,MSCI_WORLD,99.8324
2010-02-15,MSCI_WORLD,99.9552
2010-02-16,MSCI_WORLD,100.7457
2010-02-17,MSCI_WORLD,101.9195
2010-02-18,MSCI_WORLD,102.6029
2010-02-19,MSCI_WORLD,103.0592
2010-02-22,MSCI_WORLD,102.9545
2010-02-23,MSCI_WORLD,102.0935
2010-02-24,MSCI_WORLD,102.2618
2010-02-25,MSCI_WORLD,102.0728
2010-02-26,MSCI_WORLD,101.9866
2010-03-01,MSCI_WORLD,103.9326
2010-03-02,MSCI_WORLD,104.1224
2010-03-03,MSCI_WORLD,103.8676
2010-03-04,MSCI_WORLD,104.3572
2010-03-05,MSCI_WORLD,105.6937
2010-03-08,MSCI_WORLD,105.7385
2010-03-09,MSCI_WORLD,106.2371
2010-03-10,MSCI_WORLD,106.1766
2010-03-11,MSCI_WORLD,106.3297
2010-03-12,MSCI_WORLD,106.1128
2010-03-15,MSCI_WORLD,106.4464
2010-03-16,MSCI_WORLD,106.6718
2010-03-17,MSCI_WORLD,107.6176
2010-03-18,MSCI_WORLD,108.1787
2010-03-19,MSCI_WORLD,108.2315
2010-03-22,MSCI_WORLD,108.4589
2010-03-23,MSCI_WORLD,109.1216
2010-03-24,MSCI_WORLD,109.6663
2010-03-25,MSCI_WORLD,109.8429
2010-03-26,MSCI_WORLD,109.5480
2010-03-29,MSCI_WORLD,109.7159
2010-03-30,MSCI_WORLD,110.1666
2010-03-31,MSCI_WORLD,109.2311
2010-04-01,MSCI_WORLD,110.2500
2010-04-02,MSCI_WORLD,110.3061
2010-04-05,MSCI_WORLD,110.9803
2010-04-06,MSCI_WORLD,112.0710
2010-04-07,MSCI_WORLD,111.9786
2010-04-08,MSCI_WORLD,111.6912
2010-04-09,MSCI_WORLD,112.0576
2010-04-12,MSCI_WORLD,111.2702
2010-04-13,MSCI_WORLD,111.3455
2010-04-14,MSCI_WORLD,112.0363
2010-04-15,MSCI_WORLD,112.7637
2010-04-16,MSCI_WORLD,111.4809
2010-04-19,MSCI_WORLD,111.4102
2010-04-20,MSCI_WORLD,112.4169
2010-04-21,MSCI_WORLD,112.7520
2010-04-22,MSCI_WORLD,112.9190
2010-04-23,MSCI_WORLD,113.0472
2010-04-26,MSCI_WORLD,113.6571
2010-04-27,MSCI_WORLD,111.3202
2010-04-28,MSCI_WORLD,111.5125
2010-04-29,MSCI_WORLD,112.4979
2010-04-30,MSCI_WORLD,111.1731
2010-05-03,MSCI_WORLD,112.5732
2010-05-04,MSCI_WORLD,110.9013
2010-05-05,MSCI_WORLD,111.1086
2010-05-06,MSCI_WORLD,109.3441
2010-05-07,MSCI_WORLD,107.3647
2010-05-10,MSCI_WORLD,110.9764
2010-05-11,MSCI_WORLD,111.4700
2010-05-12,MSCI_WORLD,112.9314
2010-05-13,MSCI_WORLD,113.3655
2010-05-14,MSCI_WORLD,111.7916
2010-05-17,MSCI_WORLD,111.8445
2010-05-18,MSCI_WORLD,111.1021
2010-05-19,MSCI_WORLD,109.8322
2010-05-20,MSCI_WORLD,106.6583
2010-05-21,MSCI_WORLD,105.7566
2010-05-24,MSCI_WORLD,106.3535
2010-05-25,MSCI_WORLD,105.9625
2010-05-26,MSCI_WORLD,106.6470
2010-05-27,MSCI_WORLD,109.4597
2010-05-28,MSCI_WORLD,108.4365
2010-05-31,MSCI_WORLD,108.9294
2010-06-01,MSCI_WORLD,107.7495
2010-06-02,MSCI_WORLD,109.5324
2010-06-03,MSCI_WORLD,110.7034
2010-06-04,MSCI_WORLD,109.1010
2010-06-07,MSCI_WORLD,108.1151
2010-06-08,MSCI_WORLD,108.3815
2010-06-09,MSCI_WORLD,107.9104
2010-06-10,MSCI_WORLD,110.0309
2010-06-11,MSCI_WORLD,110.7074
2010-06-14,MSCI_WORLD,110.1294
2010-06-15,MSCI_WORLD,111.5790
2010-06-16,MSCI_WORLD,111.7853
2010-06-17,MSCI_WORLD,111.6082
2010-06-18,MSCI_WORLD,111.6012
2010-06-21,MSCI_WORLD,112.1562
2010-06-22,MSCI_WORLD,111.5086
2010-06-23,MSCI_WORLD,110.9524
2010-06-24,MSCI_WORLD,108.9144
2010-06-25,MSCI_WORLD,108.8387
2010-06-28,MSCI_WORLD,108.7993
2010-06-29,MSCI_WORLD,106.6743
2010-06-30,MSCI_WORLD,105.3792
2010-07-01,MSCI_WORLD,103.1218
2010-07-02,MSCI_WORLD,101.9826
2010-07-05,MSCI_WORLD,102.2689
2010-07-06,MSCI_WORLD,103.0814
2010-07-07,MSCI_WORLD,105.1952
2010-07-08,MSCI_WORLD,106.0917
2010-07-09,MSCI_WORLD,107.1362
2010-07-12,MSCI_WORLD,107.5456
2010-07-13,MSCI_WORLD,108.5488
2010-07-14,MSCI_WORLD,108.4343
2010-07-15,MSCI_WORLD,107.0593
2010-07-16,MSCI_WORLD,104.3531
2010-07-19,MSCI_WORLD,104.1737
2010-07-20,MSCI_WORLD,105.2536
2010-07-21,MSCI_WORLD,105.3072
2010-07-22,MSCI_WORLD,106.6678
2010-07-23,MSCI_WORLD,108.1240
2010-07-26,MSCI_WORLD,108.3169
2010-07-27,MSCI_WORLD,108.0243
2010-07-28,MSCI_WORLD,107.6325
2010-07-29,MSCI_WORLD,106.9666
2010-07-30,MSCI_WORLD,107.1107
2010-08-02,MSCI_WORLD,108.4102
2010-08-03,MSCI_WORLD,108.1931
2010-08-04,MSCI_WORLD,108.8231
2010-08-05,MSCI_WORLD,108.7786
2010-08-06,MSCI_WORLD,107.5967
2010-08-09,MSCI_WORLD,108.5357
2010-08-10,MSCI_WORLD,108.6297
2010-08-11,MSCI_WORLD,107.1121
2010-08-12,MSCI_WORLD,106.9258
2010-08-13,MSCI_WORLD,107.3848
2010-08-16,MSCI_WORLD,106.9534
2010-08-17,MSCI_WORLD,107.9808
2010-08-18,MSCI_WORLD,108.2137
2010-08-19,MSCI_WORLD,106.8833
2010-08-20,MSCI_WORLD,107.1194
2010-08-23,MSCI_WORLD,107.3178
2010-08-24,MSCI_WORLD,105.7104
2010-08-25,MSCI_WORLD,105.6741
2010-08-26,MSCI_WORLD,105.0932
2010-08-27,MSCI_WORLD,106.4314
2010-08-30,MSCI_WORLD,106.1663
2010-08-31,MSCI_WORLD,105.6957
2010-09-01,MSCI_WORLD,107.7821
2010-09-02,MSCI_WORLD,108.4591
2010-09-03,MSCI_WORLD,109.3630
2010-09-06,MSCI_WORLD,109.6914
2010-09-07,MSCI_WORLD,109.7850
2010-09-08,MSCI_WORLD,110.1281
2010-09-09,MSCI_WORLD,110.9828
2010-09-10,MSCI_WORLD,111.3152
2010-09-13,MSCI_WORLD,111.5878
2010-09-14,MSCI_WORLD,111.0214
2010-09-15,MSCI_WORLD,110.6725
2010-09-16,MSCI_WORLD,109.8685
2010-09-17,MSCI_WORLD,110.2473
2010-09-20,MSCI_WORLD,111.3966
2010-09-21,MSCI_WORLD,110.7939
2010-09-22,MSCI_WORLD,108.5962
2010-09-23,MSCI_WORLD,108.5621
2010-09-24,MSCI_WORLD,109.2307
2010-09-27,MSCI_WORLD,109.0522
2010-09-28,MSCI_WORLD,108.8604
2010-09-29,MSCI_WORLD,108.4279
2010-09-30,MSCI_WORLD,107.5740
2010-10-01,MSCI_WORLD,107.2913
2010-10-04,MSCI_WORLD,106.9979
2010-10-05,MSCI_WORLD,107.9056
2010-10-06,MSCI_WORLD,108.1047
2010-10-07,MSCI_WORLD,107.8021
2010-10-08,MSCI_WORLD,108.1697
2010-10-11,MSCI_WORLD,108.5316
2010-10-12,MSCI_WORLD,108.7632
2010-10-13,MSCI_WORLD,109.0607
2010-10-14,MSCI_WORLD,108.4561
2010-10-15,MSCI_WORLD,108.7921
2010-10-18,MSCI_WORLD,109.5348
2010-10-19,MSCI_WORLD,109.2273
2010-10-20,MSCI_WORLD,108.9965
2010-10-21,MSCI_WORLD,109.0111
2010-10-22,MSCI_WORLD,109.4447
2010-10-25,MSCI_WORLD,109.6229
2010-10-26,MSCI_WORLD,109.9641
2010-10-27,MSCI_WORLD,109.7944
2010-10-28,MSCI_WORLD,109.5084
2010-10-29,MSCI_WORLD,109.6009
2010-11-01,MSCI_WORLD,109.7854
2010-11-02,MSCI_WORLD,109.6591
2010-11-03,MSCI_WORLD,109.7635
2010-11-04,MSCI_WORLD,110.7375
2010-11-05,MSCI_WORLD,112.3762
2010-11-08,MSCI_WORLD,113.1693
2010-11-09,MSCI_WORLD,112.8519
2010-11-10,MSCI_WORLD,113.8712
2010-11-11,MSCI_WORLD,113.9072
2010-11-12,MSCI_WORLD,112.5840
2010-11-15,MSCI_WORLD,113.3869
2010-11-16,MSCI_WORLD,111.6426
2010-11-17,MSCI_WORLD,111.9599
2010-11-18,MSCI_WORLD,113.2567
2010-11-19,MSCI_WORLD,112.8767
2010-11-22,MSCI_WORLD,112.9613
2010-11-23,MSCI_WORLD,112.5100
2010-11-24,MSCI_WORLD,113.9034
2010-11-25,MSCI_WORLD,114.2482
2010-11-26,MSCI_WORLD,114.3534
2010-11-29,MSCI_WORLD,114.5744
2010-11-30,MSCI_WORLD,114.4963
2010-12-01,MSCI_WORLD,116.3215
2010-12-02,MSCI_WORLD,117.3491
2010-12-03,MSCI_WORLD,116.3952
2010-12-06,MSCI_WORLD,117.0122
2010-12-07,MSCI_WORLD,116.9361
2010-12-08,MSCI_WORLD,117.8348
2010-12-09,MSCI_WORLD,118.6175
2010-12-10,MSCI_WORLD,118.7242
2010-12-13,MSCI_WORLD,118.0790
2010-12-14,MSCI_WORLD,118.3382
2010-12-15,MSCI_WORLD,118.0726
2010-12-16,MSCI_WORLD,119.3165
2010-12-17,MSCI_WORLD,119.5120
2010-12-20,MSCI_WORLD,120.1533
2010-12-21,MSCI_WORLD,120.9503
2010-12-22,MSCI_WORLD,121.5274
2010-12-23,MSCI_WORLD,121.7818
2010-12-24,MSCI_WORLD,121.3931
2010-12-27,MSCI_WORLD,120.9668
2010-12-28,MSCI_WORLD,121.3954
2010-12-29,MSCI_WORLD,121.7041
2010-12-30,MSCI_WORLD,120.1489
2010-12-31,MSCI_WORLD,119.2681
2011-01-03,MSCI_WORLD,120.4840
2011-01-04,MSCI_WORLD,121.0136
2011-01-05,MSCI_WORLD,122.2199
2011-01-06,MSCI_WORLD,123.1157
2011-01-07,MSCI_WORLD,123.4021
2011-01-10,MSCI_WORLD,123.2547
2011-01-11,MSCI_WORLD,123.9579
2011-01-12,MSCI_WORLD,124.2975
2011-01-13,MSCI_WORLD,122.3993
2011-01-14,MSCI_WORLD,122.4909
2011-01-17,MSCI_WORLD,123.0308
2011-01-18,MSCI_WORLD,122.9029
2011-01-19,MSCI_WORLD,121.3016
2011-01-20,MSCI_WORLD,120.7553
2011-01-21,MSCI_WORLD,119.9090
2011-01-24,MSCI_WORLD,120.0004
2011-01-25,MSCI_WORLD,119.9041
2011-01-26,MSCI_WORLD,120.4286
2011-01-27,MSCI_WORLD,120.3425
2011-01-28,MSCI_WORLD,119.5404
2011-01-31,MSCI_WORLD,119.3428
2011-02-01,MSCI_WORLD,120.6461
2011-02-02,MSCI_WORLD,120.7453
2011-02-03,MSCI_WORLD,122.0679
2011-02-04,MSCI_WORLD,122.9207
2011-02-07,MSCI_WORLD,123.7403
2011-02-08,MSCI_WORLD,123.3137
2011-02-09,MSCI_WORLD,122.5756
2011-02-10,MSCI_WORLD,123.1215
2011-02-11,MSCI_WORLD,123.8727
2011-02-14,MSCI_WORLD,125.0770
2011-02-15,MSCI_WORLD,124.5463
2011-02-16,MSCI_WORLD,125.2357
2011-02-17,MSCI_WORLD,125.3796
2011-02-18,MSCI_WORLD,125.1188
2011-02-21,MSCI_WORLD,124.4057
2011-02-22,MSCI_WORLD,122.3621
2011-02-23,MSCI_WORLD,121.0224
2011-02-24,MSCI_WORLD,120.5451
2011-02-25,MSCI_WORLD,122.2317
2011-02-28,MSCI_WORLD,122.6091
2011-03-01,MSCI_WORLD,121.4868
2011-03-02,MSCI_WORLD,120.7946
2011-03-03,MSCI_WORLD,121.5670
2011-03-04,MSCI_WORLD,120.8099
2011-03-07,MSCI_WORLD,119.7575
2011-03-08,MSCI_WORLD,120.9540
2011-03-09,MSCI_WORLD,120.6627
2011-03-10,MSCI_WORLD,119.3645
2011-03-11,MSCI_WORLD,119.1693
2011-03-14,MSCI_WORLD,116.7809
2011-03-15,MSCI_WORLD,114.1974
2011-03-16,MSCI_WORLD,113.5427
2011-03-17,MSCI_WORLD,114.4846
2011-03-18,MSCI_WORLD,114.1979
2011-03-21,MSCI_WORLD,115.6225
2011-03-22,MSCI_WORLD,115.7249
2011-03-23,MSCI_WORLD,116.5048
2011-03-24,MSCI_WORLD,116.9823
2011-03-25,MSCI_WORLD,117.6121
2011-03-28,MSCI_WORLD,117.5529
2011-03-29,MSCI_WORLD,118.1805
2011-03-30,MSCI_WORLD,119.0550
2011-03-31,MSCI_WORLD,118.1577
2011-04-01,MSCI_WORLD,119.1239
2011-04-04,MSCI_WORLD,118.7741
2011-04-05,MSCI_WORLD,118.8390
2011-04-06,MSCI_WORLD,118.1497
2011-04-07,MSCI_WORLD,118.3017
2011-04-08,MSCI_WORLD,117.6679
2011-04-11,MSCI_WORLD,117.2862
2011-04-12,MSCI_WORLD,115.6616
2011-04-13,MSCI_WORLD,116.0349
2011-04-14,MSCI_WORLD,116.2060
2011-04-15,MSCI_WORLD,116.6754
2011-04-18,MSCI_WORLD,116.5839
2011-04-19,MSCI_WORLD,116.3712
2011-04-20,MSCI_WORLD,117.0381
2011-04-21,MSCI_WORLD,117.5100
2011-04-22,MSCI_WORLD,117.5165
2011-04-25,MSCI_WORLD,117.2972
2011-04-26,MSCI_WORLD,117.5693
2011-04-27,MSCI_WORLD,117.8676
2011-04-28,MSCI_WORLD,117.5873
2011-04-29,MSCI_WORLD,117.8222
2011-05-02,MSCI_WORLD,117.6783
2011-05-03,MSCI_WORLD,117.3437
2011-05-04,MSCI_WORLD,116.0685
2011-05-05,MSCI_WORLD,116.8696
2011-05-06,MSCI_WORLD,118.0961
2011-05-09,MSCI_WORLD,119.6178
2011-05-10,MSCI_WORLD,119.9809
2011-05-11,MSCI_WORLD,119.7487
2011-05-12,MSCI_WORLD,120.0628
2011-05-13,MSCI_WORLD,119.2964
2011-05-16,MSCI_WORLD,118.4898
2011-05-17,MSCI_WORLD,118.4236
2011-05-18,MSCI_WORLD,118.8765
2011-05-19,MSCI_WORLD,119.2050
2011-05-20,MSCI_WORLD,119.2505
2011-05-23,MSCI_WORLD,118.3334
2011-05-24,MSCI_WORLD,117.8369
2011-05-25,MSCI_WORLD,118.5278
2011-05-26,MSCI_WORLD,118.8986
2011-05-27,MSCI_WORLD,118.5941
2011-05-30,MSCI_WORLD,118.4954
2011-05-31,MSCI_WORLD,119.0698
2011-06-01,MSCI_WORLD,117.0366
2011-06-02,MSCI_WORLD,116.0372
2011-06-03,MSCI_WORLD,114.5765
2011-06-06,MSCI_WORLD,113.4007
2011-06-07,MSCI_WORLD,112.9723
2011-06-08,MSCI_WORLD,112.6951
2011-06-09,MSCI_WORLD,114.0029
2011-06-10,MSCI_WORLD,113.4757
2011-06-13,MSCI_WORLD,113.3596
2011-06-14,MSCI_WORLD,114.0791
2011-06-15,MSCI_WORLD,113.6398
2011-06-16,MSCI_WORLD,113.9138
2011-06-17,MSCI_WORLD,113.2167
2011-06-20,MSCI_WORLD,113.2753
2011-06-21,MSCI_WORLD,114.5796
2011-06-22,MSCI_WORLD,113.9038
2011-06-23,MSCI_WORLD,114.5973
2011-06-24,MSCI_WORLD,113.9213
2011-06-27,MSCI_WORLD,113.5524
2011-06-28,MSCI_WORLD,114.2192
2011-06-29,MSCI_WORLD,115.5090
2011-06-30,MSCI_WORLD,116.1960
2011-07-01,MSCI_WORLD,117.4349
2011-07-04,MSCI_WORLD,117.5805
2011-07-05,MSCI_WORLD,117.7775
2011-07-06,MSCI_WORLD,118.7451
2011-07-07,MSCI_WORLD,119.1663
2011-07-08,MSCI_WORLD,119.2491
2011-07-11,MSCI_WORLD,118.9773
2011-07-12,MSCI_WORLD,118.3342
2011-07-13,MSCI_WORLD,118.0395
2011-07-14,MSCI_WORLD,117.2397
2011-07-15,MSCI_WORLD,117.7149
2011-07-18,MSCI_WORLD,117.0831
2011-07-19,MSCI_WORLD,117.4615
2011-07-20,MSCI_WORLD,118.0959
2011-07-21,MSCI_WORLD,118.3222
2011-07-22,MSCI_WORLD,118.8802
2011-07-25,MSCI_WORLD,118.4371
2011-07-26,MSCI_WORLD,117.3468
2011-07-27,MSCI_WORLD,116.1297
2011-07-28,MSCI_WORLD,116.2547
2011-07-29,MSCI_WORLD,115.1093
2011-08-01,MSCI_WORLD,115.6979
2011-08-02,MSCI_WORLD,113.0852
2011-08-03,MSCI_WORLD,111.9546
2011-08-04,MSCI_WORLD,108.1673
2011-08-05,MSCI_WORLD,106.6149
2011-08-08,MSCI_WORLD,101.1954
2011-08-09,MSCI_WORLD,103.8178
2011-08-10,MSCI_WORLD,101.0433
2011-08-11,MSCI_WORLD,103.6555
2011-08-12,MSCI_WORLD,105.3208
2011-08-15,MSCI_WORLD,105.7663
2011-08-16,MSCI_WORLD,105.3967
2011-08-17,MSCI_WORLD,105.3559
2011-08-18,MSCI_WORLD,101.7159
2011-08-19,MSCI_WORLD,99.5759
2011-08-22,MSCI_WORLD,99.8065
2011-08-23,MSCI_WORLD,102.0756
2011-08-24,MSCI_WORLD,102.9114
2011-08-25,MSCI_WORLD,102.0920
2011-08-26,MSCI_WORLD,102.7854
2011-08-29,MSCI_WORLD,103.9950
2011-08-30,MSCI_WORLD,105.1988
2011-08-31,MSCI_WORLD,106.7910
2011-09-01,MSCI_WORLD,107.1863
2011-09-02,MSCI_WORLD,105.0135
2011-09-05,MSCI_WORLD,103.7972
2011-09-06,MSCI_WORLD,103.3220
2011-09-07,MSCI_WORLD,106.1828
2011-09-08,MSCI_WORLD,106.0817
2011-09-09,MSCI_WORLD,105.1013
2011-09-12,MSCI_WORLD,104.7865
2011-09-13,MSCI_WORLD,105.3887
2011-09-14,MSCI_WORLD,106.4117
2011-09-15,MSCI_WORLD,107.2904
2011-09-16,MSCI_WORLD,108.4014
2011-09-19,MSCI_WORLD,107.9623
2011-09-20,MSCI_WORLD,107.6933
2011-09-21,MSCI_WORLD,105.5569
2011-09-22,MSCI_WORLD,102.8133
2011-09-23,MSCI_WORLD,102.9367
2011-09-26,MSCI_WORLD,104.6670
2011-09-27,MSCI_WORLD,106.2767
2011-09-28,MSCI_WORLD,104.9972
2011-09-29,MSCI_WORLD,105.3097
2011-09-30,MSCI_WORLD,104.7011
2011-10-03,MSCI_WORLD,103.0289
2011-10-04,MSCI_WORLD,102.9724
2011-10-05,MSCI_WORLD,104.8201
2011-10-06,MSCI_WORLD,106.7174
2011-10-07,MSCI_WORLD,106.2360
2011-10-10,MSCI_WORLD,107.8002
2011-10-11,MSCI_WORLD,108.1996
2011-10-12,MSCI_WORLD,108.4807
2011-10-13,MSCI_WORLD,108.5967
2011-10-14,MSCI_WORLD,108.9259
2011-10-17,MSCI_WORLD,108.3856
2011-10-18,MSCI_WORLD,109.5497
2011-10-19,MSCI_WORLD,108.3838
2011-10-20,MSCI_WORLD,108.4609
2011-10-21,MSCI_WORLD,109.4160
2011-10-24,MSCI_WORLD,111.1377
2011-10-25,MSCI_WORLD,109.4981
2011-10-26,MSCI_WORLD,110.5998
2011-10-27,MSCI_WORLD,112.6182
2011-10-28,MSCI_WORLD,112.6593
2011-10-31,MSCI_WORLD,111.1328
2011-11-01,MSCI_WORLD,109.3865
2011-11-02,MSCI_WORLD,109.7660
2011-11-03,MSCI_WORLD,111.8563
2011-11-04,MSCI_WORLD,111.3851
2011-11-07,MSCI_WORLD,111.6595
2011-11-08,MSCI_WORLD,112.2198
2011-11-09,MSCI_WORLD,110.7659
2011-11-10,MSCI_WORLD,110.6312
2011-11-11,MSCI_WORLD,111.9028
2011-11-14,MSCI_WORLD,111.7263
2011-11-15,MSCI_WORLD,112.3272
2011-11-16,MSCI_WORLD,111.1568
2011-11-17,MSCI_WORLD,109.7548
2011-11-18,MSCI_WORLD,109.1972
2011-11-21,MSCI_WORLD,107.1463
2011-11-22,MSCI_WORLD,106.5791
2011-11-23,MSCI_WORLD,105.4092
2011-11-24,MSCI_WORLD,105.3469
2011-11-25,MSCI_WORLD,105.5827
2011-11-28,MSCI_WORLD,108.2389
2011-11-29,MSCI_WORLD,109.0916
2011-11-30,MSCI_WORLD,112.3377
2011-12-01,MSCI_WORLD,112.2544
2011-12-02,MSCI_WORLD,112.8889
2011-12-05,MSCI_WORLD,113.6860
2011-12-06,MSCI_WORLD,113.8740
2011-12-07,MSCI_WORLD,114.1677
2011-12-08,MSCI_WORLD,112.6687
2011-12-09,MSCI_WORLD,113.4346
2011-12-12,MSCI_WORLD,112.9452
2011-12-13,MSCI_WORLD,113.1411
2011-12-14,MSCI_WORLD,112.3293
2011-12-15,MSCI_WORLD,112.3061
2011-12-16,MSCI_WORLD,112.2359
2011-12-19,MSCI_WORLD,111.3962
2011-12-20,MSCI_WORLD,113.4095
2011-12-21,MSCI_WORLD,113.9800
2011-12-22,MSCI_WORLD,114.7516
2011-12-23,MSCI_WORLD,115.8415
2011-12-26,MSCI_WORLD,115.9014
2011-12-27,MSCI_WORLD,115.7368
2011-12-28,MSCI_WORLD,115.2906
2011-12-29,MSCI_WORLD,116.5295
2011-12-30,MSCI_WORLD,116.4268
2012-01-02,MSCI_WORLD,116.7694
2012-01-03,MSCI_WORLD,118.0966
2012-01-04,MSCI_WORLD,119.1784
2012-01-05,MSCI_WORLD,119.6011
2012-01-06,MSCI_WORLD,119.8212
2012-01-09,MSCI_WORLD,119.6840
2012-01-10,MSCI_WORLD,120.8182
2012-01-11,MSCI_WORLD,121.3670
2012-01-12,MSCI_WORLD,120.6267
2012-01-13,MSCI_WORLD,121.2326
2012-01-16,MSCI_WORLD,121.3245
2012-01-17,MSCI_WORLD,121.6301
2012-01-18,MSCI_WORLD,121.9390
2012-01-19,MSCI_WORLD,122.2959
2012-01-20,MSCI_WORLD,122.3023
2012-01-23,MSCI_WORLD,121.7998
2012-01-24,MSCI_WORLD,121.8797
2012-01-25,MSCI_WORLD,122.5766
2012-01-26,MSCI_WORLD,121.5770
2012-01-27,MSCI_WORLD,121.3648
2012-01-30,MSCI_WORLD,120.8376
2012-01-31,MSCI_WORLD,121.2513
2012-02-01,MSCI_WORLD,121.8911
2012-02-02,MSCI_WORLD,122.3612
2012-02-03,MSCI_WORLD,124.1817
2012-02-06,MSCI_WORLD,124.5727
2012-02-07,MSCI_WORLD,123.4961
2012-02-08,MSCI_WORLD,123.6867
2012-02-09,MSCI_WORLD,123.5148
2012-02-10,MSCI_WORLD,123.1784
2012-02-13,MSCI_WORLD,123.8582
2012-02-14,MSCI_WORLD,124.1561
2012-02-15,MSCI_WORLD,124.9022
2012-02-16,MSCI_WORLD,125.6864
2012-02-17,MSCI_WORLD,125.3033
2012-02-20,MSCI_WORLD,125.1453
2012-02-21,MSCI_WORLD,124.9999
2012-02-22,MSCI_WORLD,124.6874
2012-02-23,MSCI_WORLD,124.5284
2012-02-24,MSCI_WORLD,123.7490
2012-02-27,MSCI_WORLD,124.1862
2012-02-28,MSCI_WORLD,124.4016
2012-02-29,MSCI_WORLD,124.4506
2012-03-01,MSCI_WORLD,125.4315
2012-03-02,MSCI_WORLD,126.0599
2012-03-05,MSCI_WORLD,125.1820
2012-03-06,MSCI_WORLD,123.7047
2012-03-07,MSCI_WORLD,124.2122
2012-03-08,MSCI_WORLD,124.7037
2012-03-09,MSCI_WORLD,126.3114
2012-03-12,MSCI_WORLD,125.8996
2012-03-13,MSCI_WORLD,128.0734
2012-03-14,MSCI_WORLD,128.6239
2012-03-15,MSCI_WORLD,129.0471
2012-03-16,MSCI_WORLD,128.6973
2012-03-19,MSCI_WORLD,128.4728
2012-03-20,MSCI_WORLD,127.8145
2012-03-21,MSCI_WORLD,127.7020
2012-03-22,MSCI_WORLD,126.8801
2012-03-23,MSCI_WORLD,126.6079
2012-03-26,MSCI_WORLD,127.4693
2012-03-27,MSCI_WORLD,127.4113
2012-03-28,MSCI_WORLD,126.9210
2012-03-29,MSCI_WORLD,126.3557
2012-03-30,MSCI_WORLD,126.6185
2012-04-02,MSCI_WORLD,127.9763
2012-04-03,MSCI_WORLD,126.9123
2012-04-04,MSCI_WORLD,126.6052
2012-04-05,MSCI_WORLD,126.9941
2012-04-06,MSCI_WORLD,126.8897
2012-04-09,MSCI_WORLD,125.9438
2012-04-10,MSCI_WORLD,123.7830
2012-04-11,MSCI_WORLD,124.1515
2012-04-12,MSCI_WORLD,125.3699
2012-04-13,MSCI_WORLD,124.6998
2012-04-16,MSCI_WORLD,124.7719
2012-04-17,MSCI_WORLD,125.9998
2012-04-18,MSCI_WORLD,125.8748
2012-04-19,MSCI_WORLD,125.0843
2012-04-20,MSCI_WORLD,124.8748
2012-04-23,MSCI_WORLD,123.9869
2012-04-24,MSCI_WORLD,123.9933
2012-04-25,MSCI_WORLD,125.5457
2012-04-26,MSCI_WORLD,125.8974
2012-04-27,MSCI_WORLD,126.1471
2012-04-30,MSCI_WORLD,125.9514
2012-05-01,MSCI_WORLD,126.3458
2012-05-02,MSCI_WORLD,126.5304
2012-05-03,MSCI_WORLD,125.8467
2012-05-04,MSCI_WORLD,124.3409
2012-05-07,MSCI_WORLD,124.5766
2012-05-08,MSCI_WORLD,124.0820
2012-05-09,MSCI_WORLD,123.7793
2012-05-10,MSCI_WORLD,123.9802
2012-05-11,MSCI_WORLD,123.8893
2012-05-14,MSCI_WORLD,123.1162
2012-05-15,MSCI_WORLD,122.6901
2012-05-16,MSCI_WORLD,122.1051
2012-05-17,MSCI_WORLD,121.1010
2012-05-18,MSCI_WORLD,119.6665
2012-05-21,MSCI_WORLD,120.5773
2012-05-22,MSCI_WORLD,121.5322
2012-05-23,MSCI_WORLD,121.9369
2012-05-24,MSCI_WORLD,122.3839
2012-05-25,MSCI_WORLD,122.7898
2012-05-28,MSCI_WORLD,122.6993
2012-05-29,MSCI_WORLD,123.9040
2012-05-30,MSCI_WORLD,123.2762
2012-05-31,MSCI_WORLD,123.1854
2012-06-01,MSCI_WORLD,120.6257
2012-06-04,MSCI_WORLD,119.1635
2012-06-05,MSCI_WORLD,120.2085
2012-06-06,MSCI_WORLD,122.5442
2012-06-07,MSCI_WORLD,122.6494
2012-06-08,MSCI_WORLD,123.4077
2012-06-11,MSCI_WORLD,122.4870
2012-06-12,MSCI_WORLD,123.8315
2012-06-13,MSCI_WORLD,122.5223
2012-06-14,MSCI_WORLD,122.9036
2012-06-15,MSCI_WORLD,123.9106
2012-06-18,MSCI_WORLD,124.7032
2012-06-19,MSCI_WORLD,125.3071
2012-06-20,MSCI_WORLD,125.3203
2012-06-21,MSCI_WORLD,123.9646
2012-06-22,MSCI_WORLD,124.5388
2012-06-25,MSCI_WORLD,123.2986
2012-06-26,MSCI_WORLD,123.6154
2012-06-27,MSCI_WORLD,124.9590
2012-06-28,MSCI_WORLD,125.0868
2012-06-29,MSCI_WORLD,126.1366
2012-07-02,MSCI_WORLD,127.7006
2012-07-03,MSCI_WORLD,128.6136
2012-07-04,MSCI_WORLD,129.4800
2012-07-05,MSCI_WORLD,130.0161
2012-07-06,MSCI_WORLD,129.4431
2012-07-09,MSCI_WORLD,128.9718
2012-07-10,MSCI_WORLD,128.8737
2012-07-11,MSCI_WORLD,128.9458
2012-07-12,MSCI_WORLD,128.4338
2012-07-13,MSCI_WORLD,129.7263
2012-07-16,MSCI_WORLD,129.7484
2012-07-17,MSCI_WORLD,130.4351
2012-07-18,MSCI_WORLD,130.9492
2012-07-19,MSCI_WORLD,131.9166
2012-07-20,MSCI_WORLD,131.1773
2012-07-23,MSCI_WORLD,129.6600
2012-07-24,MSCI_WORLD,129.0244
2012-07-25,MSCI_WORLD,128.5008
2012-07-26,MSCI_WORLD,129.4074
2012-07-27,MSCI_WORLD,131.0059
2012-07-30,MSCI_WORLD,132.7855
2012-07-31,MSCI_WORLD,131.6484
2012-08-01,MSCI_WORLD,131.5987
2012-08-02,MSCI_WORLD,131.6900
2012-08-03,MSCI_WORLD,132.3639
2012-08-06,MSCI_WORLD,132.4483
2012-08-07,MSCI_WORLD,133.2678
2012-08-08,MSCI_WORLD,133.9892
2012-08-09,MSCI_WORLD,134.7143
2012-08-10,MSCI_WORLD,134.7210
2012-08-13,MSCI_WORLD,134.1055
2012-08-14,MSCI_WORLD,134.5730
2012-08-15,MSCI_WORLD,134.9838
2012-08-16,MSCI_WORLD,135.2392
2012-08-17,MSCI_WORLD,136.2438
2012-08-20,MSCI_WORLD,135.7323
2012-08-21,MSCI_WORLD,134.6126
2012-08-22,MSCI_WORLD,134.1744
2012-08-23,MSCI_WORLD,132.6811
2012-08-24,MSCI_WORLD,133.4497
2012-08-27,MSCI_WORLD,133.5374
2012-08-28,MSCI_WORLD,132.7756
2012-08-29,MSCI_WORLD,133.1045
2012-08-30,MSCI_WORLD,132.2661
2012-08-31,MSCI_WORLD,131.8856
2012-09-03,MSCI_WORLD,132.2913
2012-09-04,MSCI_WORLD,131.8849
2012-09-05,MSCI_WORLD,131.3364
2012-09-06,MSCI_WORLD,133.5219
2012-09-07,MSCI_WORLD,133.2691
2012-09-10,MSCI_WORLD,132.8470
2012-09-11,MSCI_WORLD,132.7762
2012-09-12,MSCI_WORLD,132.8615
2012-09-13,MSCI_WORLD,133.9655
2012-09-14,MSCI_WORLD,133.3087
2012-09-17,MSCI_WORLD,132.8955
2012-09-18,MSCI_WORLD,133.2144
2012-09-19,MSCI_WORLD,133.6327
2012-09-20,MSCI_WORLD,134.0242
2012-09-21,MSCI_WORLD,134.0001
2012-09-24,MSCI_WORLD,134.1497
2012-09-25,MSCI_WORLD,133.2166
2012-09-26,MSCI_WORLD,132.8072
2012-09-27,MSCI_WORLD,133.6811
2012-09-28,MSCI_WORLD,132.7704
2012-10-01,MSCI_WORLD,133.1058
2012-10-02,MSCI_WORLD,132.8697
2012-10-03,MSCI_WORLD,133.1659
2012-10-04,MSCI_WORLD,133.1176
2012-10-05,MSCI_WORLD,133.1345
2012-10-08,MSCI_WORLD,133.2394
2012-10-09,MSCI_WORLD,132.6911
2012-10-10,MSCI_WORLD,131.8057
2012-10-11,MSCI_WORLD,131.7633
2012-10-12,MSCI_WORLD,131.2385
2012-10-15,MSCI_WORLD,132.2339
2012-10-16,MSCI_WORLD,133.0167
2012-10-17,MSCI_WORLD,133.0539
2012-10-18,MSCI_WORLD,133.3402
2012-10-19,MSCI_WORLD,132.2392
2012-10-22,MSCI_WORLD,131.7007
2012-10-23,MSCI_WORLD,130.6869
2012-10-24,MSCI_WORLD,130.5267
2012-10-25,MSCI_WORLD,131.0272
2012-10-26,MSCI_WORLD,131.0552
2012-10-29,MSCI_WORLD,130.9956
2012-10-30,MSCI_WORLD,130.7854
2012-10-31,MSCI_WORLD,130.9267
2012-11-01,MSCI_WORLD,132.3185
2012-11-02,MSCI_WORLD,132.5169
2012-11-05,MSCI_WORLD,132.9199
2012-11-06,MSCI_WORLD,133.5480
2012-11-07,MSCI_WORLD,131.8123
2012-11-08,MSCI_WORLD,130.8463
2012-11-09,MSCI_WORLD,130.9878
2012-11-12,MSCI_WORLD,130.7951
2012-11-13,MSCI_WORLD,130.5583
2012-11-14,MSCI_WORLD,128.9096
2012-11-15,MSCI_WORLD,127.9417
2012-11-16,MSCI_WORLD,128.7632
2012-11-19,MSCI_WORLD,130.4810
2012-11-20,MSCI_WORLD,130.6584
2012-11-21,MSCI_WORLD,130.8156
2012-11-22,MSCI_WORLD,130.7724
2012-11-23,MSCI_WORLD,131.4844
2012-11-26,MSCI_WORLD,131.1976
2012-11-27,MSCI_WORLD,131.2167
2012-11-28,MSCI_WORLD,131.9111
2012-11-29,MSCI_WORLD,132.3107
2012-11-30,MSCI_WORLD,132.1138
2012-12-03,MSCI_WORLD,131.3339
2012-12-04,MSCI_WORLD,131.1612
2012-12-05,MSCI_WORLD,131.5053
2012-12-06,MSCI_WORLD,132.7145
2012-12-07,MSCI_WORLD,133.4842
2012-12-10,MSCI_WORLD,133.6333
2012-12-11,MSCI_WORLD,133.6863
2012-12-12,MSCI_WORLD,133.5190
2012-12-13,MSCI_WORLD,132.5866
2012-12-14,MSCI_WORLD,132.1615
2012-12-17,MSCI_WORLD,132.6059
2012-12-18,MSCI_WORLD,133.3476
2012-12-19,MSCI_WORLD,132.9795
2012-12-20,MSCI_WORLD,133.5078
2012-12-21,MSCI_WORLD,133.0796
2012-12-24,MSCI_WORLD,132.6161
2012-12-25,MSCI_WORLD,132.6859
2012-12-26,MSCI_WORLD,132.1274
2012-12-27,MSCI_WORLD,132.1689
2012-12-28,MSCI_WORLD,131.2554
2012-12-31,MSCI_WORLD,132.7812
2013-01-01,MSCI_WORLD,132.7864
2013-01-02,MSCI_WORLD,135.0909
2013-01-03,MSCI_WORLD,136.2802
2013-01-04,MSCI_WORLD,137.3820
2013-01-07,MSCI_WORLD,136.4961
2013-01-08,MSCI_WORLD,136.3918
2013-01-09,MSCI_WORLD,137.1257
2013-01-10,MSCI_WORLD,136.4811
2013-01-11,MSCI_WORLD,135.4756
2013-01-14,MSCI_WORLD,135.0983
2013-01-15,MSCI_WORLD,135.5386
2013-01-16,MSCI_WORLD,135.6989
2013-01-17,MSCI_WORLD,135.7842
2013-01-18,MSCI_WORLD,136.6568
2013-01-21,MSCI_WORLD,136.5603
2013-01-22,MSCI_WORLD,137.2569
2013-01-23,MSCI_WORLD,137.2621
2013-01-24,MSCI_WORLD,136.6246
2013-01-25,MSCI_WORLD,136.5067
2013-01-28,MSCI_WORLD,136.4144
2013-01-29,MSCI_WORLD,136.9882
2013-01-30,MSCI_WORLD,135.9635
2013-01-31,MSCI_WORLD,135.5356
2013-02-01,MSCI_WORLD,135.4119
2013-02-04,MSCI_WORLD,135.1343
2013-02-05,MSCI_WORLD,135.9692
2013-02-06,MSCI_WORLD,136.1934
2013-02-07,MSCI_WORLD,137.0964
2013-02-08,MSCI_WORLD,138.0255
2013-02-11,MSCI_WORLD,137.5797
2013-02-12,MSCI_WORLD,137.5004
2013-02-13,MSCI_WORLD,137.8420
2013-02-14,MSCI_WORLD,138.6131
2013-02-15,MSCI_WORLD,138.0670
2013-02-18,MSCI_WORLD,138.2309
2013-02-19,MSCI_WORLD,139.3006
2013-02-20,MSCI_WORLD,138.2187
2013-02-21,MSCI_WORLD,137.9996
2013-02-22,MSCI_WORLD,139.6327
2013-02-25,MSCI_WORLD,138.0097
2013-02-26,MSCI_WORLD,139.0215
2013-02-27,MSCI_WORLD,139.9945
2013-02-28,MSCI_WORLD,140.9568
2013-03-01,MSCI_WORLD,141.5858
2013-03-04,MSCI_WORLD,141.6467
2013-03-05,MSCI_WORLD,143.0088
2013-03-06,MSCI_WORLD,143.5350
2013-03-07,MSCI_WORLD,142.9180
2013-03-08,MSCI_WORLD,144.4242
2013-03-11,MSCI_WORLD,144.6792
2013-03-12,MSCI_WORLD,144.4551
2013-03-13,MSCI_WORLD,144.9510
2013-03-14,MSCI_WORLD,145.6554
2013-03-15,MSCI_WORLD,145.1361
2013-03-18,MSCI_WORLD,144.9913
2013-03-19,MSCI_WORLD,145.3686
2013-03-20,MSCI_WORLD,145.4528
2013-03-21,MSCI_WORLD,144.9623
2013-03-22,MSCI_WORLD,144.7414
2013-03-25,MSCI_WORLD,145.4574
2013-03-26,MSCI_WORLD,146.3544
2013-03-27,MSCI_WORLD,146.9832
2013-03-28,MSCI_WORLD,146.8810
2013-03-29,MSCI_WORLD,146.8704
2013-04-01,MSCI_WORLD,146.1448
2013-04-02,MSCI_WORLD,146.9992
2013-04-03,MSCI_WORLD,145.9050
2013-04-04,MSCI_WORLD,145.4993
2013-04-05,MSCI_WORLD,143.3127
2013-04-08,MSCI_WORLD,144.1481
2013-04-09,MSCI_WORLD,144.3633
2013-04-10,MSCI_WORLD,146.0239
2013-04-11,MSCI_WORLD,146.6219
2013-04-12,MSCI_WORLD,146.3376
2013-04-15,MSCI_WORLD,143.9544
2013-04-16,MSCI_WORLD,144.2270
2013-04-17,MSCI_WORLD,143.3844
2013-04-18,MSCI_WORLD,142.2460
2013-04-19,MSCI_WORLD,143.1298
2013-04-22,MSCI_WORLD,144.1883
2013-04-23,MSCI_WORLD,146.0656
2013-04-24,MSCI_WORLD,147.0238
2013-04-25,MSCI_WORLD,147.7740
2013-04-26,MSCI_WORLD,147.4207
2013-04-29,MSCI_WORLD,147.7102
2013-04-30,MSCI_WORLD,147.5541
2013-05-01,MSCI_WORLD,146.5037
2013-05-02,MSCI_WORLD,148.1912
2013-05-03,MSCI_WORLD,148.9915
2013-05-06,MSCI_WORLD,149.6337
2013-05-07,MSCI_WORLD,150.3491
2013-05-08,MSCI_WORLD,150.5618
2013-05-09,MSCI_WORLD,150.7268
2013-05-10,MSCI_WORLD,152.1771
2013-05-13,MSCI_WORLD,152.2425
2013-05-14,MSCI_WORLD,153.1893
2013-05-15,MSCI_WORLD,155.1271
2013-05-16,MSCI_WORLD,154.1870
2013-05-17,MSCI_WORLD,155.8355
2013-05-20,MSCI_WORLD,156.0245
2013-05-21,MSCI_WORLD,156.0698
2013-05-22,MSCI_WORLD,155.2552
2013-05-23,MSCI_WORLD,152.9653
2013-05-24,MSCI_WORLD,152.5715
2013-05-27,MSCI_WORLD,152.1506
2013-05-28,MSCI_WORLD,153.9183
2013-05-29,MSCI_WORLD,151.8301
2013-05-30,MSCI_WORLD,151.0797
2013-05-31,MSCI_WORLD,150.1611
2013-06-03,MSCI_WORLD,149.4505
2013-06-04,MSCI_WORLD,149.0490
2013-06-05,MSCI_WORLD,146.6401
2013-06-06,MSCI_WORLD,145.8433
2013-06-07,MSCI_WORLD,147.0904
2013-06-10,MSCI_WORLD,147.6773
2013-06-11,MSCI_WORLD,145.8210
2013-06-12,MSCI_WORLD,144.6148
2013-06-13,MSCI_WORLD,145.6845
2013-06-14,MSCI_WORLD,145.2056
2013-06-17,MSCI_WORLD,146.4277
2013-06-18,MSCI_WORLD,146.5375
2013-06-19,MSCI_WORLD,145.6124
2013-06-20,MSCI_WORLD,143.0294
2013-06-21,MSCI_WORLD,143.1788
2013-06-24,MSCI_WORLD,141.6140
2013-06-25,MSCI_WORLD,143.0060
2013-06-26,MSCI_WORLD,145.1527
2013-06-27,MSCI_WORLD,146.2270
2013-06-28,MSCI_WORLD,146.0273
2013-07-01,MSCI_WORLD,146.7169
2013-07-02,MSCI_WORLD,146.7945
2013-07-03,MSCI_WORLD,147.0705
2013-07-04,MSCI_WORLD,148.5210
2013-07-05,MSCI_WORLD,149.5239
2013-07-08,MSCI_WORLD,150.0639
2013-07-09,MSCI_WORLD,152.1209
2013-07-10,MSCI_WORLD,151.7811
2013-07-11,MSCI_WORLD,152.0218
2013-07-12,MSCI_WORLD,152.0423
2013-07-15,MSCI_WORLD,152.3797
2013-07-16,MSCI_WORLD,151.2948
2013-07-17,MSCI_WORLD,152.1007
2013-07-18,MSCI_WORLD,152.9139
2013-07-19,MSCI_WORLD,152.5985
2013-07-22,MSCI_WORLD,152.6881
2013-07-23,MSCI_WORLD,152.3182
2013-07-24,MSCI_WORLD,151.9730
2013-07-25,MSCI_WORLD,151.9202
2013-07-26,MSCI_WORLD,151.4372
2013-07-29,MSCI_WORLD,150.8333
2013-07-30,MSCI_WORLD,151.0138
2013-07-31,MSCI_WORLD,150.4737
2013-08-01,MSCI_WORLD,152.6948
2013-08-02,MSCI_WORLD,153.0190
2013-08-05,MSCI_WORLD,153.1866
2013-08-06,MSCI_WORLD,152.1489
2013-08-07,MSCI_WORLD,151.2224
2013-08-08,MSCI_WORLD,151.3268
2013-08-09,MSCI_WORLD,151.6343
2013-08-12,MSCI_WORLD,152.0156
2013-08-13,MSCI_WORLD,152.9987
2013-08-14,MSCI_WORLD,152.6933
2013-08-15,MSCI_WORLD,150.9869
2013-08-16,MSCI_WORLD,150.1347
2013-08-19,MSCI_WORLD,149.2237
2013-08-20,MSCI_WORLD,148.3100
2013-08-21,MSCI_WORLD,147.8004
2013-08-22,MSCI_WORLD,148.9668
2013-08-23,MSCI_WORLD,149.3863
2013-08-26,MSCI_WORLD,149.3141
2013-08-27,MSCI_WORLD,147.1237
2013-08-28,MSCI_WORLD,147.2946
2013-08-29,MSCI_WORLD,148.7055
2013-08-30,MSCI_WORLD,148.3040
2013-09-02,MSCI_WORLD,149.1427
2013-09-03,MSCI_WORLD,149.9988
2013-09-04,MSCI_WORLD,150.5908
2013-09-05,MSCI_WORLD,151.6311
2013-09-06,MSCI_WORLD,151.6760
2013-09-09,MSCI_WORLD,151.9528
2013-09-10,MSCI_WORLD,153.1244
2013-09-11,MSCI_WORLD,153.3947
2013-09-12,MSCI_WORLD,153.0527
2013-09-13,MSCI_WORLD,153.6990
2013-09-16,MSCI_WORLD,153.9050
2013-09-17,MSCI_WORLD,154.0183
2013-09-18,MSCI_WORLD,155.4562
2013-09-19,MSCI_WORLD,154.3707
2013-09-20,MSCI_WORLD,153.7774
2013-09-23,MSCI_WORLD,153.4486
2013-09-24,MSCI_WORLD,153.2343
2013-09-25,MSCI_WORLD,152.8931
2013-09-26,MSCI_WORLD,153.5920
2013-09-27,MSCI_WORLD,152.7424
2013-09-30,MSCI_WORLD,151.6890
2013-10-01,MSCI_WORLD,152.7868
2013-10-02,MSCI_WORLD,151.8245
2013-10-03,MSCI_WORLD,150.6540
2013-10-04,MSCI_WORLD,151.4273
2013-10-07,MSCI_WORLD,150.6069
2013-10-08,MSCI_WORLD,149.0486
2013-10-09,MSCI_WORLD,149.6145
2013-10-10,MSCI_WORLD,152.1301
2013-10-11,MSCI_WORLD,152.8036
2013-10-14,MSCI_WORLD,153.0706
2013-10-15,MSCI_WORLD,153.5542
2013-10-16,MSCI_WORLD,154.8959
2013-10-17,MSCI_WORLD,154.5304
2013-10-18,MSCI_WORLD,155.2942
2013-10-21,MSCI_WORLD,155.6777
2013-10-22,MSCI_WORLD,155.6437
2013-10-23,MSCI_WORLD,154.6752
2013-10-24,MSCI_WORLD,155.0460
2013-10-25,MSCI_WORLD,155.1575
2013-10-28,MSCI_WORLD,155.4722
2013-10-29,MSCI_WORLD,156.0548
2013-10-30,MSCI_WORLD,155.8056
2013-10-31,MSCI_WORLD,156.9483
2013-11-01,MSCI_WORLD,157.7057
2013-11-04,MSCI_WORLD,158.0262
2013-11-05,MSCI_WORLD,158.0230
2013-11-06,MSCI_WORLD,158.2762
2013-11-07,MSCI_WORLD,158.1119
2013-11-08,MSCI_WORLD,159.3027
2013-11-11,MSCI_WORLD,159.0698
2013-11-12,MSCI_WORLD,158.4928
2013-11-13,MSCI_WORLD,159.2270
2013-11-14,MSCI_WORLD,159.7183
2013-11-15,MSCI_WORLD,160.3898
2013-11-18,MSCI_WORLD,159.9303
2013-11-19,MSCI_WORLD,159.3136
2013-11-20,MSCI_WORLD,159.5573
2013-11-21,MSCI_WORLD,160.0825
2013-11-22,MSCI_WORLD,160.0161
2013-11-25,MSCI_WORLD,160.2852
2013-11-26,MSCI_WORLD,159.4793
2013-11-27,MSCI_WORLD,159.6175
2013-11-28,MSCI_WORLD,159.7247
2013-11-29,MSCI_WORLD,159.4970
2013-12-02,MSCI_WORLD,159.5004
2013-12-03,MSCI_WORLD,158.3555
2013-12-04,MSCI_WORLD,157.8980
2013-12-05,MSCI_WORLD,156.1720
2013-12-06,MSCI_WORLD,157.2071
2013-12-09,MSCI_WORLD,157.2891
2013-12-10,MSCI_WORLD,156.3697
2013-12-11,MSCI_WORLD,154.7996
2013-12-12,MSCI_WORLD,154.1274
2013-12-13,MSCI_WORLD,154.2888
2013-12-16,MSCI_WORLD,155.0532
2013-12-17,MSCI_WORLD,154.7915
2013-12-18,MSCI_WORLD,156.4678
2013-12-19,MSCI_WORLD,158.0070
2013-12-20,MSCI_WORLD,158.7918
2013-12-23,MSCI_WORLD,159.4284
2013-12-24,MSCI_WORLD,160.1276
2013-12-25,MSCI_WORLD,160.1351
2013-12-26,MSCI_WORLD,160.4856
2013-12-27,MSCI_WORLD,160.2776
2013-12-30,MSCI_WORLD,160.0476
2013-12-31,MSCI_WORLD,160.9335
2014-01-01,MSCI_WORLD,160.9360
2014-01-02,MSCI_WORLD,160.8215
2014-01-03,MSCI_WORLD,161.4397
2014-01-06,MSCI_WORLD,160.6187
2014-01-07,MSCI_WORLD,161.6813
2014-01-08,MSCI_WORLD,162.0184
2014-01-09,MSCI_WORLD,161.8241
2014-01-10,MSCI_WORLD,161.6539
2014-01-13,MSCI_WORLD,160.9309
2014-01-14,MSCI_WORLD,161.1494
2014-01-15,MSCI_WORLD,163.0740
2014-01-16,MSCI_WORLD,162.9262
2014-01-17,MSCI_WORLD,163.2575
2014-01-20,MSCI_WORLD,163.1652
2014-01-21,MSCI_WORLD,163.6309
2014-01-22,MSCI_WORLD,163.6236
2014-01-23,MSCI_WORLD,161.1382
2014-01-24,MSCI_WORLD,157.9478
2014-01-27,MSCI_WORLD,156.7778
2014-01-28,MSCI_WORLD,157.5159
2014-01-29,MSCI_WORLD,157.0096
2014-01-30,MSCI_WORLD,158.3268
2014-01-31,MSCI_WORLD,158.3514
2014-02-03,MSCI_WORLD,155.3425
2014-02-04,MSCI_WORLD,155.2408
2014-02-05,MSCI_WORLD,155.2518
2014-02-06,MSCI_WORLD,156.5129
2014-02-07,MSCI_WORLD,158.1708
2014-02-10,MSCI_WORLD,158.3259
2014-02-11,MSCI_WORLD,159.7247
2014-02-12,MSCI_WORLD,161.1308
2014-02-13,MSCI_WORLD,160.7609
2014-02-14,MSCI_WORLD,161.2088
2014-02-17,MSCI_WORLD,161.3644
2014-02-18,MSCI_WORLD,161.4862
2014-02-19,MSCI_WORLD,160.9571
2014-02-20,MSCI_WORLD,161.5442
2014-02-21,MSCI_WORLD,161.5454
2014-02-24,MSCI_WORLD,162.6020
2014-02-25,MSCI_WORLD,162.6310
2014-02-26,MSCI_WORLD,162.9982
2014-02-27,MSCI_WORLD,163.2078
2014-02-28,MSCI_WORLD,162.3538
2014-03-03,MSCI_WORLD,160.8769
2014-03-04,MSCI_WORLD,163.4265
2014-03-05,MSCI_WORLD,163.6136
2014-03-06,MSCI_WORLD,163.1407
2014-03-07,MSCI_WORLD,162.4135
2014-03-10,MSCI_WORLD,161.7651
2014-03-11,MSCI_WORLD,161.5017
2014-03-12,MSCI_WORLD,160.4802
2014-03-13,MSCI_WORLD,158.8956
2014-03-14,MSCI_WORLD,157.9115
2014-03-17,MSCI_WORLD,159.1278
2014-03-18,MSCI_WORLD,160.4032
2014-03-19,MSCI_WORLD,159.7344
2014-03-20,MSCI_WORLD,160.8384
2014-03-21,MSCI_WORLD,160.7736
2014-03-24,MSCI_WORLD,160.0504
2014-03-25,MSCI_WORLD,161.0727
2014-03-26,MSCI_WORLD,160.8637
2014-03-27,MSCI_WORLD,161.4041
2014-03-28,MSCI_WORLD,162.1081
2014-03-31,MSCI_WORLD,162.9309
2014-04-01,MSCI_WORLD,163.7532
2014-04-02,MSCI_WORLD,164.4546
2014-04-03,MSCI_WORLD,164.8541
2014-04-04,MSCI_WORLD,164.2789
2014-04-07,MSCI_WORLD,162.0476
2014-04-08,MSCI_WORLD,161.8881
2014-04-09,MSCI_WORLD,162.6754
2014-04-10,MSCI_WORLD,160.1650
2014-04-11,MSCI_WORLD,158.3936
2014-04-14,MSCI_WORLD,159.8296
2014-04-15,MSCI_WORLD,159.9644
2014-04-16,MSCI_WORLD,161.9431
2014-04-17,MSCI_WORLD,162.0943
2014-04-18,MSCI_WORLD,162.1706
2014-04-21,MSCI_WORLD,162.7168
2014-04-22,MSCI_WORLD,163.7522
2014-04-23,MSCI_WORLD,163.1255
2014-04-24,MSCI_WORLD,163.4351
2014-04-25,MSCI_WORLD,162.2280
2014-04-28,MSCI_WORLD,162.3426
2014-04-29,MSCI_WORLD,163.6181
2014-04-30,MSCI_WORLD,163.6151
2014-05-01,MSCI_WORLD,163.8765
2014-05-02,MSCI_WORLD,163.7735
2014-05-05,MSCI_WORLD,163.7324
2014-05-06,MSCI_WORLD,162.4925
2014-05-07,MSCI_WORLD,162.7240
2014-05-08,MSCI_WORLD,163.7232
2014-05-09,MSCI_WORLD,164.6849
2014-05-12,MSCI_WORLD,165.8668
2014-05-13,MSCI_WORLD,166.7932
2014-05-14,MSCI_WORLD,166.5166
2014-05-15,MSCI_WORLD,165.2405
2014-05-16,MSCI_WORLD,165.5447
2014-05-19,MSCI_WORLD,165.6067
2014-05-20,MSCI_WORLD,165.1406
2014-05-21,MSCI_WORLD,166.3843
2014-05-22,MSCI_WORLD,167.0729
2014-05-23,MSCI_WORLD,167.9409
2014-05-26,MSCI_WORLD,168.2181
2014-05-27,MSCI_WORLD,169.1249
2014-05-28,MSCI_WORLD,169.2082
2014-05-29,MSCI_WORLD,169.7028
2014-05-30,MSCI_WORLD,169.5240
2014-06-02,MSCI_WORLD,170.2251
2014-06-03,MSCI_WORLD,169.9245
2014-06-04,MSCI_WORLD,170.1293
2014-06-05,MSCI_WORLD,170.9961
2014-06-06,MSCI_WORLD,171.5877
2014-06-09,MSCI_WORLD,172.3227
2014-06-10,MSCI_WORLD,172.8646
2014-06-11,MSCI_WORLD,172.6474
2014-06-12,MSCI_WORLD,171.8618
2014-06-13,MSCI_WORLD,172.3275
2014-06-16,MSCI_WORLD,171.7736
2014-06-17,MSCI_WORLD,172.2869
2014-06-18,MSCI_WORLD,172.8426
2014-06-19,MSCI_WORLD,173.1444
2014-06-20,MSCI_WORLD,173.7693
2014-06-23,MSCI_WORLD,173.4446
2014-06-24,MSCI_WORLD,172.5595
2014-06-25,MSCI_WORLD,172.1417
2014-06-26,MSCI_WORLD,172.6437
2014-06-27,MSCI_WORLD,172.3637
2014-06-30,MSCI_WORLD,171.9769
2014-07-01,MSCI_WORLD,173.2617
2014-07-02,MSCI_WORLD,173.8044
2014-07-03,MSCI_WORLD,175.0860
2014-07-04,MSCI_WORLD,175.2898
2014-07-07,MSCI_WORLD,174.3471
2014-07-08,MSCI_WORLD,172.8294
2014-07-09,MSCI_WORLD,172.9400
2014-07-10,MSCI_WORLD,172.2955
2014-07-11,MSCI_WORLD,172.4783
2014-07-14,MSCI_WORLD,173.2182
2014-07-15,MSCI_WORLD,173.3951
2014-07-16,MSCI_WORLD,174.8458
2014-07-17,MSCI_WORLD,173.4390
2014-07-18,MSCI_WORLD,174.4691
2014-07-21,MSCI_WORLD,173.9113
2014-07-22,MSCI_WORLD,175.6687
2014-07-23,MSCI_WORLD,176.0636
2014-07-24,MSCI_WORLD,176.2086
2014-07-25,MSCI_WORLD,175.8750
2014-07-28,MSCI_WORLD,175.7905
2014-07-29,MSCI_WORLD,175.7635
2014-07-30,MSCI_WORLD,175.7995
2014-07-31,MSCI_WORLD,173.1722
2014-08-01,MSCI_WORLD,171.6770
2014-08-04,MSCI_WORLD,172.2458
2014-08-05,MSCI_WORLD,171.6913
2014-08-06,MSCI_WORLD,171.3990
2014-08-07,MSCI_WORLD,170.6257
2014-08-08,MSCI_WORLD,170.4183
2014-08-11,MSCI_WORLD,171.8889
2014-08-12,MSCI_WORLD,172.0514
2014-08-13,MSCI_WORLD,172.7759
2014-08-14,MSCI_WORLD,173.4853
2014-08-15,MSCI_WORLD,173.3135
2014-08-18,MSCI_WORLD,174.9040
2014-08-19,MSCI_WORLD,176.2843
2014-08-20,MSCI_WORLD,176.8271
2014-08-21,MSCI_WORLD,177.4868
2014-08-22,MSCI_WORLD,177.6057
2014-08-25,MSCI_WORLD,179.0094
2014-08-26,MSCI_WORLD,179.3447
2014-08-27,MSCI_WORLD,179.5421
2014-08-28,MSCI_WORLD,179.2772
2014-08-29,MSCI_WORLD,179.7829
2014-09-01,MSCI_WORLD,180.2301
2014-09-02,MSCI_WORLD,180.3234
2014-09-03,MSCI_WORLD,180.6479
2014-09-04,MSCI_WORLD,182.6818
2014-09-05,MSCI_WORLD,183.0096
2014-09-08,MSCI_WORLD,182.5068
2014-09-09,MSCI_WORLD,181.8247
2014-09-10,MSCI_WORLD,182.0858
2014-09-11,MSCI_WORLD,181.8913
2014-09-12,MSCI_WORLD,181.1503
2014-09-15,MSCI_WORLD,180.8697
2014-09-16,MSCI_WORLD,181.4107
2014-09-17,MSCI_WORLD,181.4695
2014-09-18,MSCI_WORLD,182.7826
2014-09-19,MSCI_WORLD,183.6907
2014-09-22,MSCI_WORLD,182.4859
2014-09-23,MSCI_WORLD,180.8474
2014-09-24,MSCI_WORLD,182.5527
2014-09-25,MSCI_WORLD,181.1039
2014-09-26,MSCI_WORLD,182.4607
2014-09-29,MSCI_WORLD,181.9959
2014-09-30,MSCI_WORLD,182.3730
2014-10-01,MSCI_WORLD,180.8501
2014-10-02,MSCI_WORLD,178.8268
2014-10-03,MSCI_WORLD,181.6526
2014-10-06,MSCI_WORLD,181.3127
2014-10-07,MSCI_WORLD,178.4686
2014-10-08,MSCI_WORLD,178.9796
2014-10-09,MSCI_WORLD,176.4295
2014-10-10,MSCI_WORLD,174.8241
2014-10-13,MSCI_WORLD,172.6775
2014-10-14,MSCI_WORLD,172.5475
2014-10-15,MSCI_WORLD,169.6593
2014-10-16,MSCI_WORLD,169.1066
2014-10-17,MSCI_WORLD,171.5060
2014-10-20,MSCI_WORLD,172.6605
2014-10-21,MSCI_WORLD,176.0282
2014-10-22,MSCI_WORLD,176.4913
2014-10-23,MSCI_WORLD,178.1340
2014-10-24,MSCI_WORLD,178.7007
2014-10-27,MSCI_WORLD,177.9852
2014-10-28,MSCI_WORLD,179.3774
2014-10-29,MSCI_WORLD,179.3821
2014-10-30,MSCI_WORLD,181.6825
2014-10-31,MSCI_WORLD,185.0691
2014-11-03,MSCI_WORLD,184.7523
2014-11-04,MSCI_WORLD,183.3816
2014-11-05,MSCI_WORLD,185.5278
2014-11-06,MSCI_WORLD,186.4634
2014-11-07,MSCI_WORLD,186.7844
2014-11-10,MSCI_WORLD,187.1867
2014-11-11,MSCI_WORLD,187.6906
2014-11-12,MSCI_WORLD,186.7631
2014-11-13,MSCI_WORLD,186.9575
2014-11-14,MSCI_WORLD,186.9977
2014-11-17,MSCI_WORLD,187.1044
2014-11-18,MSCI_WORLD,187.4429
2014-11-19,MSCI_WORLD,186.9344
2014-11-20,MSCI_WORLD,187.0332
2014-11-21,MSCI_WORLD,190.2567
2014-11-24,MSCI_WORLD,190.2127
2014-11-25,MSCI_WORLD,189.7747
2014-11-26,MSCI_WORLD,189.7025
2014-11-27,MSCI_WORLD,190.0604
2014-11-28,MSCI_WORLD,189.7245
2014-12-01,MSCI_WORLD,188.5325
2014-12-02,MSCI_WORLD,190.3330
2014-12-03,MSCI_WORLD,192.0167
2014-12-04,MSCI_WORLD,189.8999
2014-12-05,MSCI_WORLD,192.2740
2014-12-08,MSCI_WORLD,191.0404
2014-12-09,MSCI_WORLD,188.5194
2014-12-10,MSCI_WORLD,186.0543
2014-12-11,MSCI_WORLD,186.6618
2014-12-12,MSCI_WORLD,182.8526
2014-12-15,MSCI_WORLD,181.2020
2014-12-16,MSCI_WORLD,180.0478
2014-12-17,MSCI_WORLD,183.5754
2014-12-18,MSCI_WORLD,189.0578
2014-12-19,MSCI_WORLD,190.4918
2014-12-22,MSCI_WORLD,191.2912
2014-12-23,MSCI_WORLD,192.6623
2014-12-24,MSCI_WORLD,192.6982
2014-12-25,MSCI_WORLD,192.6491
2014-12-26,MSCI_WORLD,193.3718
2014-12-29,MSCI_WORLD,193.4998
2014-12-30,MSCI_WORLD,192.5681
2014-12-31,MSCI_WORLD,192.3112
2015-01-01,MSCI_WORLD,192.3121
2015-01-02,MSCI_WORLD,192.8866
2015-01-05,MSCI_WORLD,190.5871
2015-01-06,MSCI_WORLD,188.9402
2015-01-07,MSCI_WORLD,191.7255
2015-01-08,MSCI_WORLD,195.5971
2015-01-09,MSCI_WORLD,193.7103
2015-01-12,MSCI_WORLD,193.1646
2015-01-13,MSCI_WORLD,193.9435
2015-01-14,MSCI_WORLD,192.3671
2015-01-15,MSCI_WORLD,195.3523
2015-01-16,MSCI_WORLD,198.3891
2015-01-19,MSCI_WORLD,196.8929
2015-01-20,MSCI_WORLD,198.2973
2015-01-21,MSCI_WORLD,199.1334
2015-01-22,MSCI_WORLD,204.0327
2015-01-23,MSCI_WORLD,206.7310
2015-01-26,MSCI_WORLD,207.1951
2015-01-27,MSCI_WORLD,203.7383
2015-01-28,MSCI_WORLD,202.8612
2015-01-29,MSCI_WORLD,203.4785
2015-01-30,MSCI_WORLD,202.4809
2015-02-02,MSCI_WORLD,203.4488
2015-02-03,MSCI_WORLD,204.0685
2015-02-04,MSCI_WORLD,204.5106
2015-02-05,MSCI_WORLD,205.9075
2015-02-06,MSCI_WORLD,206.6569
2015-02-09,MSCI_WORLD,206.0659
2015-02-10,MSCI_WORLD,207.6777
2015-02-11,MSCI_WORLD,207.5566
2015-02-12,MSCI_WORLD,208.7195
2015-02-13,MSCI_WORLD,209.4896
2015-02-16,MSCI_WORLD,209.5412
2015-02-17,MSCI_WORLD,209.8968
2015-02-18,MSCI_WORLD,211.1067
2015-02-19,MSCI_WORLD,210.8222
2015-02-20,MSCI_WORLD,212.1153
2015-02-23,MSCI_WORLD,212.6524
2015-02-24,MSCI_WORLD,213.5436
2015-02-25,MSCI_WORLD,213.4214
2015-02-26,MSCI_WORLD,215.8357
2015-02-27,MSCI_WORLD,215.6434
2015-03-02,MSCI_WORLD,216.5191
2015-03-03,MSCI_WORLD,215.7765
2015-03-04,MSCI_WORLD,217.1262
2015-03-05,MSCI_WORLD,218.3001
2015-03-06,MSCI_WORLD,218.9575
2015-03-09,MSCI_WORLD,219.2629
2015-03-10,MSCI_WORLD,218.3755
2015-03-11,MSCI_WORLD,220.9070
2015-03-12,MSCI_WORLD,222.3945
2015-03-13,MSCI_WORLD,223.2631
2015-03-16,MSCI_WORLD,224.6859
2015-03-17,MSCI_WORLD,223.6909
2015-03-18,MSCI_WORLD,225.1249
2015-03-19,MSCI_WORLD,225.2192
2015-03-20,MSCI_WORLD,224.6147
2015-03-23,MSCI_WORLD,222.3413
2015-03-24,MSCI_WORLD,222.0595
2015-03-25,MSCI_WORLD,218.4473
2015-03-26,MSCI_WORLD,218.4016
2015-03-27,MSCI_WORLD,219.1085
2015-03-30,MSCI_WORLD,221.9188
2015-03-31,MSCI_WORLD,221.6855
2015-04-01,MSCI_WORLD,220.9896
2015-04-02,MSCI_WORLD,219.9011
2015-04-03,MSCI_WORLD,220.0160
2015-04-06,MSCI_WORLD,218.7702
2015-04-07,MSCI_WORLD,222.2467
2015-04-08,MSCI_WORLD,223.9849
2015-04-09,MSCI_WORLD,227.0712
2015-04-10,MSCI_WORLD,229.1584
2015-04-13,MSCI_WORLD,229.3813
2015-04-14,MSCI_WORLD,227.7616
2015-04-15,MSCI_WORLD,230.1152
2015-04-16,MSCI_WORLD,228.5451
2015-04-17,MSCI_WORLD,224.7353
2015-04-20,MSCI_WORLD,226.4793
2015-04-21,MSCI_WORLD,227.1302
2015-04-22,MSCI_WORLD,228.1227
2015-04-23,MSCI_WORLD,227.2431
2015-04-24,MSCI_WORLD,226.8771
2015-04-27,MSCI_WORLD,226.7260
2015-04-28,MSCI_WORLD,224.9439
2015-04-29,MSCI_WORLD,220.6417
2015-04-30,MSCI_WORLD,217.4593
2015-05-01,MSCI_WORLD,218.2300
2015-05-04,MSCI_WORLD,219.8822
2015-05-05,MSCI_WORLD,217.2652
2015-05-06,MSCI_WORLD,214.0395
2015-05-07,MSCI_WORLD,215.4376
2015-05-08,MSCI_WORLD,219.4043
2015-05-11,MSCI_WORLD,220.0979
2015-05-12,MSCI_WORLD,217.7562
2015-05-13,MSCI_WORLD,216.3821
2015-05-14,MSCI_WORLD,217.5353
2015-05-15,MSCI_WORLD,216.8379
2015-05-18,MSCI_WORLD,218.5474
2015-05-19,MSCI_WORLD,222.6010
2015-05-20,MSCI_WORLD,223.1509
2015-05-21,MSCI_WORLD,223.6549
2015-05-22,MSCI_WORLD,224.7532
2015-05-25,MSCI_WORLD,224.7943
2015-05-26,MSCI_WORLD,224.5444
2015-05-27,MSCI_WORLD,226.5930
2015-05-28,MSCI_WORLD,225.4565
2015-05-29,MSCI_WORLD,223.0250
2015-06-01,MSCI_WORLD,224.2626
2015-06-02,MSCI_WORLD,220.1259
2015-06-03,MSCI_WORLD,218.3863
2015-06-04,MSCI_WORLD,216.3219
2015-06-05,MSCI_WORLD,217.8291
2015-06-08,MSCI_WORLD,214.9976
2015-06-09,MSCI_WORLD,214.1691
2015-06-10,MSCI_WORLD,216.1304
2015-06-11,MSCI_WORLD,217.8224
2015-06-12,MSCI_WORLD,216.0401
2015-06-15,MSCI_WORLD,214.7317
2015-06-16,MSCI_WORLD,215.9034
2015-06-17,MSCI_WORLD,215.7337
2015-06-18,MSCI_WORLD,214.7787
2015-06-19,MSCI_WORLD,215.4853
2015-06-22,MSCI_WORLD,216.7827
2015-06-23,MSCI_WORLD,220.9036
2015-06-24,MSCI_WORLD,219.6223
2015-06-25,MSCI_WORLD,218.9629
2015-06-26,MSCI_WORLD,219.3793
2015-06-29,MSCI_WORLD,214.4261
2015-06-30,MSCI_WORLD,214.3493
2015-07-01,MSCI_WORLD,216.5781
2015-07-02,MSCI_WORLD,216.5485
2015-07-03,MSCI_WORLD,216.2888
2015-07-06,MSCI_WORLD,214.9194
2015-07-07,MSCI_WORLD,217.0823
2015-07-08,MSCI_WORLD,212.3203
2015-07-09,MSCI_WORLD,214.0184
2015-07-10,MSCI_WORLD,214.7613
2015-07-13,MSCI_WORLD,219.8594
2015-07-14,MSCI_WORLD,221.4121
2015-07-15,MSCI_WORLD,222.1312
2015-07-16,MSCI_WORLD,224.9580
2015-07-17,MSCI_WORLD,225.8570
2015-07-20,MSCI_WORLD,225.8239
2015-07-21,MSCI_WORLD,223.8367
2015-07-22,MSCI_WORLD,223.2899
2015-07-23,MSCI_WORLD,221.0549
2015-07-24,MSCI_WORLD,219.1465
2015-07-27,MSCI_WORLD,214.9864
2015-07-28,MSCI_WORLD,217.9154
2015-07-29,MSCI_WORLD,219.7419
2015-07-30,MSCI_WORLD,221.8009
2015-07-31,MSCI_WORLD,220.0434
2015-08-03,MSCI_WORLD,221.0176
2015-08-04,MSCI_WORLD,220.9720
2015-08-05,MSCI_WORLD,223.4097
2015-08-06,MSCI_WORLD,221.2394
2015-08-07,MSCI_WORLD,220.0410
2015-08-10,MSCI_WORLD,221.6410
2015-08-11,MSCI_WORLD,218.1993
2015-08-12,MSCI_WORLD,214.5687
2015-08-13,MSCI_WORLD,215.7480
2015-08-14,MSCI_WORLD,216.3770
2015-08-17,MSCI_WORLD,217.7558
2015-08-18,MSCI_WORLD,217.9723
2015-08-19,MSCI_WORLD,215.2949
2015-08-20,MSCI_WORLD,209.0204
2015-08-21,MSCI_WORLD,201.2598
2015-08-24,MSCI_WORLD,189.3943
2015-08-25,MSCI_WORLD,191.4577
2015-08-26,MSCI_WORLD,195.5252
2015-08-27,MSCI_WORLD,203.0266
2015-08-28,MSCI_WORLD,203.8563
2015-08-31,MSCI_WORLD,202.6121
2015-09-01,MSCI_WORLD,196.1755
2015-09-02,MSCI_WORLD,198.5215
2015-09-03,MSCI_WORLD,201.8304
2015-09-04,MSCI_WORLD,198.1130
2015-09-07,MSCI_WORLD,197.7091
2015-09-08,MSCI_WORLD,200.7609
2015-09-09,MSCI_WORLD,201.2459
2015-09-10,MSCI_WORLD,199.9422
2015-09-11,MSCI_WORLD,199.0211
2015-09-14,MSCI_WORLD,198.1006
2015-09-15,MSCI_WORLD,200.1014
2015-09-16,MSCI_WORLD,202.1624
2015-09-17,MSCI_WORLD,201.6893
2015-09-18,MSCI_WORLD,197.9293
2015-09-21,MSCI_WORLD,200.9367
2015-09-22,MSCI_WORLD,198.5576
2015-09-23,MSCI_WORLD,197.8512
2015-09-24,MSCI_WORLD,194.2044
2015-09-25,MSCI_WORLD,197.1088
2015-09-28,MSCI_WORLD,192.3696
2015-09-29,MSCI_WORLD,191.0022
2015-09-30,MSCI_WORLD,195.8819
2015-10-01,MSCI_WORLD,195.9130
2015-10-02,MSCI_WORLD,197.0320
2015-10-05,MSCI_WORLD,201.9049
2015-10-06,MSCI_WORLD,201.4130
2015-10-07,MSCI_WORLD,203.4444
2015-10-08,MSCI_WORLD,203.9623
2015-10-09,MSCI_WORLD,203.8241
2015-10-12,MSCI_WORLD,203.5767
2015-10-13,MSCI_WORLD,201.9515
2015-10-14,MSCI_WORLD,199.8788
2015-10-15,MSCI_WORLD,203.5153
2015-10-16,MSCI_WORLD,204.6313
2015-10-19,MSCI_WORLD,205.4011
2015-10-20,MSCI_WORLD,204.5228
2015-10-21,MSCI_WORLD,203.7506
2015-10-22,MSCI_WORLD,209.3611
2015-10-23,MSCI_WORLD,213.9576
2015-10-26,MSCI_WORLD,213.4447
2015-10-27,MSCI_WORLD,212.3227
2015-10-28,MSCI_WORLD,214.2721
2015-10-29,MSCI_WORLD,215.4013
2015-10-30,MSCI_WORLD,213.6243
2015-11-02,MSCI_WORLD,215.0339
2015-11-03,MSCI_WORLD,216.9377
2015-11-04,MSCI_WORLD,218.3276
2015-11-05,MSCI_WORLD,217.9377
2015-11-06,MSCI_WORLD,219.6133
2015-11-09,MSCI_WORLD,217.9213
2015-11-10,MSCI_WORLD,218.8538
2015-11-11,MSCI_WORLD,218.3307
2015-11-12,MSCI_WORLD,215.2320
2015-11-13,MSCI_WORLD,213.4766
2015-11-16,MSCI_WORLD,215.4874
2015-11-17,MSCI_WORLD,217.9778
2015-11-18,MSCI_WORLD,220.0675
2015-11-19,MSCI_WORLD,219.4177
2015-11-20,MSCI_WORLD,221.0972
2015-11-23,MSCI_WORLD,221.4553
2015-11-24,MSCI_WORLD,220.7626
2015-11-25,MSCI_WORLD,221.8859
2015-11-26,MSCI_WORLD,222.3252
2015-11-27,MSCI_WORLD,222.3961
2015-11-30,MSCI_WORLD,222.3226
2015-12-01,MSCI_WORLD,223.4221
2015-12-02,MSCI_WORLD,222.3527
2015-12-03,MSCI_WORLD,214.3535
2015-12-04,MSCI_WORLD,215.7323
2015-12-07,MSCI_WORLD,215.4090
2015-12-08,MSCI_WORLD,213.0251
2015-12-09,MSCI_WORLD,210.4575
2015-12-10,MSCI_WORLD,210.8987
2015-12-11,MSCI_WORLD,206.4804
2015-12-14,MSCI_WORLD,205.2176
2015-12-15,MSCI_WORLD,209.0509
2015-12-16,MSCI_WORLD,211.4212
2015-12-17,MSCI_WORLD,211.8439
2015-12-18,MSCI_WORLD,208.8953
2015-12-21,MSCI_WORLD,208.1734
2015-12-22,MSCI_WORLD,208.6755
2015-12-23,MSCI_WORLD,213.0721
2015-12-24,MSCI_WORLD,211.8564
2015-12-25,MSCI_WORLD,211.7680
2015-12-28,MSCI_WORLD,211.1698
2015-12-29,MSCI_WORLD,214.4062
2015-12-30,MSCI_WORLD,213.0993
2015-12-31,MSCI_WORLD,212.3527
2016-01-01,MSCI_WORLD,212.3527
2016-01-04,MSCI_WORLD,209.4259
2016-01-05,MSCI_WORLD,211.0258
2016-01-06,MSCI_WORLD,207.8467
2016-01-07,MSCI_WORLD,201.9230
2016-01-08,MSCI_WORLD,198.6922
2016-01-11,MSCI_WORLD,199.1393
2016-01-12,MSCI_WORLD,200.1834
2016-01-13,MSCI_WORLD,197.5342
2016-01-14,MSCI_WORLD,198.3301
2016-01-15,MSCI_WORLD,192.7411
2016-01-18,MSCI_WORLD,193.2104
2016-01-19,MSCI_WORLD,193.6238
2016-01-20,MSCI_WORLD,189.9991
2016-01-21,MSCI_WORLD,192.0856
2016-01-22,MSCI_WORLD,197.0629
2016-01-25,MSCI_WORLD,194.9137
2016-01-26,MSCI_WORLD,196.4965
2016-01-27,MSCI_WORLD,195.5564
2016-01-28,MSCI_WORLD,194.5081
2016-01-29,MSCI_WORLD,200.4330
2016-02-01,MSCI_WORLD,199.6618
2016-02-02,MSCI_WORLD,196.0169
2016-02-03,MSCI_WORLD,193.6441
2016-02-04,MSCI_WORLD,192.5767
2016-02-05,MSCI_WORLD,189.9245
2016-02-08,MSCI_WORLD,186.7086
2016-02-09,MSCI_WORLD,182.8213
2016-02-10,MSCI_WORLD,184.5052
2016-02-11,MSCI_WORLD,179.9263
2016-02-12,MSCI_WORLD,183.6969
2016-02-15,MSCI_WORLD,187.5205
2016-02-16,MSCI_WORLD,189.5539
2016-02-17,MSCI_WORLD,192.7967
2016-02-18,MSCI_WORLD,193.3489
2016-02-19,MSCI_WORLD,192.5726
2016-02-22,MSCI_WORLD,196.4608
2016-02-23,MSCI_WORLD,194.3473
2016-02-24,MSCI_WORLD,193.6321
2016-02-25,MSCI_WORLD,195.9269
2016-02-26,MSCI_WORLD,197.9219
2016-02-29,MSCI_WORLD,198.1173
2016-03-01,MSCI_WORLD,201.8344
2016-03-02,MSCI_WORLD,204.0837
2016-03-03,MSCI_WORLD,203.5023
2016-03-04,MSCI_WORLD,203.3510
2016-03-07,MSCI_WORLD,203.7439
2016-03-08,MSCI_WORLD,200.7147
2016-03-09,MSCI_WORLD,202.1234
2016-03-10,MSCI_WORLD,199.5114
2016-03-11,MSCI_WORLD,202.9440
2016-03-14,MSCI_WORLD,204.0667
2016-03-15,MSCI_WORLD,202.9322
2016-03-16,MSCI_WORLD,203.9219
2016-03-17,MSCI_WORLD,202.2386
2016-03-18,MSCI_WORLD,203.0194
2016-03-21,MSCI_WORLD,203.3827
2016-03-22,MSCI_WORLD,203.9823
2016-03-23,MSCI_WORLD,203.4014
2016-03-24,MSCI_WORLD,202.4939
2016-03-25,MSCI_WORLD,202.6812
2016-03-28,MSCI_WORLD,202.2379
2016-03-29,MSCI_WORLD,203.9643
2016-03-30,MSCI_WORLD,203.0186
2016-03-31,MSCI_WORLD,201.7218
2016-04-01,MSCI_WORLD,201.6654
2016-04-04,MSCI_WORLD,201.1111
2016-04-05,MSCI_WORLD,198.4937
2016-04-06,MSCI_WORLD,200.3749
2016-04-07,MSCI_WORLD,198.8511
2016-04-08,MSCI_WORLD,199.7054
2016-04-11,MSCI_WORLD,199.1092
2016-04-12,MSCI_WORLD,201.7773
2016-04-13,MSCI_WORLD,206.1586
2016-04-14,MSCI_WORLD,207.2763
2016-04-15,MSCI_WORLD,206.4656
2016-04-18,MSCI_WORLD,206.5051
2016-04-19,MSCI_WORLD,207.8157
2016-04-20,MSCI_WORLD,208.8543
2016-04-21,MSCI_WORLD,209.1210
2016-04-22,MSCI_WORLD,209.5117
2016-04-25,MSCI_WORLD,208.5678
2016-04-26,MSCI_WORLD,208.2386
2016-04-27,MSCI_WORLD,208.2545
2016-04-28,MSCI_WORLD,207.1579
2016-04-29,MSCI_WORLD,203.8760
2016-05-02,MSCI_WORLD,203.4319
2016-05-03,MSCI_WORLD,201.3115
2016-05-04,MSCI_WORLD,200.0003
2016-05-05,MSCI_WORLD,201.3529
2016-05-06,MSCI_WORLD,201.2128
2016-05-09,MSCI_WORLD,201.6342
2016-05-10,MSCI_WORLD,204.0884
2016-05-11,MSCI_WORLD,202.3761
2016-05-12,MSCI_WORLD,202.5375
2016-05-13,MSCI_WORLD,202.7236
2016-05-16,MSCI_WORLD,203.7223
2016-05-17,MSCI_WORLD,202.8426
2016-05-18,MSCI_WORLD,203.8219
2016-05-19,MSCI_WORLD,203.5405
2016-05-20,MSCI_WORLD,204.9423
2016-05-23,MSCI_WORLD,204.6991
2016-05-24,MSCI_WORLD,207.7749
2016-05-25,MSCI_WORLD,209.9135
2016-05-26,MSCI_WORLD,209.5990
2016-05-27,MSCI_WORLD,211.1209
2016-05-30,MSCI_WORLD,211.0986
2016-05-31,MSCI_WORLD,210.9328
2016-06-01,MSCI_WORLD,209.9771
2016-06-02,MSCI_WORLD,210.3658
2016-06-03,MSCI_WORLD,207.7615
2016-06-06,MSCI_WORLD,208.1181
2016-06-07,MSCI_WORLD,209.3201
2016-06-08,MSCI_WORLD,209.2401
2016-06-09,MSCI_WORLD,209.2123
2016-06-10,MSCI_WORLD,206.8228
2016-06-13,MSCI_WORLD,204.3633
2016-06-14,MSCI_WORLD,204.1180
2016-06-15,MSCI_WORLD,204.0910
2016-06-16,MSCI_WORLD,205.0159
2016-06-17,MSCI_WORLD,204.1191
2016-06-20,MSCI_WORLD,206.0500
2016-06-21,MSCI_WORLD,207.8468
2016-06-22,MSCI_WORLD,207.5387
2016-06-23,MSCI_WORLD,209.2445
2016-06-24,MSCI_WORLD,203.1914
2016-06-27,MSCI_WORLD,201.0385
2016-06-28,MSCI_WORLD,203.2100
2016-06-29,MSCI_WORLD,206.7317
2016-06-30,MSCI_WORLD,209.0010
2016-07-01,MSCI_WORLD,209.4843
2016-07-04,MSCI_WORLD,209.4617
2016-07-05,MSCI_WORLD,208.0667
2016-07-06,MSCI_WORLD,208.2005
2016-07-07,MSCI_WORLD,208.5976
2016-07-08,MSCI_WORLD,211.6577
2016-07-11,MSCI_WORLD,213.2073
2016-07-12,MSCI_WORLD,214.6003
2016-07-13,MSCI_WORLD,214.4193
2016-07-14,MSCI_WORLD,215.5218
2016-07-15,MSCI_WORLD,215.8467
2016-07-18,MSCI_WORLD,216.3748
2016-07-19,MSCI_WORLD,216.7734
2016-07-20,MSCI_WORLD,217.9214
2016-07-21,MSCI_WORLD,217.9064
2016-07-22,MSCI_WORLD,218.5182
2016-07-25,MSCI_WORLD,218.2018
2016-07-26,MSCI_WORLD,218.2595
2016-07-27,MSCI_WORLD,218.2190
2016-07-28,MSCI_WORLD,216.5394
2016-07-29,MSCI_WORLD,216.4090
2016-08-01,MSCI_WORLD,216.1038
2016-08-02,MSCI_WORLD,213.7054
2016-08-03,MSCI_WORLD,214.3238
2016-08-04,MSCI_WORLD,215.5736
2016-08-05,MSCI_WORLD,218.0432
2016-08-08,MSCI_WORLD,218.3872
2016-08-09,MSCI_WORLD,218.7436
2016-08-10,MSCI_WORLD,217.6479
2016-08-11,MSCI_WORLD,218.4875
2016-08-12,MSCI_WORLD,218.5331
2016-08-15,MSCI_WORLD,218.6058
2016-08-16,MSCI_WORLD,216.3489
2016-08-17,MSCI_WORLD,216.1816
2016-08-18,MSCI_WORLD,215.8450
2016-08-19,MSCI_WORLD,215.3077
2016-08-22,MSCI_WORLD,215.3111
2016-08-23,MSCI_WORLD,216.2082
2016-08-24,MSCI_WORLD,216.6891
2016-08-25,MSCI_WORLD,215.5806
2016-08-26,MSCI_WORLD,215.4613
2016-08-29,MSCI_WORLD,217.6164
2016-08-30,MSCI_WORLD,217.6915
2016-08-31,MSCI_WORLD,217.4639
2016-09-01,MSCI_WORLD,216.9032
2016-09-02,MSCI_WORLD,218.8987
2016-09-05,MSCI_WORLD,219.5867
2016-09-06,MSCI_WORLD,218.8335
2016-09-07,MSCI_WORLD,218.9909
2016-09-08,MSCI_WORLD,218.0023
2016-09-09,MSCI_WORLD,214.6442
2016-09-12,MSCI_WORLD,215.4700
2016-09-13,MSCI_WORLD,212.4568
2016-09-14,MSCI_WORLD,212.0622
2016-09-15,MSCI_WORLD,213.6979
2016-09-16,MSCI_WORLD,214.1730
2016-09-19,MSCI_WORLD,214.6537
2016-09-20,MSCI_WORLD,214.9164
2016-09-21,MSCI_WORLD,217.8476
2016-09-22,MSCI_WORLD,218.2680
2016-09-23,MSCI_WORLD,217.3236
2016-09-26,MSCI_WORLD,214.5501
2016-09-27,MSCI_WORLD,216.5459
2016-09-28,MSCI_WORLD,217.5611
2016-09-29,MSCI_WORLD,216.0829
2016-09-30,MSCI_WORLD,216.6640
2016-10-03,MSCI_WORLD,216.7041
2016-10-04,MSCI_WORLD,217.2446
2016-10-05,MSCI_WORLD,216.8873
2016-10-06,MSCI_WORLD,217.1644
2016-10-07,MSCI_WORLD,216.2543
2016-10-10,MSCI_WORLD,217.5041
2016-10-11,MSCI_WORLD,217.0219
2016-10-12,MSCI_WORLD,217.3262
2016-10-13,MSCI_WORLD,216.2189
2016-10-14,MSCI_WORLD,217.2749
2016-10-17,MSCI_WORLD,216.7510
2016-10-18,MSCI_WORLD,218.8122
2016-10-19,MSCI_WORLD,219.6816
2016-10-20,MSCI_WORLD,220.1891
2016-10-21,MSCI_WORLD,220.9299
2016-10-24,MSCI_WORLD,221.3223
2016-10-25,MSCI_WORLD,221.1792
2016-10-26,MSCI_WORLD,219.8402
2016-10-27,MSCI_WORLD,219.1577
2016-10-28,MSCI_WORLD,218.4794
2016-10-31,MSCI_WORLD,217.8205
2016-11-01,MSCI_WORLD,215.3242
2016-11-02,MSCI_WORLD,212.4790
2016-11-03,MSCI_WORLD,212.2301
2016-11-04,MSCI_WORLD,210.8249
2016-11-07,MSCI_WORLD,215.7809
2016-11-08,MSCI_WORLD,216.3769
2016-11-09,MSCI_WORLD,218.9598
2016-11-10,MSCI_WORLD,221.0030
2016-11-11,MSCI_WORLD,220.9330
2016-11-14,MSCI_WORLD,223.0811
2016-11-15,MSCI_WORLD,224.2498
2016-11-16,MSCI_WORLD,224.9615
2016-11-17,MSCI_WORLD,226.1180
2016-11-18,MSCI_WORLD,226.9743
2016-11-21,MSCI_WORLD,227.7027
2016-11-22,MSCI_WORLD,228.7530
2016-11-23,MSCI_WORLD,229.5676
2016-11-24,MSCI_WORLD,229.3769
2016-11-25,MSCI_WORLD,229.5025
2016-11-28,MSCI_WORLD,228.9034
2016-11-29,MSCI_WORLD,228.5000
2016-11-30,MSCI_WORLD,228.3260
2016-12-01,MSCI_WORLD,227.7982
2016-12-02,MSCI_WORLD,226.7919
2016-12-05,MSCI_WORLD,226.6501
2016-12-06,MSCI_WORLD,227.7553
2016-12-07,MSCI_WORLD,229.9252
2016-12-08,MSCI_WORLD,233.7608
2016-12-09,MSCI_WORLD,236.3784
2016-12-12,MSCI_WORLD,234.8081
2016-12-13,MSCI_WORLD,235.9398
2016-12-14,MSCI_WORLD,234.3150
2016-12-15,MSCI_WORLD,238.4244
2016-12-16,MSCI_WORLD,238.5842
2016-12-19,MSCI_WORLD,238.5175
2016-12-20,MSCI_WORLD,240.2449
2016-12-21,MSCI_WORLD,238.8087
2016-12-22,MSCI_WORLD,237.9828
2016-12-23,MSCI_WORLD,238.0570
2016-12-26,MSCI_WORLD,237.9668
2016-12-27,MSCI_WORLD,238.3289
2016-12-28,MSCI_WORLD,238.4727
2016-12-29,MSCI_WORLD,236.6609
2016-12-30,MSCI_WORLD,235.1304
2017-01-02,MSCI_WORLD,235.3819
2017-01-03,MSCI_WORLD,239.7588
2017-01-04,MSCI_WORLD,239.8463
2017-01-05,MSCI_WORLD,238.1549
2017-01-06,MSCI_WORLD,238.7921
2017-01-09,MSCI_WORLD,238.4641
2017-01-10,MSCI_WORLD,238.0054
2017-01-11,MSCI_WORLD,240.6252
2017-01-12,MSCI_WORLD,237.1501
2017-01-13,MSCI_WORLD,238.4253
2017-01-16,MSCI_WORLD,238.2788
2017-01-17,MSCI_WORLD,236.1880
2017-01-18,MSCI_WORLD,236.5795
2017-01-19,MSCI_WORLD,237.1237
2017-01-20,MSCI_WORLD,236.5270
2017-01-23,MSCI_WORLD,234.8679
2017-01-24,MSCI_WORLD,235.8918
2017-01-25,MSCI_WORLD,238.1881
2017-01-26,MSCI_WORLD,239.5574
2017-01-27,MSCI_WORLD,238.6901
2017-01-30,MSCI_WORLD,237.5267
2017-01-31,MSCI_WORLD,235.0231
2017-02-01,MSCI_WORLD,236.2233
2017-02-02,MSCI_WORLD,235.4325
2017-02-03,MSCI_WORLD,237.1895
2017-02-06,MSCI_WORLD,237.3112
2017-02-07,MSCI_WORLD,238.3621
2017-02-08,MSCI_WORLD,238.6169
2017-02-09,MSCI_WORLD,240.2951
2017-02-10,MSCI_WORLD,242.1847
2017-02-13,MSCI_WORLD,243.7821
2017-02-14,MSCI_WORLD,244.8070
2017-02-15,MSCI_WORLD,245.9347
2017-02-16,MSCI_WORLD,244.1572
2017-02-17,MSCI_WORLD,245.1071
2017-02-20,MSCI_WORLD,245.3480
2017-02-21,MSCI_WORLD,248.1642
2017-02-22,MSCI_WORLD,247.9395
2017-02-23,MSCI_WORLD,247.2659
2017-02-24,MSCI_WORLD,247.2388
2017-02-27,MSCI_WORLD,246.3463
2017-02-28,MSCI_WORLD,245.6578
2017-03-01,MSCI_WORLD,249.6898
2017-03-02,MSCI_WORLD,249.4276
2017-03-03,MSCI_WORLD,248.6020
2017-03-06,MSCI_WORLD,247.3352
2017-03-07,MSCI_WORLD,247.0660
2017-03-08,MSCI_WORLD,246.8895
2017-03-09,MSCI_WORLD,246.4904
2017-03-10,MSCI_WORLD,246.0779
2017-03-13,MSCI_WORLD,246.3772
2017-03-14,MSCI_WORLD,245.9985
2017-03-15,MSCI_WORLD,247.8383
2017-03-16,MSCI_WORLD,246.7633
2017-03-17,MSCI_WORLD,246.5277
2017-03-20,MSCI_WORLD,245.9284
2017-03-21,MSCI_WORLD,242.7966
2017-03-22,MSCI_WORLD,242.4978
2017-03-23,MSCI_WORLD,243.1384
2017-03-24,MSCI_WORLD,242.8418
2017-03-27,MSCI_WORLD,240.9993
2017-03-28,MSCI_WORLD,243.1750
2017-03-29,MSCI_WORLD,245.7504
2017-03-30,MSCI_WORLD,246.5571
2017-03-31,MSCI_WORLD,246.6612
2017-04-03,MSCI_WORLD,247.0335
2017-04-04,MSCI_WORLD,246.9464
2017-04-05,MSCI_WORLD,246.4242
2017-04-06,MSCI_WORLD,246.7030
2017-04-07,MSCI_WORLD,247.5015
2017-04-10,MSCI_WORLD,248.1376
2017-04-11,MSCI_WORLD,247.6142
2017-04-12,MSCI_WORLD,247.1575
2017-04-13,MSCI_WORLD,245.7180
2017-04-14,MSCI_WORLD,245.6047
2017-04-17,MSCI_WORLD,246.5685
2017-04-18,MSCI_WORLD,244.6213
2017-04-19,MSCI_WORLD,243.9738
2017-04-20,MSCI_WORLD,244.3440
2017-04-21,MSCI_WORLD,245.5378
2017-04-24,MSCI_WORLD,245.5036
2017-04-25,MSCI_WORLD,245.4341
2017-04-26,MSCI_WORLD,246.6153
2017-04-27,MSCI_WORLD,246.7291
2017-04-28,MSCI_WORLD,245.8541
2017-05-01,MSCI_WORLD,245.7760
2017-05-02,MSCI_WORLD,246.6572
2017-05-03,MSCI_WORLD,246.1422
2017-05-04,MSCI_WORLD,245.7676
2017-05-05,MSCI_WORLD,246.1942
2017-05-08,MSCI_WORLD,247.5884
2017-05-09,MSCI_WORLD,248.0258
2017-05-10,MSCI_WORLD,248.9094
2017-05-11,MSCI_WORLD,248.4089
2017-05-12,MSCI_WORLD,247.4099
2017-05-15,MSCI_WORLD,247.3396
2017-05-16,MSCI_WORLD,245.6651
2017-05-17,MSCI_WORLD,241.2882
2017-05-18,MSCI_WORLD,241.5743
2017-05-19,MSCI_WORLD,241.8679
2017-05-22,MSCI_WORLD,242.0388
2017-05-23,MSCI_WORLD,242.6824
2017-05-24,MSCI_WORLD,243.8289
2017-05-25,MSCI_WORLD,244.0824
2017-05-26,MSCI_WORLD,244.4304
2017-05-29,MSCI_WORLD,244.5273
2017-05-30,MSCI_WORLD,244.3224
2017-05-31,MSCI_WORLD,243.1181
2017-06-01,MSCI_WORLD,245.0336
2017-06-02,MSCI_WORLD,245.4996
2017-06-05,MSCI_WORLD,245.5623
2017-06-06,MSCI_WORLD,244.5638
2017-06-07,MSCI_WORLD,244.7812
2017-06-08,MSCI_WORLD,245.3291
2017-06-09,MSCI_WORLD,245.9854
2017-06-12,MSCI_WORLD,245.0830
2017-06-13,MSCI_WORLD,246.2963
2017-06-14,MSCI_WORLD,244.9641
2017-06-15,MSCI_WORLD,246.0144
2017-06-16,MSCI_WORLD,245.8092
2017-06-19,MSCI_WORLD,248.1890
2017-06-20,MSCI_WORLD,247.3207
2017-06-21,MSCI_WORLD,246.6424
2017-06-22,MSCI_WORLD,246.5258
2017-06-23,MSCI_WORLD,246.0357
2017-06-26,MSCI_WORLD,246.3115
2017-06-27,MSCI_WORLD,243.2180
2017-06-28,MSCI_WORLD,243.4171
2017-06-29,MSCI_WORLD,240.5670
2017-06-30,MSCI_WORLD,240.6192
2017-07-03,MSCI_WORLD,241.9468
2017-07-04,MSCI_WORLD,242.0888
2017-07-05,MSCI_WORLD,242.7590
2017-07-06,MSCI_WORLD,239.7522
2017-07-07,MSCI_WORLD,240.5840
2017-07-10,MSCI_WORLD,241.1308
2017-07-11,MSCI_WORLD,240.3078
2017-07-12,MSCI_WORLD,242.4625
2017-07-13,MSCI_WORLD,243.3080
2017-07-14,MSCI_WORLD,243.7789
2017-07-17,MSCI_WORLD,243.3463
2017-07-18,MSCI_WORLD,241.1594
2017-07-19,MSCI_WORLD,243.5952
2017-07-20,MSCI_WORLD,241.7687
2017-07-21,MSCI_WORLD,240.7345
2017-07-24,MSCI_WORLD,240.5403
2017-07-25,MSCI_WORLD,240.8670
2017-07-26,MSCI_WORLD,241.6816
2017-07-27,MSCI_WORLD,241.1671
2017-07-28,MSCI_WORLD,239.1192
2017-07-31,MSCI_WORLD,238.3428
2017-08-01,MSCI_WORLD,239.0714
2017-08-02,MSCI_WORLD,238.1380
2017-08-03,MSCI_WORLD,237.5500
2017-08-04,MSCI_WORLD,240.0198
2017-08-07,MSCI_WORLD,239.6125
2017-08-08,MSCI_WORLD,240.2147
2017-08-09,MSCI_WORLD,239.5222
2017-08-10,MSCI_WORLD,236.8590
2017-08-11,MSCI_WORLD,235.7215
2017-08-14,MSCI_WORLD,237.6992
2017-08-15,MSCI_WORLD,238.6320
2017-08-16,MSCI_WORLD,239.5680
2017-08-17,MSCI_WORLD,236.6441
2017-08-18,MSCI_WORLD,235.7716
2017-08-21,MSCI_WORLD,234.6600
2017-08-22,MSCI_WORLD,237.3105
2017-08-23,MSCI_WORLD,235.9439
2017-08-24,MSCI_WORLD,235.8529
2017-08-25,MSCI_WORLD,235.1278
2017-08-28,MSCI_WORLD,233.6982
2017-08-29,MSCI_WORLD,232.2039
2017-08-30,MSCI_WORLD,234.6858
2017-08-31,MSCI_WORLD,236.6910
2017-09-01,MSCI_WORLD,237.6350
2017-09-04,MSCI_WORLD,236.6842
2017-09-05,MSCI_WORLD,235.4327
2017-09-06,MSCI_WORLD,235.6747
2017-09-07,MSCI_WORLD,235.0103
2017-09-08,MSCI_WORLD,234.7550
2017-09-11,MSCI_WORLD,237.5751
2017-09-12,MSCI_WORLD,238.9378
2017-09-13,MSCI_WORLD,239.4981
2017-09-14,MSCI_WORLD,240.0239
2017-09-15,MSCI_WORLD,238.7279
2017-09-18,MSCI_WORLD,239.2635
2017-09-19,MSCI_WORLD,239.4377
2017-09-20,MSCI_WORLD,239.4148
2017-09-21,MSCI_WORLD,239.8911
2017-09-22,MSCI_WORLD,239.4733
2017-09-25,MSCI_WORLD,240.8438
2017-09-26,MSCI_WORLD,242.2283
2017-09-27,MSCI_WORLD,243.6783
2017-09-28,MSCI_WORLD,243.1258
2017-09-29,MSCI_WORLD,243.3748
2017-10-02,MSCI_WORLD,245.6682
2017-10-03,MSCI_WORLD,245.8925
2017-10-04,MSCI_WORLD,245.9134
2017-10-05,MSCI_WORLD,247.5688
2017-10-06,MSCI_WORLD,246.9628
2017-10-09,MSCI_WORLD,246.7470
2017-10-10,MSCI_WORLD,246.1274
2017-10-11,MSCI_WORLD,245.9344
2017-10-12,MSCI_WORLD,245.7973
2017-10-13,MSCI_WORLD,246.5478
2017-10-16,MSCI_WORLD,247.5734
2017-10-17,MSCI_WORLD,248.2232
2017-10-18,MSCI_WORLD,248.0869
2017-10-19,MSCI_WORLD,246.8335
2017-10-20,MSCI_WORLD,248.5141
2017-10-23,MSCI_WORLD,248.7410
2017-10-24,MSCI_WORLD,248.5567
2017-10-25,MSCI_WORLD,246.5572
2017-10-26,MSCI_WORLD,249.0882
2017-10-27,MSCI_WORLD,252.8034
2017-10-30,MSCI_WORLD,251.8347
2017-10-31,MSCI_WORLD,251.6461
2017-11-01,MSCI_WORLD,252.9040
2017-11-02,MSCI_WORLD,251.9447
2017-11-03,MSCI_WORLD,253.4455
2017-11-06,MSCI_WORLD,254.3091
2017-11-07,MSCI_WORLD,254.5218
2017-11-08,MSCI_WORLD,254.8151
2017-11-09,MSCI_WORLD,252.9756
2017-11-10,MSCI_WORLD,251.9394
2017-11-13,MSCI_WORLD,251.3716
2017-11-14,MSCI_WORLD,249.0042
2017-11-15,MSCI_WORLD,246.7224
2017-11-16,MSCI_WORLD,249.1905
2017-11-17,MSCI_WORLD,248.6725
2017-11-20,MSCI_WORLD,249.7053
2017-11-21,MSCI_WORLD,251.6060
2017-11-22,MSCI_WORLD,250.6698
2017-11-23,MSCI_WORLD,249.8939
2017-11-24,MSCI_WORLD,248.6766
2017-11-27,MSCI_WORLD,248.6179
2017-11-28,MSCI_WORLD,251.0018
2017-11-29,MSCI_WORLD,251.3382
2017-11-30,MSCI_WORLD,251.1906
2017-12-01,MSCI_WORLD,251.4312
2017-12-04,MSCI_WORLD,251.8598
2017-12-05,MSCI_WORLD,251.4915
2017-12-06,MSCI_WORLD,251.7391
2017-12-07,MSCI_WORLD,252.3956
2017-12-08,MSCI_WORLD,254.4473
2017-12-11,MSCI_WORLD,254.4516
2017-12-12,MSCI_WORLD,256.1624
2017-12-13,MSCI_WORLD,255.6704
2017-12-14,MSCI_WORLD,254.4679
2017-12-15,MSCI_WORLD,255.6697
2017-12-18,MSCI_WORLD,256.9190
2017-12-19,MSCI_WORLD,256.0342
2017-12-20,MSCI_WORLD,254.3890
2017-12-21,MSCI_WORLD,255.5215
2017-12-22,MSCI_WORLD,255.9398
2017-12-25,MSCI_WORLD,255.9826
2017-12-26,MSCI_WORLD,255.2421
2017-12-27,MSCI_WORLD,255.1367
2017-12-28,MSCI_WORLD,254.6843
2017-12-29,MSCI_WORLD,252.7960
2018-01-01,MSCI_WORLD,252.7988
2018-01-02,MSCI_WORLD,253.5330
2018-01-03,MSCI_WORLD,255.1404
2018-01-04,MSCI_WORLD,256.1090
2018-01-05,MSCI_WORLD,258.5993
2018-01-08,MSCI_WORLD,260.0605
2018-01-09,MSCI_WORLD,261.5720
2018-01-10,MSCI_WORLD,260.5092
2018-01-11,MSCI_WORLD,260.2610
2018-01-12,MSCI_WORLD,259.7162
2018-01-15,MSCI_WORLD,258.0556
2018-01-16,MSCI_WORLD,258.2993
2018-01-17,MSCI_WORLD,259.4080
2018-01-18,MSCI_WORLD,259.1093
2018-01-19,MSCI_WORLD,260.6908
2018-01-22,MSCI_WORLD,261.7274
2018-01-23,MSCI_WORLD,261.9099
2018-01-24,MSCI_WORLD,260.2950
2018-01-25,MSCI_WORLD,258.0164
2018-01-26,MSCI_WORLD,261.1503
2018-01-29,MSCI_WORLD,261.0672
2018-01-30,MSCI_WORLD,257.5857
2018-01-31,MSCI_WORLD,256.5405
2018-02-01,MSCI_WORLD,256.2296
2018-02-02,MSCI_WORLD,252.1670
2018-02-05,MSCI_WORLD,244.6164
2018-02-06,MSCI_WORLD,245.5640
2018-02-07,MSCI_WORLD,246.8476
2018-02-08,MSCI_WORLD,240.9835
2018-02-09,MSCI_WORLD,241.8865
2018-02-12,MSCI_WORLD,244.2921
2018-02-13,MSCI_WORLD,243.2767
2018-02-14,MSCI_WORLD,245.2689
2018-02-15,MSCI_WORLD,246.8182
2018-02-16,MSCI_WORLD,248.2519
2018-02-19,MSCI_WORLD,249.0654
2018-02-20,MSCI_WORLD,249.0574
2018-02-21,MSCI_WORLD,248.5772
2018-02-22,MSCI_WORLD,248.4869
2018-02-23,MSCI_WORLD,251.7419
2018-02-26,MSCI_WORLD,254.1809
2018-02-27,MSCI_WORLD,252.9550
2018-02-28,MSCI_WORLD,251.1751
2018-03-01,MSCI_WORLD,248.2627
2018-03-02,MSCI_WORLD,245.5981
2018-03-05,MSCI_WORLD,247.2371
2018-03-06,MSCI_WORLD,247.1209
2018-03-07,MSCI_WORLD,246.8731
2018-03-08,MSCI_WORLD,249.5070
2018-03-09,MSCI_WORLD,252.5207
2018-03-12,MSCI_WORLD,253.1241
2018-03-13,MSCI_WORLD,250.4018
2018-03-14,MSCI_WORLD,250.0138
2018-03-15,MSCI_WORLD,250.7094
2018-03-16,MSCI_WORLD,251.6413
2018-03-19,MSCI_WORLD,247.8548
2018-03-20,MSCI_WORLD,249.0999
2018-03-21,MSCI_WORLD,248.9967
2018-03-22,MSCI_WORLD,243.9310
2018-03-23,MSCI_WORLD,238.6667
2018-03-26,MSCI_WORLD,240.8891
2018-03-27,MSCI_WORLD,240.2270
2018-03-28,MSCI_WORLD,240.3638
2018-03-29,MSCI_WORLD,243.5074
2018-03-30,MSCI_WORLD,243.6627
2018-04-02,MSCI_WORLD,240.1151
2018-04-03,MSCI_WORLD,242.0280
2018-04-04,MSCI_WORLD,243.0253
2018-04-05,MSCI_WORLD,246.7598
2018-04-06,MSCI_WORLD,242.8479
2018-04-09,MSCI_WORLD,242.8956
2018-04-10,MSCI_WORLD,245.5331
2018-04-11,MSCI_WORLD,243.9768
2018-04-12,MSCI_WORLD,246.3085
2018-04-13,MSCI_WORLD,245.9079
2018-04-16,MSCI_WORLD,246.4358
2018-04-17,MSCI_WORLD,248.8359
2018-04-18,MSCI_WORLD,249.0441
2018-04-19,MSCI_WORLD,248.4124
2018-04-20,MSCI_WORLD,248.2547
2018-04-23,MSCI_WORLD,249.1473
2018-04-24,MSCI_WORLD,247.4243
2018-04-25,MSCI_WORLD,247.7448
2018-04-26,MSCI_WORLD,250.8854
2018-04-27,MSCI_WORLD,251.5892
2018-04-30,MSCI_WORLD,250.8790
2018-05-01,MSCI_WORLD,252.4880
2018-05-02,MSCI_WORLD,252.3381
2018-05-03,MSCI_WORLD,251.8304
2018-05-04,MSCI_WORLD,254.5371
2018-05-07,MSCI_WORLD,255.8278
2018-05-08,MSCI_WORLD,256.9009
2018-05-09,MSCI_WORLD,258.7240
2018-05-10,MSCI_WORLD,259.9841
2018-05-11,MSCI_WORLD,259.6756
2018-05-14,MSCI_WORLD,259.6817
2018-05-15,MSCI_WORLD,260.0647
2018-05-16,MSCI_WORLD,262.1340
2018-05-17,MSCI_WORLD,262.4011
2018-05-18,MSCI_WORLD,262.3539
2018-05-21,MSCI_WORLD,264.0551
2018-05-22,MSCI_WORLD,263.3214
2018-05-23,MSCI_WORLD,264.1652
2018-05-24,MSCI_WORLD,263.0885
2018-05-25,MSCI_WORLD,263.8073
2018-05-28,MSCI_WORLD,264.1374
2018-05-29,MSCI_WORLD,262.4480
2018-05-30,MSCI_WORLD,263.5524
2018-05-31,MSCI_WORLD,261.2966
2018-06-01,MSCI_WORLD,263.5695
2018-06-04,MSCI_WORLD,264.4014
2018-06-05,MSCI_WORLD,264.7276
2018-06-06,MSCI_WORLD,264.3668
2018-06-07,MSCI_WORLD,263.5350
2018-06-08,MSCI_WORLD,264.8857
2018-06-11,MSCI_WORLD,264.7870
2018-06-12,MSCI_WORLD,265.3972
2018-06-13,MSCI_WORLD,265.0620
2018-06-14,MSCI_WORLD,268.1371
2018-06-15,MSCI_WORLD,267.9225
2018-06-18,MSCI_WORLD,266.9632
2018-06-19,MSCI_WORLD,266.3027
2018-06-20,MSCI_WORLD,266.7675
2018-06-21,MSCI_WORLD,264.6497
2018-06-22,MSCI_WORLD,265.0729
2018-06-25,MSCI_WORLD,260.3266
2018-06-26,MSCI_WORLD,261.1367
2018-06-27,MSCI_WORLD,261.2195
2018-06-28,MSCI_WORLD,262.0809
2018-06-29,MSCI_WORLD,261.1160
2018-07-02,MSCI_WORLD,261.7655
2018-07-03,MSCI_WORLD,260.7979
2018-07-04,MSCI_WORLD,260.9270
2018-07-05,MSCI_WORLD,261.3980
2018-07-06,MSCI_WORLD,262.3727
2018-07-09,MSCI_WORLD,264.5235
2018-07-10,MSCI_WORLD,265.9952
2018-07-11,MSCI_WORLD,263.6712
2018-07-12,MSCI_WORLD,266.2011
2018-07-13,MSCI_WORLD,267.0570
2018-07-16,MSCI_WORLD,265.9247
2018-07-17,MSCI_WORLD,267.1534
2018-07-18,MSCI_WORLD,268.5960
2018-07-19,MSCI_WORLD,268.3710
2018-07-20,MSCI_WORLD,266.7380
2018-07-23,MSCI_WORLD,266.8456
2018-07-24,MSCI_WORLD,268.2805
2018-07-25,MSCI_WORLD,270.3580
2018-07-26,MSCI_WORLD,270.7174
2018-07-27,MSCI_WORLD,270.1522
2018-07-30,MSCI_WORLD,267.8300
2018-07-31,MSCI_WORLD,268.6962
2018-08-01,MSCI_WORLD,268.8747
2018-08-02,MSCI_WORLD,270.0740
2018-08-03,MSCI_WORLD,271.5870
2018-08-06,MSCI_WORLD,272.6026
2018-08-07,MSCI_WORLD,273.0034
2018-08-08,MSCI_WORLD,272.6528
2018-08-09,MSCI_WORLD,273.1923
2018-08-10,MSCI_WORLD,273.5258
2018-08-13,MSCI_WORLD,272.3391
2018-08-14,MSCI_WORLD,274.6723
2018-08-15,MSCI_WORLD,273.3809
2018-08-16,MSCI_WORLD,273.5276
2018-08-17,MSCI_WORLD,274.0264
2018-08-20,MSCI_WORLD,274.3906
2018-08-21,MSCI_WORLD,273.1760
2018-08-22,MSCI_WORLD,271.8408
2018-08-23,MSCI_WORLD,271.5609
2018-08-24,MSCI_WORLD,271.8974
2018-08-27,MSCI_WORLD,273.2105
2018-08-28,MSCI_WORLD,272.5334
2018-08-29,MSCI_WORLD,274.0615
2018-08-30,MSCI_WORLD,273.7687
2018-08-31,MSCI_WORLD,273.5521
2018-09-03,MSCI_WORLD,273.4952
2018-09-04,MSCI_WORLD,273.8492
2018-09-05,MSCI_WORLD,270.9407
2018-09-06,MSCI_WORLD,269.7725
2018-09-07,MSCI_WORLD,270.0910
2018-09-10,MSCI_WORLD,270.2539
2018-09-11,MSCI_WORLD,271.3331
2018-09-12,MSCI_WORLD,271.0469
2018-09-13,MSCI_WORLD,271.1924
2018-09-14,MSCI_WORLD,271.8867
2018-09-17,MSCI_WORLD,270.5966
2018-09-18,MSCI_WORLD,271.8430
2018-09-19,MSCI_WORLD,273.2340
2018-09-20,MSCI_WORLD,273.5722
2018-09-21,MSCI_WORLD,273.9065
2018-09-24,MSCI_WORLD,272.3713
2018-09-25,MSCI_WORLD,272.6394
2018-09-26,MSCI_WORLD,273.0511
2018-09-27,MSCI_WORLD,274.6697
2018-09-28,MSCI_WORLD,275.5490
2018-10-01,MSCI_WORLD,276.8077
2018-10-02,MSCI_WORLD,276.9270
2018-10-03,MSCI_WORLD,277.3484
2018-10-04,MSCI_WORLD,275.4861
2018-10-05,MSCI_WORLD,273.9559
2018-10-08,MSCI_WORLD,273.8640
2018-10-09,MSCI_WORLD,273.3226
2018-10-10,MSCI_WORLD,265.5588
2018-10-11,MSCI_WORLD,259.3504
2018-10-12,MSCI_WORLD,261.6726
2018-10-15,MSCI_WORLD,260.0582
2018-10-16,MSCI_WORLD,264.7665
2018-10-17,MSCI_WORLD,265.7262
2018-10-18,MSCI_WORLD,263.4617
2018-10-19,MSCI_WORLD,263.0570
2018-10-22,MSCI_WORLD,262.5299
2018-10-23,MSCI_WORLD,260.2859
2018-10-24,MSCI_WORLD,255.8952
2018-10-25,MSCI_WORLD,258.5445
2018-10-26,MSCI_WORLD,255.6059
2018-10-29,MSCI_WORLD,254.3854
2018-10-30,MSCI_WORLD,257.7565
2018-10-31,MSCI_WORLD,261.7268
2018-11-01,MSCI_WORLD,262.6518
2018-11-02,MSCI_WORLD,262.5436
2018-11-05,MSCI_WORLD,262.5530
2018-11-06,MSCI_WORLD,263.4641
2018-11-07,MSCI_WORLD,266.5477
2018-11-08,MSCI_WORLD,267.4208
2018-11-09,MSCI_WORLD,266.6663
2018-11-12,MSCI_WORLD,264.6138
2018-11-13,MSCI_WORLD,263.6689
2018-11-14,MSCI_WORLD,261.5857
2018-11-15,MSCI_WORLD,262.8491
2018-11-16,MSCI_WORLD,261.8201
2018-11-19,MSCI_WORLD,257.6405
2018-11-20,MSCI_WORLD,254.3912
2018-11-21,MSCI_WORLD,255.8026
2018-11-22,MSCI_WORLD,255.4454
2018-11-23,MSCI_WORLD,255.7141
2018-11-26,MSCI_WORLD,258.9516
2018-11-27,MSCI_WORLD,260.2228
2018-11-28,MSCI_WORLD,264.4253
2018-11-29,MSCI_WORLD,262.5394
2018-11-30,MSCI_WORLD,264.8870
2018-12-03,MSCI_WORLD,267.5755
2018-12-04,MSCI_WORLD,261.0597
2018-12-05,MSCI_WORLD,260.2322
2018-12-06,MSCI_WORLD,257.0292
2018-12-07,MSCI_WORLD,253.5544
2018-12-10,MSCI_WORLD,252.2763
2018-12-11,MSCI_WORLD,253.6768
2018-12-12,MSCI_WORLD,255.4970
2018-12-13,MSCI_WORLD,255.7489
2018-12-14,MSCI_WORLD,252.7492
2018-12-17,MSCI_WORLD,248.2296
2018-12-18,MSCI_WORLD,246.8654
2018-12-19,MSCI_WORLD,243.6231
2018-12-20,MSCI_WORLD,239.9061
2018-12-21,MSCI_WORLD,236.3710
2018-12-24,MSCI_WORLD,232.2553
2018-12-25,MSCI_WORLD,231.2669
2018-12-26,MSCI_WORLD,238.5636
2018-12-27,MSCI_WORLD,240.2005
2018-12-28,MSCI_WORLD,240.6483
2018-12-31,MSCI_WORLD,242.4119
2019-01-01,MSCI_WORLD,242.4151
2019-01-02,MSCI_WORLD,243.6995
2019-01-03,MSCI_WORLD,239.3135
2019-01-04,MSCI_WORLD,245.5230
2019-01-07,MSCI_WORLD,246.4087
2019-01-08,MSCI_WORLD,248.9035
2019-01-09,MSCI_WORLD,249.3804
2019-01-10,MSCI_WORLD,250.0446
2019-01-11,MSCI_WORLD,250.9362
2019-01-14,MSCI_WORLD,250.0148
2019-01-15,MSCI_WORLD,252.7751
2019-01-16,MSCI_WORLD,253.9941
2019-01-17,MSCI_WORLD,255.5244
2019-01-18,MSCI_WORLD,259.0760
2019-01-21,MSCI_WORLD,259.1081
2019-01-22,MSCI_WORLD,256.4745
2019-01-23,MSCI_WORLD,256.1431
2019-01-24,MSCI_WORLD,257.1225
2019-01-25,MSCI_WORLD,258.5280
2019-01-28,MSCI_WORLD,256.0484
2019-01-29,MSCI_WORLD,256.5647
2019-01-30,MSCI_WORLD,259.1036
2019-01-31,MSCI_WORLD,260.2938
2019-02-01,MSCI_WORLD,260.5916
2019-02-04,MSCI_WORLD,262.5530
2019-02-05,MSCI_WORLD,264.7347
2019-02-06,MSCI_WORLD,264.9303
2019-02-07,MSCI_WORLD,262.8561
2019-02-08,MSCI_WORLD,262.7110
2019-02-11,MSCI_WORLD,264.0627
2019-02-12,MSCI_WORLD,266.5906
2019-02-13,MSCI_WORLD,267.9021
2019-02-14,MSCI_WORLD,267.6126
2019-02-15,MSCI_WORLD,270.3829
2019-02-18,MSCI_WORLD,270.1317
2019-02-19,MSCI_WORLD,269.9139
2019-02-20,MSCI_WORLD,270.5970
2019-02-21,MSCI_WORLD,269.8828
2019-02-22,MSCI_WORLD,271.3253
2019-02-25,MSCI_WORLD,271.7833
2019-02-26,MSCI_WORLD,271.5212
2019-02-27,MSCI_WORLD,271.0279
2019-02-28,MSCI_WORLD,270.1811
2019-03-01,MSCI_WORLD,271.5440
2019-03-04,MSCI_WORLD,272.3869
2019-03-05,MSCI_WORLD,272.3992
2019-03-06,MSCI_WORLD,270.9712
2019-03-07,MSCI_WORLD,270.9103
2019-03-08,MSCI_WORLD,269.5003
2019-03-11,MSCI_WORLD,272.8495
2019-03-12,MSCI_WORLD,272.7810
2019-03-13,MSCI_WORLD,273.5508
2019-03-14,MSCI_WORLD,273.8180
2019-03-15,MSCI_WORLD,274.9289
2019-03-18,MSCI_WORLD,275.8540
2019-03-19,MSCI_WORLD,275.9721
2019-03-20,MSCI_WORLD,274.7533
2019-03-21,MSCI_WORLD,276.6426
2019-03-22,MSCI_WORLD,274.2247
2019-03-25,MSCI_WORLD,272.2666
2019-03-26,MSCI_WORLD,275.3217
2019-03-27,MSCI_WORLD,275.1161
2019-03-28,MSCI_WORLD,275.7331
2019-03-29,MSCI_WORLD,277.5937
2019-04-01,MSCI_WORLD,280.9574
2019-04-02,MSCI_WORLD,281.7220
2019-04-03,MSCI_WORLD,282.2354
2019-04-04,MSCI_WORLD,282.5933
2019-04-05,MSCI_WORLD,283.3866
2019-04-08,MSCI_WORLD,282.8271
2019-04-09,MSCI_WORLD,281.3119
2019-04-10,MSCI_WORLD,282.5133
2019-04-11,MSCI_WORLD,281.9392
2019-04-12,MSCI_WORLD,282.4818
2019-04-15,MSCI_WORLD,282.8688
2019-04-16,MSCI_WORLD,283.3660
2019-04-17,MSCI_WORLD,283.0370
2019-04-18,MSCI_WORLD,284.4401
2019-04-19,MSCI_WORLD,284.4603
2019-04-22,MSCI_WORLD,284.3336
2019-04-23,MSCI_WORLD,287.2802
2019-04-24,MSCI_WORLD,286.6676
2019-04-25,MSCI_WORLD,287.7530
2019-04-26,MSCI_WORLD,288.4237
2019-04-29,MSCI_WORLD,288.6134
2019-04-30,MSCI_WORLD,287.9884
2019-05-01,MSCI_WORLD,285.9922
2019-05-02,MSCI_WORLD,286.3311
2019-05-03,MSCI_WORLD,288.4600
2019-05-06,MSCI_WORLD,286.8584
2019-05-07,MSCI_WORLD,282.9313
2019-05-08,MSCI_WORLD,282.1146
2019-05-09,MSCI_WORLD,279.8756
2019-05-10,MSCI_WORLD,280.4915
2019-05-13,MSCI_WORLD,275.2922
2019-05-14,MSCI_WORLD,277.7187
2019-05-15,MSCI_WORLD,279.4313
2019-05-16,MSCI_WORLD,282.3195
2019-05-17,MSCI_WORLD,281.5731
2019-05-20,MSCI_WORLD,279.9272
2019-05-21,MSCI_WORLD,281.2874
2019-05-22,MSCI_WORLD,281.2060
2019-05-23,MSCI_WORLD,278.1104
2019-05-24,MSCI_WORLD,277.7996
2019-05-27,MSCI_WORLD,278.3013
2019-05-28,MSCI_WORLD,277.1756
2019-05-29,MSCI_WORLD,275.3485
2019-05-30,MSCI_WORLD,276.0075
2019-05-31,MSCI_WORLD,272.9176
2019-06-03,MSCI_WORLD,271.3549
2019-06-04,MSCI_WORLD,274.9188
2019-06-05,MSCI_WORLD,276.6265
2019-06-06,MSCI_WORLD,277.2708
2019-06-07,MSCI_WORLD,278.9166
2019-06-10,MSCI_WORLD,280.6094
2019-06-11,MSCI_WORLD,281.1937
2019-06-12,MSCI_WORLD,280.3478
2019-06-13,MSCI_WORLD,281.9297
2019-06-14,MSCI_WORLD,282.3442
2019-06-17,MSCI_WORLD,282.3099
2019-06-18,MSCI_WORLD,286.0127
2019-06-19,MSCI_WORLD,286.6713
2019-06-20,MSCI_WORLD,287.6388
2019-06-21,MSCI_WORLD,286.2142
2019-06-24,MSCI_WORLD,284.4893
2019-06-25,MSCI_WORLD,282.7803
2019-06-26,MSCI_WORLD,282.2635
2019-06-27,MSCI_WORLD,283.5774
2019-06-28,MSCI_WORLD,284.6558
2019-07-01,MSCI_WORLD,288.0803
2019-07-02,MSCI_WORLD,289.6693
2019-07-03,MSCI_WORLD,292.0017
2019-07-04,MSCI_WORLD,292.2319
2019-07-05,MSCI_WORLD,292.5217
2019-07-08,MSCI_WORLD,291.2554
2019-07-09,MSCI_WORLD,291.4017
2019-07-10,MSCI_WORLD,291.2435
2019-07-11,MSCI_WORLD,291.7504
2019-07-12,MSCI_WORLD,292.7412
2019-07-15,MSCI_WORLD,292.7166
2019-07-16,MSCI_WORLD,292.8952
2019-07-17,MSCI_WORLD,291.4986
2019-07-18,MSCI_WORLD,291.7543
2019-07-19,MSCI_WORLD,291.1662
2019-07-22,MSCI_WORLD,291.5688
2019-07-23,MSCI_WORLD,295.0578
2019-07-24,MSCI_WORLD,296.3448
2019-07-25,MSCI_WORLD,294.4968
2019-07-26,MSCI_WORLD,296.5268
2019-07-29,MSCI_WORLD,295.9680
2019-07-30,MSCI_WORLD,294.5559
2019-07-31,MSCI_WORLD,292.5919
2019-08-01,MSCI_WORLD,292.6678
2019-08-02,MSCI_WORLD,288.4230
2019-08-05,MSCI_WORLD,279.2845
2019-08-06,MSCI_WORLD,280.8381
2019-08-07,MSCI_WORLD,280.7601
2019-08-08,MSCI_WORLD,285.6283
2019-08-09,MSCI_WORLD,284.0892
2019-08-12,MSCI_WORLD,281.3162
2019-08-13,MSCI_WORLD,284.3511
2019-08-14,MSCI_WORLD,278.9324
2019-08-15,MSCI_WORLD,279.5992
2019-08-16,MSCI_WORLD,283.1707
2019-08-19,MSCI_WORLD,286.5487
2019-08-20,MSCI_WORLD,285.0813
2019-08-21,MSCI_WORLD,287.1206
2019-08-22,MSCI_WORLD,286.9641
2019-08-23,MSCI_WORLD,281.2723
2019-08-26,MSCI_WORLD,282.5853
2019-08-27,MSCI_WORLD,282.8641
2019-08-28,MSCI_WORLD,284.4785
2019-08-29,MSCI_WORLD,287.5965
2019-08-30,MSCI_WORLD,289.7691
2019-09-02,MSCI_WORLD,290.7023
2019-09-03,MSCI_WORLD,289.5398
2019-09-04,MSCI_WORLD,290.8891
2019-09-05,MSCI_WORLD,293.9018
2019-09-06,MSCI_WORLD,294.4296
2019-09-09,MSCI_WORLD,294.1251
2019-09-10,MSCI_WORLD,294.7003
2019-09-11,MSCI_WORLD,297.9246
2019-09-12,MSCI_WORLD,298.0453
2019-09-13,MSCI_WORLD,297.1830
2019-09-16,MSCI_WORLD,298.1770
2019-09-17,MSCI_WORLD,297.5731
2019-09-18,MSCI_WORLD,297.2093
2019-09-19,MSCI_WORLD,297.7945
2019-09-20,MSCI_WORLD,298.0513
2019-09-23,MSCI_WORLD,297.9747
2019-09-24,MSCI_WORLD,296.3613
2019-09-25,MSCI_WORLD,297.7555
2019-09-26,MSCI_WORLD,298.0677
2019-09-27,MSCI_WORLD,297.0698
2019-09-30,MSCI_WORLD,298.9352
2019-10-01,MSCI_WORLD,295.5668
2019-10-02,MSCI_WORLD,289.7569
2019-10-03,MSCI_WORLD,290.1214
2019-10-04,MSCI_WORLD,293.3141
2019-10-07,MSCI_WORLD,292.6303
2019-10-08,MSCI_WORLD,289.8847
2019-10-09,MSCI_WORLD,291.1434
2019-10-10,MSCI_WORLD,291.9884
2019-10-11,MSCI_WORLD,295.3627
2019-10-14,MSCI_WORLD,295.0960
2019-10-15,MSCI_WORLD,297.6671
2019-10-16,MSCI_WORLD,297.1548
2019-10-17,MSCI_WORLD,296.3016
2019-10-18,MSCI_WORLD,294.7882
2019-10-21,MSCI_WORLD,296.4944
2019-10-22,MSCI_WORLD,296.2321
2019-10-23,MSCI_WORLD,297.1809
2019-10-24,MSCI_WORLD,298.4854
2019-10-25,MSCI_WORLD,299.8123
2019-10-28,MSCI_WORLD,300.9390
2019-10-29,MSCI_WORLD,300.4598
2019-10-30,MSCI_WORLD,300.9344
2019-10-31,MSCI_WORLD,299.5496
2019-11-01,MSCI_WORLD,301.6964
2019-11-04,MSCI_WORLD,303.3385
2019-11-05,MSCI_WORLD,305.2657
2019-11-06,MSCI_WORLD,305.5752
2019-11-07,MSCI_WORLD,307.1910
2019-11-08,MSCI_WORLD,308.1641
2019-11-11,MSCI_WORLD,307.4751
2019-11-12,MSCI_WORLD,308.6068
2019-11-13,MSCI_WORLD,308.4647
2019-11-14,MSCI_WORLD,308.3615
2019-11-15,MSCI_WORLD,309.3498
2019-11-18,MSCI_WORLD,308.9544
2019-11-19,MSCI_WORLD,308.8839
2019-11-20,MSCI_WORLD,307.9418
2019-11-21,MSCI_WORLD,307.0698
2019-11-22,MSCI_WORLD,308.7336
2019-11-25,MSCI_WORLD,311.6353
2019-11-26,MSCI_WORLD,312.1322
2019-11-27,MSCI_WORLD,313.6524
2019-11-28,MSCI_WORLD,313.3540
2019-11-29,MSCI_WORLD,311.5362
2019-12-02,MSCI_WORLD,308.0941
2019-12-03,MSCI_WORLD,305.9966
2019-12-04,MSCI_WORLD,307.5734
2019-12-05,MSCI_WORLD,307.8995
2019-12-06,MSCI_WORLD,311.5345
2019-12-09,MSCI_WORLD,310.4532
2019-12-10,MSCI_WORLD,309.5212
2019-12-11,MSCI_WORLD,310.3445
2019-12-12,MSCI_WORLD,311.4077
2019-12-13,MSCI_WORLD,312.2979
2019-12-16,MSCI_WORLD,314.6601
2019-12-17,MSCI_WORLD,314.1034
2019-12-18,MSCI_WORLD,314.4442
2019-12-19,MSCI_WORLD,315.7202
2019-12-20,MSCI_WORLD,317.8713
2019-12-23,MSCI_WORLD,317.9183
2019-12-24,MSCI_WORLD,318.0230
2019-12-25,MSCI_WORLD,317.9391
2019-12-26,MSCI_WORLD,318.9245
2019-12-27,MSCI_WORLD,317.7463
2019-12-30,MSCI_WORLD,315.0784
2019-12-31,MSCI_WORLD,315.1808
2020-01-01,MSCI_WORLD,315.1817
2020-01-02,MSCI_WORLD,318.2145
2020-01-03,MSCI_WORLD,317.5334
2020-01-06,MSCI_WORLD,317.0363
2020-01-07,MSCI_WORLD,318.1378
2020-01-08,MSCI_WORLD,319.3791
2020-01-09,MSCI_WORLD,321.6568
2020-01-10,MSCI_WORLD,321.0370
2020-01-13,MSCI_WORLD,321.8786
2020-01-14,MSCI_WORLD,322.2889
2020-01-15,MSCI_WORLD,321.9065
2020-01-16,MSCI_WORLD,324.1090
2020-01-17,MSCI_WORLD,326.7342
2020-01-20,MSCI_WORLD,327.0469
2020-01-21,MSCI_WORLD,325.8166
2020-01-22,MSCI_WORLD,326.6104
2020-01-23,MSCI_WORLD,326.9524
2020-01-24,MSCI_WORLD,326.0964
2020-01-27,MSCI_WORLD,321.1215
2020-01-28,MSCI_WORLD,323.7163
2020-01-29,MSCI_WORLD,323.9144
2020-01-30,MSCI_WORLD,322.6676
2020-01-31,MSCI_WORLD,317.3047
2020-02-03,MSCI_WORLD,319.2235
2020-02-04,MSCI_WORLD,324.1048
2020-02-05,MSCI_WORLD,328.1399
2020-02-06,MSCI_WORLD,330.4898
2020-02-07,MSCI_WORLD,329.3219
2020-02-10,MSCI_WORLD,331.6972
2020-02-11,MSCI_WORLD,333.0859
2020-02-12,MSCI_WORLD,335.5908
2020-02-13,MSCI_WORLD,336.4429
2020-02-14,MSCI_WORLD,336.7642
2020-02-17,MSCI_WORLD,337.1383
2020-02-18,MSCI_WORLD,336.1040
2020-02-19,MSCI_WORLD,338.4542
2020-02-20,MSCI_WORLD,336.6111
2020-02-21,MSCI_WORLD,332.7055
2020-02-24,MSCI_WORLD,322.6259
2020-02-25,MSCI_WORLD,313.9094
2020-02-26,MSCI_WORLD,312.3942
2020-02-27,MSCI_WORLD,297.9425
2020-02-28,MSCI_WORLD,293.0628
2020-03-02,MSCI_WORLD,298.8278
2020-03-03,MSCI_WORLD,293.2029
2020-03-04,MSCI_WORLD,302.7753
2020-03-05,MSCI_WORLD,294.7470
2020-03-06,MSCI_WORLD,285.8613
2020-03-09,MSCI_WORLD,262.8770
2020-03-10,MSCI_WORLD,272.1206
2020-03-11,MSCI_WORLD,263.0950
2020-03-12,MSCI_WORLD,241.2365
2020-03-13,MSCI_WORLD,255.8374
2020-03-16,MSCI_WORLD,230.0808
2020-03-17,MSCI_WORLD,243.1998
2020-03-18,MSCI_WORLD,233.7132
2020-03-19,MSCI_WORLD,238.3613
2020-03-20,MSCI_WORLD,232.5301
2020-03-23,MSCI_WORLD,224.1766
2020-03-24,MSCI_WORLD,243.0176
2020-03-25,MSCI_WORLD,248.2422
2020-03-26,MSCI_WORLD,256.1944
2020-03-27,MSCI_WORLD,248.8287
2020-03-30,MSCI_WORLD,255.6554
2020-03-31,MSCI_WORLD,254.5562
2020-04-01,MSCI_WORLD,245.8313
2020-04-02,MSCI_WORLD,250.2028
2020-04-03,MSCI_WORLD,248.0874
2020-04-06,MSCI_WORLD,263.0652
2020-04-07,MSCI_WORLD,262.5711
2020-04-08,MSCI_WORLD,269.3077
2020-04-09,MSCI_WORLD,271.6938
2020-04-10,MSCI_WORLD,271.8708
2020-04-13,MSCI_WORLD,270.7178
2020-04-14,MSCI_WORLD,275.9249
2020-04-15,MSCI_WORLD,271.1068
2020-04-16,MSCI_WORLD,273.0809
2020-04-17,MSCI_WORLD,279.4636
2020-04-20,MSCI_WORLD,276.4026
2020-04-21,MSCI_WORLD,268.3482
2020-04-22,MSCI_WORLD,274.2213
2020-04-23,MSCI_WORLD,275.0811
2020-04-24,MSCI_WORLD,277.3434
2020-04-27,MSCI_WORLD,281.5261
2020-04-28,MSCI_WORLD,281.8684
2020-04-29,MSCI_WORLD,287.9290
2020-04-30,MSCI_WORLD,282.8677
2020-05-01,MSCI_WORLD,274.8721
2020-05-04,MSCI_WORLD,276.2336
2020-05-05,MSCI_WORLD,281.0286
2020-05-06,MSCI_WORLD,280.6873
2020-05-07,MSCI_WORLD,283.8933
2020-05-08,MSCI_WORLD,286.4063
2020-05-11,MSCI_WORLD,287.5086
2020-05-12,MSCI_WORLD,282.5355
2020-05-13,MSCI_WORLD,278.5182
2020-05-14,MSCI_WORLD,279.4298
2020-05-15,MSCI_WORLD,280.5246
2020-05-18,MSCI_WORLD,287.9850
2020-05-19,MSCI_WORLD,284.5883
2020-05-20,MSCI_WORLD,287.6657
2020-05-21,MSCI_WORLD,286.5594
2020-05-22,MSCI_WORLD,287.6255
2020-05-25,MSCI_WORLD,288.9253
2020-05-26,MSCI_WORLD,291.0003
2020-05-27,MSCI_WORLD,294.4257
2020-05-28,MSCI_WORLD,293.8161
2020-05-29,MSCI_WORLD,291.9873
2020-06-01,MSCI_WORLD,293.8068
2020-06-02,MSCI_WORLD,295.7515
2020-06-03,MSCI_WORLD,299.5980
2020-06-04,MSCI_WORLD,295.8000
2020-06-05,MSCI_WORLD,303.0544
2020-06-08,MSCI_WORLD,306.2476
2020-06-09,MSCI_WORLD,303.1191
2020-06-10,MSCI_WORLD,302.1349
2020-06-11,MSCI_WORLD,286.3862
2020-06-12,MSCI_WORLD,291.2019
2020-06-15,MSCI_WORLD,291.4273
2020-06-16,MSCI_WORLD,298.8039
2020-06-17,MSCI_WORLD,299.0455
2020-06-18,MSCI_WORLD,298.8335
2020-06-19,MSCI_WORLD,298.9350
2020-06-22,MSCI_WORLD,298.4212
2020-06-23,MSCI_WORLD,298.6232
2020-06-24,MSCI_WORLD,292.6544
2020-06-25,MSCI_WORLD,296.0756
2020-06-26,MSCI_WORLD,291.4922
2020-06-29,MSCI_WORLD,293.0227
2020-06-30,MSCI_WORLD,296.8287
2020-07-01,MSCI_WORLD,297.3400
2020-07-02,MSCI_WORLD,300.4526
2020-07-03,MSCI_WORLD,299.9155
2020-07-06,MSCI_WORLD,303.0041
2020-07-07,MSCI_WORLD,301.0466
2020-07-08,MSCI_WORLD,301.2004
2020-07-09,MSCI_WORLD,300.5692
2020-07-10,MSCI_WORLD,302.4306
2020-07-13,MSCI_WORLD,300.3230
2020-07-14,MSCI_WORLD,301.8204
2020-07-15,MSCI_WORLD,305.0251
2020-07-16,MSCI_WORLD,303.3472
2020-07-17,MSCI_WORLD,304.2836
2020-07-20,MSCI_WORLD,306.3343
2020-07-21,MSCI_WORLD,306.1902
2020-07-22,MSCI_WORLD,304.2335
2020-07-23,MSCI_WORLD,301.6289
2020-07-24,MSCI_WORLD,298.7163
2020-07-27,MSCI_WORLD,297.4165
2020-07-28,MSCI_WORLD,297.1469
2020-07-29,MSCI_WORLD,298.5362
2020-07-30,MSCI_WORLD,296.0386
2020-07-31,MSCI_WORLD,295.4187
2020-08-03,MSCI_WORLD,300.0789
2020-08-04,MSCI_WORLD,301.2771
2020-08-05,MSCI_WORLD,300.4954
2020-08-06,MSCI_WORLD,302.0470
2020-08-07,MSCI_WORLD,302.9707
2020-08-10,MSCI_WORLD,304.1745
2020-08-11,MSCI_WORLD,304.0199
2020-08-12,MSCI_WORLD,307.1869
2020-08-13,MSCI_WORLD,306.2033
2020-08-14,MSCI_WORLD,305.6885
2020-08-17,MSCI_WORLD,305.9512
2020-08-18,MSCI_WORLD,305.3003
2020-08-19,MSCI_WORLD,305.2196
2020-08-20,MSCI_WORLD,306.0865
2020-08-21,MSCI_WORLD,308.0919
2020-08-24,MSCI_WORLD,310.4324
2020-08-25,MSCI_WORLD,310.9369
2020-08-26,MSCI_WORLD,314.0680
2020-08-27,MSCI_WORLD,314.3928
2020-08-28,MSCI_WORLD,313.3664
2020-08-31,MSCI_WORLD,311.6126
2020-09-01,MSCI_WORLD,313.0103
2020-09-02,MSCI_WORLD,319.7219
2020-09-03,MSCI_WORLD,311.0939
2020-09-04,MSCI_WORLD,308.7816
2020-09-07,MSCI_WORLD,309.1182
2020-09-08,MSCI_WORLD,303.1142
2020-09-09,MSCI_WORLD,307.7614
2020-09-10,MSCI_WORLD,302.8579
2020-09-11,MSCI_WORLD,303.9192
2020-09-14,MSCI_WORLD,306.5245
2020-09-15,MSCI_WORLD,308.5714
2020-09-16,MSCI_WORLD,308.5784
2020-09-17,MSCI_WORLD,306.5678
2020-09-18,MSCI_WORLD,303.2228
2020-09-21,MSCI_WORLD,301.2741
2020-09-22,MSCI_WORLD,304.0441
2020-09-23,MSCI_WORLD,299.9671
2020-09-24,MSCI_WORLD,300.1393
2020-09-25,MSCI_WORLD,304.1832
2020-09-28,MSCI_WORLD,308.6632
2020-09-29,MSCI_WORLD,305.7280
2020-09-30,MSCI_WORLD,306.8402
2020-10-01,MSCI_WORLD,308.2919
2020-10-02,MSCI_WORLD,306.5613
2020-10-05,MSCI_WORLD,309.8514
2020-10-06,MSCI_WORLD,307.1869
2020-10-07,MSCI_WORLD,311.4407
2020-10-08,MSCI_WORLD,314.1600
2020-10-09,MSCI_WORLD,315.0334
2020-10-12,MSCI_WORLD,318.9692
2020-10-13,MSCI_WORLD,319.0510
2020-10-14,MSCI_WORLD,317.2783
2020-10-15,MSCI_WORLD,316.6155
2020-10-16,MSCI_WORLD,316.6103
2020-10-19,MSCI_WORLD,312.0512
2020-10-20,MSCI_WORLD,311.4156
2020-10-21,MSCI_WORLD,309.6409
2020-10-22,MSCI_WORLD,311.2959
2020-10-23,MSCI_WORLD,312.3231
2020-10-26,MSCI_WORLD,307.5932
2020-10-27,MSCI_WORLD,306.1098
2020-10-28,MSCI_WORLD,298.5258
2020-10-29,MSCI_WORLD,302.4963
2020-10-30,MSCI_WORLD,299.4195
2020-11-02,MSCI_WORLD,303.5510
2020-11-03,MSCI_WORLD,307.2337
2020-11-04,MSCI_WORLD,313.9629
2020-11-05,MSCI_WORLD,317.2903
2020-11-06,MSCI_WORLD,316.4727
2020-11-09,MSCI_WORLD,321.9698
2020-11-10,MSCI_WORLD,322.7387
2020-11-11,MSCI_WORLD,327.1969
2020-11-12,MSCI_WORLD,323.3581
2020-11-13,MSCI_WORLD,325.6937
2020-11-16,MSCI_WORLD,329.3871
2020-11-17,MSCI_WORLD,327.9358
2020-11-18,MSCI_WORLD,326.0173
2020-11-19,MSCI_WORLD,327.4020
2020-11-20,MSCI_WORLD,326.2119
2020-11-23,MSCI_WORLD,328.0960
2020-11-24,MSCI_WORLD,331.7840
2020-11-25,MSCI_WORLD,331.3266
2020-11-26,MSCI_WORLD,331.3606
2020-11-27,MSCI_WORLD,331.5316
2020-11-30,MSCI_WORLD,328.8532
2020-12-01,MSCI_WORLD,330.2298
2020-12-02,MSCI_WORLD,329.6226
2020-12-03,MSCI_WORLD,328.3551
2020-12-04,MSCI_WORLD,331.1709
2020-12-07,MSCI_WORLD,330.9202
2020-12-08,MSCI_WORLD,332.2500
2020-12-09,MSCI_WORLD,331.3098
2020-12-10,MSCI_WORLD,330.1453
2020-12-11,MSCI_WORLD,329.9082
2020-12-14,MSCI_WORLD,329.1500
2020-12-15,MSCI_WORLD,331.4553
2020-12-16,MSCI_WORLD,331.9143
2020-12-17,MSCI_WORLD,332.8566
2020-12-18,MSCI_WORLD,332.0882
2020-12-21,MSCI_WORLD,330.0308
2020-12-22,MSCI_WORLD,330.9983
2020-12-23,MSCI_WORLD,331.5576
2020-12-24,MSCI_WORLD,332.6111
2020-12-25,MSCI_WORLD,332.6400
2020-12-28,MSCI_WORLD,333.9830
2020-12-29,MSCI_WORLD,333.9440
2020-12-30,MSCI_WORLD,332.8568
2020-12-31,MSCI_WORLD,335.1330
2021-01-01,MSCI_WORLD,335.1330
2021-01-04,MSCI_WORLD,331.6737
2021-01-05,MSCI_WORLD,333.3257
2021-01-06,MSCI_WORLD,335.1093
2021-01-07,MSCI_WORLD,340.0481
2021-01-08,MSCI_WORLD,342.5426
2021-01-11,MSCI_WORLD,342.5982
2021-01-12,MSCI_WORLD,342.9185
2021-01-13,MSCI_WORLD,343.5507
2021-01-14,MSCI_WORLD,344.0705
2021-01-15,MSCI_WORLD,342.3471
2021-01-18,MSCI_WORLD,342.6853
2021-01-19,MSCI_WORLD,343.5972
2021-01-20,MSCI_WORLD,347.8911
2021-01-21,MSCI_WORLD,347.1132
2021-01-22,MSCI_WORLD,345.2473
2021-01-25,MSCI_WORLD,346.6143
2021-01-26,MSCI_WORLD,345.2303
2021-01-27,MSCI_WORLD,339.8574
2021-01-28,MSCI_WORLD,341.0268
2021-01-29,MSCI_WORLD,334.1646
2021-02-01,MSCI_WORLD,340.5731
2021-02-02,MSCI_WORLD,346.4247
2021-02-03,MSCI_WORLD,347.6456
2021-02-04,MSCI_WORLD,351.1761
2021-02-05,MSCI_WORLD,351.8270
2021-02-08,MSCI_WORLD,354.0299
2021-02-09,MSCI_WORLD,352.9289
2021-02-10,MSCI_WORLD,352.2408
2021-02-11,MSCI_WORLD,353.0512
2021-02-12,MSCI_WORLD,354.9279
2021-02-15,MSCI_WORLD,355.8975
2021-02-16,MSCI_WORLD,356.1286
2021-02-17,MSCI_WORLD,357.1686
2021-02-18,MSCI_WORLD,354.3598
2021-02-19,MSCI_WORLD,353.2392
2021-02-22,MSCI_WORLD,350.6401
2021-02-23,MSCI_WORLD,350.1538
2021-02-24,MSCI_WORLD,352.8922
2021-02-25,MSCI_WORLD,344.7655
2021-02-26,MSCI_WORLD,343.0380
2021-03-01,MSCI_WORLD,352.7143
2021-03-02,MSCI_WORLD,350.4399
2021-03-03,MSCI_WORLD,346.7487
2021-03-04,MSCI_WORLD,343.3908
2021-03-05,MSCI_WORLD,350.0392
2021-03-08,MSCI_WORLD,350.7844
2021-03-09,MSCI_WORLD,355.0980
2021-03-10,MSCI_WORLD,356.4596
2021-03-11,MSCI_WORLD,358.5084
2021-03-12,MSCI_WORLD,359.3720
2021-03-15,MSCI_WORLD,361.9069
2021-03-16,MSCI_WORLD,362.8202
2021-03-17,MSCI_WORLD,362.9179
2021-03-18,MSCI_WORLD,359.2099
2021-03-19,MSCI_WORLD,358.9073
2021-03-22,MSCI_WORLD,359.9636
2021-03-23,MSCI_WORLD,358.9973
2021-03-24,MSCI_WORLD,357.5890
2021-03-25,MSCI_WORLD,360.3232
2021-03-26,MSCI_WORLD,364.8442
2021-03-29,MSCI_WORLD,365.4612
2021-03-30,MSCI_WORLD,365.9731
2021-03-31,MSCI_WORLD,366.0626
2021-04-01,MSCI_WORLD,369.5589
2021-04-02,MSCI_WORLD,369.7802
2021-04-05,MSCI_WORLD,372.6462
2021-04-06,MSCI_WORLD,371.8194
2021-04-07,MSCI_WORLD,370.5358
2021-04-08,MSCI_WORLD,372.5453
2021-04-09,MSCI_WORLD,374.6797
2021-04-12,MSCI_WORLD,373.7507
2021-04-13,MSCI_WORLD,374.6003
2021-04-14,MSCI_WORLD,372.7136
2021-04-15,MSCI_WORLD,376.2633
2021-04-16,MSCI_WORLD,377.4603
2021-04-19,MSCI_WORLD,375.0789
2021-04-20,MSCI_WORLD,370.6102
2021-04-21,MSCI_WORLD,373.4239
2021-04-22,MSCI_WORLD,372.4860
2021-04-23,MSCI_WORLD,374.4818
2021-04-26,MSCI_WORLD,374.7370
2021-04-27,MSCI_WORLD,374.2600
2021-04-28,MSCI_WORLD,374.0192
2021-04-29,MSCI_WORLD,374.8058
2021-04-30,MSCI_WORLD,374.0293
2021-05-03,MSCI_WORLD,374.1634
2021-05-04,MSCI_WORLD,372.1663
2021-05-05,MSCI_WORLD,374.3476
2021-05-06,MSCI_WORLD,375.1938
2021-05-07,MSCI_WORLD,376.1523
2021-05-10,MSCI_WORLD,373.3944
2021-05-11,MSCI_WORLD,369.1635
2021-05-12,MSCI_WORLD,365.2600
2021-05-13,MSCI_WORLD,367.3983
2021-05-14,MSCI_WORLD,371.4474
2021-05-17,MSCI_WORLD,370.5503
2021-05-18,MSCI_WORLD,367.6682
2021-05-19,MSCI_WORLD,365.5585
2021-05-20,MSCI_WORLD,369.5493
2021-05-21,MSCI_WORLD,370.4944
2021-05-24,MSCI_WORLD,372.5450
2021-05-25,MSCI_WORLD,371.6767
2021-05-26,MSCI_WORLD,373.0055
2021-05-27,MSCI_WORLD,373.6615
2021-05-28,MSCI_WORLD,375.3991
2021-05-31,MSCI_WORLD,373.5677
2021-06-01,MSCI_WORLD,373.7955
2021-06-02,MSCI_WORLD,375.5046
2021-06-03,MSCI_WORLD,376.0434
2021-06-04,MSCI_WORLD,378.3195
2021-06-07,MSCI_WORLD,378.0532
2021-06-08,MSCI_WORLD,378.1828
2021-06-09,MSCI_WORLD,377.5690
2021-06-10,MSCI_WORLD,379.3657
2021-06-11,MSCI_WORLD,381.9583
2021-06-14,MSCI_WORLD,382.4734
2021-06-15,MSCI_WORLD,382.0949
2021-06-16,MSCI_WORLD,381.2208
2021-06-17,MSCI_WORLD,385.3432
2021-06-18,MSCI_WORLD,382.6646
2021-06-21,MSCI_WORLD,384.5140
2021-06-22,MSCI_WORLD,387.3588
2021-06-23,MSCI_WORLD,385.3713
2021-06-24,MSCI_WORLD,388.0865
2021-06-25,MSCI_WORLD,388.7854
2021-06-28,MSCI_WORLD,389.6180
2021-06-29,MSCI_WORLD,390.2873
2021-06-30,MSCI_WORLD,390.8848
2021-07-01,MSCI_WORLD,392.0258
2021-07-02,MSCI_WORLD,395.1987
2021-07-05,MSCI_WORLD,395.0754
2021-07-06,MSCI_WORLD,395.2020
2021-07-07,MSCI_WORLD,397.1412
2021-07-08,MSCI_WORLD,391.7976
2021-07-09,MSCI_WORLD,395.4704
2021-07-12,MSCI_WORLD,397.3152
2021-07-13,MSCI_WORLD,397.6089
2021-07-14,MSCI_WORLD,397.7271
2021-07-15,MSCI_WORLD,395.7914
2021-07-16,MSCI_WORLD,393.6543
2021-07-19,MSCI_WORLD,387.3903
2021-07-20,MSCI_WORLD,392.7721
2021-07-21,MSCI_WORLD,395.9300
2021-07-22,MSCI_WORLD,397.1005
2021-07-23,MSCI_WORLD,401.5372
2021-07-26,MSCI_WORLD,401.0054
2021-07-27,MSCI_WORLD,398.9132
2021-07-28,MSCI_WORLD,399.8751
2021-07-29,MSCI_WORLD,399.6728
2021-07-30,MSCI_WORLD,397.9202
2021-08-02,MSCI_WORLD,398.1519
2021-08-03,MSCI_WORLD,400.8877
2021-08-04,MSCI_WORLD,400.4827
2021-08-05,MSCI_WORLD,402.9006
2021-08-06,MSCI_WORLD,405.0703
2021-08-09,MSCI_WORLD,405.4885
2021-08-10,MSCI_WORLD,406.6742
2021-08-11,MSCI_WORLD,407.3776
2021-08-12,MSCI_WORLD,408.6203
2021-08-13,MSCI_WORLD,407.6678
2021-08-16,MSCI_WORLD,407.4326
2021-08-17,MSCI_WORLD,407.0962
2021-08-18,MSCI_WORLD,404.4024
2021-08-19,MSCI_WORLD,403.5276
2021-08-20,MSCI_WORLD,405.8554
2021-08-23,MSCI_WORLD,408.0493
2021-08-24,MSCI_WORLD,408.5805
2021-08-25,MSCI_WORLD,409.4039
2021-08-26,MSCI_WORLD,407.2885
2021-08-27,MSCI_WORLD,409.2627
2021-08-30,MSCI_WORLD,410.5270
2021-08-31,MSCI_WORLD,409.6721
2021-09-01,MSCI_WORLD,409.3197
2021-09-02,MSCI_WORLD,410.2488
2021-09-03,MSCI_WORLD,410.1172
2021-09-06,MSCI_WORLD,411.5490
2021-09-07,MSCI_WORLD,410.7257
2021-09-08,MSCI_WORLD,410.3386
2021-09-09,MSCI_WORLD,408.7440
2021-09-10,MSCI_WORLD,406.3479
2021-09-13,MSCI_WORLD,407.7186
2021-09-14,MSCI_WORLD,406.0643
2021-09-15,MSCI_WORLD,407.6738
2021-09-16,MSCI_WORLD,408.9351
2021-09-17,MSCI_WORLD,406.4521
2021-09-20,MSCI_WORLD,400.2537
2021-09-21,MSCI_WORLD,400.7118
2021-09-22,MSCI_WORLD,403.6449
2021-09-23,MSCI_WORLD,407.3111
2021-09-24,MSCI_WORLD,408.1878
2021-09-27,MSCI_WORLD,407.5997
2021-09-28,MSCI_WORLD,400.2744
2021-09-29,MSCI_WORLD,401.9616
2021-09-30,MSCI_WORLD,399.9467
2021-10-01,MSCI_WORLD,401.8663
2021-10-04,MSCI_WORLD,396.9881
2021-10-05,MSCI_WORLD,401.1698
2021-10-06,MSCI_WORLD,402.8933
2021-10-07,MSCI_WORLD,406.4017
2021-10-08,MSCI_WORLD,405.5579
2021-10-11,MSCI_WORLD,403.9883
2021-10-12,MSCI_WORLD,403.8960
2021-10-13,MSCI_WORLD,404.9159
2021-10-14,MSCI_WORLD,410.4818
2021-10-15,MSCI_WORLD,413.2227
2021-10-18,MSCI_WORLD,413.9822
2021-10-19,MSCI_WORLD,415.3951
2021-10-20,MSCI_WORLD,416.8134
2021-10-21,MSCI_WORLD,417.4982
2021-10-22,MSCI_WORLD,417.3302
2021-10-25,MSCI_WORLD,419.7012
2021-10-26,MSCI_WORLD,421.3947
2021-10-27,MSCI_WORLD,419.2808
2021-10-28,MSCI_WORLD,420.0279
2021-10-29,MSCI_WORLD,423.2207
2021-11-01,MSCI_WORLD,424.6710
2021-11-02,MSCI_WORLD,425.7439
2021-11-03,MSCI_WORLD,427.8014
2021-11-04,MSCI_WORLD,430.9233
2021-11-05,MSCI_WORLD,431.6383
2021-11-08,MSCI_WORLD,431.0933
2021-11-09,MSCI_WORLD,429.9637
2021-11-10,MSCI_WORLD,428.9592
2021-11-11,MSCI_WORLD,430.8151
2021-11-12,MSCI_WORLD,434.7864
2021-11-15,MSCI_WORLD,436.0827
2021-11-16,MSCI_WORLD,439.5345
2021-11-17,MSCI_WORLD,439.7351
2021-11-18,MSCI_WORLD,438.9251
2021-11-19,MSCI_WORLD,439.2510
2021-11-22,MSCI_WORLD,439.5351
2021-11-23,MSCI_WORLD,438.2461
2021-11-24,MSCI_WORLD,441.0495
2021-11-25,MSCI_WORLD,441.1310
2021-11-26,MSCI_WORLD,427.4086
2021-11-29,MSCI_WORLD,432.4651
2021-11-30,MSCI_WORLD,425.5861
2021-12-01,MSCI_WORLD,420.7919
2021-12-02,MSCI_WORLD,424.6154
2021-12-03,MSCI_WORLD,422.6516
2021-12-06,MSCI_WORLD,427.2444
2021-12-07,MSCI_WORLD,437.3247
2021-12-08,MSCI_WORLD,435.6993
2021-12-09,MSCI_WORLD,434.2708
2021-12-10,MSCI_WORLD,435.6980
2021-12-13,MSCI_WORLD,433.2292
2021-12-14,MSCI_WORLD,430.0615
2021-12-15,MSCI_WORLD,435.9948
2021-12-16,MSCI_WORLD,432.8054
2021-12-17,MSCI_WORLD,430.2887
2021-12-20,MSCI_WORLD,424.3475
2021-12-21,MSCI_WORLD,432.4885
2021-12-22,MSCI_WORLD,434.4527
2021-12-23,MSCI_WORLD,438.1149
2021-12-24,MSCI_WORLD,437.4303
2021-12-27,MSCI_WORLD,442.0351
2021-12-28,MSCI_WORLD,443.1322
2021-12-29,MSCI_WORLD,441.6885
2021-12-30,MSCI_WORLD,441.5530
2021-12-31,MSCI_WORLD,439.2490
2022-01-03,MSCI_WORLD,443.7003
2022-01-04,MSCI_WORLD,443.9426
2022-01-05,MSCI_WORLD,436.7536
2022-01-06,MSCI_WORLD,435.8174
2022-01-07,MSCI_WORLD,432.9005
2022-01-10,MSCI_WORLD,432.4337
2022-01-11,MSCI_WORLD,435.3483
2022-01-12,MSCI_WORLD,435.1234
2022-01-13,MSCI_WORLD,429.3017
2022-01-14,MSCI_WORLD,429.1028
2022-01-17,MSCI_WORLD,430.6669
2022-01-18,MSCI_WORLD,425.8622
2022-01-19,MSCI_WORLD,422.3023
2022-01-20,MSCI_WORLD,419.9799
2022-01-21,MSCI_WORLD,412.2305
2022-01-24,MSCI_WORLD,410.9510
2022-01-25,MSCI_WORLD,408.1157
2022-01-26,MSCI_WORLD,408.3881
2022-01-27,MSCI_WORLD,409.9120
2022-01-28,MSCI_WORLD,416.2956
2022-01-31,MSCI_WORLD,422.0199
2022-02-01,MSCI_WORLD,424.3478
2022-02-02,MSCI_WORLD,426.2921
2022-02-03,MSCI_WORLD,413.4745
2022-02-04,MSCI_WORLD,413.8027
2022-02-07,MSCI_WORLD,413.4430
2022-02-08,MSCI_WORLD,416.7650
2022-02-09,MSCI_WORLD,422.9473
2022-02-10,MSCI_WORLD,416.5514
2022-02-11,MSCI_WORLD,412.2961
2022-02-14,MSCI_WORLD,411.9930
2022-02-15,MSCI_WORLD,416.1069
2022-02-16,MSCI_WORLD,416.6768
2022-02-17,MSCI_WORLD,409.6130
2022-02-18,MSCI_WORLD,407.1373
2022-02-21,MSCI_WORLD,406.2898
2022-02-22,MSCI_WORLD,402.7680
2022-02-23,MSCI_WORLD,397.6168
2022-02-24,MSCI_WORLD,404.8053
2022-02-25,MSCI_WORLD,410.3281
2022-02-28,MSCI_WORLD,410.5408
2022-03-01,MSCI_WORLD,407.3267
2022-03-02,MSCI_WORLD,414.7478
2022-03-03,MSCI_WORLD,411.9247
2022-03-04,MSCI_WORLD,410.8225
2022-03-07,MSCI_WORLD,401.5323
2022-03-08,MSCI_WORLD,398.3896
2022-03-09,MSCI_WORLD,404.1598
2022-03-10,MSCI_WORLD,403.8159
2022-03-11,MSCI_WORLD,401.2972
2022-03-14,MSCI_WORLD,398.9381
2022-03-15,MSCI_WORLD,404.7457
2022-03-16,MSCI_WORLD,413.9664
2022-03-17,MSCI_WORLD,416.0012
2022-03-18,MSCI_WORLD,422.4102
2022-03-21,MSCI_WORLD,422.3122
2022-03-22,MSCI_WORLD,427.6365
2022-03-23,MSCI_WORLD,424.5662
2022-03-24,MSCI_WORLD,428.4185
2022-03-25,MSCI_WORLD,430.4255
2022-03-28,MSCI_WORLD,432.7954
2022-03-29,MSCI_WORLD,434.4838
2022-03-30,MSCI_WORLD,430.3848
2022-03-31,MSCI_WORLD,425.8069
2022-04-01,MSCI_WORLD,429.8462
2022-04-04,MSCI_WORLD,434.8482
2022-04-05,MSCI_WORLD,432.6502
2022-04-06,MSCI_WORLD,428.1336
2022-04-07,MSCI_WORLD,428.7794
2022-04-08,MSCI_WORLD,430.0511
2022-04-11,MSCI_WORLD,423.4986
2022-04-12,MSCI_WORLD,422.6287
2022-04-13,MSCI_WORLD,427.2991
2022-04-14,MSCI_WORLD,426.6048
2022-04-15,MSCI_WORLD,426.4653
2022-04-18,MSCI_WORLD,424.9997
2022-04-19,MSCI_WORLD,429.7284
2022-04-20,MSCI_WORLD,428.0278
2022-04-21,MSCI_WORLD,423.9272
2022-04-22,MSCI_WORLD,415.4942
2022-04-25,MSCI_WORLD,417.4646
2022-04-26,MSCI_WORLD,410.0065
2022-04-27,MSCI_WORLD,414.7091
2022-04-28,MSCI_WORLD,422.7806
2022-04-29,MSCI_WORLD,411.7883
2022-05-02,MSCI_WORLD,412.9865
2022-05-03,MSCI_WORLD,414.4112
2022-05-04,MSCI_WORLD,422.0736
2022-05-05,MSCI_WORLD,410.9999
2022-05-06,MSCI_WORLD,405.8206
2022-05-09,MSCI_WORLD,394.5674
2022-05-10,MSCI_WORLD,394.8960
2022-05-11,MSCI_WORLD,391.1701
2022-05-12,MSCI_WORLD,394.4017
2022-05-13,MSCI_WORLD,404.3515
2022-05-16,MSCI_WORLD,402.9181
2022-05-17,MSCI_WORLD,405.7276
2022-05-18,MSCI_WORLD,394.5578
2022-05-19,MSCI_WORLD,389.7963
2022-05-20,MSCI_WORLD,391.6135
2022-05-23,MSCI_WORLD,394.4068
2022-05-24,MSCI_WORLD,389.1389
2022-05-25,MSCI_WORLD,393.7259
2022-05-26,MSCI_WORLD,398.7234
2022-05-27,MSCI_WORLD,407.5631
2022-05-30,MSCI_WORLD,406.7140
2022-05-31,MSCI_WORLD,405.8297
2022-06-01,MSCI_WORLD,404.5858
2022-06-02,MSCI_WORLD,409.1100
2022-06-03,MSCI_WORLD,403.8449
2022-06-06,MSCI_WORLD,405.4752
2022-06-07,MSCI_WORLD,408.3156
2022-06-08,MSCI_WORLD,404.1387
2022-06-09,MSCI_WORLD,398.2513
2022-06-10,MSCI_WORLD,390.9370
2022-06-13,MSCI_WORLD,380.5382
2022-06-14,MSCI_WORLD,378.1734
2022-06-15,MSCI_WORLD,382.7924
2022-06-16,MSCI_WORLD,369.8853
2022-06-17,MSCI_WORLD,370.5443
2022-06-20,MSCI_WORLD,369.1364
2022-06-21,MSCI_WORLD,375.3153
2022-06-22,MSCI_WORLD,373.2876
2022-06-23,MSCI_WORLD,377.4604
2022-06-24,MSCI_WORLD,387.3055
2022-06-27,MSCI_WORLD,385.9247
2022-06-28,MSCI_WORLD,383.1969
2022-06-29,MSCI_WORLD,383.1282
2022-06-30,MSCI_WORLD,379.8236
2022-07-01,MSCI_WORLD,384.1953
2022-07-04,MSCI_WORLD,384.1937
2022-07-05,MSCI_WORLD,388.9462
2022-07-06,MSCI_WORLD,391.8722
2022-07-07,MSCI_WORLD,399.1225
2022-07-08,MSCI_WORLD,399.2435
2022-07-11,MSCI_WORLD,397.9698
2022-07-12,MSCI_WORLD,396.5024
2022-07-13,MSCI_WORLD,392.6861
2022-07-14,MSCI_WORLD,393.4425
2022-07-15,MSCI_WORLD,397.5892
2022-07-18,MSCI_WORLD,392.9284
2022-07-19,MSCI_WORLD,400.1779
2022-07-20,MSCI_WORLD,403.9355
2022-07-21,MSCI_WORLD,407.8120
2022-07-22,MSCI_WORLD,404.2944
2022-07-25,MSCI_WORLD,404.8793
2022-07-26,MSCI_WORLD,404.1214
2022-07-27,MSCI_WORLD,412.4431
2022-07-28,MSCI_WORLD,416.3917
2022-07-29,MSCI_WORLD,420.3538
2022-08-01,MSCI_WORLD,417.6652
2022-08-02,MSCI_WORLD,417.4693
2022-08-03,MSCI_WORLD,424.4704
2022-08-04,MSCI_WORLD,422.1351
2022-08-05,MSCI_WORLD,422.5998
2022-08-08,MSCI_WORLD,421.4825
2022-08-09,MSCI_WORLD,418.9624
2022-08-10,MSCI_WORLD,422.6186
2022-08-11,MSCI_WORLD,422.9871
2022-08-12,MSCI_WORLD,432.1301
2022-08-15,MSCI_WORLD,435.4843
2022-08-16,MSCI_WORLD,436.4378
2022-08-17,MSCI_WORLD,433.9139
2022-08-18,MSCI_WORLD,435.9645
2022-08-19,MSCI_WORLD,433.7693
2022-08-22,MSCI_WORLD,428.9801
2022-08-23,MSCI_WORLD,427.2299
2022-08-24,MSCI_WORLD,427.8869
2022-08-25,MSCI_WORLD,433.4442
2022-08-26,MSCI_WORLD,420.4168
2022-08-29,MSCI_WORLD,417.7769
2022-08-30,MSCI_WORLD,413.9386
2022-08-31,MSCI_WORLD,408.4276
2022-09-01,MSCI_WORLD,410.7918
2022-09-02,MSCI_WORLD,406.2784
2022-09-05,MSCI_WORLD,409.3351
2022-09-06,MSCI_WORLD,408.1637
2022-09-07,MSCI_WORLD,410.9510
2022-09-08,MSCI_WORLD,414.1331
2022-09-09,MSCI_WORLD,417.8866
2022-09-12,MSCI_WORLD,419.8124
2022-09-13,MSCI_WORLD,409.1181
2022-09-14,MSCI_WORLD,409.6525
2022-09-15,MSCI_WORLD,405.7265
2022-09-16,MSCI_WORLD,400.7742
2022-09-19,MSCI_WORLD,403.2598
2022-09-20,MSCI_WORLD,399.8364
2022-09-21,MSCI_WORLD,398.6370
2022-09-22,MSCI_WORLD,396.8649
2022-09-23,MSCI_WORLD,393.1689
2022-09-26,MSCI_WORLD,390.6170
2022-09-27,MSCI_WORLD,391.0067
2022-09-28,MSCI_WORLD,396.3128
2022-09-29,MSCI_WORLD,385.0500
2022-09-30,MSCI_WORLD,380.2545
2022-10-03,MSCI_WORLD,387.6263
2022-10-04,MSCI_WORLD,395.1001
2022-10-05,MSCI_WORLD,397.3174
2022-10-06,MSCI_WORLD,394.4935
2022-10-07,MSCI_WORLD,387.0455
2022-10-10,MSCI_WORLD,386.7883
2022-10-11,MSCI_WORLD,383.4144
2022-10-12,MSCI_WORLD,382.3668
2022-10-13,MSCI_WORLD,388.8624
2022-10-14,MSCI_WORLD,381.7657
2022-10-17,MSCI_WORLD,388.1247
2022-10-18,MSCI_WORLD,390.9283
2022-10-19,MSCI_WORLD,390.3548
2022-10-20,MSCI_WORLD,386.6805
2022-10-21,MSCI_WORLD,393.8447
2022-10-24,MSCI_WORLD,395.1970
2022-10-25,MSCI_WORLD,399.2671
2022-10-26,MSCI_WORLD,395.4094
2022-10-27,MSCI_WORLD,395.5385
2022-10-28,MSCI_WORLD,403.3698
2022-10-31,MSCI_WORLD,403.9741
2022-11-01,MSCI_WORLD,404.2174
2022-11-02,MSCI_WORLD,396.8411
2022-11-03,MSCI_WORLD,396.3621
2022-11-04,MSCI_WORLD,397.1471
2022-11-07,MSCI_WORLD,397.1841
2022-11-08,MSCI_WORLD,397.8549
2022-11-09,MSCI_WORLD,392.3508
2022-11-10,MSCI_WORLD,406.0177
2022-11-11,MSCI_WORLD,406.0233
2022-11-14,MSCI_WORLD,402.8252
2022-11-15,MSCI_WORLD,405.1699
2022-11-16,MSCI_WORLD,400.5843
2022-11-17,MSCI_WORLD,401.2887
2022-11-18,MSCI_WORLD,402.5679
2022-11-21,MSCI_WORLD,404.5417
2022-11-22,MSCI_WORLD,408.1611
2022-11-23,MSCI_WORLD,407.9464
2022-11-24,MSCI_WORLD,407.8990
2022-11-25,MSCI_WORLD,407.6734
2022-11-28,MSCI_WORLD,402.7121
2022-11-29,MSCI_WORLD,403.5403
2022-11-30,MSCI_WORLD,414.7322
2022-12-01,MSCI_WORLD,410.2892
2022-12-02,MSCI_WORLD,409.6100
2022-12-05,MSCI_WORLD,402.0381
2022-12-06,MSCI_WORLD,397.9039
2022-12-07,MSCI_WORLD,396.7195
2022-12-08,MSCI_WORLD,397.5396
2022-12-09,MSCI_WORLD,396.6323
2022-12-12,MSCI_WORLD,400.4397
2022-12-13,MSCI_WORLD,400.7610
2022-12-14,MSCI_WORLD,398.9615
2022-12-15,MSCI_WORLD,388.7870
2022-12-16,MSCI_WORLD,385.5112
2022-12-19,MSCI_WORLD,383.8410
2022-12-20,MSCI_WORLD,382.7128
2022-12-21,MSCI_WORLD,388.6779
2022-12-22,MSCI_WORLD,384.5126
2022-12-23,MSCI_WORLD,385.5225
2022-12-26,MSCI_WORLD,385.5657
2022-12-27,MSCI_WORLD,383.6073
2022-12-28,MSCI_WORLD,380.9142
2022-12-29,MSCI_WORLD,384.7028
2022-12-30,MSCI_WORLD,383.1288
2023-01-02,MSCI_WORLD,383.8112
2023-01-03,MSCI_WORLD,387.1336
2023-01-04,MSCI_WORLD,388.8639
2023-01-05,MSCI_WORLD,387.5760
2023-01-06,MSCI_WORLD,392.7080
2023-01-09,MSCI_WORLD,389.6310
2023-01-10,MSCI_WORLD,391.2979
2023-01-11,MSCI_WORLD,394.6926
2023-01-12,MSCI_WORLD,395.5956
2023-01-13,MSCI_WORLD,397.0301
2023-01-16,MSCI_WORLD,397.2026
2023-01-17,MSCI_WORLD,398.1684
2023-01-18,MSCI_WORLD,393.7419
2023-01-19,MSCI_WORLD,391.1898
2023-01-20,MSCI_WORLD,395.5112
2023-01-23,MSCI_WORLD,398.5648
2023-01-24,MSCI_WORLD,398.3293
2023-01-25,MSCI_WORLD,397.4637
2023-01-26,MSCI_WORLD,402.2773
2023-01-27,MSCI_WORLD,403.9781
2023-01-30,MSCI_WORLD,399.0472
2023-01-31,MSCI_WORLD,403.1361
2023-02-01,MSCI_WORLD,404.4759
2023-02-02,MSCI_WORLD,409.2276
2023-02-03,MSCI_WORLD,408.4455
2023-02-06,MSCI_WORLD,409.2809
2023-02-07,MSCI_WORLD,414.7343
2023-02-08,MSCI_WORLD,410.7873
2023-02-09,MSCI_WORLD,407.7164
2023-02-10,MSCI_WORLD,410.0655
2023-02-13,MSCI_WORLD,412.2821
2023-02-14,MSCI_WORLD,412.7210
2023-02-15,MSCI_WORLD,414.8418
2023-02-16,MSCI_WORLD,411.3520
2023-02-17,MSCI_WORLD,410.1703
2023-02-20,MSCI_WORLD,409.7537
2023-02-21,MSCI_WORLD,403.5974
2023-02-22,MSCI_WORLD,404.3216
2023-02-23,MSCI_WORLD,406.5585
2023-02-24,MSCI_WORLD,404.1367
2023-02-27,MSCI_WORLD,404.0818
2023-02-28,MSCI_WORLD,402.9244
2023-03-01,MSCI_WORLD,399.2826
2023-03-02,MSCI_WORLD,403.5759
2023-03-03,MSCI_WORLD,409.7791
2023-03-06,MSCI_WORLD,407.6500
2023-03-07,MSCI_WORLD,405.3319
2023-03-08,MSCI_WORLD,406.7104
2023-03-09,MSCI_WORLD,401.1414
2023-03-10,MSCI_WORLD,391.7330
2023-03-13,MSCI_WORLD,388.0745
2023-03-14,MSCI_WORLD,392.9644
2023-03-15,MSCI_WORLD,394.6545
2023-03-16,MSCI_WORLD,397.4238
2023-03-17,MSCI_WORLD,393.2735
2023-03-20,MSCI_WORLD,393.7403
2023-03-21,MSCI_WORLD,396.8752
2023-03-22,MSCI_WORLD,392.3737
2023-03-23,MSCI_WORLD,390.4161
2023-03-24,MSCI_WORLD,394.4410
2023-03-27,MSCI_WORLD,395.2036
2023-03-28,MSCI_WORLD,393.6560
2023-03-29,MSCI_WORLD,398.8021
2023-03-30,MSCI_WORLD,399.0497
2023-03-31,MSCI_WORLD,405.4534
2023-04-03,MSCI_WORLD,406.3447
2023-04-04,MSCI_WORLD,402.3771
2023-04-05,MSCI_WORLD,402.7255
2023-04-06,MSCI_WORLD,403.2334
2023-04-07,MSCI_WORLD,403.2739
2023-04-10,MSCI_WORLD,405.8042
2023-04-11,MSCI_WORLD,404.6628
2023-04-12,MSCI_WORLD,402.0742
2023-04-13,MSCI_WORLD,404.3913
2023-04-14,MSCI_WORLD,405.3861
2023-04-17,MSCI_WORLD,409.0055
2023-04-18,MSCI_WORLD,408.5205
2023-04-19,MSCI_WORLD,408.3099
2023-04-20,MSCI_WORLD,406.0369
2023-04-21,MSCI_WORLD,406.3091
2023-04-24,MSCI_WORLD,404.8855
2023-04-25,MSCI_WORLD,401.4809
2023-04-26,MSCI_WORLD,397.7066
2023-04-27,MSCI_WORLD,404.1137
2023-04-28,MSCI_WORLD,406.0024
2023-05-01,MSCI_WORLD,407.8673
2023-05-02,MSCI_WORLD,403.5562
2023-05-03,MSCI_WORLD,399.9076
2023-05-04,MSCI_WORLD,399.4387
2023-05-05,MSCI_WORLD,405.4155
2023-05-08,MSCI_WORLD,405.9562
2023-05-09,MSCI_WORLD,406.4398
2023-05-10,MSCI_WORLD,406.9054
2023-05-11,MSCI_WORLD,407.9108
2023-05-12,MSCI_WORLD,409.2856
2023-05-15,MSCI_WORLD,410.7148
2023-05-16,MSCI_WORLD,408.2076
2023-05-17,MSCI_WORLD,412.7052
2023-05-18,MSCI_WORLD,417.5706
2023-05-19,MSCI_WORLD,417.2960
2023-05-22,MSCI_WORLD,417.3510
2023-05-23,MSCI_WORLD,413.9387
2023-05-24,MSCI_WORLD,410.4341
2023-05-25,MSCI_WORLD,412.9375
2023-05-26,MSCI_WORLD,418.4407
2023-05-29,MSCI_WORLD,418.6786
2023-05-30,MSCI_WORLD,417.3123
2023-05-31,MSCI_WORLD,416.2385
2023-06-01,MSCI_WORLD,418.1531
2023-06-02,MSCI_WORLD,424.5714
2023-06-05,MSCI_WORLD,424.6769
2023-06-06,MSCI_WORLD,426.6662
2023-06-07,MSCI_WORLD,424.3141
2023-06-08,MSCI_WORLD,424.1626
2023-06-09,MSCI_WORLD,425.2215
2023-06-12,MSCI_WORLD,428.6099
2023-06-13,MSCI_WORLD,429.9196
2023-06-14,MSCI_WORLD,429.3609
2023-06-15,MSCI_WORLD,431.0667
2023-06-16,MSCI_WORLD,429.9255
2023-06-19,MSCI_WORLD,428.9229
2023-06-20,MSCI_WORLD,427.5445
2023-06-21,MSCI_WORLD,423.7897
2023-06-22,MSCI_WORLD,424.0281
2023-06-23,MSCI_WORLD,422.9460
2023-06-26,MSCI_WORLD,420.8474
2023-06-27,MSCI_WORLD,423.0782
2023-06-28,MSCI_WORLD,425.5417
2023-06-29,MSCI_WORLD,427.3948
2023-06-30,MSCI_WORLD,431.3373
2023-07-03,MSCI_WORLD,432.2703
2023-07-04,MSCI_WORLD,432.4138
2023-07-05,MSCI_WORLD,431.9599
2023-07-06,MSCI_WORLD,426.9510
2023-07-07,MSCI_WORLD,423.7416
2023-07-10,MSCI_WORLD,423.6921
2023-07-11,MSCI_WORLD,426.3450
2023-07-12,MSCI_WORLD,426.2079
2023-07-13,MSCI_WORLD,428.0532
2023-07-14,MSCI_WORLD,425.9824
2023-07-17,MSCI_WORLD,426.9314
2023-07-18,MSCI_WORLD,429.6846
2023-07-19,MSCI_WORLD,432.2089
2023-07-20,MSCI_WORLD,431.3111
2023-07-21,MSCI_WORLD,432.4897
2023-07-24,MSCI_WORLD,435.0656
2023-07-25,MSCI_WORLD,437.6186
2023-07-26,MSCI_WORLD,436.7531
2023-07-27,MSCI_WORLD,438.1740
2023-07-28,MSCI_WORLD,439.8210
2023-07-31,MSCI_WORLD,441.1567
2023-08-01,MSCI_WORLD,440.7473
2023-08-02,MSCI_WORLD,435.8908
2023-08-03,MSCI_WORLD,434.1990
2023-08-04,MSCI_WORLD,430.1384
2023-08-07,MSCI_WORLD,433.4015
2023-08-08,MSCI_WORLD,433.3894
2023-08-09,MSCI_WORLD,430.2433
2023-08-10,MSCI_WORLD,430.2143
2023-08-11,MSCI_WORLD,430.3290
2023-08-14,MSCI_WORLD,433.6303
2023-08-15,MSCI_WORLD,428.1170
2023-08-16,MSCI_WORLD,426.1558
2023-08-17,MSCI_WORLD,423.4327
2023-08-18,MSCI_WORLD,423.4470
2023-08-21,MSCI_WORLD,424.8081
2023-08-22,MSCI_WORLD,426.0689
2023-08-23,MSCI_WORLD,430.4103
2023-08-24,MSCI_WORLD,426.1065
2023-08-25,MSCI_WORLD,429.7083
2023-08-28,MSCI_WORLD,431.8147
2023-08-29,MSCI_WORLD,436.7377
2023-08-30,MSCI_WORLD,435.1436
2023-08-31,MSCI_WORLD,437.4436
2023-09-01,MSCI_WORLD,439.8325
2023-09-04,MSCI_WORLD,440.8413
2023-09-05,MSCI_WORLD,441.5443
2023-09-06,MSCI_WORLD,438.9554
2023-09-07,MSCI_WORLD,437.8511
2023-09-08,MSCI_WORLD,437.7091
2023-09-11,MSCI_WORLD,439.5121
2023-09-12,MSCI_WORLD,438.8390
2023-09-13,MSCI_WORLD,437.9692
2023-09-14,MSCI_WORLD,444.8989
2023-09-15,MSCI_WORLD,441.6279
2023-09-18,MSCI_WORLD,440.5423
2023-09-19,MSCI_WORLD,439.2079
2023-09-20,MSCI_WORLD,435.8348
2023-09-21,MSCI_WORLD,430.7685
2023-09-22,MSCI_WORLD,429.9261
2023-09-25,MSCI_WORLD,433.1928
2023-09-26,MSCI_WORLD,427.6853
2023-09-27,MSCI_WORLD,430.0351
2023-09-28,MSCI_WORLD,430.4694
2023-09-29,MSCI_WORLD,429.0892
2023-10-02,MSCI_WORLD,430.5964
2023-10-03,MSCI_WORLD,425.5469
2023-10-04,MSCI_WORLD,426.5632
2023-10-05,MSCI_WORLD,425.9141
2023-10-06,MSCI_WORLD,429.9745
2023-10-09,MSCI_WORLD,431.7318
2023-10-10,MSCI_WORLD,434.0045
2023-10-11,MSCI_WORLD,434.6927
2023-10-12,MSCI_WORLD,435.1931
2023-10-13,MSCI_WORLD,434.0267
2023-10-16,MSCI_WORLD,435.6447
2023-10-17,MSCI_WORLD,435.0255
2023-10-18,MSCI_WORLD,431.0430
2023-10-19,MSCI_WORLD,425.7108
2023-10-20,MSCI_WORLD,419.9171
2023-10-23,MSCI_WORLD,417.6279
2023-10-24,MSCI_WORLD,421.1209
2023-10-25,MSCI_WORLD,417.1405
2023-10-26,MSCI_WORLD,414.1597
2023-10-27,MSCI_WORLD,411.4094
2023-10-30,MSCI_WORLD,413.7002
2023-10-31,MSCI_WORLD,417.3286
2023-11-01,MSCI_WORLD,422.9876
2023-11-02,MSCI_WORLD,428.0393
2023-11-03,MSCI_WORLD,428.1028
2023-11-06,MSCI_WORLD,428.5148
2023-11-07,MSCI_WORLD,430.6007
2023-11-08,MSCI_WORLD,429.8976
2023-11-09,MSCI_WORLD,428.2137
2023-11-10,MSCI_WORLD,433.3100
2023-11-13,MSCI_WORLD,433.0982
2023-11-14,MSCI_WORLD,435.9372
2023-11-15,MSCI_WORLD,436.5885
2023-11-16,MSCI_WORLD,435.8901
2023-11-17,MSCI_WORLD,437.2903
2023-11-20,MSCI_WORLD,438.1300
2023-11-21,MSCI_WORLD,437.6081
2023-11-22,MSCI_WORLD,441.0752
2023-11-23,MSCI_WORLD,439.9205
2023-11-24,MSCI_WORLD,439.6637
2023-11-27,MSCI_WORLD,438.8995
2023-11-28,MSCI_WORLD,437.6485
2023-11-29,MSCI_WORLD,438.1259
2023-11-30,MSCI_WORLD,442.1885
2023-12-01,MSCI_WORLD,447.8008
2023-12-04,MSCI_WORLD,446.5620
2023-12-05,MSCI_WORLD,446.4911
2023-12-06,MSCI_WORLD,446.7699
2023-12-07,MSCI_WORLD,449.5175
2023-12-08,MSCI_WORLD,451.6399
2023-12-11,MSCI_WORLD,454.0175
2023-12-12,MSCI_WORLD,454.1060
2023-12-13,MSCI_WORLD,458.5366
2023-12-14,MSCI_WORLD,454.2982
2023-12-15,MSCI_WORLD,457.1953
2023-12-18,MSCI_WORLD,457.9813
2023-12-19,MSCI_WORLD,458.2151
2023-12-20,MSCI_WORLD,454.1952
2023-12-21,MSCI_WORLD,456.9137
2023-12-22,MSCI_WORLD,457.0201
2023-12-25,MSCI_WORLD,457.0541
2023-12-26,MSCI_WORLD,457.9461
2023-12-27,MSCI_WORLD,456.6345
2023-12-28,MSCI_WORLD,457.0381
2023-12-29,MSCI_WORLD,458.2071
2024-01-01,MSCI_WORLD,458.2177
2024-01-02,MSCI_WORLD,459.0752
2024-01-03,MSCI_WORLD,456.3295
2024-01-04,MSCI_WORLD,454.0495
2024-01-05,MSCI_WORLD,454.0340
2024-01-08,MSCI_WORLD,459.1428
2024-01-09,MSCI_WORLD,460.4620
2024-01-10,MSCI_WORLD,460.5037
2024-01-11,MSCI_WORLD,460.7897
2024-01-12,MSCI_WORLD,461.6100
2024-01-15,MSCI_WORLD,461.7824
2024-01-16,MSCI_WORLD,462.1242
2024-01-17,MSCI_WORLD,459.5099
2024-01-18,MSCI_WORLD,462.7998
2024-01-19,MSCI_WORLD,466.1946
2024-01-22,MSCI_WORLD,468.1167
2024-01-23,MSCI_WORLD,470.6784
2024-01-24,MSCI_WORLD,469.5634
2024-01-25,MSCI_WORLD,473.9490
2024-01-26,MSCI_WORLD,473.1285
2024-01-29,MSCI_WORLD,478.9149
2024-01-30,MSCI_WORLD,477.3204
2024-01-31,MSCI_WORLD,471.5605
2024-02-01,MSCI_WORLD,476.2008
2024-02-02,MSCI_WORLD,480.4862
2024-02-05,MSCI_WORLD,481.8185
2024-02-06,MSCI_WORLD,482.6295
2024-02-07,MSCI_WORLD,485.0808
2024-02-08,MSCI_WORLD,485.0686
2024-02-09,MSCI_WORLD,486.2774
2024-02-12,MSCI_WORLD,487.0768
2024-02-13,MSCI_WORLD,483.3030
2024-02-14,MSCI_WORLD,486.9895
2024-02-15,MSCI_WORLD,488.8009
2024-02-16,MSCI_WORLD,487.7216
2024-02-19,MSCI_WORLD,488.1615
2024-02-20,MSCI_WORLD,483.7994
2024-02-21,MSCI_WORLD,484.3178
2024-02-22,MSCI_WORLD,492.6792
2024-02-23,MSCI_WORLD,492.8036
2024-02-26,MSCI_WORLD,490.2408
2024-02-27,MSCI_WORLD,491.3073
2024-02-28,MSCI_WORLD,490.6024
2024-02-29,MSCI_WORLD,493.4160
2024-03-01,MSCI_WORLD,496.7677
2024-03-04,MSCI_WORLD,495.2364
2024-03-05,MSCI_WORLD,491.1943
2024-03-06,MSCI_WORLD,492.5081
2024-03-07,MSCI_WORLD,496.7177
2024-03-08,MSCI_WORLD,493.7323
2024-03-11,MSCI_WORLD,493.2934
2024-03-12,MSCI_WORLD,498.1594
2024-03-13,MSCI_WORLD,496.8602
2024-03-14,MSCI_WORLD,497.5120
2024-03-15,MSCI_WORLD,494.6654
2024-03-18,MSCI_WORLD,497.3814
2024-03-19,MSCI_WORLD,500.4701
2024-03-20,MSCI_WORLD,503.9281
2024-03-21,MSCI_WORLD,506.5592
2024-03-22,MSCI_WORLD,507.7502
2024-03-25,MSCI_WORLD,505.5807
2024-03-26,MSCI_WORLD,505.1332
2024-03-27,MSCI_WORLD,508.9231
2024-03-28,MSCI_WORLD,510.1402
2024-03-29,MSCI_WORLD,510.2856
2024-04-01,MSCI_WORLD,510.9841
2024-04-02,MSCI_WORLD,506.8025
2024-04-03,MSCI_WORLD,505.0894
2024-04-04,MSCI_WORLD,499.5728
2024-04-05,MSCI_WORLD,504.2703
2024-04-08,MSCI_WORLD,503.5891
2024-04-09,MSCI_WORLD,503.9361
2024-04-10,MSCI_WORLD,503.9893
2024-04-11,MSCI_WORLD,507.9995
2024-04-12,MSCI_WORLD,505.6056
2024-04-15,MSCI_WORLD,500.7483
2024-04-16,MSCI_WORLD,497.4629
2024-04-17,MSCI_WORLD,494.8135
2024-04-18,MSCI_WORLD,493.8055
2024-04-19,MSCI_WORLD,489.4758
2024-04-22,MSCI_WORLD,494.7134
2024-04-23,MSCI_WORLD,498.3619
2024-04-24,MSCI_WORLD,498.9471
2024-04-25,MSCI_WORLD,495.3464
2024-04-26,MSCI_WORLD,501.2122
2024-04-29,MSCI_WORLD,501.5074
2024-04-30,MSCI_WORLD,496.2710
2024-05-01,MSCI_WORLD,494.9951
2024-05-02,MSCI_WORLD,498.9921
2024-05-03,MSCI_WORLD,501.2678
2024-05-06,MSCI_WORLD,505.1242
2024-05-07,MSCI_WORLD,506.8607
2024-05-08,MSCI_WORLD,507.3139
2024-05-09,MSCI_WORLD,508.5466
2024-05-10,MSCI_WORLD,510.5070
2024-05-13,MSCI_WORLD,508.8923
2024-05-14,MSCI_WORLD,510.0197
2024-05-15,MSCI_WORLD,514.0932
2024-05-16,MSCI_WORLD,513.0790
2024-05-17,MSCI_WORLD,513.3958
2024-05-20,MSCI_WORLD,514.6600
2024-05-21,MSCI_WORLD,515.3523
2024-05-22,MSCI_WORLD,514.4797
2024-05-23,MSCI_WORLD,512.0132
2024-05-24,MSCI_WORLD,513.4383
2024-05-27,MSCI_WORLD,513.7515
2024-05-28,MSCI_WORLD,512.5105
2024-05-29,MSCI_WORLD,510.2642
2024-05-30,MSCI_WORLD,507.6066
2024-05-31,MSCI_WORLD,510.6225
2024-06-03,MSCI_WORLD,511.2235
2024-06-04,MSCI_WORLD,510.8148
2024-06-05,MSCI_WORLD,515.8619
2024-06-06,MSCI_WORLD,516.2940
2024-06-07,MSCI_WORLD,517.8539
2024-06-10,MSCI_WORLD,522.1561
2024-06-11,MSCI_WORLD,522.3760
2024-06-12,MSCI_WORLD,521.7848
2024-06-13,MSCI_WORLD,523.7092
2024-06-14,MSCI_WORLD,526.0285
2024-06-17,MSCI_WORLD,527.0764
2024-06-18,MSCI_WORLD,528.1488
2024-06-19,MSCI_WORLD,527.8156
2024-06-20,MSCI_WORLD,528.5585
2024-06-21,MSCI_WORLD,528.7623
2024-06-24,MSCI_WORLD,526.5933
2024-06-25,MSCI_WORLD,529.7938
2024-06-26,MSCI_WORLD,530.6832
2024-06-27,MSCI_WORLD,529.4874
2024-06-28,MSCI_WORLD,527.7455
2024-07-01,MSCI_WORLD,528.4099
2024-07-02,MSCI_WORLD,530.3752
2024-07-03,MSCI_WORLD,531.0552
2024-07-04,MSCI_WORLD,531.9524
2024-07-05,MSCI_WORLD,532.9250
2024-07-08,MSCI_WORLD,532.6838
2024-07-09,MSCI_WORLD,533.1009
2024-07-10,MSCI_WORLD,537.8487
2024-07-11,MSCI_WORLD,534.0351
2024-07-12,MSCI_WORLD,535.6986
2024-07-15,MSCI_WORLD,535.6623
2024-07-16,MSCI_WORLD,539.5145
2024-07-17,MSCI_WORLD,531.7405
2024-07-18,MSCI_WORLD,528.4270
2024-07-19,MSCI_WORLD,525.7987
2024-07-22,MSCI_WORLD,530.6416
2024-07-23,MSCI_WORLD,532.0106
2024-07-24,MSCI_WORLD,521.9635
2024-07-25,MSCI_WORLD,518.1734
2024-07-26,MSCI_WORLD,523.1064
2024-07-29,MSCI_WORLD,525.4112
2024-07-30,MSCI_WORLD,524.1420
2024-07-31,MSCI_WORLD,531.9090
2024-08-01,MSCI_WORLD,525.3490
2024-08-02,MSCI_WORLD,508.8881
2024-08-05,MSCI_WORLD,490.6950
2024-08-06,MSCI_WORLD,498.3701
2024-08-07,MSCI_WORLD,497.1808
2024-08-08,MSCI_WORLD,506.5657
2024-08-09,MSCI_WORLD,508.8287
2024-08-12,MSCI_WORLD,508.2743
2024-08-13,MSCI_WORLD,515.3213
2024-08-14,MSCI_WORLD,514.6388
2024-08-15,MSCI_WORLD,523.9055
2024-08-16,MSCI_WORLD,525.9772
2024-08-19,MSCI_WORLD,527.4782
2024-08-20,MSCI_WORLD,524.9000
2024-08-21,MSCI_WORLD,526.3899
2024-08-22,MSCI_WORLD,523.5865
2024-08-23,MSCI_WORLD,526.6940
2024-08-26,MSCI_WORLD,525.7067
2024-08-27,MSCI_WORLD,526.9677
2024-08-28,MSCI_WORLD,526.3721
2024-08-29,MSCI_WORLD,529.3805
2024-08-30,MSCI_WORLD,533.7352
2024-09-02,MSCI_WORLD,533.4500
2024-09-03,MSCI_WORLD,525.4524
2024-09-04,MSCI_WORLD,520.9457
2024-09-05,MSCI_WORLD,519.7097
2024-09-06,MSCI_WORLD,510.7049
2024-09-09,MSCI_WORLD,518.3949
2024-09-10,MSCI_WORLD,520.4052
2024-09-11,MSCI_WORLD,524.6938
2024-09-12,MSCI_WORLD,528.0830
2024-09-13,MSCI_WORLD,529.2387
2024-09-16,MSCI_WORLD,528.4827
2024-09-17,MSCI_WORLD,528.4322
2024-09-18,MSCI_WORLD,527.1760
2024-09-19,MSCI_WORLD,535.3617
2024-09-20,MSCI_WORLD,532.8552
2024-09-23,MSCI_WORLD,535.0573
2024-09-24,MSCI_WORLD,536.1751
2024-09-25,MSCI_WORLD,534.2488
2024-09-26,MSCI_WORLD,538.1029
2024-09-27,MSCI_WORLD,538.6791
2024-09-30,MSCI_WORLD,539.0540
2024-10-01,MSCI_WORLD,538.8451
2024-10-02,MSCI_WORLD,539.7372
2024-10-03,MSCI_WORLD,539.1521
2024-10-04,MSCI_WORLD,544.8780
2024-10-07,MSCI_WORLD,541.6881
2024-10-08,MSCI_WORLD,544.2391
2024-10-09,MSCI_WORLD,548.5942
2024-10-10,MSCI_WORLD,549.1002
2024-10-11,MSCI_WORLD,551.1828
2024-10-14,MSCI_WORLD,555.8416
2024-10-15,MSCI_WORLD,552.7622
2024-10-16,MSCI_WORLD,554.9845
2024-10-17,MSCI_WORLD,558.0155
2024-10-18,MSCI_WORLD,558.7785
2024-10-21,MSCI_WORLD,558.0461
2024-10-22,MSCI_WORLD,558.0024
2024-10-23,MSCI_WORLD,554.7595
2024-10-24,MSCI_WORLD,555.0519
2024-10-25,MSCI_WORLD,553.1088
2024-10-28,MSCI_WORLD,555.3914
2024-10-29,MSCI_WORLD,556.6119
2024-10-30,MSCI_WORLD,551.5793
2024-10-31,MSCI_WORLD,543.1558
2024-11-01,MSCI_WORLD,545.4671
2024-11-04,MSCI_WORLD,542.4016
2024-11-05,MSCI_WORLD,547.7201
2024-11-06,MSCI_WORLD,564.9767
2024-11-07,MSCI_WORLD,566.4460
2024-11-08,MSCI_WORLD,570.4226
2024-11-11,MSCI_WORLD,576.4662
2024-11-12,MSCI_WORLD,575.2271
2024-11-13,MSCI_WORLD,575.3964
2024-11-14,MSCI_WORLD,574.0021
2024-11-15,MSCI_WORLD,569.8124
2024-11-18,MSCI_WORLD,569.8122
2024-11-19,MSCI_WORLD,571.5002
2024-11-20,MSCI_WORLD,574.1499
2024-11-21,MSCI_WORLD,577.9193
2024-11-22,MSCI_WORLD,585.4791
2024-11-25,MSCI_WORLD,583.5448
2024-11-26,MSCI_WORLD,585.2424
2024-11-27,MSCI_WORLD,579.6575
2024-11-28,MSCI_WORLD,581.1550
2024-11-29,MSCI_WORLD,583.9191
2024-12-02,MSCI_WORLD,590.2969
2024-12-03,MSCI_WORLD,589.5251
2024-12-04,MSCI_WORLD,591.8763
2024-12-05,MSCI_WORLD,589.2444
2024-12-06,MSCI_WORLD,590.8490
2024-12-09,MSCI_WORLD,586.6416
2024-12-10,MSCI_WORLD,588.3130
2024-12-11,MSCI_WORLD,593.1159
2024-12-12,MSCI_WORLD,591.4762
2024-12-13,MSCI_WORLD,589.3115
2024-12-16,MSCI_WORLD,589.8435
2024-12-17,MSCI_WORLD,588.0039
2024-12-18,MSCI_WORLD,575.3502
2024-12-19,MSCI_WORLD,576.7202
2024-12-20,MSCI_WORLD,579.8864
2024-12-23,MSCI_WORLD,583.7362
2024-12-24,MSCI_WORLD,588.7596
2024-12-25,MSCI_WORLD,588.8589
2024-12-26,MSCI_WORLD,587.9182
2024-12-27,MSCI_WORLD,583.6493
2024-12-30,MSCI_WORLD,580.3399
2024-12-31,MSCI_WORLD,580.0704
2025-01-01,MSCI_WORLD,580.0765
2025-01-02,MSCI_WORLD,583.7974
2025-01-03,MSCI_WORLD,588.5098
2025-01-06,MSCI_WORLD,586.5860
2025-01-07,MSCI_WORLD,583.1881
2025-01-08,MSCI_WORLD,587.0632
2025-01-09,MSCI_WORLD,587.1150
2025-01-10,MSCI_WORLD,581.5256
2025-01-13,MSCI_WORLD,583.9948
2025-01-14,MSCI_WORLD,579.6534
2025-01-15,MSCI_WORLD,588.8162
2025-01-16,MSCI_WORLD,589.4909
2025-01-17,MSCI_WORLD,594.3448
2025-01-20,MSCI_WORLD,590.3126
2025-01-21,MSCI_WORLD,594.8201
2025-01-22,MSCI_WORLD,596.9925
2025-01-23,MSCI_WORLD,601.0636
2025-01-24,MSCI_WORLD,594.3002
2025-01-27,MSCI_WORLD,588.6804
2025-01-28,MSCI_WORLD,596.4515
2025-01-29,MSCI_WORLD,595.4971
2025-01-30,MSCI_WORLD,598.7426
2025-01-31,MSCI_WORLD,598.2006
2025-02-03,MSCI_WORLD,596.6231
2025-02-04,MSCI_WORLD,597.4899
2025-02-05,MSCI_WORLD,598.6093
2025-02-06,MSCI_WORLD,604.0169
2025-02-07,MSCI_WORLD,600.6068
2025-02-10,MSCI_WORLD,605.6866
2025-02-11,MSCI_WORLD,604.3359
2025-02-12,MSCI_WORLD,601.4174
2025-02-13,MSCI_WORLD,605.1439
2025-02-14,MSCI_WORLD,601.6438
2025-02-17,MSCI_WORLD,603.8203
2025-02-18,MSCI_WORLD,605.9187
2025-02-19,MSCI_WORLD,607.8413
2025-02-20,MSCI_WORLD,602.9598
2025-02-21,MSCI_WORLD,596.2569
2025-02-24,MSCI_WORLD,593.1650
2025-02-25,MSCI_WORLD,589.3996
2025-02-26,MSCI_WORLD,589.9724
2025-02-27,MSCI_WORLD,586.9398
2025-02-28,MSCI_WORLD,593.6383
2025-03-03,MSCI_WORLD,583.4133
2025-03-04,MSCI_WORLD,574.0677
2025-03-05,MSCI_WORLD,569.4606
2025-03-06,MSCI_WORLD,559.7315
2025-03-07,MSCI_WORLD,558.5068
2025-03-10,MSCI_WORLD,546.9286
2025-03-11,MSCI_WORLD,538.2905
2025-03-12,MSCI_WORLD,541.5027
2025-03-13,MSCI_WORLD,538.2543
2025-03-14,MSCI_WORLD,547.4632
2025-03-17,MSCI_WORLD,549.7161
2025-03-18,MSCI_WORLD,545.7911
2025-03-19,MSCI_WORLD,552.6838
2025-03-20,MSCI_WORLD,553.0061
2025-03-21,MSCI_WORLD,554.4391
2025-03-24,MSCI_WORLD,562.1221
2025-03-25,MSCI_WORLD,563.4701
2025-03-26,MSCI_WORLD,558.7790
2025-03-27,MSCI_WORLD,556.0903
2025-03-28,MSCI_WORLD,545.9008
2025-03-31,MSCI_WORLD,546.1003
2025-04-01,MSCI_WORLD,548.8295
2025-04-02,MSCI_WORLD,549.3714
2025-04-03,MSCI_WORLD,516.5939
2025-04-04,MSCI_WORLD,492.2077
2025-04-07,MSCI_WORLD,486.3686
2025-04-08,MSCI_WORLD,484.9972
2025-04-09,MSCI_WORLD,510.4134
2025-04-10,MSCI_WORLD,497.8066
2025-04-11,MSCI_WORLD,497.9902
2025-04-14,MSCI_WORLD,502.8619
2025-04-15,MSCI_WORLD,505.9103
2025-04-16,MSCI_WORLD,495.7290
2025-04-17,MSCI_WORLD,497.9503
2025-04-18,MSCI_WORLD,498.2364
2025-04-21,MSCI_WORLD,484.5245
2025-04-22,MSCI_WORLD,494.5410
2025-04-23,MSCI_WORLD,507.2944
2025-04-24,MSCI_WORLD,514.6310
2025-04-25,MSCI_WORLD,518.0955
2025-04-28,MSCI_WORLD,519.0696
2025-04-29,MSCI_WORLD,521.5783
2025-04-30,MSCI_WORLD,523.5452
2025-05-01,MSCI_WORLD,528.7321
2025-05-02,MSCI_WORLD,533.4235
2025-05-05,MSCI_WORLD,532.4277
2025-05-06,MSCI_WORLD,529.4006
2025-05-07,MSCI_WORLD,529.7400
2025-05-08,MSCI_WORLD,535.5364
2025-05-09,MSCI_WORLD,536.6053
2025-05-12,MSCI_WORLD,556.2747
2025-05-13,MSCI_WORLD,558.0844
2025-05-14,MSCI_WORLD,556.6985
2025-05-15,MSCI_WORLD,559.8405
2025-05-16,MSCI_WORLD,564.5782
2025-05-19,MSCI_WORLD,561.4056
2025-05-20,MSCI_WORLD,560.0780
2025-05-21,MSCI_WORLD,550.7408
2025-05-22,MSCI_WORLD,552.2373
2025-05-23,MSCI_WORLD,546.7478
2025-05-26,MSCI_WORLD,546.4546
2025-05-27,MSCI_WORLD,556.5007
2025-05-28,MSCI_WORLD,555.1030
2025-05-29,MSCI_WORLD,555.1676
2025-05-30,MSCI_WORLD,555.2675
2025-06-02,MSCI_WORLD,553.8324
2025-06-03,MSCI_WORLD,557.8122
2025-06-04,MSCI_WORLD,557.1748
2025-06-05,MSCI_WORLD,554.0117
2025-06-06,MSCI_WORLD,560.9691
2025-06-09,MSCI_WORLD,560.6791
2025-06-10,MSCI_WORLD,562.0876
2025-06-11,MSCI_WORLD,558.5342
2025-06-12,MSCI_WORLD,555.8604
2025-06-13,MSCI_WORLD,551.6192
2025-06-16,MSCI_WORLD,554.3115
2025-06-17,MSCI_WORLD,552.6032
2025-06-18,MSCI_WORLD,553.1702
2025-06-19,MSCI_WORLD,553.3643
2025-06-20,MSCI_WORLD,550.3793
2025-06-23,MSCI_WORLD,553.0760
2025-06-24,MSCI_WORLD,556.2697
2025-06-25,MSCI_WORLD,554.9964
2025-06-26,MSCI_WORLD,555.6840
2025-06-27,MSCI_WORLD,558.6946
2025-06-30,MSCI_WORLD,560.1821
2025-07-01,MSCI_WORLD,557.6171
2025-07-02,MSCI_WORLD,560.1932
2025-07-03,MSCI_WORLD,564.6759
2025-07-04,MSCI_WORLD,563.2111
2025-07-07,MSCI_WORLD,561.4763
2025-07-08,MSCI_WORLD,562.9506
2025-07-09,MSCI_WORLD,565.4808
2025-07-10,MSCI_WORLD,568.3529
2025-07-11,MSCI_WORLD,565.3295
2025-07-14,MSCI_WORLD,566.4665
2025-07-15,MSCI_WORLD,566.8325
2025-07-16,MSCI_WORLD,568.5284
2025-07-17,MSCI_WORLD,572.4599
2025-07-18,MSCI_WORLD,570.2550
2025-07-21,MSCI_WORLD,568.7402
2025-07-22,MSCI_WORLD,567.8823
2025-07-23,MSCI_WORLD,572.9846
2025-07-24,MSCI_WORLD,572.6693
2025-07-25,MSCI_WORLD,574.8917
2025-07-28,MSCI_WORLD,578.3200
2025-07-29,MSCI_WORLD,581.7793
2025-07-30,MSCI_WORLD,582.9170
2025-07-31,MSCI_WORLD,581.9181
2025-08-01,MSCI_WORLD,568.8963
2025-08-04,MSCI_WORLD,575.4840
2025-08-05,MSCI_WORLD,574.0904
2025-08-06,MSCI_WORLD,575.3154
2025-08-07,MSCI_WORLD,576.2438
2025-08-08,MSCI_WORLD,578.4454
2025-08-11,MSCI_WORLD,579.6997
2025-08-12,MSCI_WORLD,582.7378
2025-08-13,MSCI_WORLD,582.7146
2025-08-14,MSCI_WORLD,585.2062
2025-08-15,MSCI_WORLD,582.8070
2025-08-18,MSCI_WORLD,584.6672
2025-08-19,MSCI_WORLD,582.0995
2025-08-20,MSCI_WORLD,581.7375
2025-08-21,MSCI_WORLD,581.7635
2025-08-22,MSCI_WORLD,585.2145
2025-08-25,MSCI_WORLD,584.0138
2025-08-26,MSCI_WORLD,586.2790
2025-08-27,MSCI_WORLD,589.8770
2025-08-28,MSCI_WORLD,588.6780
2025-08-29,MSCI_WORLD,583.8600
2025-09-01,MSCI_WORLD,583.4757
2025-09-02,MSCI_WORLD,581.1921
2025-09-03,MSCI_WORLD,583.3604
2025-09-04,MSCI_WORLD,589.0982
2025-09-05,MSCI_WORLD,584.3499
2025-09-08,MSCI_WORLD,585.7813
2025-09-09,MSCI_WORLD,587.6841
2025-09-10,MSCI_WORLD,589.3736
2025-09-11,MSCI_WORLD,593.7601
2025-09-12,MSCI_WORLD,593.4641
2025-09-15,MSCI_WORLD,594.8458
2025-09-16,MSCI_WORLD,589.6674
2025-09-17,MSCI_WORLD,589.0963
2025-09-18,MSCI_WORLD,594.8184
2025-09-19,MSCI_WORLD,597.7558
2025-09-22,MSCI_WORLD,599.2117
2025-09-23,MSCI_WORLD,595.8328
2025-09-24,MSCI_WORLD,596.2259
2025-09-25,MSCI_WORLD,596.1491
2025-09-26,MSCI_WORLD,598.7315
2025-09-29,MSCI_WORLD,598.7502
2025-09-30,MSCI_WORLD,600.3208
2025-10-01,MSCI_WORLD,602.8333
2025-10-02,MSCI_WORLD,605.1418
2025-10-03,MSCI_WORLD,605.1491
2025-10-06,MSCI_WORLD,608.4549
2025-10-07,MSCI_WORLD,608.3387
2025-10-08,MSCI_WORLD,613.5075
2025-10-09,MSCI_WORLD,613.5816
2025-10-10,MSCI_WORLD,599.5538
2025-10-13,MSCI_WORLD,607.3549
2025-10-14,MSCI_WORLD,604.4696
2025-10-15,MSCI_WORLD,606.4166
2025-10-16,MSCI_WORLD,602.2503
2025-10-17,MSCI_WORLD,603.3535
2025-10-20,MSCI_WORLD,611.0041
2025-10-21,MSCI_WORLD,613.0103
2025-10-22,MSCI_WORLD,610.0201
2025-10-23,MSCI_WORLD,612.8130
2025-10-24,MSCI_WORLD,616.0993
2025-10-27,MSCI_WORLD,622.2840
2025-10-28,MSCI_WORLD,622.1031
2025-10-29,MSCI_WORLD,621.6390
2025-10-30,MSCI_WORLD,620.8815
2025-10-31,MSCI_WORLD,623.3775
2025-11-03,MSCI_WORLD,624.9810
2025-11-04,MSCI_WORLD,619.9854
2025-11-05,MSCI_WORLD,622.0303
2025-11-06,MSCI_WORLD,614.1256
2025-11-07,MSCI_WORLD,612.5964
2025-11-10,MSCI_WORLD,622.5019
2025-11-11,MSCI_WORLD,622.6990
2025-11-12,MSCI_WORLD,624.2340
2025-11-13,MSCI_WORLD,613.7835
2025-11-14,MSCI_WORLD,613.3051
2025-11-17,MSCI_WORLD,608.7337
2025-11-18,MSCI_WORLD,602.8364
2025-11-19,MSCI_WORLD,605.5927
2025-11-20,MSCI_WORLD,600.0811
2025-11-21,MSCI_WORLD,605.0126
2025-11-24,MSCI_WORLD,611.1962
2025-11-25,MSCI_WORLD,614.9151
2025-11-26,MSCI_WORLD,618.8489
2025-11-27,MSCI_WORLD,619.0185
2025-11-28,MSCI_WORLD,621.7179
2025-12-01,MSCI_WORLD,617.6186
2025-12-02,MSCI_WORLD,619.9421
2025-12-03,MSCI_WORLD,619.3843
2025-12-04,MSCI_WORLD,621.0239
2025-12-05,MSCI_WORLD,622.4588
2025-12-08,MSCI_WORLD,621.7979
2025-12-09,MSCI_WORLD,620.9009
2025-12-10,MSCI_WORLD,623.6837
2025-12-11,MSCI_WORLD,620.3221
2025-12-12,MSCI_WORLD,616.2214
2025-12-15,MSCI_WORLD,615.1306
2025-12-16,MSCI_WORLD,612.5456
2025-12-17,MSCI_WORLD,607.6719
2025-12-18,MSCI_WORLD,613.3547
2025-12-19,MSCI_WORLD,618.6527
2025-12-22,MSCI_WORLD,619.8835
2025-12-23,MSCI_WORLD,622.2542
2025-12-24,MSCI_WORLD,623.4962
2025-12-25,MSCI_WORLD,623.5509
2025-12-26,MSCI_WORLD,623.4441
2025-12-29,MSCI_WORLD,622.3860
2025-12-30,MSCI_WORLD,622.4362
2025-12-31,MSCI_WORLD,619.3258
2026-01-01,MSCI_WORLD,619.3532
2026-01-02,MSCI_WORLD,621.0417
2026-01-05,MSCI_WORLD,628.1260
2026-01-06,MSCI_WORLD,632.6425
2026-01-07,MSCI_WORLD,630.6959
2026-01-08,MSCI_WORLD,631.1072
2026-01-09,MSCI_WORLD,636.2795
2026-01-12,MSCI_WORLD,635.6792
2026-01-13,MSCI_WORLD,636.9107
2026-01-14,MSCI_WORLD,634.9875
2026-01-15,MSCI_WORLD,639.4939
2026-01-16,MSCI_WORLD,639.4970
2026-01-19,MSCI_WORLD,636.2116
2026-01-20,MSCI_WORLD,621.4799
2026-01-21,MSCI_WORLD,627.2700
2026-01-22,MSCI_WORLD,629.8532
2026-01-23,MSCI_WORLD,629.3117
2026-01-26,MSCI_WORLD,626.0381
2026-01-27,MSCI_WORLD,626.7130
2026-01-28,MSCI_WORLD,626.0398
2026-01-29,MSCI_WORLD,625.9164
2026-01-30,MSCI_WORLD,625.0956
2026-02-02,MSCI_WORLD,632.1843
2026-02-03,MSCI_WORLD,628.9310
2026-02-04,MSCI_WORLD,627.3323
2026-02-05,MSCI_WORLD,620.1368
2026-02-06,MSCI_WORLD,629.4172
2026-02-09,MSCI_WORLD,630.3006
2026-02-10,MSCI_WORLD,630.1736
2026-02-11,MSCI_WORLD,632.8880
2026-02-12,MSCI_WORLD,624.2186
2026-02-13,MSCI_WORLD,625.3117
2026-02-16,MSCI_WORLD,624.8279
2026-02-17,MSCI_WORLD,627.1393
2026-02-18,MSCI_WORLD,631.2764
2026-02-19,MSCI_WORLD,632.7422
2026-02-20,MSCI_WORLD,635.1764
2026-02-23,MSCI_WORLD,629.4917
2026-02-24,MSCI_WORLD,633.8855
2026-02-25,MSCI_WORLD,637.6532
2026-02-26,MSCI_WORLD,636.1300
2026-02-27,MSCI_WORLD,634.4476
2026-03-02,MSCI_WORLD,637.9664
2026-03-03,MSCI_WORLD,633.1030
2026-03-04,MSCI_WORLD,633.8518
2026-03-05,MSCI_WORLD,632.9261
2026-03-06,MSCI_WORLD,625.9076
2026-03-09,MSCI_WORLD,626.6805
2026-03-10,MSCI_WORLD,626.7199
2026-03-11,MSCI_WORLD,629.4057
2026-03-12,MSCI_WORLD,622.8948
2026-03-13,MSCI_WORLD,622.4485
2026-03-16,MSCI_WORLD,625.9912
2026-03-17,MSCI_WORLD,626.4315
2026-03-18,MSCI_WORLD,620.5086
2026-03-19,MSCI_WORLD,615.5835
2026-03-20,MSCI_WORLD,604.9490
2026-03-23,MSCI_WORLD,607.7816
2026-03-24,MSCI_WORLD,607.4866
2026-03-25,MSCI_WORLD,613.0952
2026-03-26,MSCI_WORLD,604.9071
2026-03-27,MSCI_WORLD,597.4044
2026-03-30,MSCI_WORLD,598.0974
2026-03-31,MSCI_WORLD,608.7301
2026-04-01,MSCI_WORLD,612.4443
2026-04-02,MSCI_WORLD,615.1671
2026-04-03,MSCI_WORLD,615.5204
2026-04-06,MSCI_WORLD,617.9161
2026-04-07,MSCI_WORLD,616.0760
2026-04-08,MSCI_WORLD,628.0614
2026-04-09,MSCI_WORLD,630.3962
2026-04-10,MSCI_WORLD,628.5961
2026-04-13,MSCI_WORLD,633.7736
2026-04-14,MSCI_WORLD,636.8609
2026-04-15,MSCI_WORLD,640.8945
2026-04-16,MSCI_WORLD,643.4498
2026-04-17,MSCI_WORLD,648.7695
2026-04-20,MSCI_WORLD,649.1207
2026-04-21,MSCI_WORLD,645.6184
2026-04-22,MSCI_WORLD,651.2870
2026-04-23,MSCI_WORLD,649.4351
2026-04-24,MSCI_WORLD,652.5551
2026-04-27,MSCI_WORLD,651.7397
2026-04-28,MSCI_WORLD,650.2152
2026-04-29,MSCI_WORLD,649.2977
2026-04-30,MSCI_WORLD,655.2610
2026-05-01,MSCI_WORLD,655.1129
2026-05-04,MSCI_WORLD,654.6691
2026-05-05,MSCI_WORLD,659.0552
2026-05-06,MSCI_WORLD,667.0148
2026-05-07,MSCI_WORLD,664.1149
2026-05-08,MSCI_WORLD,666.6501
2026-05-11,MSCI_WORLD,667.6167
2026-05-12,MSCI_WORLD,668.1141
2026-05-13,MSCI_WORLD,673.4800
2026-05-14,MSCI_WORLD,679.2493
2026-05-15,MSCI_WORLD,673.0649
2026-05-18,MSCI_WORLD,672.2637
2026-05-19,MSCI_WORLD,671.7752
2026-05-20,MSCI_WORLD,677.3915
2026-05-21,MSCI_WORLD,680.5558
2026-05-22,MSCI_WORLD,683.6978
2026-05-25,MSCI_WORLD,683.6243
2026-05-26,MSCI_WORLD,686.4874
2026-05-27,MSCI_WORLD,685.9446
2026-05-28,MSCI_WORLD,687.2534
2026-05-29,MSCI_WORLD,688.6704
2026-06-01,MSCI_WORLD,691.3305
2026-06-02,MSCI_WORLD,692.2920
2026-06-03,MSCI_WORLD,689.7178
2026-06-04,MSCI_WORLD,691.2553
2026-06-05,MSCI_WORLD,679.8918
2026-06-08,MSCI_WORLD,680.9740
2026-06-09,MSCI_WORLD,678.3948
2026-06-10,MSCI_WORLD,669.9208
2026-06-11,MSCI_WORLD,680.9224
2026-06-12,MSCI_WORLD,683.7014
2026-06-15,MSCI_WORLD,692.4343
2026-06-16,MSCI_WORLD,689.7459
2026-06-17,MSCI_WORLD,685.3892
2026-06-18,MSCI_WORLD,695.7429
2026-06-19,MSCI_WORLD,695.7684
2026-06-22,MSCI_WORLD,696.4160
2026-06-23,MSCI_WORLD,690.2823
2026-06-24,MSCI_WORLD,691.4918
2026-06-25,MSCI_WORLD,690.8014
2026-06-26,MSCI_WORLD,688.3154
2026-06-29,MSCI_WORLD,693.3866
2026-06-30,MSCI_WORLD,697.8723
2026-07-01,MSCI_WORLD,698.5836
2026-07-02,MSCI_WORLD,698.2527
2026-07-03,MSCI_WORLD,699.7852
2026-07-06,MSCI_WORLD,704.6391
2026-07-07,MSCI_WORLD,700.5169
2026-07-08,MSCI_WORLD,697.5611
2026-07-09,MSCI_WORLD,701.7778
2026-07-10,MSCI_WORLD,704.7747
2026-07-13,MSCI_WORLD,701.3263
2026-07-14,MSCI_WORLD,702.0465
2026-07-15,MSCI_WORLD,705.2427
2026-07-16,MSCI_WORLD,701.6347
2026-07-17,MSCI_WORLD,695.0699
2026-07-20,MSCI_WORLD,695.0196
2026-07-21,MSCI_WORLD,701.3006
2026-07-22,MSCI_WORLD,701.1673
2026-07-23,MSCI_WORLD,695.6916
2026-07-24,MSCI_WORLD,696.1450
2026-07-27,MSCI_WORLD,697.6116
2026-07-28,MSCI_WORLD,697.3409
2026-07-29,MSCI_WORLD,689.5186
2026-07-30,MSCI_WORLD,693.3740
2026-07-31,MSCI_WORLD,697.0336
2026-08-03,MSCI_WORLD,704.7576
2026-08-04,MSCI_WORLD,714.5235
2026-08-05,MSCI_WORLD,713.4162
2026-08-06,MSCI_WORLD,713.5078
2026-08-07,MSCI_WORLD,717.1729
2026-08-10,MSCI_WORLD,717.2525
2026-08-11,MSCI_WORLD,716.1818
2026-08-12,MSCI_WORLD,718.0515
2026-08-13,MSCI_WORLD,721.6571
2026-08-14,MSCI_WORLD,718.8077
2026-08-17,MSCI_WORLD,715.4232
2026-08-18,MSCI_WORLD,710.5108
2026-08-19,MSCI_WORLD,706.2349
2026-08-20,MSCI_WORLD,701.0590
2026-08-21,MSCI_WORLD,704.9012
2026-08-24,MSCI_WORLD,703.6562
2026-08-25,MSCI_WORLD,705.9939
2026-08-26,MSCI_WORLD,706.9658
2026-08-27,MSCI_WORLD,709.9572
2026-08-28,MSCI_WORLD,710.4668
2026-08-31,MSCI_WORLD,708.1943
2026-09-01,MSCI_WORLD,704.4856
2026-09-02,MSCI_WORLD,706.2392
2026-09-03,MSCI_WORLD,712.8942
2026-09-04,MSCI_WORLD,711.1346
2026-09-07,MSCI_WORLD,711.3365
2026-09-08,MSCI_WORLD,707.3054
2026-09-09,MSCI_WORLD,702.3834
2026-09-10,MSCI_WORLD,698.9426
2026-09-11,MSCI_WORLD,704.2657
2026-09-14,MSCI_WORLD,705.1000
2026-09-15,MSCI_WORLD,701.5067
2026-09-16,MSCI_WORLD,700.2852
2026-09-17,MSCI_WORLD,710.0814
2026-09-18,MSCI_WORLD,710.3977
2026-09-21,MSCI_WORLD,718.9837
2026-09-22,MSCI_WORLD,720.9749
2026-09-23,MSCI_WORLD,717.8713
2026-09-24,MSCI_WORLD,718.1885
2026-09-25,MSCI_WORLD,720.6335
2026-09-28,MSCI_WORLD,717.9055
2026-09-29,MSCI_WORLD,717.7205
2026-09-30,MSCI_WORLD,715.6409
2026-10-01,MSCI_WORLD,720.2764
2026-10-02,MSCI_WORLD,724.2125
2026-10-05,MSCI_WORLD,732.6609
2026-10-06,MSCI_WORLD,734.3360
2026-10-07,MSCI_WORLD,734.4733
2026-10-08,MSCI_WORLD,729.6003
2000-01-03,SP500,1984.2517
2000-01-04,SP500,1868.4231
2000-01-05,SP500,1860.8025
2000-01-06,SP500,1859.3666
2000-01-07,SP500,1929.0451
2000-01-10,SP500,1961.1594
2000-01-11,SP500,1930.4993
2000-01-12,SP500,1912.4563
2000-01-13,SP500,1941.7575
2000-01-14,SP500,1972.2641
2000-01-18,SP500,1984.4348
2000-01-19,SP500,1983.1965
2000-01-20,SP500,1972.2570
2000-01-21,SP500,1964.9500
2000-01-24,SP500,1924.0051
2000-01-25,SP500,1939.3485
2000-01-26,SP500,1929.1147
2000-01-27,SP500,1929.9419
2000-01-28,SP500,1901.5130
2000-01-31,SP500,1960.8211
2000-02-01,SP500,1998.1874
2000-02-02,SP500,1996.7171
2000-02-03,SP500,2012.9359
2000-02-04,SP500,1994.3467
2000-02-07,SP500,2008.0885
2000-02-08,SP500,2004.9379
2000-02-09,SP500,1957.4894
2000-02-10,SP500,1977.7564
2000-02-11,SP500,1949.7195
2000-02-14,SP500,1940.6912
2000-02-15,SP500,1975.4346
2000-02-16,SP500,1950.3468
2000-02-17,SP500,1928.5815
2000-02-18,SP500,1881.7591
2000-02-22,SP500,1859.1698
2000-02-23,SP500,1862.4951
2000-02-24,SP500,1884.4210
2000-02-25,SP500,1872.7198
2000-02-28,SP500,1927.7623
2000-02-29,SP500,1938.9541
2000-03-01,SP500,1967.0115
2000-03-02,SP500,1958.9614
2000-03-03,SP500,2011.4815
2000-03-06,SP500,1990.0829
2000-03-07,SP500,1948.6396
2000-03-08,SP500,1975.0708
2000-03-09,SP500,2010.3057
2000-03-10,SP500,2001.4355
2000-03-13,SP500,1964.2034
2000-03-14,SP500,1948.7421
2000-03-15,SP500,1990.5463
2000-03-16,SP500,2082.2002
2000-03-17,SP500,2088.8235
2000-03-20,SP500,2068.4818
2000-03-21,SP500,2124.4201
2000-03-22,SP500,2155.8576
2000-03-23,SP500,2182.1975
2000-03-24,SP500,2169.0994
2000-03-27,SP500,2164.6520
2000-03-28,SP500,2156.1937
2000-03-29,SP500,2175.4285
2000-03-30,SP500,2148.6657
2000-03-31,SP500,2164.5138
2000-04-03,SP500,2172.6997
2000-04-04,SP500,2162.4345
2000-04-05,SP500,2121.9064
2000-04-06,SP500,2152.8830
2000-04-07,SP500,2188.2791
2000-04-10,SP500,2165.2346
2000-04-11,SP500,2158.8701
2000-04-12,SP500,2114.9018
2000-04-13,SP500,2084.9639
2000-04-14,SP500,1962.8407
2000-04-17,SP500,2020.7876
2000-04-18,SP500,2095.4407
2000-04-19,SP500,2082.8453
2000-04-20,SP500,2112.1587
2000-04-24,SP500,2105.2795
2000-04-25,SP500,2192.6467
2000-04-26,SP500,2194.1043
2000-04-27,SP500,2207.4430
2000-04-28,SP500,2207.5400
2000-05-01,SP500,2231.5906
2000-05-02,SP500,2190.7525
2000-05-03,SP500,2192.5614
2000-05-04,SP500,2175.7573
2000-05-05,SP500,2202.2707
2000-05-08,SP500,2197.2855
2000-05-09,SP500,2172.5329
2000-05-10,SP500,2098.1553
2000-05-11,SP500,2142.7250
2000-05-12,SP500,2174.7591
2000-05-15,SP500,2194.1949
2000-05-16,SP500,2234.9255
2000-05-17,SP500,2242.7034
2000-05-18,SP500,2221.4270
2000-05-19,SP500,2191.1550
2000-05-22,SP500,2151.1556
2000-05-23,SP500,2084.2278
2000-05-24,SP500,2125.5770
2000-05-25,SP500,2126.3446
2000-05-26,SP500,2083.5393
2000-05-30,SP500,2101.2822
2000-05-31,SP500,2111.5769
2000-06-01,SP500,2147.3204
2000-06-02,SP500,2183.6345
2000-06-05,SP500,2151.4895
2000-06-06,SP500,2125.4401
2000-06-07,SP500,2129.9037
2000-06-08,SP500,2090.9806
2000-06-09,SP500,2123.3193
2000-06-12,SP500,2099.2128
2000-06-13,SP500,2121.0268
2000-06-14,SP500,2111.0315
2000-06-15,SP500,2147.7531
2000-06-16,SP500,2118.1390
2000-06-19,SP500,2132.6142
2000-06-20,SP500,2140.8471
2000-06-21,SP500,2160.8764
2000-06-22,SP500,2136.2360
2000-06-23,SP500,2118.6975
2000-06-26,SP500,2158.7541
2000-06-27,SP500,2134.7516
2000-06-28,SP500,2138.1625
2000-06-29,SP500,2100.0526
2000-06-30,SP500,2106.3520
2000-07-03,SP500,2142.1889
2000-07-05,SP500,2098.8885
2000-07-06,SP500,2113.1943
2000-07-07,SP500,2158.7999
2000-07-10,SP500,2144.9648
2000-07-11,SP500,2151.7686
2000-07-12,SP500,2175.7975
2000-07-13,SP500,2215.0605
2000-07-14,SP500,2237.2003
2000-07-17,SP500,2236.0350
2000-07-18,SP500,2211.0232
2000-07-19,SP500,2226.3021
2000-07-20,SP500,2245.7810
2000-07-21,SP500,2188.7323
2000-07-24,SP500,2172.5354
2000-07-25,SP500,2169.5112
2000-07-26,SP500,2141.6507
2000-07-27,SP500,2137.9168
2000-07-28,SP500,2119.6636
2000-07-31,SP500,2143.6330
2000-08-01,SP500,2149.6438
2000-08-02,SP500,2179.4028
2000-08-03,SP500,2228.4006
2000-08-04,SP500,2243.8268
2000-08-07,SP500,2255.7683
2000-08-08,SP500,2270.4986
2000-08-09,SP500,2274.1001
2000-08-10,SP500,2240.4274
2000-08-11,SP500,2233.3662
2000-08-14,SP500,2293.7520
2000-08-15,SP500,2256.0101
2000-08-16,SP500,2260.7252
2000-08-17,SP500,2268.5339
2000-08-18,SP500,2265.2350
2000-08-21,SP500,2303.2805
2000-08-22,SP500,2314.2888
2000-08-23,SP500,2340.6592
2000-08-24,SP500,2319.8623
2000-08-25,SP500,2314.7102
2000-08-28,SP500,2330.0988
2000-08-29,SP500,2334.6235
2000-08-30,SP500,2338.6238
2000-08-31,SP500,2362.9350
2000-09-01,SP500,2368.8609
2000-09-05,SP500,2351.7556
2000-09-06,SP500,2346.7905
2000-09-07,SP500,2401.6597
2000-09-08,SP500,2372.7305
2000-09-11,SP500,2399.0476
2000-09-12,SP500,2385.9531
2000-09-13,SP500,2380.1364
2000-09-14,SP500,2363.0622
2000-09-15,SP500,2360.2089
2000-09-18,SP500,2350.2346
2000-09-19,SP500,2371.1158
2000-09-20,SP500,2375.3421
2000-09-21,SP500,2358.2942
2000-09-22,SP500,2260.6974
2000-09-25,SP500,2276.3055
2000-09-26,SP500,2260.9570
2000-09-27,SP500,2233.7322
2000-09-28,SP500,2290.9080
2000-09-29,SP500,2274.1928
2000-10-02,SP500,2264.1899
2000-10-03,SP500,2258.8611
2000-10-04,SP500,2280.2062
2000-10-05,SP500,2269.1782
2000-10-06,SP500,2247.2940
2000-10-09,SP500,2238.2519
2000-10-10,SP500,2207.7858
2000-10-11,SP500,2172.4427
2000-10-12,SP500,2134.6901
2000-10-13,SP500,2211.3249
2000-10-16,SP500,2242.2042
2000-10-17,SP500,2205.8851
2000-10-18,SP500,2185.7478
2000-10-19,SP500,2292.3552
2000-10-20,SP500,2294.6521
2000-10-23,SP500,2313.3102
2000-10-24,SP500,2314.7269
2000-10-25,SP500,2281.2448
2000-10-26,SP500,2295.7102
2000-10-27,SP500,2301.2374
2000-10-30,SP500,2289.7901
2000-10-31,SP500,2358.2156
2000-11-01,SP500,2307.3649
2000-11-02,SP500,2294.3904
2000-11-03,SP500,2269.7595
2000-11-06,SP500,2295.1309
2000-11-07,SP500,2316.0592
2000-11-08,SP500,2287.2064
2000-11-09,SP500,2280.2016
2000-11-10,SP500,2188.1472
2000-11-13,SP500,2178.0859
2000-11-14,SP500,2238.9258
2000-11-15,SP500,2246.9055
2000-11-16,SP500,2225.6972
2000-11-17,SP500,2227.1588
2000-11-20,SP500,2198.4095
2000-11-21,SP500,2209.9598
2000-11-22,SP500,2180.5671
2000-11-24,SP500,2210.7634
2000-11-27,SP500,2230.5615
2000-11-28,SP500,2169.4896
2000-11-29,SP500,2157.0983
2000-11-30,SP500,2105.5044
2000-12-01,SP500,2093.6578
2000-12-04,SP500,2068.2083
2000-12-05,SP500,2172.6333
2000-12-06,SP500,2129.1119
2000-12-07,SP500,2089.5002
2000-12-08,SP500,2141.9787
2000-12-11,SP500,2180.4294
2000-12-12,SP500,2171.6010
2000-12-13,SP500,2162.7001
2000-12-14,SP500,2110.4762
2000-12-15,SP500,2031.8567
2000-12-18,SP500,2052.3980
2000-12-19,SP500,2040.1662
2000-12-20,SP500,1942.3998
2000-12-21,SP500,1939.3286
2000-12-22,SP500,1966.4502
2000-12-26,SP500,1980.3355
2000-12-27,SP500,1986.4017
2000-12-28,SP500,1999.7415
2000-12-29,SP500,1974.6050
2001-01-02,SP500,1895.2138
2001-01-03,SP500,1968.0588
2001-01-04,SP500,1962.1695
2001-01-05,SP500,1893.2740
2001-01-08,SP500,1899.5894
2001-01-09,SP500,1926.3695
2001-01-10,SP500,1942.7327
2001-01-11,SP500,1939.9034
2001-01-12,SP500,1923.0383
2001-01-16,SP500,1962.5266
2001-01-17,SP500,1970.1576
2001-01-18,SP500,1995.8953
2001-01-19,SP500,1988.7021
2001-01-22,SP500,2012.7987
2001-01-23,SP500,2013.6600
2001-01-24,SP500,2044.0176
2001-01-25,SP500,2066.7724
2001-01-26,SP500,2044.6468
2001-01-29,SP500,2066.5180
2001-01-30,SP500,2080.1675
2001-01-31,SP500,2047.2937
2001-02-01,SP500,2033.9251
2001-02-02,SP500,1998.1821
2001-02-05,SP500,2001.5703
2001-02-06,SP500,2020.7251
2001-02-07,SP500,2003.5282
2001-02-08,SP500,2013.7311
2001-02-09,SP500,1985.4340
2001-02-12,SP500,1995.7472
2001-02-13,SP500,1981.4232
2001-02-14,SP500,1998.3656
2001-02-15,SP500,2034.2685
2001-02-16,SP500,1990.8043
2001-02-20,SP500,1965.5458
2001-02-21,SP500,1913.2517
2001-02-22,SP500,1928.5557
2001-02-23,SP500,1916.1738
2001-02-26,SP500,1941.0105
2001-02-27,SP500,1914.0893
2001-02-28,SP500,1869.6799
2001-03-01,SP500,1867.4291
2001-03-02,SP500,1838.1822
2001-03-05,SP500,1860.7416
2001-03-06,SP500,1884.6212
2001-03-07,SP500,1891.4365
2001-03-08,SP500,1894.7487
2001-03-09,SP500,1838.9548
2001-03-12,SP500,1775.6903
2001-03-13,SP500,1816.1160
2001-03-14,SP500,1773.0560
2001-03-15,SP500,1806.7189
2001-03-16,SP500,1794.4339
2001-03-19,SP500,1816.1517
2001-03-20,SP500,1767.7384
2001-03-21,SP500,1741.9132
2001-03-22,SP500,1754.5843
2001-03-23,SP500,1782.8962
2001-03-26,SP500,1800.3917
2001-03-27,SP500,1842.9290
2001-03-28,SP500,1816.7833
2001-03-29,SP500,1812.5113
2001-03-30,SP500,1833.7183
2001-04-02,SP500,1823.2558
2001-04-03,SP500,1746.0147
2001-04-04,SP500,1705.2370
2001-04-05,SP500,1782.1064
2001-04-06,SP500,1762.5391
2001-04-09,SP500,1761.4770
2001-04-10,SP500,1824.1363
2001-04-11,SP500,1841.8891
2001-04-12,SP500,1867.8155
2001-04-16,SP500,1861.7923
2001-04-17,SP500,1893.3454
2001-04-18,SP500,1969.9932
2001-04-19,SP500,1983.6637
2001-04-20,SP500,1931.2716
2001-04-23,SP500,1899.5890
2001-04-24,SP500,1882.5699
2001-04-25,SP500,1918.1514
2001-04-26,SP500,1913.2143
2001-04-27,SP500,1939.8426
2001-04-30,SP500,1966.4151
2001-05-01,SP500,1993.1501
2001-05-02,SP500,1987.9421
2001-05-03,SP500,1959.4968
2001-05-04,SP500,1979.8412
2001-05-07,SP500,1979.4708
2001-05-08,SP500,1987.8300
2001-05-09,SP500,1987.9007
2001-05-10,SP500,1982.4406
2001-05-11,SP500,1984.8740
2001-05-14,SP500,1996.5809
2001-05-15,SP500,1992.1875
2001-05-16,SP500,2033.8691
2001-05-17,SP500,2043.8230
2001-05-18,SP500,2058.5963
2001-05-21,SP500,2097.3498
2001-05-22,SP500,2108.4628
2001-05-23,SP500,2099.9883
2001-05-24,SP500,2102.0921
2001-05-25,SP500,2080.4098
2001-05-29,SP500,2073.7371
2001-05-30,SP500,2040.3248
2001-05-31,SP500,2072.0401
2001-06-01,SP500,2080.5261
2001-06-04,SP500,2082.6031
2001-06-05,SP500,2121.6302
2001-06-06,SP500,2080.3582
2001-06-07,SP500,2110.7843
2001-06-08,SP500,2090.4700
2001-06-11,SP500,2066.6707
2001-06-12,SP500,2073.9674
2001-06-13,SP500,2034.5820
2001-06-14,SP500,2010.7867
2001-06-15,SP500,1962.4220
2001-06-18,SP500,1971.3203
2001-06-19,SP500,1982.2609
2001-06-20,SP500,2011.3474
2001-06-21,SP500,2024.9649
2001-06-22,SP500,2011.4798
2001-06-25,SP500,1982.0378
2001-06-26,SP500,1978.1326
2001-06-27,SP500,1966.6087
2001-06-28,SP500,2017.1661
2001-06-29,SP500,2021.6037
2001-07-02,SP500,2047.9362
2001-07-03,SP500,2034.4239
2001-07-05,SP500,2027.6420
2001-07-06,SP500,1989.3846
2001-07-09,SP500,1985.3411
2001-07-10,SP500,1937.1680
2001-07-11,SP500,1920.2648
2001-07-12,SP500,1982.5837
2001-07-13,SP500,1994.7418
2001-07-16,SP500,1962.9151
2001-07-17,SP500,1998.0859
2001-07-18,SP500,1960.9154
2001-07-19,SP500,1951.7597
2001-07-20,SP500,1933.3068
2001-07-23,SP500,1923.5823
2001-07-24,SP500,1885.3468
2001-07-25,SP500,1897.1455
2001-07-26,SP500,1923.3455
2001-07-27,SP500,1927.2240
2001-07-30,SP500,1928.9567
2001-07-31,SP500,1938.8349
2001-08-01,SP500,1932.9023
2001-08-02,SP500,1947.1666
2001-08-03,SP500,1933.2615
2001-08-06,SP500,1911.4481
2001-08-07,SP500,1925.8668
2001-08-08,SP500,1893.8491
2001-08-09,SP500,1874.7995
2001-08-10,SP500,1867.9610
2001-08-13,SP500,1858.4807
2001-08-14,SP500,1856.1664
2001-08-15,SP500,1813.3750
2001-08-16,SP500,1813.0796
2001-08-17,SP500,1784.1431
2001-08-20,SP500,1796.4695
2001-08-21,SP500,1778.8563
2001-08-22,SP500,1774.2622
2001-08-23,SP500,1789.5852
2001-08-24,SP500,1825.5819
2001-08-27,SP500,1820.3740
2001-08-28,SP500,1802.5990
2001-08-29,SP500,1767.2112
2001-08-30,SP500,1742.4629
2001-08-31,SP500,1737.4755
2001-09-04,SP500,1772.8986
2001-09-05,SP500,1787.1219
2001-09-06,SP500,1754.2745
2001-09-07,SP500,1702.9379
2001-09-10,SP500,1695.5676
2001-09-17,SP500,1574.0641
2001-09-18,SP500,1567.1349
2001-09-19,SP500,1541.6397
2001-09-20,SP500,1493.6063
2001-09-21,SP500,1474.5761
2001-09-24,SP500,1538.0838
2001-09-25,SP500,1549.5968
2001-09-26,SP500,1534.8845
2001-09-27,SP500,1554.9050
2001-09-28,SP500,1601.8946
2001-10-01,SP500,1599.2657
2001-10-02,SP500,1607.6723
2001-10-03,SP500,1636.4752
2001-10-04,SP500,1648.9087
2001-10-05,SP500,1641.7157
2001-10-08,SP500,1620.9464
2001-10-09,SP500,1616.0448
2001-10-10,SP500,1663.4961
2001-10-11,SP500,1702.6925
2001-10-12,SP500,1697.8540
2001-10-15,SP500,1684.6433
2001-10-16,SP500,1704.7614
2001-10-17,SP500,1678.6744
2001-10-18,SP500,1664.7574
2001-10-19,SP500,1675.5022
2001-10-22,SP500,1708.7190
2001-10-23,SP500,1716.3835
2001-10-24,SP500,1711.2930
2001-10-25,SP500,1740.2408
2001-10-26,SP500,1743.0816
2001-10-29,SP500,1683.9423
2001-10-30,SP500,1644.3512
2001-10-31,SP500,1648.5069
2001-11-01,SP500,1676.3328
2001-11-02,SP500,1688.7698
2001-11-05,SP500,1731.2688
2001-11-06,SP500,1756.4223
2001-11-07,SP500,1741.9126
2001-11-08,SP500,1754.4471
2001-11-09,SP500,1765.5207
2001-11-12,SP500,1764.5700
2001-11-13,SP500,1813.2550
2001-11-14,SP500,1825.1051
2001-11-15,SP500,1822.1983
2001-11-16,SP500,1812.5156
2001-11-19,SP500,1843.1253
2001-11-20,SP500,1823.3228
2001-11-21,SP500,1821.2035
2001-11-23,SP500,1841.7055
2001-11-26,SP500,1848.2196
2001-11-27,SP500,1841.8525
2001-11-28,SP500,1799.7735
2001-11-29,SP500,1807.1228
2001-11-30,SP500,1803.6863
2001-12-03,SP500,1783.1708
2001-12-04,SP500,1811.3570
2001-12-05,SP500,1848.8620
2001-12-06,SP500,1850.0169
2001-12-07,SP500,1831.5565
2001-12-10,SP500,1814.9491
2001-12-11,SP500,1798.1141
2001-12-12,SP500,1792.8507
2001-12-13,SP500,1757.7493
2001-12-14,SP500,1755.5569
2001-12-17,SP500,1766.7587
2001-12-18,SP500,1787.4278
2001-12-19,SP500,1803.7070
2001-12-20,SP500,1790.8392
2001-12-21,SP500,1804.6963
2001-12-24,SP500,1834.0532
2001-12-26,SP500,1841.6231
2001-12-27,SP500,1849.3596
2001-12-28,SP500,1857.7442
2001-12-31,SP500,1837.0362
2002-01-02,SP500,1801.8478
2002-01-03,SP500,1818.8136
2002-01-04,SP500,1846.8728
2002-01-07,SP500,1844.9747
2002-01-08,SP500,1838.0065
2002-01-09,SP500,1826.8131
2002-01-10,SP500,1831.5411
2002-01-11,SP500,1812.2547
2002-01-14,SP500,1799.2606
2002-01-15,SP500,1812.5757
2002-01-16,SP500,1804.5141
2002-01-17,SP500,1822.2248
2002-01-18,SP500,1805.9931
2002-01-22,SP500,1788.6863
2002-01-23,SP500,1797.5835
2002-01-24,SP500,1822.2311
2002-01-25,SP500,1845.9425
2002-01-28,SP500,1863.9077
2002-01-29,SP500,1801.0552
2002-01-30,SP500,1818.6646
2002-01-31,SP500,1847.1112
2002-02-01,SP500,1835.1020
2002-02-04,SP500,1787.2397
2002-02-05,SP500,1772.0833
2002-02-06,SP500,1765.5587
2002-02-07,SP500,1760.4571
2002-02-08,SP500,1771.0983
2002-02-11,SP500,1785.5469
2002-02-12,SP500,1786.7588
2002-02-13,SP500,1809.6782
2002-02-14,SP500,1814.4369
2002-02-15,SP500,1792.0505
2002-02-19,SP500,1760.9065
2002-02-20,SP500,1774.4138
2002-02-21,SP500,1755.3614
2002-02-22,SP500,1760.5008
2002-02-25,SP500,1796.8707
2002-02-26,SP500,1805.6324
2002-02-27,SP500,1814.0941
2002-02-28,SP500,1808.5654
2002-03-01,SP500,1843.5534
2002-03-04,SP500,1886.0562
2002-03-05,SP500,1866.3557
2002-03-06,SP500,1887.2819
2002-03-07,SP500,1867.7088
2002-03-08,SP500,1871.5925
2002-03-11,SP500,1889.9897
2002-03-12,SP500,1887.4156
2002-03-13,SP500,1869.0863
2002-03-14,SP500,1852.7775
2002-03-15,SP500,1863.2781
2002-03-18,SP500,1875.2616
2002-03-19,SP500,1875.0028
2002-03-20,SP500,1848.6840
2002-03-21,SP500,1850.8904
2002-03-22,SP500,1847.6635
2002-03-25,SP500,1828.0739
2002-03-26,SP500,1843.6649
2002-03-27,SP500,1851.6464
2002-03-28,SP500,1860.8781
2002-04-01,SP500,1859.5025
2002-04-02,SP500,1830.6283
2002-04-03,SP500,1809.1559
2002-04-04,SP500,1807.6207
2002-04-05,SP500,1808.4225
2002-04-08,SP500,1814.6275
2002-04-09,SP500,1805.7286
2002-04-10,SP500,1819.0043
2002-04-11,SP500,1776.8024
2002-04-12,SP500,1786.7659
2002-04-15,SP500,1773.3697
2002-04-16,SP500,1814.6995
2002-04-17,SP500,1795.4053
2002-04-18,SP500,1789.8594
2002-04-19,SP500,1792.7863
2002-04-22,SP500,1765.9536
2002-04-23,SP500,1756.9771
2002-04-24,SP500,1740.5983
2002-04-25,SP500,1723.0461
2002-04-26,SP500,1698.8964
2002-04-29,SP500,1669.3406
2002-04-30,SP500,1692.9396
2002-05-01,SP500,1708.0928
2002-05-02,SP500,1700.7972
2002-05-03,SP500,1673.9403
2002-05-06,SP500,1630.6322
2002-05-07,SP500,1629.1177
2002-05-08,SP500,1697.3262
2002-05-09,SP500,1677.9495
2002-05-10,SP500,1639.4714
2002-05-13,SP500,1670.1031
2002-05-14,SP500,1716.0009
2002-05-15,SP500,1712.8793
2002-05-16,SP500,1706.4117
2002-05-17,SP500,1714.5652
2002-05-20,SP500,1682.5799
2002-05-21,SP500,1662.1295
2002-05-22,SP500,1663.1965
2002-05-23,SP500,1688.7224
2002-05-24,SP500,1672.8559
2002-05-28,SP500,1646.5586
2002-05-29,SP500,1624.8175
2002-05-30,SP500,1610.9333
2002-05-31,SP500,1612.6239
2002-06-03,SP500,1585.1605
2002-06-04,SP500,1564.6847
2002-06-05,SP500,1589.8837
2002-06-06,SP500,1556.0409
2002-06-07,SP500,1542.7528
2002-06-10,SP500,1546.4426
2002-06-11,SP500,1527.5247
2002-06-12,SP500,1532.1202
2002-06-13,SP500,1521.7267
2002-06-14,SP500,1508.5250
2002-06-17,SP500,1560.4073
2002-06-18,SP500,1552.3513
2002-06-19,SP500,1514.4650
2002-06-20,SP500,1489.3141
2002-06-21,SP500,1457.2540
2002-06-24,SP500,1440.8548
2002-06-25,SP500,1426.8637
2002-06-26,SP500,1394.3532
2002-06-27,SP500,1432.3188
2002-06-28,SP500,1409.4636
2002-07-01,SP500,1387.9552
2002-07-02,SP500,1369.1400
2002-07-03,SP500,1385.8896
2002-07-05,SP500,1444.9357
2002-07-08,SP500,1412.7391
2002-07-09,SP500,1363.7764
2002-07-10,SP500,1321.7822
2002-07-11,SP500,1340.1587
2002-07-12,SP500,1326.5269
2002-07-15,SP500,1301.6361
2002-07-16,SP500,1264.7181
2002-07-17,SP500,1279.7893
2002-07-18,SP500,1245.9833
2002-07-19,SP500,1187.8179
2002-07-22,SP500,1155.5423
2002-07-23,SP500,1144.2886
2002-07-24,SP500,1209.2890
2002-07-25,SP500,1190.6132
2002-07-26,SP500,1211.4409
2002-07-29,SP500,1301.3949
2002-07-30,SP500,1305.1551
2002-07-31,SP500,1325.0945
2002-08-01,SP500,1289.1598
2002-08-02,SP500,1245.0015
2002-08-05,SP500,1206.8625
2002-08-06,SP500,1261.8330
2002-08-07,SP500,1286.1209
2002-08-08,SP500,1329.7409
2002-08-09,SP500,1328.9546
2002-08-12,SP500,1315.0204
2002-08-13,SP500,1284.1718
2002-08-14,SP500,1328.0309
2002-08-15,SP500,1354.5259
2002-08-16,SP500,1345.9135
2002-08-19,SP500,1381.3961
2002-08-20,SP500,1363.0514
2002-08-21,SP500,1384.7777
2002-08-22,SP500,1403.1218
2002-08-23,SP500,1381.6542
2002-08-26,SP500,1391.4854
2002-08-27,SP500,1361.9807
2002-08-28,SP500,1330.4295
2002-08-29,SP500,1328.1317
2002-08-30,SP500,1327.0212
2002-09-03,SP500,1262.0384
2002-09-04,SP500,1279.8130
2002-09-05,SP500,1255.9098
2002-09-06,SP500,1284.4122
2002-09-09,SP500,1313.8555
2002-09-10,SP500,1328.1045
2002-09-11,SP500,1329.6236
2002-09-12,SP500,1295.9107
2002-09-13,SP500,1293.1396
2002-09-16,SP500,1312.0417
2002-09-17,SP500,1290.6934
2002-09-18,SP500,1274.7557
2002-09-19,SP500,1225.2598
2002-09-20,SP500,1231.2769
2002-09-23,SP500,1209.1954
2002-09-24,SP500,1188.6650
2002-09-25,SP500,1225.6269
2002-09-26,SP500,1244.9979
2002-09-27,SP500,1206.9537
2002-09-30,SP500,1179.5538
2002-10-01,SP500,1226.6403
2002-10-02,SP500,1201.1387
2002-10-03,SP500,1181.5672
2002-10-04,SP500,1157.9929
2002-10-07,SP500,1142.4552
2002-10-08,SP500,1163.1633
2002-10-09,SP500,1129.9267
2002-10-10,SP500,1162.3292
2002-10-11,SP500,1209.9320
2002-10-14,SP500,1216.8237
2002-10-15,SP500,1282.6096
2002-10-16,SP500,1250.1374
2002-10-17,SP500,1285.8958
2002-10-18,SP500,1297.2162
2002-10-21,SP500,1317.9421
2002-10-22,SP500,1301.2694
2002-10-23,SP500,1309.0844
2002-10-24,SP500,1294.0748
2002-10-25,SP500,1312.9264
2002-10-28,SP500,1304.4638
2002-10-29,SP500,1282.8819
2002-10-30,SP500,1294.9109
2002-10-31,SP500,1282.8569
2002-11-01,SP500,1290.4853
2002-11-04,SP500,1304.9979
2002-11-05,SP500,1304.6688
2002-11-06,SP500,1326.0071
2002-11-07,SP500,1288.4750
2002-11-08,SP500,1265.4002
2002-11-11,SP500,1236.8359
2002-11-12,SP500,1251.9988
2002-11-13,SP500,1253.4465
2002-11-14,SP500,1281.0401
2002-11-15,SP500,1297.5172
2002-11-18,SP500,1279.4735
2002-11-19,SP500,1266.7753
2002-11-20,SP500,1305.1302
2002-11-21,SP500,1331.2238
2002-11-22,SP500,1327.9829
2002-11-25,SP500,1347.3196
2002-11-26,SP500,1318.6580
2002-11-27,SP500,1353.3494
2002-11-29,SP500,1349.7431
2002-12-02,SP500,1354.8272
2002-12-03,SP500,1322.0127
2002-12-04,SP500,1311.1799
2002-12-05,SP500,1298.9691
2002-12-06,SP500,1305.2069
2002-12-09,SP500,1265.2829
2002-12-10,SP500,1280.6943
2002-12-11,SP500,1287.2852
2002-12-12,SP500,1271.3273
2002-12-13,SP500,1246.2870
2002-12-16,SP500,1276.7822
2002-12-17,SP500,1254.7395
2002-12-18,SP500,1246.4453
2002-12-19,SP500,1233.1257
2002-12-20,SP500,1251.3506
2002-12-23,SP500,1250.3404
2002-12-24,SP500,1241.8220
2002-12-26,SP500,1237.9177
2002-12-27,SP500,1209.1943
2002-12-30,SP500,1209.3840
2002-12-31,SP500,1202.6128
2003-01-02,SP500,1247.5302
2003-01-03,SP500,1253.4161
2003-01-06,SP500,1269.8512
2003-01-07,SP500,1269.2279
2003-01-08,SP500,1257.5407
2003-01-09,SP500,1266.1179
2003-01-10,SP500,1266.5810
2003-01-13,SP500,1259.3611
2003-01-14,SP500,1263.3544
2003-01-15,SP500,1251.3586
2003-01-16,SP500,1241.9633
2003-01-17,SP500,1214.4480
2003-01-21,SP500,1195.2596
2003-01-22,SP500,1175.7418
2003-01-23,SP500,1183.4527
2003-01-24,SP500,1145.9940
2003-01-27,SP500,1118.5464
2003-01-28,SP500,1139.6558
2003-01-29,SP500,1141.2496
2003-01-30,SP500,1127.8656
2003-01-31,SP500,1135.4845
2003-02-03,SP500,1150.8901
2003-02-04,SP500,1124.9307
2003-02-05,SP500,1110.0275
2003-02-06,SP500,1113.0861
2003-02-07,SP500,1104.3284
2003-02-10,SP500,1110.7606
2003-02-11,SP500,1112.3015
2003-02-12,SP500,1096.0302
2003-02-13,SP500,1091.6807
2003-02-14,SP500,1111.4704
2003-02-18,SP500,1141.5998
2003-02-19,SP500,1133.3956
2003-02-20,SP500,1117.8854
2003-02-21,SP500,1124.8385
2003-02-24,SP500,1116.2298
2003-02-25,SP500,1118.7302
2003-02-26,SP500,1106.6493
2003-02-27,SP500,1112.6501
2003-02-28,SP500,1121.9718
2003-03-03,SP500,1111.6666
2003-03-04,SP500,1082.6724
2003-03-05,SP500,1088.7014
2003-03-06,SP500,1078.9200
2003-03-07,SP500,1080.3696
2003-03-10,SP500,1052.2097
2003-03-11,SP500,1039.8466
2003-03-12,SP500,1049.7007
2003-03-13,SP500,1102.3196
2003-03-14,SP500,1113.2715
2003-03-17,SP500,1149.9768
2003-03-18,SP500,1178.3488
2003-03-19,SP500,1190.5109
2003-03-20,SP500,1190.3040
2003-03-21,SP500,1219.9584
2003-03-24,SP500,1170.1242
2003-03-25,SP500,1178.0375
2003-03-26,SP500,1174.2664
2003-03-27,SP500,1166.3806
2003-03-28,SP500,1158.9096
2003-03-31,SP500,1121.1197
2003-04-01,SP500,1135.1575
2003-04-02,SP500,1171.5789
2003-04-03,SP500,1179.6207
2003-04-04,SP500,1180.8769
2003-04-07,SP500,1197.7792
2003-04-08,SP500,1187.2138
2003-04-09,SP500,1161.7855
2003-04-10,SP500,1162.4619
2003-04-11,SP500,1165.7290
2003-04-14,SP500,1188.2462
2003-04-15,SP500,1190.6157
2003-04-16,SP500,1170.4319
2003-04-17,SP500,1179.4780
2003-04-21,SP500,1177.3992
2003-04-22,SP500,1197.3658
2003-04-23,SP500,1210.4167
2003-04-24,SP500,1193.4502
2003-04-25,SP500,1180.6889
2003-04-28,SP500,1196.2358
2003-04-29,SP500,1207.7948
2003-04-30,SP500,1187.7369
2003-05-01,SP500,1187.1261
2003-05-02,SP500,1193.4158
2003-05-05,SP500,1191.1571
2003-05-06,SP500,1187.8879
2003-05-07,SP500,1173.4226
2003-05-08,SP500,1160.8396
2003-05-09,SP500,1174.4986
2003-05-12,SP500,1175.8299
2003-05-13,SP500,1180.5348
2003-05-14,SP500,1179.0243
2003-05-15,SP500,1192.6950
2003-05-16,SP500,1186.3209
2003-05-19,SP500,1140.9029
2003-05-20,SP500,1140.3899
2003-05-21,SP500,1140.6707
2003-05-22,SP500,1148.0632
2003-05-23,SP500,1142.9092
2003-05-27,SP500,1154.4072
2003-05-28,SP500,1172.7551
2003-05-29,SP500,1166.6468
2003-05-30,SP500,1177.2289
2003-06-02,SP500,1196.6244
2003-06-03,SP500,1197.0400
2003-06-04,SP500,1218.8094
2003-06-05,SP500,1214.9809
2003-06-06,SP500,1208.2282
2003-06-09,SP500,1202.6351
2003-06-10,SP500,1216.4373
2003-06-11,SP500,1227.3238
2003-06-12,SP500,1230.1091
2003-06-13,SP500,1216.1603
2003-06-16,SP500,1232.6219
2003-06-17,SP500,1239.7050
2003-06-18,SP500,1248.2434
2003-06-19,SP500,1233.8824
2003-06-20,SP500,1235.1266
2003-06-23,SP500,1229.9506
2003-06-24,SP500,1229.4509
2003-06-25,SP500,1220.7601
2003-06-26,SP500,1247.2183
2003-06-27,SP500,1237.1594
2003-06-30,SP500,1233.4646
2003-07-01,SP500,1231.0751
2003-07-02,SP500,1246.3025
2003-07-03,SP500,1244.6277
2003-07-07,SP500,1279.1109
2003-07-08,SP500,1287.7538
2003-07-09,SP500,1277.4196
2003-07-10,SP500,1261.6469
2003-07-11,SP500,1276.8007
2003-07-14,SP500,1285.9545
2003-07-15,SP500,1279.2826
2003-07-16,SP500,1291.8477
2003-07-17,SP500,1265.3459
2003-07-18,SP500,1283.2575
2003-07-21,SP500,1255.6540
2003-07-22,SP500,1260.9980
2003-07-23,SP500,1255.2407
2003-07-24,SP500,1239.1732
2003-07-25,SP500,1259.6497
2003-07-28,SP500,1255.6184
2003-07-29,SP500,1249.6162
2003-07-30,SP500,1252.1104
2003-07-31,SP500,1267.2998
2003-08-01,SP500,1271.0538
2003-08-04,SP500,1258.9635
2003-08-05,SP500,1233.9363
2003-08-06,SP500,1229.8192
2003-08-07,SP500,1243.0811
2003-08-08,SP500,1250.4857
2003-08-11,SP500,1258.0877
2003-08-12,SP500,1268.7147
2003-08-13,SP500,1265.0085
2003-08-14,SP500,1274.1437
2003-08-15,SP500,1277.1673
2003-08-18,SP500,1295.7186
2003-08-19,SP500,1313.5562
2003-08-20,SP500,1305.7971
2003-08-21,SP500,1321.6277
2003-08-22,SP500,1321.9846
2003-08-25,SP500,1323.5764
2003-08-26,SP500,1336.4553
2003-08-27,SP500,1325.6074
2003-08-28,SP500,1343.4614
2003-08-29,SP500,1338.2448
2003-09-02,SP500,1366.5868
2003-09-03,SP500,1381.1092
2003-09-04,SP500,1378.9703
2003-09-05,SP500,1356.9898
2003-09-08,SP500,1352.3801
2003-09-09,SP500,1333.5699
2003-09-10,SP500,1313.3638
2003-09-11,SP500,1315.6102
2003-09-12,SP500,1323.7916
2003-09-15,SP500,1306.1165
2003-09-16,SP500,1330.2181
2003-09-17,SP500,1328.6657
2003-09-18,SP500,1336.9973
2003-09-19,SP500,1330.2157
2003-09-22,SP500,1295.0471
2003-09-23,SP500,1303.3757
2003-09-24,SP500,1278.2662
2003-09-25,SP500,1267.8065
2003-09-26,SP500,1260.5816
2003-09-29,SP500,1281.1706
2003-09-30,SP500,1241.6495
2003-10-01,SP500,1267.4406
2003-10-02,SP500,1267.8412
2003-10-03,SP500,1280.4381
2003-10-06,SP500,1297.9186
2003-10-07,SP500,1283.1833
2003-10-08,SP500,1275.4860
2003-10-09,SP500,1280.8449
2003-10-10,SP500,1280.1154
2003-10-13,SP500,1300.1369
2003-10-14,SP500,1311.3288
2003-10-15,SP500,1304.2677
2003-10-16,SP500,1314.5071
2003-10-17,SP500,1305.1041
2003-10-20,SP500,1306.1914
2003-10-21,SP500,1308.5521
2003-10-22,SP500,1281.2383
2003-10-23,SP500,1275.4624
2003-10-24,SP500,1270.0110
2003-10-27,SP500,1276.3279
2003-10-28,SP500,1304.0435
2003-10-29,SP500,1304.6988
2003-10-30,SP500,1297.8187
2003-10-31,SP500,1315.2814
2003-11-03,SP500,1329.4589
2003-11-04,SP500,1336.1876
2003-11-05,SP500,1334.0365
2003-11-06,SP500,1344.8773
2003-11-07,SP500,1341.9293
2003-11-10,SP500,1327.4057
2003-11-11,SP500,1325.1022
2003-11-12,SP500,1328.8707
2003-11-13,SP500,1319.6062
2003-11-14,SP500,1300.3315
2003-11-17,SP500,1287.9766
2003-11-18,SP500,1278.9268
2003-11-19,SP500,1274.9874
2003-11-20,SP500,1264.3883
2003-11-21,SP500,1267.5098
2003-11-24,SP500,1296.3630
2003-11-25,SP500,1305.0229
2003-11-26,SP500,1304.0159
2003-11-28,SP500,1285.7011
2003-12-01,SP500,1297.5289
2003-12-02,SP500,1298.0543
2003-12-03,SP500,1282.5070
2003-12-04,SP500,1291.5935
2003-12-05,SP500,1280.3177
2003-12-08,SP500,1275.9535
2003-12-09,SP500,1260.9562
2003-12-10,SP500,1261.7943
2003-12-11,SP500,1281.8823
2003-12-12,SP500,1278.3581
2003-12-15,SP500,1273.6386
2003-12-16,SP500,1270.7837
2003-12-17,SP500,1272.7162
2003-12-18,SP500,1281.0611
2003-12-19,SP500,1278.9418
2003-12-22,SP500,1282.3147
2003-12-23,SP500,1290.2922
2003-12-24,SP500,1286.4109
2003-12-26,SP500,1288.5871
2003-12-29,SP500,1295.4317
2003-12-30,SP500,1296.0867
2003-12-31,SP500,1284.9881
2004-01-02,SP500,1284.9826
2004-01-05,SP500,1294.2245
2004-01-06,SP500,1285.9126
2004-01-07,SP500,1297.1054
2004-01-08,SP500,1308.2396
2004-01-09,SP500,1286.1270
2004-01-12,SP500,1283.1541
2004-01-13,SP500,1284.2811
2004-01-14,SP500,1300.7879
2004-01-15,SP500,1308.4369
2004-01-16,SP500,1332.4021
2004-01-20,SP500,1326.6034
2004-01-21,SP500,1329.4756
2004-01-22,SP500,1314.5004
2004-01-23,SP500,1313.6306
2004-01-26,SP500,1341.9005
2004-01-27,SP500,1334.9125
2004-01-28,SP500,1312.1388
2004-01-29,SP500,1329.0744
2004-01-30,SP500,1334.5688
2004-02-02,SP500,1331.1853
2004-02-03,SP500,1318.9671
2004-02-04,SP500,1314.5082
2004-02-05,SP500,1310.7764
2004-02-06,SP500,1333.0194
2004-02-09,SP500,1310.5955
2004-02-10,SP500,1311.9320
2004-02-11,SP500,1335.1972
2004-02-12,SP500,1316.1381
2004-02-13,SP500,1307.6311
2004-02-17,SP500,1316.0833
2004-02-18,SP500,1313.8646
2004-02-19,SP500,1318.7755
2004-02-20,SP500,1321.7326
2004-02-23,SP500,1327.2900
2004-02-24,SP500,1323.0806
2004-02-25,SP500,1324.9980
2004-02-26,SP500,1346.5365
2004-02-27,SP500,1349.4121
2004-03-01,SP500,1355.2547
2004-03-02,SP500,1356.1361
2004-03-03,SP500,1387.7708
2004-03-04,SP500,1391.9733
2004-03-05,SP500,1389.2389
2004-03-08,SP500,1359.4529
2004-03-09,SP500,1351.0800
2004-03-10,SP500,1338.1495
2004-03-11,SP500,1322.7888
2004-03-12,SP500,1341.5775
2004-03-15,SP500,1317.7309
2004-03-16,SP500,1317.4332
2004-03-17,SP500,1343.8005
2004-03-18,SP500,1341.0080
2004-03-19,SP500,1317.1095
2004-03-22,SP500,1299.1177
2004-03-23,SP500,1305.5312
2004-03-24,SP500,1310.9626
2004-03-25,SP500,1339.4412
2004-03-26,SP500,1333.5743
2004-03-29,SP500,1357.2784
2004-03-30,SP500,1355.0751
2004-03-31,SP500,1350.1473
2004-04-01,SP500,1346.7208
2004-04-02,SP500,1358.5079
2004-04-05,SP500,1398.4409
2004-04-06,SP500,1392.2498
2004-04-07,SP500,1381.8197
2004-04-08,SP500,1380.9193
2004-04-12,SP500,1388.0787
2004-04-13,SP500,1382.8726
2004-04-14,SP500,1387.2610
2004-04-15,SP500,1389.4812
2004-04-16,SP500,1394.2508
2004-04-19,SP500,1382.7632
2004-04-20,SP500,1374.7191
2004-04-21,SP500,1392.6242
2004-04-22,SP500,1407.9255
2004-04-23,SP500,1407.3370
2004-04-26,SP500,1405.1135
2004-04-27,SP500,1404.0464
2004-04-28,SP500,1382.5480
2004-04-29,SP500,1381.8367
2004-04-30,SP500,1359.7640
2004-05-03,SP500,1371.5887
2004-05-04,SP500,1361.8274
2004-05-05,SP500,1357.1252
2004-05-06,SP500,1349.2489
2004-05-07,SP500,1335.4676
2004-05-10,SP500,1347.1080
2004-05-11,SP500,1362.1992
2004-05-12,SP500,1358.8176
2004-05-13,SP500,1361.7948
2004-05-14,SP500,1363.4299
2004-05-17,SP500,1324.3200
2004-05-18,SP500,1337.8453
2004-05-19,SP500,1333.9645
2004-05-20,SP500,1342.1071
2004-05-21,SP500,1335.2922
2004-05-24,SP500,1344.6022
2004-05-25,SP500,1355.5003
2004-05-26,SP500,1353.1803
2004-05-27,SP500,1354.4184
2004-05-28,SP500,1344.7657
2004-06-01,SP500,1347.0444
2004-06-02,SP500,1347.0756
2004-06-03,SP500,1342.5732
2004-06-04,SP500,1352.1920
2004-06-07,SP500,1360.8897
2004-06-08,SP500,1365.8776
2004-06-09,SP500,1368.2487
2004-06-10,SP500,1386.5085
2004-06-14,SP500,1379.0517
2004-06-15,SP500,1381.5617
2004-06-16,SP500,1382.6754
2004-06-17,SP500,1382.3329
2004-06-18,SP500,1386.3063
2004-06-21,SP500,1372.5726
2004-06-22,SP500,1379.9934
2004-06-23,SP500,1392.1982
2004-06-24,SP500,1384.3177
2004-06-25,SP500,1374.9630
2004-06-28,SP500,1365.9977
2004-06-29,SP500,1373.8516
2004-06-30,SP500,1381.1847
2004-07-01,SP500,1365.4915
2004-07-02,SP500,1363.4590
2004-07-06,SP500,1334.6657
2004-07-07,SP500,1332.3298
2004-07-08,SP500,1322.3923
2004-07-09,SP500,1324.2968
2004-07-12,SP500,1323.4895
2004-07-13,SP500,1327.1581
2004-07-14,SP500,1321.8803
2004-07-15,SP500,1316.9387
2004-07-16,SP500,1312.8876
2004-07-19,SP500,1306.0667
2004-07-20,SP500,1318.1429
2004-07-21,SP500,1310.0846
2004-07-22,SP500,1316.6531
2004-07-23,SP500,1312.1319
2004-07-26,SP500,1312.5709
2004-07-27,SP500,1325.0575
2004-07-28,SP500,1340.7844
2004-07-29,SP500,1348.2039
2004-07-30,SP500,1348.3346
2004-08-02,SP500,1352.5342
2004-08-03,SP500,1347.7625
2004-08-04,SP500,1351.0807
2004-08-05,SP500,1322.5710
2004-08-06,SP500,1299.7927
2004-08-09,SP500,1281.9139
2004-08-10,SP500,1295.1787
2004-08-11,SP500,1296.8446
2004-08-12,SP500,1279.3325
2004-08-13,SP500,1285.2442
2004-08-16,SP500,1290.3785
2004-08-17,SP500,1293.2160
2004-08-18,SP500,1310.2911
2004-08-19,SP500,1302.6701
2004-08-20,SP500,1318.2055
2004-08-23,SP500,1319.7388
2004-08-24,SP500,1332.4491
2004-08-25,SP500,1349.6316
2004-08-26,SP500,1347.6695
2004-08-27,SP500,1352.7761
2004-08-30,SP500,1346.6257
2004-08-31,SP500,1345.7435
2004-09-01,SP500,1341.8967
2004-09-02,SP500,1356.5067
2004-09-03,SP500,1350.5133
2004-09-07,SP500,1370.6847
2004-09-08,SP500,1369.3164
2004-09-09,SP500,1354.8109
2004-09-10,SP500,1358.4090
2004-09-13,SP500,1359.1860
2004-09-14,SP500,1362.1149
2004-09-15,SP500,1352.4268
2004-09-16,SP500,1365.1752
2004-09-17,SP500,1365.3673
2004-09-20,SP500,1366.5348
2004-09-21,SP500,1359.0665
2004-09-22,SP500,1343.5443
2004-09-23,SP500,1329.9391
2004-09-24,SP500,1332.6834
2004-09-27,SP500,1330.7247
2004-09-28,SP500,1330.0527
2004-09-29,SP500,1337.1663
2004-09-30,SP500,1327.6493
2004-10-01,SP500,1347.3697
2004-10-04,SP500,1363.7546
2004-10-05,SP500,1363.0445
2004-10-06,SP500,1375.0447
2004-10-07,SP500,1359.3041
2004-10-08,SP500,1347.5518
2004-10-11,SP500,1341.8657
2004-10-12,SP500,1347.5227
2004-10-13,SP500,1342.7325
2004-10-14,SP500,1318.4213
2004-10-15,SP500,1320.3480
2004-10-18,SP500,1320.9074
2004-10-19,SP500,1304.4528
2004-10-20,SP500,1296.6561
2004-10-21,SP500,1298.3976
2004-10-22,SP500,1285.7766
2004-10-25,SP500,1266.0100
2004-10-26,SP500,1285.6461
2004-10-27,SP500,1301.6026
2004-10-28,SP500,1312.6820
2004-10-29,SP500,1313.2213
2004-11-01,SP500,1312.4490
2004-11-02,SP500,1316.9304
2004-11-03,SP500,1326.8151
2004-11-04,SP500,1335.7465
2004-11-05,SP500,1342.8282
2004-11-08,SP500,1335.1320
2004-11-09,SP500,1335.3574
2004-11-10,SP500,1327.4794
2004-11-11,SP500,1348.5803
2004-11-12,SP500,1357.7354
2004-11-15,SP500,1353.9097
2004-11-16,SP500,1342.7800
2004-11-17,SP500,1344.6722
2004-11-18,SP500,1346.7214
2004-11-19,SP500,1332.1428
2004-11-22,SP500,1338.6864
2004-11-23,SP500,1332.6534
2004-11-24,SP500,1332.3825
2004-11-26,SP500,1324.2861
2004-11-29,SP500,1319.0458
2004-11-30,SP500,1309.0109
2004-12-01,SP500,1329.0959
2004-12-02,SP500,1325.9501
2004-12-03,SP500,1328.2932
2004-12-06,SP500,1313.9784
2004-12-07,SP500,1297.4435
2004-12-08,SP500,1319.3609
2004-12-09,SP500,1326.0804
2004-12-10,SP500,1336.1459
2004-12-13,SP500,1340.4733
2004-12-14,SP500,1340.7750
2004-12-15,SP500,1336.8752
2004-12-16,SP500,1332.3707
2004-12-17,SP500,1336.0901
2004-12-20,SP500,1325.2130
2004-12-21,SP500,1335.6205
2004-12-22,SP500,1341.6468
2004-12-23,SP500,1335.0847
2004-12-27,SP500,1322.3627
2004-12-28,SP500,1321.4846
2004-12-29,SP500,1324.0079
2004-12-30,SP500,1324.5957
2004-12-31,SP500,1321.1585
2005-01-03,SP500,1321.5073
2005-01-04,SP500,1320.0898
2005-01-05,SP500,1329.4540
2005-01-06,SP500,1338.5648
2005-01-07,SP500,1334.9394
2005-01-10,SP500,1349.4391
2005-01-11,SP500,1337.2213
2005-01-12,SP500,1343.1159
2005-01-13,SP500,1322.1584
2005-01-14,SP500,1344.4198
2005-01-18,SP500,1360.6738
2005-01-19,SP500,1345.4712
2005-01-20,SP500,1350.1932
2005-01-21,SP500,1338.7565
2005-01-24,SP500,1323.6356
2005-01-25,SP500,1333.0134
2005-01-26,SP500,1341.5763
2005-01-27,SP500,1340.0737
2005-01-28,SP500,1335.6041
2005-01-31,SP500,1346.8969
2005-02-01,SP500,1357.0201
2005-02-02,SP500,1357.9588
2005-02-03,SP500,1360.8646
2005-02-04,SP500,1380.4753
2005-02-07,SP500,1391.2489
2005-02-08,SP500,1400.9402
2005-02-09,SP500,1389.5001
2005-02-10,SP500,1393.7544
2005-02-11,SP500,1395.2081
2005-02-14,SP500,1384.2677
2005-02-15,SP500,1383.7278
2005-02-16,SP500,1381.5874
2005-02-17,SP500,1370.6081
2005-02-18,SP500,1371.7693
2005-02-22,SP500,1336.1328
2005-02-23,SP500,1342.6948
2005-02-24,SP500,1347.9185
2005-02-25,SP500,1370.4292
2005-02-28,SP500,1352.2139
2005-03-01,SP500,1364.0966
2005-03-02,SP500,1376.1698
2005-03-03,SP500,1372.1166
2005-03-04,SP500,1388.3950
2005-03-07,SP500,1383.4204
2005-03-08,SP500,1371.8255
2005-03-09,SP500,1347.8121
2005-03-10,SP500,1344.0226
2005-03-11,SP500,1333.4899
2005-03-14,SP500,1345.4532
2005-03-15,SP500,1334.2375
2005-03-16,SP500,1324.5719
2005-03-17,SP500,1326.4689
2005-03-18,SP500,1335.7331
2005-03-21,SP500,1337.2073
2005-03-22,SP500,1326.0190
2005-03-23,SP500,1339.6782
2005-03-24,SP500,1345.4167
2005-03-28,SP500,1348.7059
2005-03-29,SP500,1344.5304
2005-03-30,SP500,1361.4231
2005-03-31,SP500,1358.2922
2005-04-01,SP500,1349.9884
2005-04-04,SP500,1361.8179
2005-04-05,SP500,1375.7377
2005-04-06,SP500,1373.7869
2005-04-07,SP500,1375.3385
2005-04-08,SP500,1374.9279
2005-04-11,SP500,1358.8467
2005-04-12,SP500,1364.9903
2005-04-13,SP500,1355.6493
2005-04-14,SP500,1352.7691
2005-04-15,SP500,1325.1943
2005-04-18,SP500,1318.9404
2005-04-19,SP500,1323.8151
2005-04-20,SP500,1301.0499
2005-04-21,SP500,1325.8309
2005-04-22,SP500,1315.0264
2005-04-25,SP500,1337.7758
2005-04-26,SP500,1324.3124
2005-04-27,SP500,1336.0758
2005-04-28,SP500,1322.8439
2005-04-29,SP500,1333.2484
2005-05-02,SP500,1349.1643
2005-05-03,SP500,1348.7476
2005-05-04,SP500,1355.6088
2005-05-05,SP500,1352.0688
2005-05-06,SP500,1351.3942
2005-05-09,SP500,1373.1051
2005-05-10,SP500,1355.2669
2005-05-11,SP500,1358.6865
2005-05-12,SP500,1356.8945
2005-05-13,SP500,1365.3740
2005-05-16,SP500,1381.3729
2005-05-17,SP500,1388.9680
2005-05-18,SP500,1404.8095
2005-05-19,SP500,1409.0176
2005-05-20,SP500,1410.7956
2005-05-23,SP500,1422.9040
2005-05-24,SP500,1415.3920
2005-05-25,SP500,1416.5951
2005-05-26,SP500,1430.4959
2005-05-27,SP500,1428.8423
2005-05-31,SP500,1445.5113
2005-06-01,SP500,1471.3363
2005-06-02,SP500,1469.6159
2005-06-03,SP500,1456.4488
2005-06-06,SP500,1460.3488
2005-06-07,SP500,1458.5999
2005-06-08,SP500,1451.0711
2005-06-09,SP500,1468.8455
2005-06-10,SP500,1466.6040
2005-06-13,SP500,1490.6897
2005-06-14,SP500,1488.6292
2005-06-15,SP500,1497.0420
2005-06-16,SP500,1496.7808
2005-06-17,SP500,1496.5509
2005-06-20,SP500,1491.4497
2005-06-21,SP500,1502.9441
2005-06-22,SP500,1500.9496
2005-06-23,SP500,1490.5437
2005-06-24,SP500,1477.2141
2005-06-27,SP500,1466.1706
2005-06-28,SP500,1488.2761
2005-06-29,SP500,1491.3970
2005-06-30,SP500,1476.1743
2005-07-01,SP500,1480.8058
2005-07-05,SP500,1519.5490
2005-07-06,SP500,1503.4417
2005-07-07,SP500,1501.6727
2005-07-08,SP500,1525.9745
2005-07-11,SP500,1522.4971
2005-07-12,SP500,1505.9593
2005-07-13,SP500,1505.2364
2005-07-14,SP500,1523.8253
2005-07-15,SP500,1524.8323
2005-07-18,SP500,1518.7904
2005-07-19,SP500,1540.3844
2005-07-20,SP500,1535.2897
2005-07-21,SP500,1509.6415
2005-07-22,SP500,1523.3551
2005-07-25,SP500,1527.4347
2005-07-26,SP500,1540.0351
2005-07-27,SP500,1546.8890
2005-07-28,SP500,1541.8513
2005-07-29,SP500,1530.9435
2005-08-01,SP500,1516.5971
2005-08-02,SP500,1527.6091
2005-08-03,SP500,1517.7609
2005-08-04,SP500,1505.2359
2005-08-05,SP500,1485.7016
2005-08-08,SP500,1483.7268
2005-08-09,SP500,1494.1053
2005-08-10,SP500,1490.7975
2005-08-11,SP500,1498.1298
2005-08-12,SP500,1482.9494
2005-08-15,SP500,1497.3170
2005-08-16,SP500,1487.0381
2005-08-17,SP500,1490.5823
2005-08-18,SP500,1499.2958
2005-08-19,SP500,1503.9728
2005-08-22,SP500,1500.5477
2005-08-23,SP500,1495.2260
2005-08-24,SP500,1488.1828
2005-08-25,SP500,1484.2405
2005-08-26,SP500,1471.1303
2005-08-29,SP500,1482.2687
2005-08-30,SP500,1490.8217
2005-08-31,SP500,1503.9187
2005-09-01,SP500,1482.3781
2005-09-02,SP500,1460.0591
2005-09-06,SP500,1485.4041
2005-09-07,SP500,1493.0528
2005-09-08,SP500,1491.3835
2005-09-09,SP500,1503.6166
2005-09-12,SP500,1515.0247
2005-09-13,SP500,1508.5288
2005-09-14,SP500,1498.9767
2005-09-15,SP500,1510.8893
2005-09-16,SP500,1520.9589
2005-09-19,SP500,1525.4469
2005-09-20,SP500,1511.6011
2005-09-21,SP500,1489.1534
2005-09-22,SP500,1495.0426
2005-09-23,SP500,1508.9454
2005-09-26,SP500,1520.2810
2005-09-27,SP500,1523.6402
2005-09-28,SP500,1521.4089
2005-09-29,SP500,1531.6422
2005-09-30,SP500,1535.7332
2005-10-03,SP500,1547.1131
2005-10-04,SP500,1531.2112
2005-10-05,SP500,1507.8263
2005-10-06,SP500,1487.4720
2005-10-07,SP500,1482.7981
2005-10-10,SP500,1478.9875
2005-10-11,SP500,1484.1291
2005-10-12,SP500,1477.0153
2005-10-13,SP500,1479.4324
2005-10-14,SP500,1489.2991
2005-10-17,SP500,1490.8750
2005-10-18,SP500,1486.4036
2005-10-19,SP500,1507.1213
2005-10-20,SP500,1484.1630
2005-10-21,SP500,1479.1292
2005-10-24,SP500,1512.5502
2005-10-25,SP500,1499.7920
2005-10-26,SP500,1488.1500
2005-10-27,SP500,1464.1468
2005-10-28,SP500,1487.5268
2005-10-31,SP500,1512.5177
2005-11-01,SP500,1509.0856
2005-11-02,SP500,1526.3760
2005-11-03,SP500,1527.1655
2005-11-04,SP500,1541.2386
2005-11-07,SP500,1558.9225
2005-11-08,SP500,1565.2841
2005-11-09,SP500,1568.4103
2005-11-10,SP500,1578.7281
2005-11-11,SP500,1592.3400
2005-11-14,SP500,1589.0464
2005-11-15,SP500,1589.3375
2005-11-16,SP500,1591.1364
2005-11-17,SP500,1604.0797
2005-11-18,SP500,1613.1432
2005-11-21,SP500,1603.5307
2005-11-22,SP500,1626.9208
2005-11-23,SP500,1622.2741
2005-11-25,SP500,1627.4845
2005-11-28,SP500,1618.9408
2005-11-29,SP500,1610.0568
2005-11-30,SP500,1603.6027
2005-12-01,SP500,1626.4197
2005-12-02,SP500,1633.6325
2005-12-05,SP500,1620.1411
2005-12-06,SP500,1620.0374
2005-12-07,SP500,1622.2801
2005-12-08,SP500,1613.0312
2005-12-09,SP500,1614.6967
2005-12-12,SP500,1597.1404
2005-12-13,SP500,1606.1216
2005-12-14,SP500,1600.1996
2005-12-15,SP500,1600.8417
2005-12-16,SP500,1598.4311
2005-12-19,SP500,1589.8889
2005-12-20,SP500,1592.4802
2005-12-21,SP500,1607.6904
2005-12-22,SP500,1621.6884
2005-12-23,SP500,1617.5479
2005-12-27,SP500,1603.0459
2005-12-28,SP500,1596.7942
2005-12-29,SP500,1604.3974
2005-12-30,SP500,1600.3560
2006-01-03,SP500,1615.9663
2006-01-04,SP500,1594.2978
2006-01-05,SP500,1593.6796
2006-01-06,SP500,1608.3850
2006-01-09,SP500,1616.2693
2006-01-10,SP500,1617.6476
2006-01-11,SP500,1620.2515
2006-01-12,SP500,1606.7696
2006-01-13,SP500,1618.6062
2006-01-17,SP500,1607.9254
2006-01-18,SP500,1595.2247
2006-01-19,SP500,1611.0163
2006-01-20,SP500,1582.1594
2006-01-23,SP500,1558.1250
2006-01-24,SP500,1562.5326
2006-01-25,SP500,1557.0848
2006-01-26,SP500,1573.5026
2006-01-27,SP500,1596.5659
2006-01-30,SP500,1610.3791
2006-01-31,SP500,1599.2161
2006-02-01,SP500,1605.8138
2006-02-02,SP500,1595.1186
2006-02-03,SP500,1587.3476
2006-02-06,SP500,1599.2322
2006-02-07,SP500,1587.3883
2006-02-08,SP500,1605.1556
2006-02-09,SP500,1599.6492
2006-02-10,SP500,1604.0100
2006-02-13,SP500,1610.0438
2006-02-14,SP500,1625.0294
2006-02-15,SP500,1630.2839
2006-02-16,SP500,1648.7266
2006-02-17,SP500,1645.3089
2006-02-21,SP500,1634.0080
2006-02-22,SP500,1650.7453
2006-02-23,SP500,1633.6623
2006-02-24,SP500,1644.3679
2006-02-27,SP500,1656.7499
2006-02-28,SP500,1636.3705
2006-03-01,SP500,1639.4261
2006-03-02,SP500,1641.3052
2006-03-03,SP500,1625.4076
2006-03-06,SP500,1614.5460
2006-03-07,SP500,1625.6863
2006-03-08,SP500,1629.3185
2006-03-09,SP500,1620.5788
2006-03-10,SP500,1632.6286
2006-03-13,SP500,1635.9587
2006-03-14,SP500,1649.3639
2006-03-15,SP500,1645.7758
2006-03-16,SP500,1642.8536
2006-03-17,SP500,1629.6183
2006-03-20,SP500,1628.3884
2006-03-21,SP500,1622.6120
2006-03-22,SP500,1642.5553
2006-03-23,SP500,1640.2240
2006-03-24,SP500,1653.6386
2006-03-27,SP500,1644.2328
2006-03-28,SP500,1625.6786
2006-03-29,SP500,1647.9437
2006-03-30,SP500,1633.2672
2006-03-31,SP500,1625.3966
2006-04-03,SP500,1634.6929
2006-04-04,SP500,1624.3513
2006-04-05,SP500,1625.5178
2006-04-06,SP500,1616.2037
2006-04-07,SP500,1616.9637
2006-04-10,SP500,1629.0851
2006-04-11,SP500,1615.9603
2006-04-12,SP500,1615.2495
2006-04-13,SP500,1620.6466
2006-04-17,SP500,1615.8839
2006-04-18,SP500,1622.7392
2006-04-19,SP500,1613.3484
2006-04-20,SP500,1615.2843
2006-04-21,SP500,1619.1555
2006-04-24,SP500,1608.7343
2006-04-25,SP500,1593.1670
2006-04-26,SP500,1597.8189
2006-04-27,SP500,1604.9541
2006-04-28,SP500,1590.3247
2006-05-01,SP500,1583.7521
2006-05-02,SP500,1580.1234
2006-05-03,SP500,1576.5885
2006-05-04,SP500,1585.7211
2006-05-05,SP500,1589.9590
2006-05-08,SP500,1580.3073
2006-05-09,SP500,1588.2492
2006-05-10,SP500,1576.0153
2006-05-11,SP500,1563.8251
2006-05-12,SP500,1522.5879
2006-05-15,SP500,1537.0731
2006-05-16,SP500,1535.2969
2006-05-17,SP500,1502.2357
2006-05-18,SP500,1505.3406
2006-05-19,SP500,1511.9214
2006-05-22,SP500,1507.6609
2006-05-23,SP500,1490.8341
2006-05-24,SP500,1492.0862
2006-05-25,SP500,1520.5959
2006-05-26,SP500,1524.4745
2006-05-30,SP500,1495.5136
2006-05-31,SP500,1504.8260
2006-06-01,SP500,1539.1646
2006-06-02,SP500,1532.6648
2006-06-05,SP500,1488.8331
2006-06-06,SP500,1500.0623
2006-06-07,SP500,1497.9827
2006-06-08,SP500,1506.5489
2006-06-09,SP500,1508.8159
2006-06-12,SP500,1500.0080
2006-06-13,SP500,1485.1007
2006-06-14,SP500,1493.8072
2006-06-15,SP500,1519.8732
2006-06-16,SP500,1509.3827
2006-06-19,SP500,1502.7559
2006-06-20,SP500,1508.1540
2006-06-21,SP500,1512.5237
2006-06-22,SP500,1510.8727
2006-06-23,SP500,1519.2129
2006-06-26,SP500,1519.4332
2006-06-27,SP500,1504.9256
2006-06-28,SP500,1513.1106
2006-06-29,SP500,1550.8739
2006-06-30,SP500,1525.2340
2006-07-03,SP500,1528.1392
2006-07-05,SP500,1516.7657
2006-07-06,SP500,1527.9937
2006-07-07,SP500,1512.5607
2006-07-10,SP500,1517.8952
2006-07-11,SP500,1526.1150
2006-07-12,SP500,1511.2561
2006-07-13,SP500,1495.2174
2006-07-14,SP500,1490.9443
2006-07-17,SP500,1503.7237
2006-07-18,SP500,1507.8445
2006-07-19,SP500,1542.0125
2006-07-20,SP500,1509.4677
2006-07-21,SP500,1494.4321
2006-07-24,SP500,1524.9743
2006-07-25,SP500,1534.2514
2006-07-26,SP500,1539.6520
2006-07-27,SP500,1515.5217
2006-07-28,SP500,1542.8459
2006-07-31,SP500,1528.1585
2006-08-01,SP500,1522.2353
2006-08-02,SP500,1526.9418
2006-08-03,SP500,1531.4999
2006-08-04,SP500,1529.1198
2006-08-07,SP500,1518.0000
2006-08-08,SP500,1514.3079
2006-08-09,SP500,1503.4553
2006-08-10,SP500,1513.2690
2006-08-11,SP500,1517.1272
2006-08-14,SP500,1525.7902
2006-08-15,SP500,1545.9804
2006-08-16,SP500,1549.9180
2006-08-17,SP500,1542.0763
2006-08-18,SP500,1557.1239
2006-08-21,SP500,1537.3558
2006-08-22,SP500,1551.7483
2006-08-23,SP500,1544.9188
2006-08-24,SP500,1546.3253
2006-08-25,SP500,1553.6829
2006-08-28,SP500,1557.0782
2006-08-29,SP500,1559.3457
2006-08-30,SP500,1558.8079
2006-08-31,SP500,1554.2915
2006-09-01,SP500,1567.0359
2006-09-05,SP500,1570.6479
2006-09-06,SP500,1557.4299
2006-09-07,SP500,1557.5603
2006-09-08,SP500,1565.6729
2006-09-11,SP500,1566.4989
2006-09-12,SP500,1583.3818
2006-09-13,SP500,1593.8235
2006-09-14,SP500,1585.9939
2006-09-15,SP500,1596.3313
2006-09-18,SP500,1599.2025
2006-09-19,SP500,1597.1313
2006-09-20,SP500,1602.7059
2006-09-21,SP500,1587.5265
2006-09-22,SP500,1572.9812
2006-09-25,SP500,1592.9433
2006-09-26,SP500,1614.1788
2006-09-27,SP500,1616.1857
2006-09-28,SP500,1615.6139
2006-09-29,SP500,1618.3964
2006-10-02,SP500,1609.7674
2006-10-03,SP500,1606.5636
2006-10-04,SP500,1633.1204
2006-10-05,SP500,1632.4423
2006-10-06,SP500,1635.3838
2006-10-09,SP500,1644.6163
2006-10-10,SP500,1656.5720
2006-10-11,SP500,1651.8376
2006-10-12,SP500,1669.2123
2006-10-13,SP500,1670.0956
2006-10-16,SP500,1679.0012
2006-10-17,SP500,1671.6545
2006-10-18,SP500,1671.6176
2006-10-19,SP500,1670.5040
2006-10-20,SP500,1664.9708
2006-10-23,SP500,1683.5139
2006-10-24,SP500,1685.9581
2006-10-25,SP500,1686.6773
2006-10-26,SP500,1685.2840
2006-10-27,SP500,1667.3105
2006-10-30,SP500,1663.6234
2006-10-31,SP500,1666.3909
2006-11-01,SP500,1646.4452
2006-11-02,SP500,1645.0301
2006-11-03,SP500,1642.3824
2006-11-06,SP500,1668.6585
2006-11-07,SP500,1665.4489
2006-11-08,SP500,1666.5779
2006-11-09,SP500,1655.4549
2006-11-10,SP500,1649.7668
2006-11-13,SP500,1658.7451
2006-11-14,SP500,1670.2666
2006-11-15,SP500,1678.8619
2006-11-16,SP500,1681.1700
2006-11-17,SP500,1686.8640
2006-11-20,SP500,1677.2526
2006-11-21,SP500,1683.6428
2006-11-22,SP500,1678.2942
2006-11-24,SP500,1647.7749
2006-11-27,SP500,1620.9165
2006-11-28,SP500,1622.8189
2006-11-29,SP500,1637.2198
2006-11-30,SP500,1633.2499
2006-12-01,SP500,1623.2634
2006-12-04,SP500,1629.7242
2006-12-05,SP500,1633.5984
2006-12-06,SP500,1638.8805
2006-12-07,SP500,1629.5932
2006-12-08,SP500,1635.1613
2006-12-11,SP500,1651.2105
2006-12-12,SP500,1641.1810
2006-12-13,SP500,1640.7991
2006-12-14,SP500,1664.3345
2006-12-15,SP500,1677.1479
2006-12-18,SP500,1673.1348
2006-12-19,SP500,1668.7947
2006-12-20,SP500,1660.8044
2006-12-21,SP500,1658.2258
2006-12-22,SP500,1647.8926
2006-12-26,SP500,1655.0787
2006-12-27,SP500,1671.2135
2006-12-28,SP500,1667.0462
2006-12-29,SP500,1659.9316
2007-01-03,SP500,1650.6084
2007-01-04,SP500,1668.3962
2007-01-05,SP500,1661.0288
2007-01-08,SP500,1675.2269
2007-01-09,SP500,1672.8222
2007-01-10,SP500,1680.1354
2007-01-11,SP500,1691.3278
2007-01-12,SP500,1711.5333
2007-01-16,SP500,1704.9950
2007-01-17,SP500,1709.4275
2007-01-18,SP500,1702.6776
2007-01-19,SP500,1702.8863
2007-01-22,SP500,1696.8151
2007-01-23,SP500,1689.2408
2007-01-24,SP500,1708.2353
2007-01-25,SP500,1692.5104
2007-01-26,SP500,1700.5580
2007-01-29,SP500,1696.2387
2007-01-30,SP500,1699.3524
2007-01-31,SP500,1713.1310
2007-02-01,SP500,1713.9863
2007-02-02,SP500,1716.8893
2007-02-05,SP500,1728.0000
2007-02-06,SP500,1725.2181
2007-02-07,SP500,1724.0703
2007-02-08,SP500,1721.5457
2007-02-09,SP500,1707.3268
2007-02-12,SP500,1708.5366
2007-02-13,SP500,1713.1009
2007-02-14,SP500,1718.6974
2007-02-15,SP500,1713.4581
2007-02-16,SP500,1714.3609
2007-02-20,SP500,1715.8463
2007-02-21,SP500,1713.5260
2007-02-22,SP500,1717.5569
2007-02-23,SP500,1707.9793
2007-02-26,SP500,1702.6824
2007-02-27,SP500,1635.0039
2007-02-28,SP500,1646.9457
2007-03-01,SP500,1640.9602
2007-03-02,SP500,1629.8943
2007-03-05,SP500,1624.5052
2007-03-06,SP500,1647.6031
2007-03-07,SP500,1639.6269
2007-03-08,SP500,1649.2852
2007-03-09,SP500,1650.0343
2007-03-12,SP500,1654.3782
2007-03-13,SP500,1613.5270
2007-03-14,SP500,1628.7491
2007-03-15,SP500,1629.5024
2007-03-16,SP500,1611.2045
2007-03-19,SP500,1631.4591
2007-03-20,SP500,1642.6746
2007-03-21,SP500,1671.1502
2007-03-22,SP500,1663.3061
2007-03-23,SP500,1668.1325
2007-03-26,SP500,1677.5424
2007-03-27,SP500,1656.9416
2007-03-28,SP500,1643.9765
2007-03-29,SP500,1649.7004
2007-03-30,SP500,1651.9899
2007-04-02,SP500,1650.3442
2007-04-03,SP500,1666.9861
2007-04-04,SP500,1669.6076
2007-04-05,SP500,1672.5566
2007-04-09,SP500,1673.5437
2007-04-10,SP500,1671.3317
2007-04-11,SP500,1661.5292
2007-04-12,SP500,1665.7756
2007-04-13,SP500,1663.5531
2007-04-16,SP500,1679.2252
2007-04-17,SP500,1682.7884
2007-04-18,SP500,1680.4965
2007-04-19,SP500,1675.5459
2007-04-20,SP500,1690.4895
2007-04-23,SP500,1692.7271
2007-04-24,SP500,1689.0149
2007-04-25,SP500,1697.9266
2007-04-26,SP500,1703.3759
2007-04-27,SP500,1697.3539
2007-04-30,SP500,1688.7762
2007-05-01,SP500,1693.2598
2007-05-02,SP500,1706.5352
2007-05-03,SP500,1711.2613
2007-05-04,SP500,1721.5619
2007-05-07,SP500,1719.1920
2007-05-08,SP500,1724.5463
2007-05-09,SP500,1733.5058
2007-05-10,SP500,1710.6084
2007-05-11,SP500,1732.5226
2007-05-14,SP500,1721.4775
2007-05-15,SP500,1720.7934
2007-05-16,SP500,1731.5455
2007-05-17,SP500,1737.5259
2007-05-18,SP500,1754.0773
2007-05-21,SP500,1761.1052
2007-05-22,SP500,1758.6592
2007-05-23,SP500,1751.8829
2007-05-24,SP500,1740.5115
2007-05-25,SP500,1750.9262
2007-05-29,SP500,1745.0514
2007-05-30,SP500,1771.3041
2007-05-31,SP500,1767.4496
2007-06-01,SP500,1776.2949
2007-06-04,SP500,1773.5721
2007-06-05,SP500,1757.6411
2007-06-06,SP500,1744.9493
2007-06-07,SP500,1719.8440
2007-06-08,SP500,1755.1727
2007-06-11,SP500,1756.0989
2007-06-12,SP500,1738.6437
2007-06-13,SP500,1773.1768
2007-06-14,SP500,1779.5550
2007-06-15,SP500,1789.8227
2007-06-18,SP500,1775.6566
2007-06-19,SP500,1778.9003
2007-06-20,SP500,1751.5976
2007-06-21,SP500,1766.7537
2007-06-22,SP500,1738.2709
2007-06-25,SP500,1730.1166
2007-06-26,SP500,1724.7102
2007-06-27,SP500,1743.4440
2007-06-28,SP500,1738.9915
2007-06-29,SP500,1731.3958
2007-07-02,SP500,1739.2405
2007-07-03,SP500,1744.1511
2007-07-05,SP500,1739.7874
2007-07-06,SP500,1751.6844
2007-07-09,SP500,1750.0918
2007-07-10,SP500,1719.5814
2007-07-11,SP500,1718.6941
2007-07-12,SP500,1747.0192
2007-07-13,SP500,1753.2144
2007-07-16,SP500,1749.9818
2007-07-17,SP500,1751.0783
2007-07-18,SP500,1746.6361
2007-07-19,SP500,1749.2764
2007-07-20,SP500,1730.0297
2007-07-23,SP500,1736.2274
2007-07-24,SP500,1700.3688
2007-07-25,SP500,1719.5082
2007-07-26,SP500,1681.9560
2007-07-27,SP500,1663.9147
2007-07-30,SP500,1680.0278
2007-07-31,SP500,1652.9875
2007-08-01,SP500,1670.4238
2007-08-02,SP500,1677.9787
2007-08-03,SP500,1629.8963
2007-08-06,SP500,1654.3132
2007-08-07,SP500,1667.4642
2007-08-08,SP500,1691.4890
2007-08-09,SP500,1649.4282
2007-08-10,SP500,1659.6045
2007-08-13,SP500,1658.9115
2007-08-14,SP500,1636.1636
2007-08-15,SP500,1627.6342
2007-08-16,SP500,1641.6338
2007-08-17,SP500,1675.8436
2007-08-20,SP500,1672.6551
2007-08-21,SP500,1670.5138
2007-08-22,SP500,1692.0552
2007-08-23,SP500,1680.1827
2007-08-24,SP500,1694.6162
2007-08-27,SP500,1674.9305
2007-08-28,SP500,1634.9751
2007-08-29,SP500,1675.2843
2007-08-30,SP500,1670.9478
2007-08-31,SP500,1678.0080
2007-09-04,SP500,1711.2151
2007-09-05,SP500,1691.3158
2007-09-06,SP500,1688.7483
2007-09-07,SP500,1656.9218
2007-09-10,SP500,1642.9938
2007-09-11,SP500,1661.8995
2007-09-12,SP500,1655.1242
2007-09-13,SP500,1667.7196
2007-09-14,SP500,1672.5181
2007-09-17,SP500,1661.9226
2007-09-18,SP500,1711.7112
2007-09-19,SP500,1708.8729
2007-09-20,SP500,1691.0977
2007-09-21,SP500,1696.6048
2007-09-24,SP500,1680.0326
2007-09-25,SP500,1680.3275
2007-09-26,SP500,1687.2160
2007-09-27,SP500,1687.5317
2007-09-28,SP500,1682.5728
2007-10-01,SP500,1698.5947
2007-10-02,SP500,1706.1984
2007-10-03,SP500,1695.1814
2007-10-04,SP500,1709.1289
2007-10-05,SP500,1722.6655
2007-10-08,SP500,1722.8548
2007-10-09,SP500,1743.2714
2007-10-10,SP500,1727.0041
2007-10-11,SP500,1711.7755
2007-10-12,SP500,1723.0792
2007-10-15,SP500,1702.2845
2007-10-16,SP500,1700.1838
2007-10-17,SP500,1697.3380
2007-10-18,SP500,1684.3555
2007-10-19,SP500,1642.4832
2007-10-22,SP500,1662.9535
2007-10-23,SP500,1667.2373
2007-10-24,SP500,1665.9944
2007-10-25,SP500,1655.2030
2007-10-26,SP500,1669.2645
2007-10-29,SP500,1674.8871
2007-10-30,SP500,1662.2545
2007-10-31,SP500,1677.6285
2007-11-01,SP500,1636.4210
2007-11-02,SP500,1631.4731
2007-11-05,SP500,1622.5082
2007-11-06,SP500,1635.4231
2007-11-07,SP500,1569.3587
2007-11-08,SP500,1574.5124
2007-11-09,SP500,1550.2690
2007-11-12,SP500,1545.7370
2007-11-13,SP500,1588.1838
2007-11-14,SP500,1567.3878
2007-11-15,SP500,1553.2003
2007-11-16,SP500,1560.0778
2007-11-19,SP500,1532.5577
2007-11-20,SP500,1525.8844
2007-11-21,SP500,1498.7242
2007-11-23,SP500,1524.7147
2007-11-26,SP500,1485.6787
2007-11-27,SP500,1504.9886
2007-11-28,SP500,1561.7888
2007-11-29,SP500,1563.5975
2007-11-30,SP500,1573.2946
2007-12-03,SP500,1574.2125
2007-12-04,SP500,1555.9663
2007-12-05,SP500,1582.6834
2007-12-06,SP500,1624.9622
2007-12-07,SP500,1611.5708
2007-12-10,SP500,1616.1164
2007-12-11,SP500,1580.2345
2007-12-12,SP500,1589.6764
2007-12-13,SP500,1590.8125
2007-12-14,SP500,1587.8352
2007-12-17,SP500,1576.6275
2007-12-18,SP500,1584.0039
2007-12-19,SP500,1585.3111
2007-12-20,SP500,1597.4841
2007-12-21,SP500,1620.8693
2007-12-24,SP500,1631.9349
2007-12-26,SP500,1633.2825
2007-12-27,SP500,1597.3546
2007-12-28,SP500,1580.5269
2007-12-31,SP500,1566.6259
2008-01-02,SP500,1547.8009
2008-01-03,SP500,1540.9814
2008-01-04,SP500,1505.7989
2008-01-07,SP500,1511.0779
2008-01-08,SP500,1485.6647
2008-01-09,SP500,1508.5832
2008-01-10,SP500,1522.4731
2008-01-11,SP500,1488.6628
2008-01-14,SP500,1494.4478
2008-01-15,SP500,1458.0881
2008-01-16,SP500,1459.2889
2008-01-17,SP500,1426.6286
2008-01-18,SP500,1419.6811
2008-01-22,SP500,1421.3812
2008-01-23,SP500,1443.9208
2008-01-24,SP500,1449.6420
2008-01-25,SP500,1422.5637
2008-01-28,SP500,1442.6567
2008-01-29,SP500,1449.8410
2008-01-30,SP500,1439.4261
2008-01-31,SP500,1457.9018
2008-02-01,SP500,1473.8599
2008-02-04,SP500,1464.3671
2008-02-05,SP500,1431.2568
2008-02-06,SP500,1427.4332
2008-02-07,SP500,1444.1760
2008-02-08,SP500,1443.6781
2008-02-11,SP500,1449.3535
2008-02-12,SP500,1460.3522
2008-02-13,SP500,1475.9084
2008-02-14,SP500,1452.1673
2008-02-15,SP500,1448.7189
2008-02-19,SP500,1440.8629
2008-02-20,SP500,1461.4833
2008-02-21,SP500,1435.3487
2008-02-22,SP500,1435.8971
2008-02-25,SP500,1458.8041
2008-02-26,SP500,1463.2782
2008-02-27,SP500,1445.7591
2008-02-28,SP500,1425.7060
2008-02-29,SP500,1382.9234
2008-03-03,SP500,1380.4117
2008-03-04,SP500,1375.3912
2008-03-05,SP500,1384.1932
2008-03-06,SP500,1343.0641
2008-03-07,SP500,1323.3249
2008-03-10,SP500,1309.4589
2008-03-11,SP500,1354.6785
2008-03-12,SP500,1334.3736
2008-03-13,SP500,1332.6570
2008-03-14,SP500,1306.3364
2008-03-17,SP500,1277.6665
2008-03-18,SP500,1331.7988
2008-03-19,SP500,1306.0157
2008-03-20,SP500,1360.6043
2008-03-24,SP500,1381.4563
2008-03-25,SP500,1371.6617
2008-03-26,SP500,1347.5047
2008-03-27,SP500,1325.9281
2008-03-28,SP500,1314.6113
2008-03-31,SP500,1320.7816
2008-04-01,SP500,1381.4686
2008-04-02,SP500,1381.5442
2008-04-03,SP500,1392.7992
2008-04-04,SP500,1376.5488
2008-04-07,SP500,1381.2592
2008-04-08,SP500,1374.5890
2008-04-09,SP500,1360.7974
2008-04-10,SP500,1354.1228
2008-04-11,SP500,1330.1396
2008-04-14,SP500,1322.6542
2008-04-15,SP500,1332.1898
2008-04-16,SP500,1354.0118
2008-04-17,SP500,1359.6775
2008-04-18,SP500,1392.4208
2008-04-21,SP500,1379.9661
2008-04-22,SP500,1365.0054
2008-04-23,SP500,1368.1994
2008-04-24,SP500,1391.9462
2008-04-25,SP500,1416.5491
2008-04-28,SP500,1412.2217
2008-04-29,SP500,1411.9196
2008-04-30,SP500,1409.3500
2008-05-01,SP500,1433.7774
2008-05-02,SP500,1446.0474
2008-05-05,SP500,1439.4373
2008-05-06,SP500,1444.1460
2008-05-07,SP500,1427.5891
2008-05-08,SP500,1440.6398
2008-05-09,SP500,1420.9730
2008-05-12,SP500,1439.2807
2008-05-13,SP500,1435.0546
2008-05-14,SP500,1444.2257
2008-05-15,SP500,1456.4818
2008-05-16,SP500,1456.0846
2008-05-19,SP500,1450.0481
2008-05-20,SP500,1430.9035
2008-05-21,SP500,1397.8417
2008-05-22,SP500,1401.5868
2008-05-23,SP500,1384.2269
2008-05-27,SP500,1392.1193
2008-05-28,SP500,1407.1922
2008-05-29,SP500,1424.4229
2008-05-30,SP500,1430.5520
2008-06-02,SP500,1414.3870
2008-06-03,SP500,1399.7627
2008-06-04,SP500,1411.4897
2008-06-05,SP500,1445.0980
2008-06-06,SP500,1383.1121
2008-06-09,SP500,1367.8599
2008-06-10,SP500,1387.2021
2008-06-11,SP500,1365.0274
2008-06-12,SP500,1378.3096
2008-06-13,SP500,1406.4684
2008-06-16,SP500,1395.3942
2008-06-17,SP500,1384.3445
2008-06-18,SP500,1369.5088
2008-06-19,SP500,1376.0739
2008-06-20,SP500,1339.4107
2008-06-23,SP500,1347.1683
2008-06-24,SP500,1339.3372
2008-06-25,SP500,1344.5542
2008-06-26,SP500,1294.5140
2008-06-27,SP500,1288.3477
2008-06-30,SP500,1288.6767
2008-07-01,SP500,1292.9699
2008-07-02,SP500,1267.0125
2008-07-03,SP500,1262.1152
2008-07-07,SP500,1270.2639
2008-07-08,SP500,1289.4945
2008-07-09,SP500,1258.0146
2008-07-10,SP500,1267.3670
2008-07-11,SP500,1243.3596
2008-07-14,SP500,1231.1983
2008-07-15,SP500,1206.9106
2008-07-16,SP500,1245.2606
2008-07-17,SP500,1263.3605
2008-07-18,SP500,1266.3632
2008-07-21,SP500,1262.3660
2008-07-22,SP500,1274.5210
2008-07-23,SP500,1294.1681
2008-07-24,SP500,1269.4329
2008-07-25,SP500,1270.1221
2008-07-28,SP500,1245.5417
2008-07-29,SP500,1278.0707
2008-07-30,SP500,1309.1347
2008-07-31,SP500,1290.3658
2008-08-01,SP500,1286.2206
2008-08-04,SP500,1275.3630
2008-08-05,SP500,1318.8093
2008-08-06,SP500,1324.6091
2008-08-07,SP500,1301.5707
2008-08-08,SP500,1367.7657
2008-08-11,SP500,1383.2868
2008-08-12,SP500,1376.3064
2008-08-13,SP500,1373.1128
2008-08-14,SP500,1380.3716
2008-08-15,SP500,1402.9195
2008-08-18,SP500,1384.1812
2008-08-19,SP500,1373.9320
2008-08-20,SP500,1377.1888
2008-08-21,SP500,1373.2618
2008-08-22,SP500,1389.5461
2008-08-25,SP500,1366.0662
2008-08-26,SP500,1386.9845
2008-08-27,SP500,1382.2984
2008-08-28,SP500,1402.6539
2008-08-29,SP500,1386.8544
2008-09-02,SP500,1402.0667
2008-09-03,SP500,1407.1948
2008-09-04,SP500,1360.6916
2008-09-05,SP500,1389.8926
2008-09-08,SP500,1421.9291
2008-09-09,SP500,1380.1895
2008-09-10,SP500,1393.6782
2008-09-11,SP500,1429.5967
2008-09-12,SP500,1419.2094
2008-09-15,SP500,1344.1948
2008-09-16,SP500,1356.6202
2008-09-17,SP500,1296.6184
2008-09-18,SP500,1327.2997
2008-09-19,SP500,1406.5186
2008-09-22,SP500,1321.7075
2008-09-23,SP500,1286.9323
2008-09-24,SP500,1287.9851
2008-09-25,SP500,1312.4082
2008-09-26,SP500,1322.2610
2008-09-29,SP500,1230.5526
2008-09-30,SP500,1301.4332
2008-10-01,SP500,1316.1423
2008-10-02,SP500,1279.5080
2008-10-03,SP500,1268.5485
2008-10-06,SP500,1237.5972
2008-10-07,SP500,1166.7474
2008-10-08,SP500,1145.8306
2008-10-09,SP500,1062.3593
2008-10-10,SP500,1057.9277
2008-10-13,SP500,1175.2548
2008-10-14,SP500,1159.4023
2008-10-15,SP500,1064.5872
2008-10-16,SP500,1119.5750
2008-10-17,SP500,1121.1877
2008-10-20,SP500,1172.8993
2008-10-21,SP500,1157.4788
2008-10-22,SP500,1115.9542
2008-10-23,SP500,1132.9977
2008-10-24,SP500,1112.4881
2008-10-27,SP500,1088.9085
2008-10-28,SP500,1200.0320
2008-10-29,SP500,1164.2365
2008-10-30,SP500,1170.2110
2008-10-31,SP500,1214.0864
2008-11-03,SP500,1204.8901
2008-11-04,SP500,1254.2902
2008-11-05,SP500,1184.3123
2008-11-06,SP500,1133.9154
2008-11-07,SP500,1168.3208
2008-11-10,SP500,1141.6027
2008-11-11,SP500,1129.0656
2008-11-12,SP500,1089.5052
2008-11-13,SP500,1165.5249
2008-11-14,SP500,1103.9053
2008-11-17,SP500,1076.7299
2008-11-18,SP500,1088.1372
2008-11-19,SP500,1023.2389
2008-11-20,SP500,961.6011
2008-11-21,SP500,1017.7670
2008-11-24,SP500,1069.1537
2008-11-25,SP500,1073.1325
2008-11-26,SP500,1100.8118
2008-11-28,SP500,1129.6300
2008-12-01,SP500,1038.5390
2008-12-02,SP500,1072.5290
2008-12-03,SP500,1107.2803
2008-12-04,SP500,1075.1268
2008-12-05,SP500,1110.4303
2008-12-08,SP500,1136.3000
2008-12-09,SP500,1111.4504
2008-12-10,SP500,1117.2147
2008-12-11,SP500,1061.8236
2008-12-12,SP500,1059.2728
2008-12-15,SP500,1032.7239
2008-12-16,SP500,1071.4901
2008-12-17,SP500,1033.4163
2008-12-18,SP500,973.0364
2008-12-19,SP500,1023.2353
2008-12-22,SP500,1002.4481
2008-12-23,SP500,992.3308
2008-12-24,SP500,996.6155
2008-12-26,SP500,1001.9421
2008-12-29,SP500,979.8528
2008-12-30,SP500,1016.2080
2008-12-31,SP500,1044.0325
2009-01-02,SP500,1081.1842
2009-01-05,SP500,1098.6673
2009-01-06,SP500,1128.0153
2009-01-07,SP500,1073.6153
2009-01-08,SP500,1075.5673
2009-01-09,SP500,1047.5081
2009-01-12,SP500,1046.0430
2009-01-13,SP500,1058.3849
2009-01-14,SP500,1029.9780
2009-01-15,SP500,1038.3187
2009-01-16,SP500,1031.5901
2009-01-20,SP500,1002.8074
2009-01-21,SP500,1048.2804
2009-01-22,SP500,1026.5249
2009-01-23,SP500,1047.2997
2009-01-26,SP500,1037.3133
2009-01-27,SP500,1033.9912
2009-01-28,SP500,1061.8929
2009-01-29,SP500,1038.4715
2009-01-30,SP500,1038.1632
2009-02-02,SP500,1042.1709
2009-02-03,SP500,1051.3581
2009-02-04,SP500,1046.7858
2009-02-05,SP500,1063.0758
2009-02-06,SP500,1094.9203
2009-02-09,SP500,1078.7131
2009-02-10,SP500,1028.9967
2009-02-11,SP500,1039.9598
2009-02-12,SP500,1050.5338
2009-02-13,SP500,1040.9654
2009-02-17,SP500,1008.5959
2009-02-18,SP500,1010.8686
2009-02-19,SP500,990.8067
2009-02-20,SP500,988.5791
2009-02-23,SP500,938.8655
2009-02-24,SP500,979.2055
2009-02-25,SP500,966.5807
2009-02-26,SP500,952.5035
2009-02-27,SP500,940.2404
2009-03-02,SP500,899.8333
2009-03-03,SP500,892.7309
2009-03-04,SP500,918.6380
2009-03-05,SP500,879.6336
2009-03-06,SP500,873.7557
2009-03-09,SP500,871.5002
2009-03-10,SP500,911.2336
2009-03-11,SP500,913.5538
2009-03-12,SP500,951.2361
2009-03-13,SP500,949.4924
2009-03-16,SP500,936.2291
2009-03-17,SP500,973.7985
2009-03-18,SP500,979.9086
2009-03-19,SP500,928.9226
2009-03-20,SP500,918.7837
2009-03-23,SP500,983.3382
2009-03-24,SP500,966.9283
2009-03-25,SP500,977.1824
2009-03-26,SP500,991.6734
2009-03-27,SP500,994.5016
2009-03-30,SP500,967.3463
2009-03-31,SP500,971.5810
2009-04-01,SP500,992.4732
2009-04-02,SP500,1009.9089
2009-04-03,SP500,1017.2514
2009-04-06,SP500,1003.5270
2009-04-07,SP500,998.0460
2009-04-08,SP500,1011.6620
2009-04-09,SP500,1046.8545
2009-04-13,SP500,1049.5969
2009-04-14,SP500,1028.3217
2009-04-15,SP500,1049.3889
2009-04-16,SP500,1063.8754
2009-04-17,SP500,1080.4487
2009-04-20,SP500,1041.5857
2009-04-21,SP500,1066.5171
2009-04-22,SP500,1057.3261
2009-04-23,SP500,1059.4023
2009-04-24,SP500,1062.3791
2009-04-27,SP500,1060.2514
2009-04-28,SP500,1068.2112
2009-04-29,SP500,1068.8904
2009-04-30,SP500,1067.2166
2009-05-01,SP500,1073.0019
2009-05-04,SP500,1113.6958
2009-05-05,SP500,1094.7176
2009-05-06,SP500,1120.9353
2009-05-07,SP500,1102.7913
2009-05-08,SP500,1124.1266
2009-05-11,SP500,1088.2569
2009-05-12,SP500,1078.5865
2009-05-13,SP500,1054.6429
2009-05-14,SP500,1069.9477
2009-05-15,SP500,1061.9026
2009-05-18,SP500,1096.2205
2009-05-19,SP500,1085.0279
2009-05-20,SP500,1073.3893
2009-05-21,SP500,1049.5099
2009-05-22,SP500,1032.8801
2009-05-26,SP500,1064.9266
2009-05-27,SP500,1045.4500
2009-05-28,SP500,1065.1991
2009-05-29,SP500,1061.1221
2009-06-01,SP500,1079.2194
2009-06-02,SP500,1079.9901
2009-06-03,SP500,1067.6990
2009-06-04,SP500,1088.7478
2009-06-05,SP500,1079.7842
2009-06-08,SP500,1103.1227
2009-06-09,SP500,1099.6705
2009-06-10,SP500,1084.7823
2009-06-11,SP500,1102.0832
2009-06-12,SP500,1100.8997
2009-06-15,SP500,1086.6860
2009-06-16,SP500,1069.7768
2009-06-17,SP500,1072.1821
2009-06-18,SP500,1075.1365
2009-06-19,SP500,1077.5553
2009-06-22,SP500,1050.3248
2009-06-23,SP500,1043.7259
2009-06-24,SP500,1046.7460
2009-06-25,SP500,1076.0258
2009-06-26,SP500,1062.7695
2009-06-29,SP500,1075.3307
2009-06-30,SP500,1060.5207
2009-07-01,SP500,1068.1328
2009-07-02,SP500,1040.5011
2009-07-06,SP500,1054.6017
2009-07-07,SP500,1024.8520
2009-07-08,SP500,1032.4437
2009-07-09,SP500,1029.5211
2009-07-10,SP500,1031.9401
2009-07-13,SP500,1052.1861
2009-07-14,SP500,1056.5649
2009-07-15,SP500,1080.3392
2009-07-16,SP500,1086.5535
2009-07-17,SP500,1089.2193
2009-07-20,SP500,1091.8337
2009-07-21,SP500,1095.3456
2009-07-22,SP500,1097.4350
2009-07-23,SP500,1120.0014
2009-07-24,SP500,1123.5679
2009-07-27,SP500,1123.5966
2009-07-28,SP500,1123.8246
2009-07-29,SP500,1128.7578
2009-07-30,SP500,1146.4741
2009-07-31,SP500,1140.4089
2009-08-03,SP500,1144.5571
2009-08-04,SP500,1141.5670
2009-08-05,SP500,1136.5788
2009-08-06,SP500,1133.4864
2009-08-07,SP500,1149.7736
2009-08-10,SP500,1158.4706
2009-08-11,SP500,1147.0493
2009-08-12,SP500,1160.3599
2009-08-13,SP500,1158.3713
2009-08-14,SP500,1148.4119
2009-08-17,SP500,1138.4736
2009-08-18,SP500,1147.8618
2009-08-19,SP500,1154.9887
2009-08-20,SP500,1156.9543
2009-08-21,SP500,1171.5562
2009-08-24,SP500,1171.5003
2009-08-25,SP500,1174.1972
2009-08-26,SP500,1178.8998
2009-08-27,SP500,1182.4783
2009-08-28,SP500,1172.4102
2009-08-31,SP500,1170.4877
2009-09-01,SP500,1141.2813
2009-09-02,SP500,1145.3305
2009-09-03,SP500,1145.9226
2009-09-04,SP500,1166.9752
2009-09-08,SP500,1160.3123
2009-09-09,SP500,1165.4593
2009-09-10,SP500,1175.7580
2009-09-11,SP500,1170.4674
2009-09-14,SP500,1180.5783
2009-09-15,SP500,1180.2409
2009-09-16,SP500,1193.4497
2009-09-17,SP500,1186.6504
2009-09-18,SP500,1190.3639
2009-09-21,SP500,1190.1146
2009-09-22,SP500,1188.0852
2009-09-23,SP500,1175.8912
2009-09-24,SP500,1166.0482
2009-09-25,SP500,1166.6871
2009-09-28,SP500,1189.2969
2009-09-29,SP500,1194.9137
2009-09-30,SP500,1183.4050
2009-10-01,SP500,1161.1803
2009-10-02,SP500,1156.1532
2009-10-05,SP500,1167.0293
2009-10-06,SP500,1174.5279
2009-10-07,SP500,1180.5771
2009-10-08,SP500,1183.8379
2009-10-09,SP500,1191.5932
2009-10-12,SP500,1195.6045
2009-10-13,SP500,1184.4120
2009-10-14,SP500,1203.8640
2009-10-15,SP500,1210.2463
2009-10-16,SP500,1200.0471
2009-10-19,SP500,1207.3468
2009-10-20,SP500,1195.5982
2009-10-21,SP500,1189.1495
2009-10-22,SP500,1195.5600
2009-10-23,SP500,1179.4274
2009-10-26,SP500,1165.6901
2009-10-27,SP500,1173.1545
2009-10-28,SP500,1157.3148
2009-10-29,SP500,1183.2297
2009-10-30,SP500,1149.1014
2009-11-02,SP500,1158.7124
2009-11-03,SP500,1170.5622
2009-11-04,SP500,1164.0200
2009-11-05,SP500,1178.0789
2009-11-06,SP500,1181.5839
2009-11-09,SP500,1198.3182
2009-11-10,SP500,1199.9867
2009-11-11,SP500,1200.3259
2009-11-12,SP500,1197.3328
2009-11-13,SP500,1208.5890
2009-11-16,SP500,1218.3696
2009-11-17,SP500,1227.0118
2009-11-18,SP500,1219.9037
2009-11-19,SP500,1211.1418
2009-11-20,SP500,1211.3736
2009-11-23,SP500,1215.3728
2009-11-24,SP500,1214.7171
2009-11-25,SP500,1211.1251
2009-11-27,SP500,1203.7136
2009-11-30,SP500,1199.9468
2009-12-01,SP500,1210.3888
2009-12-02,SP500,1209.6753
2009-12-03,SP500,1197.1759
2009-12-04,SP500,1207.9307
2009-12-07,SP500,1227.9029
2009-12-08,SP500,1216.5358
2009-12-09,SP500,1221.6278
2009-12-10,SP500,1232.0503
2009-12-11,SP500,1234.3295
2009-12-14,SP500,1252.5091
2009-12-15,SP500,1254.6386
2009-12-16,SP500,1254.4299
2009-12-17,SP500,1258.4257
2009-12-18,SP500,1266.1993
2009-12-21,SP500,1276.8583
2009-12-22,SP500,1289.4251
2009-12-23,SP500,1292.9392
2009-12-24,SP500,1288.7207
2009-12-28,SP500,1289.7536
2009-12-29,SP500,1285.6717
2009-12-30,SP500,1294.5599
2009-12-31,SP500,1275.5102
2010-01-04,SP500,1297.5607
2010-01-05,SP500,1296.8426
2010-01-06,SP500,1306.4320
2010-01-07,SP500,1315.9536
2010-01-08,SP500,1322.6161
2010-01-11,SP500,1301.6658
2010-01-12,SP500,1293.6399
2010-01-13,SP500,1297.1915
2010-01-14,SP500,1307.2760
2010-01-15,SP500,1303.2559
2010-01-19,SP500,1328.3283
2010-01-20,SP500,1328.1206
2010-01-21,SP500,1309.2932
2010-01-22,SP500,1273.8663
2010-01-25,SP500,1278.3055
2010-01-26,SP500,1278.9066
2010-01-27,SP500,1286.3914
2010-01-28,SP500,1277.9270
2010-01-29,SP500,1268.3660
2010-02-01,SP500,1291.3606
2010-02-02,SP500,1305.8693
2010-02-03,SP500,1294.7941
2010-02-04,SP500,1266.9171
2010-02-05,SP500,1285.0632
2010-02-08,SP500,1275.5905
2010-02-09,SP500,1284.2878
2010-02-10,SP500,1283.6171
2010-02-11,SP500,1298.3015
2010-02-12,SP500,1308.9449
2010-02-16,SP500,1325.1667
2010-02-17,SP500,1323.5465
2010-02-18,SP500,1347.9841
2010-02-19,SP500,1355.9361
2010-02-22,SP500,1343.9087
2010-02-23,SP500,1332.4372
2010-02-24,SP500,1348.6307
2010-02-25,SP500,1351.9460
2010-02-26,SP500,1345.8143
2010-03-01,SP500,1364.0444
2010-03-02,SP500,1364.9026
2010-03-03,SP500,1356.3815
2010-03-04,SP500,1358.7942
2010-03-05,SP500,1386.5999
2010-03-08,SP500,1378.4878
2010-03-09,SP500,1391.6058
2010-03-10,SP500,1392.6378
2010-03-11,SP500,1393.9226
2010-03-12,SP500,1382.7025
2010-03-15,SP500,1389.4126
2010-03-16,SP500,1398.3969
2010-03-17,SP500,1403.1840
2010-03-18,SP500,1412.6135
2010-03-19,SP500,1417.0358
2010-03-22,SP500,1432.4401
2010-03-23,SP500,1437.7542
2010-03-24,SP500,1449.2728
2010-03-25,SP500,1444.8562
2010-03-26,SP500,1446.2518
2010-03-29,SP500,1441.9939
2010-03-30,SP500,1441.0399
2010-03-31,SP500,1436.6644
2010-04-01,SP500,1448.5521
2010-04-05,SP500,1460.0831
2010-04-06,SP500,1470.4091
2010-04-07,SP500,1468.5458
2010-04-08,SP500,1478.4296
2010-04-09,SP500,1478.5266
2010-04-12,SP500,1459.2566
2010-04-13,SP500,1460.5831
2010-04-14,SP500,1473.4191
2010-04-15,SP500,1482.3833
2010-04-16,SP500,1459.4459
2010-04-19,SP500,1477.3079
2010-04-20,SP500,1483.2641
2010-04-21,SP500,1494.2870
2010-04-22,SP500,1501.5594
2010-04-23,SP500,1515.4308
2010-04-26,SP500,1507.8073
2010-04-27,SP500,1475.9970
2010-04-28,SP500,1490.8494
2010-04-29,SP500,1509.0072
2010-04-30,SP500,1477.3189
2010-05-03,SP500,1505.4162
2010-05-04,SP500,1486.2633
2010-05-05,SP500,1495.8604
2010-05-06,SP500,1470.0636
2010-05-07,SP500,1445.4103
2010-05-10,SP500,1483.0673
2010-05-11,SP500,1509.8834
2010-05-12,SP500,1532.5950
2010-05-13,SP500,1525.9871
2010-05-14,SP500,1508.7016
2010-05-17,SP500,1528.1480
2010-05-18,SP500,1497.1436
2010-05-19,SP500,1508.7857
2010-05-20,SP500,1442.5977
2010-05-21,SP500,1445.1869
2010-05-24,SP500,1442.3706
2010-05-25,SP500,1459.0526
2010-05-26,SP500,1440.9375
2010-05-27,SP500,1495.3978
2010-05-28,SP500,1461.5471
2010-06-01,SP500,1463.5870
2010-06-02,SP500,1493.9024
2010-06-03,SP500,1493.9028
2010-06-04,SP500,1467.4295
2010-06-07,SP500,1459.8796
2010-06-08,SP500,1478.2198
2010-06-09,SP500,1461.2074
2010-06-10,SP500,1499.9501
2010-06-11,SP500,1496.8748
2010-06-14,SP500,1479.3208
2010-06-15,SP500,1512.9793
2010-06-16,SP500,1509.8314
2010-06-17,SP500,1501.4560
2010-06-18,SP500,1502.3440
2010-06-21,SP500,1494.2701
2010-06-22,SP500,1486.4171
2010-06-23,SP500,1480.4417
2010-06-24,SP500,1456.6384
2010-06-25,SP500,1457.0034
2010-06-28,SP500,1449.0153
2010-06-29,SP500,1420.3558
2010-06-30,SP500,1397.7915
2010-07-01,SP500,1386.8998
2010-07-02,SP500,1356.2799
2010-07-06,SP500,1360.1796
2010-07-07,SP500,1404.8063
2010-07-08,SP500,1407.6619
2010-07-09,SP500,1420.3845
2010-07-12,SP500,1428.8101
2010-07-13,SP500,1451.2451
2010-07-14,SP500,1435.7395
2010-07-15,SP500,1423.4487
2010-07-16,SP500,1364.1770
2010-07-19,SP500,1376.9083
2010-07-20,SP500,1404.9206
2010-07-21,SP500,1390.0288
2010-07-22,SP500,1417.7121
2010-07-23,SP500,1424.1684
2010-07-26,SP500,1436.3390
2010-07-27,SP500,1423.6093
2010-07-28,SP500,1418.3036
2010-07-29,SP500,1404.3079
2010-07-30,SP500,1408.8118
2010-08-02,SP500,1434.9040
2010-08-03,SP500,1412.0490
2010-08-04,SP500,1422.6943
2010-08-05,SP500,1423.3237
2010-08-06,SP500,1419.0726
2010-08-09,SP500,1418.5921
2010-08-10,SP500,1423.0412
2010-08-11,SP500,1396.0741
2010-08-12,SP500,1413.2994
2010-08-13,SP500,1406.6646
2010-08-16,SP500,1404.6021
2010-08-17,SP500,1417.7139
2010-08-18,SP500,1417.8106
2010-08-19,SP500,1398.5977
2010-08-20,SP500,1407.1828
2010-08-23,SP500,1402.2906
2010-08-24,SP500,1392.1577
2010-08-25,SP500,1396.6701
2010-08-26,SP500,1377.2473
2010-08-27,SP500,1398.2537
2010-08-30,SP500,1379.3622
2010-08-31,SP500,1382.1373
2010-09-01,SP500,1409.7343
2010-09-02,SP500,1420.6428
2010-09-03,SP500,1437.6656
2010-09-07,SP500,1431.3010
2010-09-08,SP500,1446.1762
2010-09-09,SP500,1451.1128
2010-09-10,SP500,1457.0530
2010-09-13,SP500,1465.0496
2010-09-14,SP500,1458.4202
2010-09-15,SP500,1447.9483
2010-09-16,SP500,1437.8116
2010-09-17,SP500,1440.9878
2010-09-20,SP500,1461.3737
2010-09-21,SP500,1452.5457
2010-09-22,SP500,1419.3131
2010-09-23,SP500,1411.8216
2010-09-24,SP500,1432.1801
2010-09-27,SP500,1417.2145
2010-09-28,SP500,1426.1441
2010-09-29,SP500,1406.8327
2010-09-30,SP500,1398.7031
2010-10-01,SP500,1396.9256
2010-10-04,SP500,1387.9241
2010-10-05,SP500,1409.1582
2010-10-06,SP500,1401.1980
2010-10-07,SP500,1387.4804
2010-10-08,SP500,1405.6365
2010-10-11,SP500,1399.5910
2010-10-12,SP500,1415.3980
2010-10-13,SP500,1412.8671
2010-10-14,SP500,1393.4473
2010-10-15,SP500,1397.4519
2010-10-18,SP500,1427.1517
2010-10-19,SP500,1408.2329
2010-10-20,SP500,1423.0647
2010-10-21,SP500,1409.9030
2010-10-22,SP500,1421.5803
2010-10-25,SP500,1414.8029
2010-10-26,SP500,1426.9192
2010-10-27,SP500,1434.5070
2010-10-28,SP500,1430.6487
2010-10-29,SP500,1430.0281
2010-11-01,SP500,1424.2927
2010-11-02,SP500,1425.9238
2010-11-03,SP500,1431.8396
2010-11-04,SP500,1436.1275
2010-11-05,SP500,1458.2292
2010-11-08,SP500,1472.7958
2010-11-09,SP500,1458.4797
2010-11-10,SP500,1483.7764
2010-11-11,SP500,1485.0219
2010-11-12,SP500,1466.3919
2010-11-15,SP500,1473.8368
2010-11-16,SP500,1451.8513
2010-11-17,SP500,1466.5084
2010-11-18,SP500,1470.9313
2010-11-19,SP500,1471.8370
2010-11-22,SP500,1472.4995
2010-11-23,SP500,1467.7608
2010-11-24,SP500,1507.2795
2010-11-26,SP500,1509.2855
2010-11-29,SP500,1516.6818
2010-11-30,SP500,1524.7269
2010-12-01,SP500,1544.0107
2010-12-02,SP500,1559.0726
2010-12-03,SP500,1552.4686
2010-12-06,SP500,1546.5362
2010-12-07,SP500,1537.7459
2010-12-08,SP500,1562.9015
2010-12-09,SP500,1567.3680
2010-12-10,SP500,1573.2181
2010-12-13,SP500,1570.8148
2010-12-14,SP500,1552.6088
2010-12-15,SP500,1553.3608
2010-12-16,SP500,1577.4210
2010-12-17,SP500,1576.1312
2010-12-20,SP500,1593.7629
2010-12-21,SP500,1602.6302
2010-12-22,SP500,1613.5524
2010-12-23,SP500,1616.9398
2010-12-27,SP500,1609.0666
2010-12-28,SP500,1603.1224
2010-12-29,SP500,1612.2336
2010-12-30,SP500,1592.3945
2010-12-31,SP500,1582.3156
2011-01-03,SP500,1601.9629
2011-01-04,SP500,1591.1855
2011-01-05,SP500,1624.5364
2011-01-06,SP500,1636.8192
2011-01-07,SP500,1650.1891
2011-01-10,SP500,1655.3206
2011-01-11,SP500,1655.7152
2011-01-12,SP500,1667.5866
2011-01-13,SP500,1636.2300
2011-01-14,SP500,1629.8449
2011-01-18,SP500,1629.4368
2011-01-19,SP500,1597.0457
2011-01-20,SP500,1599.0053
2011-01-21,SP500,1597.0934
2011-01-24,SP500,1600.4937
2011-01-25,SP500,1598.0214
2011-01-26,SP500,1594.8541
2011-01-27,SP500,1594.4371
2011-01-28,SP500,1566.7031
2011-01-31,SP500,1580.7770
2011-02-01,SP500,1599.8110
2011-02-02,SP500,1590.1905
2011-02-03,SP500,1600.8875
2011-02-04,SP500,1618.9568
2011-02-07,SP500,1638.4565
2011-02-08,SP500,1635.9297
2011-02-09,SP500,1630.1311
2011-02-10,SP500,1636.6583
2011-02-11,SP500,1655.6345
2011-02-14,SP500,1670.3050
2011-02-15,SP500,1656.4766
2011-02-16,SP500,1667.1355
2011-02-17,SP500,1666.2389
2011-02-18,SP500,1661.2534
2011-02-22,SP500,1622.4117
2011-02-23,SP500,1605.0469
2011-02-24,SP500,1598.9472
2011-02-25,SP500,1617.5338
2011-02-28,SP500,1618.1510
2011-03-01,SP500,1593.7216
2011-03-02,SP500,1598.4068
2011-03-03,SP500,1621.1770
2011-03-04,SP500,1596.8905
2011-03-07,SP500,1575.6059
2011-03-08,SP500,1604.8352
2011-03-09,SP500,1599.4399
2011-03-10,SP500,1581.8556
2011-03-11,SP500,1598.6423
2011-03-14,SP500,1569.0852
2011-03-15,SP500,1558.6719
2011-03-16,SP500,1520.9949
2011-03-17,SP500,1535.5826
2011-03-18,SP500,1528.4430
2011-03-21,SP500,1544.3780
2011-03-22,SP500,1537.2388
2011-03-23,SP500,1549.9151
2011-03-24,SP500,1565.2746
2011-03-25,SP500,1571.6755
2011-03-28,SP500,1576.6249
2011-03-29,SP500,1584.2527
2011-03-30,SP500,1592.2995
2011-03-31,SP500,1576.2933
2011-04-01,SP500,1591.5282
2011-04-04,SP500,1581.2078
2011-04-05,SP500,1589.1995
2011-04-06,SP500,1578.3987
2011-04-07,SP500,1577.9318
2011-04-08,SP500,1558.7390
2011-04-11,SP500,1550.8591
2011-04-12,SP500,1534.9828
2011-04-13,SP500,1532.9953
2011-04-14,SP500,1542.9415
2011-04-15,SP500,1543.7370
2011-04-18,SP500,1545.4640
2011-04-19,SP500,1551.4334
2011-04-20,SP500,1549.3627
2011-04-21,SP500,1550.2195
2011-04-25,SP500,1547.7510
2011-04-26,SP500,1558.1241
2011-04-27,SP500,1562.6738
2011-04-28,SP500,1554.9952
2011-04-29,SP500,1551.6555
2011-05-02,SP500,1551.3379
2011-05-03,SP500,1552.0636
2011-05-04,SP500,1531.1315
2011-05-05,SP500,1524.2879
2011-05-06,SP500,1563.3198
2011-05-09,SP500,1581.7879
2011-05-10,SP500,1598.9135
2011-05-11,SP500,1582.1341
2011-05-12,SP500,1612.9726
2011-05-13,SP500,1585.7983
2011-05-16,SP500,1591.3244
2011-05-17,SP500,1587.9967
2011-05-18,SP500,1595.9584
2011-05-19,SP500,1595.3102
2011-05-20,SP500,1586.1558
2011-05-23,SP500,1591.5193
2011-05-24,SP500,1582.4331
2011-05-25,SP500,1589.8429
2011-05-26,SP500,1585.3542
2011-05-27,SP500,1581.3109
2011-05-31,SP500,1584.7479
2011-06-01,SP500,1546.3353
2011-06-02,SP500,1538.9766
2011-06-03,SP500,1521.1279
2011-06-06,SP500,1493.6557
2011-06-07,SP500,1486.5888
2011-06-08,SP500,1485.1451
2011-06-09,SP500,1495.4975
2011-06-10,SP500,1487.6432
2011-06-13,SP500,1502.8214
2011-06-14,SP500,1511.9601
2011-06-15,SP500,1501.8541
2011-06-16,SP500,1526.5333
2011-06-17,SP500,1511.6608
2011-06-20,SP500,1523.5687
2011-06-21,SP500,1529.3605
2011-06-22,SP500,1517.0036
2011-06-23,SP500,1532.4023
2011-06-24,SP500,1513.5795
2011-06-27,SP500,1529.0954
2011-06-28,SP500,1543.1456
2011-06-29,SP500,1538.4402
2011-06-30,SP500,1550.9997
2011-07-01,SP500,1569.7543
2011-07-05,SP500,1570.6314
2011-07-06,SP500,1588.5039
2011-07-07,SP500,1613.1888
2011-07-08,SP500,1602.5278
2011-07-11,SP500,1594.3868
2011-07-12,SP500,1596.5294
2011-07-13,SP500,1590.4854
2011-07-14,SP500,1565.4767
2011-07-15,SP500,1580.4114
2011-07-18,SP500,1578.8893
2011-07-19,SP500,1591.6031
2011-07-20,SP500,1585.5001
2011-07-21,SP500,1605.4212
2011-07-22,SP500,1588.0342
2011-07-25,SP500,1580.2990
2011-07-26,SP500,1563.9209
2011-07-27,SP500,1534.8817
2011-07-28,SP500,1550.0211
2011-07-29,SP500,1540.0281
2011-08-01,SP500,1517.1696
2011-08-02,SP500,1503.9521
2011-08-03,SP500,1498.2937
2011-08-04,SP500,1433.8323
2011-08-05,SP500,1440.5087
2011-08-08,SP500,1338.1160
2011-08-09,SP500,1397.4627
2011-08-10,SP500,1327.0203
2011-08-11,SP500,1410.6908
2011-08-12,SP500,1407.4878
2011-08-15,SP500,1432.3223
2011-08-16,SP500,1413.5933
2011-08-17,SP500,1403.8890
2011-08-18,SP500,1351.4650
2011-08-19,SP500,1329.6976
2011-08-22,SP500,1327.4613
2011-08-23,SP500,1368.3377
2011-08-24,SP500,1389.2677
2011-08-25,SP500,1368.5247
2011-08-26,SP500,1391.5498
2011-08-29,SP500,1422.6893
2011-08-30,SP500,1434.7800
2011-08-31,SP500,1437.2180
2011-09-01,SP500,1436.6819
2011-09-02,SP500,1403.3672
2011-09-06,SP500,1408.3765
2011-09-07,SP500,1455.5785
2011-09-08,SP500,1439.3478
2011-09-09,SP500,1423.9487
2011-09-12,SP500,1450.8641
2011-09-13,SP500,1465.7970
2011-09-14,SP500,1476.4659
2011-09-15,SP500,1494.9257
2011-09-16,SP500,1507.3111
2011-09-19,SP500,1505.5641
2011-09-20,SP500,1495.5433
2011-09-21,SP500,1459.5189
2011-09-22,SP500,1432.7484
2011-09-23,SP500,1443.5815
2011-09-26,SP500,1469.6074
2011-09-27,SP500,1476.6845
2011-09-28,SP500,1440.9801
2011-09-29,SP500,1454.4473
2011-09-30,SP500,1429.8971
2011-10-03,SP500,1407.6311
2011-10-04,SP500,1455.4207
2011-10-05,SP500,1464.8497
2011-10-06,SP500,1499.4423
2011-10-07,SP500,1468.9743
2011-10-10,SP500,1501.3316
2011-10-11,SP500,1500.6247
2011-10-12,SP500,1498.0532
2011-10-13,SP500,1497.9675
2011-10-14,SP500,1515.1662
2011-10-17,SP500,1489.2132
2011-10-18,SP500,1530.7326
2011-10-19,SP500,1494.9957
2011-10-20,SP500,1504.1283
2011-10-21,SP500,1533.4542
2011-10-24,SP500,1546.7161
2011-10-25,SP500,1508.9596
2011-10-26,SP500,1523.8889
2011-10-27,SP500,1563.7697
2011-10-28,SP500,1550.9392
2011-10-31,SP500,1529.7551
2011-11-01,SP500,1527.8271
2011-11-02,SP500,1532.1167
2011-11-03,SP500,1565.2872
2011-11-04,SP500,1555.4637
2011-11-07,SP500,1568.9128
2011-11-08,SP500,1582.9780
2011-11-09,SP500,1542.3751
2011-11-10,SP500,1557.8289
2011-11-11,SP500,1584.2344
2011-11-14,SP500,1568.2627
2011-11-15,SP500,1590.8957
2011-11-16,SP500,1570.4835
2011-11-17,SP500,1544.5846
2011-11-18,SP500,1533.1614
2011-11-21,SP500,1517.8407
2011-11-22,SP500,1503.0735
2011-11-23,SP500,1486.1732
2011-11-25,SP500,1500.1134
2011-11-28,SP500,1530.4166
2011-11-29,SP500,1535.7379
2011-11-30,SP500,1592.6964
2011-12-01,SP500,1580.9888
2011-12-02,SP500,1578.4471
2011-12-05,SP500,1602.9459
2011-12-06,SP500,1610.4973
2011-12-07,SP500,1616.2593
2011-12-08,SP500,1578.2326
2011-12-09,SP500,1608.0020
2011-12-12,SP500,1599.9924
2011-12-13,SP500,1594.8334
2011-12-14,SP500,1599.7152
2011-12-15,SP500,1601.8434
2011-12-16,SP500,1601.4849
2011-12-19,SP500,1585.7581
2011-12-20,SP500,1628.9352
2011-12-21,SP500,1634.6408
2011-12-22,SP500,1649.4520
2011-12-23,SP500,1663.0926
2011-12-27,SP500,1661.7262
2011-12-28,SP500,1640.7298
2011-12-29,SP500,1682.1477
2011-12-30,SP500,1668.5524
2012-01-03,SP500,1684.6472
2012-01-04,SP500,1693.9141
2012-01-05,SP500,1714.2534
2012-01-06,SP500,1718.0495
2012-01-09,SP500,1728.4727
2012-01-10,SP500,1732.9638
2012-01-11,SP500,1745.9349
2012-01-12,SP500,1747.5974
2012-01-13,SP500,1734.1868
2012-01-17,SP500,1737.7561
2012-01-18,SP500,1751.7262
2012-01-19,SP500,1749.5160
2012-01-20,SP500,1751.9533
2012-01-23,SP500,1737.3204
2012-01-24,SP500,1737.4606
2012-01-25,SP500,1760.8021
2012-01-26,SP500,1723.7277
2012-01-27,SP500,1721.0727
2012-01-30,SP500,1721.3730
2012-01-31,SP500,1711.9687
2012-02-01,SP500,1727.6964
2012-02-02,SP500,1740.4307
2012-02-03,SP500,1757.2112
2012-02-06,SP500,1772.3892
2012-02-07,SP500,1766.3921
2012-02-08,SP500,1749.3673
2012-02-09,SP500,1750.1205
2012-02-10,SP500,1751.1563
2012-02-13,SP500,1754.7986
2012-02-14,SP500,1764.7506
2012-02-15,SP500,1766.1778
2012-02-16,SP500,1801.0477
2012-02-17,SP500,1781.0395
2012-02-21,SP500,1773.8692
2012-02-22,SP500,1766.9463
2012-02-23,SP500,1765.4963
2012-02-24,SP500,1753.9070
2012-02-27,SP500,1759.5907
2012-02-28,SP500,1757.1206
2012-02-29,SP500,1750.5244
2012-03-01,SP500,1778.7486
2012-03-02,SP500,1785.7910
2012-03-05,SP500,1778.5779
2012-03-06,SP500,1760.2144
2012-03-07,SP500,1777.3551
2012-03-08,SP500,1778.4398
2012-03-09,SP500,1791.7975
2012-03-12,SP500,1802.0429
2012-03-13,SP500,1844.0607
2012-03-14,SP500,1841.2035
2012-03-15,SP500,1852.9296
2012-03-16,SP500,1846.6683
2012-03-19,SP500,1849.2243
2012-03-20,SP500,1836.9904
2012-03-21,SP500,1829.8828
2012-03-22,SP500,1824.7968
2012-03-23,SP500,1820.0875
2012-03-26,SP500,1840.6447
2012-03-27,SP500,1827.8032
2012-03-28,SP500,1818.6624
2012-03-29,SP500,1824.6684
2012-03-30,SP500,1819.9086
2012-04-02,SP500,1838.7868
2012-04-03,SP500,1832.4370
2012-04-04,SP500,1837.6579
2012-04-05,SP500,1847.5665
2012-04-09,SP500,1826.6223
2012-04-10,SP500,1789.1338
2012-04-11,SP500,1800.3885
2012-04-12,SP500,1822.1622
2012-04-13,SP500,1800.1522
2012-04-16,SP500,1816.3774
2012-04-17,SP500,1829.3406
2012-04-18,SP500,1827.3658
2012-04-19,SP500,1817.5760
2012-04-20,SP500,1805.1244
2012-04-23,SP500,1798.3018
2012-04-24,SP500,1800.8054
2012-04-25,SP500,1819.4078
2012-04-26,SP500,1830.4123
2012-04-27,SP500,1832.9277
2012-04-30,SP500,1827.9249
2012-05-01,SP500,1838.2777
2012-05-02,SP500,1845.4726
2012-05-03,SP500,1832.7897
2012-05-04,SP500,1802.0027
2012-05-07,SP500,1816.3585
2012-05-08,SP500,1809.9424
2012-05-09,SP500,1808.7336
2012-05-10,SP500,1812.3061
2012-05-11,SP500,1808.7376
2012-05-14,SP500,1800.0855
2012-05-15,SP500,1792.8522
2012-05-16,SP500,1800.2904
2012-05-17,SP500,1781.2095
2012-05-18,SP500,1762.6366
2012-05-21,SP500,1786.8549
2012-05-22,SP500,1785.2443
2012-05-23,SP500,1803.7445
2012-05-24,SP500,1821.1915
2012-05-25,SP500,1818.8426
2012-05-29,SP500,1842.6656
2012-05-30,SP500,1829.2249
2012-05-31,SP500,1830.4039
2012-06-01,SP500,1797.1189
2012-06-04,SP500,1780.7349
2012-06-05,SP500,1792.1393
2012-06-06,SP500,1825.7268
2012-06-07,SP500,1809.6705
2012-06-08,SP500,1842.9741
2012-06-11,SP500,1808.7850
2012-06-12,SP500,1837.4959
2012-06-13,SP500,1819.1558
2012-06-14,SP500,1836.3717
2012-06-15,SP500,1848.7297
2012-06-18,SP500,1848.2090
2012-06-19,SP500,1866.2414
2012-06-20,SP500,1850.7084
2012-06-21,SP500,1814.6487
2012-06-22,SP500,1846.7580
2012-06-25,SP500,1824.9359
2012-06-26,SP500,1835.5592
2012-06-27,SP500,1852.0436
2012-06-28,SP500,1857.1589
2012-06-29,SP500,1877.5139
2012-07-02,SP500,1881.7994
2012-07-03,SP500,1896.6680
2012-07-05,SP500,1910.4377
2012-07-06,SP500,1900.5737
2012-07-09,SP500,1910.4531
2012-07-10,SP500,1896.1823
2012-07-11,SP500,1900.2528
2012-07-12,SP500,1903.5064
2012-07-13,SP500,1933.8530
2012-07-16,SP500,1930.6397
2012-07-17,SP500,1928.4750
2012-07-18,SP500,1949.1091
2012-07-19,SP500,1946.1789
2012-07-20,SP500,1940.3771
2012-07-23,SP500,1938.2239
2012-07-24,SP500,1923.2526
2012-07-25,SP500,1915.5514
2012-07-26,SP500,1927.2839
2012-07-27,SP500,1955.0784
2012-07-30,SP500,1965.5316
2012-07-31,SP500,1951.0095
2012-08-01,SP500,1943.1859
2012-08-02,SP500,1921.5212
2012-08-03,SP500,1974.4957
2012-08-06,SP500,1957.7187
2012-08-07,SP500,1958.7326
2012-08-08,SP500,1976.4591
2012-08-09,SP500,1983.7655
2012-08-10,SP500,1994.4869
2012-08-13,SP500,1979.9417
2012-08-14,SP500,1977.9468
2012-08-15,SP500,1993.1737
2012-08-16,SP500,2006.9874
2012-08-17,SP500,2001.2969
2012-08-20,SP500,2007.3089
2012-08-21,SP500,1979.7312
2012-08-22,SP500,1977.1209
2012-08-23,SP500,1944.9411
2012-08-24,SP500,1964.8196
2012-08-27,SP500,1960.2713
2012-08-28,SP500,1956.0009
2012-08-29,SP500,1958.5891
2012-08-30,SP500,1943.7181
2012-08-31,SP500,1943.2242
2012-09-04,SP500,1945.9417
2012-09-05,SP500,1944.5143
2012-09-06,SP500,1975.0911
2012-09-07,SP500,1972.5878
2012-09-10,SP500,1949.8357
2012-09-11,SP500,1954.2895
2012-09-12,SP500,1942.3388
2012-09-13,SP500,1972.1379
2012-09-14,SP500,1951.9892
2012-09-17,SP500,1947.3178
2012-09-18,SP500,1949.6323
2012-09-19,SP500,1959.7832
2012-09-20,SP500,1966.2730
2012-09-21,SP500,1960.9793
2012-09-24,SP500,1967.5054
2012-09-25,SP500,1944.6567
2012-09-26,SP500,1946.9988
2012-09-27,SP500,1961.4960
2012-09-28,SP500,1944.2614
2012-10-01,SP500,1957.5289
2012-10-02,SP500,1951.3380
2012-10-03,SP500,1962.7945
2012-10-04,SP500,1969.7166
2012-10-05,SP500,1962.0289
2012-10-08,SP500,1961.8845
2012-10-09,SP500,1943.2872
2012-10-10,SP500,1940.9962
2012-10-11,SP500,1937.3432
2012-10-12,SP500,1923.8859
2012-10-15,SP500,1939.2799
2012-10-16,SP500,1947.9381
2012-10-17,SP500,1945.1601
2012-10-18,SP500,1940.8065
2012-10-19,SP500,1920.8286
2012-10-22,SP500,1917.5993
2012-10-23,SP500,1898.3314
2012-10-24,SP500,1901.6998
2012-10-25,SP500,1899.9462
2012-10-26,SP500,1911.0629
2012-10-31,SP500,1899.1072
2012-11-01,SP500,1922.6743
2012-11-02,SP500,1923.1907
2012-11-05,SP500,1938.5927
2012-11-06,SP500,1950.3593
2012-11-07,SP500,1913.9181
2012-11-08,SP500,1892.0540
2012-11-09,SP500,1901.6228
2012-11-12,SP500,1895.7519
2012-11-13,SP500,1894.5966
2012-11-14,SP500,1864.6393
2012-11-15,SP500,1857.4162
2012-11-16,SP500,1868.1993
2012-11-19,SP500,1902.8914
2012-11-20,SP500,1897.3300
2012-11-21,SP500,1902.3584
2012-11-23,SP500,1911.8910
2012-11-26,SP500,1899.9692
2012-11-27,SP500,1890.6566
2012-11-28,SP500,1916.4300
2012-11-29,SP500,1909.6659
2012-11-30,SP500,1911.1505
2012-12-03,SP500,1891.7593
2012-12-04,SP500,1883.5166
2012-12-05,SP500,1890.9989
2012-12-06,SP500,1896.7258
2012-12-07,SP500,1927.0361
2012-12-10,SP500,1924.0371
2012-12-11,SP500,1927.2532
2012-12-12,SP500,1921.5951
2012-12-13,SP500,1904.5347
2012-12-14,SP500,1896.1548
2012-12-17,SP500,1907.1733
2012-12-18,SP500,1926.4835
2012-12-19,SP500,1894.1062
2012-12-20,SP500,1912.9623
2012-12-21,SP500,1900.4619
2012-12-24,SP500,1894.7723
2012-12-26,SP500,1885.7165
2012-12-27,SP500,1876.9561
2012-12-28,SP500,1868.0952
2012-12-31,SP500,1898.1658
2013-01-02,SP500,1936.7743
2013-01-03,SP500,1956.3349
2013-01-04,SP500,1979.4497
2013-01-07,SP500,1969.1923
2013-01-08,SP500,1956.4190
2013-01-09,SP500,1966.1612
2013-01-10,SP500,1972.4853
2013-01-11,SP500,1948.6891
2013-01-14,SP500,1937.0887
2013-01-15,SP500,1941.3221
2013-01-16,SP500,1949.2506
2013-01-17,SP500,1946.9179
2013-01-18,SP500,1960.0270
2013-01-22,SP500,1969.8280
2013-01-23,SP500,1970.9152
2013-01-24,SP500,1968.1849
2013-01-25,SP500,1961.2740
2013-01-28,SP500,1961.3434
2013-01-29,SP500,1973.0737
2013-01-30,SP500,1950.2031
2013-01-31,SP500,1944.0295
2013-02-01,SP500,1950.0879
2013-02-04,SP500,1940.7099
2013-02-05,SP500,1963.3301
2013-02-06,SP500,1967.5594
2013-02-07,SP500,1960.6084
2013-02-08,SP500,1997.0466
2013-02-11,SP500,1993.4061
2013-02-12,SP500,1989.7083
2013-02-13,SP500,1985.6084
2013-02-14,SP500,2010.0323
2013-02-15,SP500,2008.4127
2013-02-19,SP500,2019.8217
2013-02-20,SP500,1991.7277
2013-02-21,SP500,2007.2425
2013-02-22,SP500,2025.1480
2013-02-25,SP500,1970.4299
2013-02-26,SP500,2017.1981
2013-02-27,SP500,2040.2459
2013-02-28,SP500,2033.6049
2013-03-01,SP500,2058.5999
2013-03-04,SP500,2066.9947
2013-03-05,SP500,2082.5150
2013-03-06,SP500,2085.2091
2013-03-07,SP500,2093.2129
2013-03-08,SP500,2089.8930
2013-03-11,SP500,2112.3673
2013-03-12,SP500,2097.8703
2013-03-13,SP500,2112.9883
2013-03-14,SP500,2132.1018
2013-03-15,SP500,2104.4017
2013-03-18,SP500,2118.2458
2013-03-19,SP500,2110.7000
2013-03-20,SP500,2124.6967
2013-03-21,SP500,2112.8505
2013-03-22,SP500,2121.7563
2013-03-25,SP500,2116.7994
2013-03-26,SP500,2146.2717
2013-03-27,SP500,2160.7535
2013-03-28,SP500,2163.2566
2013-04-01,SP500,2153.7135
2013-04-02,SP500,2158.9643
2013-04-03,SP500,2138.5874
2013-04-04,SP500,2149.0638
2013-04-05,SP500,2119.0205
2013-04-08,SP500,2120.1336
2013-04-09,SP500,2124.8774
2013-04-10,SP500,2143.3670
2013-04-11,SP500,2145.7581
2013-04-12,SP500,2150.7049
2013-04-15,SP500,2096.6515
2013-04-16,SP500,2118.8667
2013-04-17,SP500,2088.5140
2013-04-18,SP500,2087.9417
2013-04-19,SP500,2095.2649
2013-04-22,SP500,2117.6651
2013-04-23,SP500,2147.4673
2013-04-24,SP500,2145.1099
2013-04-25,SP500,2141.6514
2013-04-26,SP500,2151.1193
2013-04-29,SP500,2147.7846
2013-04-30,SP500,2159.8990
2013-05-01,SP500,2139.9021
2013-05-02,SP500,2140.7172
2013-05-03,SP500,2176.2085
2013-05-06,SP500,2181.5367
2013-05-07,SP500,2193.0724
2013-05-08,SP500,2198.4089
2013-05-09,SP500,2190.1537
2013-05-10,SP500,2225.7238
2013-05-13,SP500,2228.6055
2013-05-14,SP500,2250.9980
2013-05-15,SP500,2283.1001
2013-05-16,SP500,2267.1838
2013-05-17,SP500,2294.3197
2013-05-20,SP500,2295.5964
2013-05-21,SP500,2297.2874
2013-05-22,SP500,2268.4981
2013-05-23,SP500,2268.3348
2013-05-24,SP500,2258.1961
2013-05-28,SP500,2272.7237
2013-05-29,SP500,2254.6170
2013-05-30,SP500,2264.6708
2013-05-31,SP500,2221.6361
2013-06-03,SP500,2234.7093
2013-06-04,SP500,2208.2341
2013-06-05,SP500,2182.5131
2013-06-06,SP500,2192.7885
2013-06-07,SP500,2197.1795
2013-06-10,SP500,2205.0344
2013-06-11,SP500,2172.1314
2013-06-12,SP500,2153.8150
2013-06-13,SP500,2179.7372
2013-06-14,SP500,2168.8642
2013-06-17,SP500,2179.7407
2013-06-18,SP500,2190.6760
2013-06-19,SP500,2155.1917
2013-06-20,SP500,2134.4242
2013-06-21,SP500,2143.3763
2013-06-24,SP500,2132.5538
2013-06-25,SP500,2145.1499
2013-06-26,SP500,2184.4595
2013-06-27,SP500,2196.8385
2013-06-28,SP500,2179.4036
2013-07-01,SP500,2198.6729
2013-07-02,SP500,2201.3367
2013-07-03,SP500,2213.0181
2013-07-05,SP500,2248.7931
2013-07-08,SP500,2267.0817
2013-07-09,SP500,2282.2665
2013-07-10,SP500,2290.6189
2013-07-11,SP500,2280.7881
2013-07-12,SP500,2289.5811
2013-07-15,SP500,2296.6109
2013-07-16,SP500,2269.5990
2013-07-17,SP500,2273.0284
2013-07-18,SP500,2292.2248
2013-07-19,SP500,2290.7337
2013-07-22,SP500,2287.9387
2013-07-23,SP500,2281.2746
2013-07-24,SP500,2261.2865
2013-07-25,SP500,2274.6629
2013-07-26,SP500,2266.5988
2013-07-29,SP500,2256.5561
2013-07-30,SP500,2255.1038
2013-07-31,SP500,2256.6629
2013-08-01,SP500,2291.9236
2013-08-02,SP500,2301.4693
2013-08-05,SP500,2288.9266
2013-08-06,SP500,2271.9578
2013-08-07,SP500,2259.7744
2013-08-08,SP500,2259.7305
2013-08-09,SP500,2249.8991
2013-08-12,SP500,2263.1174
2013-08-13,SP500,2268.1941
2013-08-14,SP500,2264.9097
2013-08-15,SP500,2223.8701
2013-08-16,SP500,2209.4902
2013-08-19,SP500,2195.9458
2013-08-20,SP500,2196.5204
2013-08-21,SP500,2185.2436
2013-08-22,SP500,2214.1860
2013-08-23,SP500,2217.9409
2013-08-26,SP500,2208.0158
2013-08-27,SP500,2176.7057
2013-08-28,SP500,2181.6364
2013-08-29,SP500,2199.5778
2013-08-30,SP500,2197.9297
2013-09-03,SP500,2217.7573
2013-09-04,SP500,2236.4438
2013-09-05,SP500,2233.9570
2013-09-06,SP500,2248.8374
2013-09-09,SP500,2258.1855
2013-09-10,SP500,2266.8883
2013-09-11,SP500,2269.3246
2013-09-12,SP500,2258.5554
2013-09-13,SP500,2263.8511
2013-09-16,SP500,2266.1825
2013-09-17,SP500,2275.9434
2013-09-18,SP500,2304.3814
2013-09-19,SP500,2267.7077
2013-09-20,SP500,2256.5265
2013-09-23,SP500,2246.8834
2013-09-24,SP500,2247.1016
2013-09-25,SP500,2235.8635
2013-09-26,SP500,2244.9144
2013-09-27,SP500,2229.6225
2013-09-30,SP500,2221.5327
2013-10-01,SP500,2231.3560
2013-10-02,SP500,2236.7369
2013-10-03,SP500,2203.7738
2013-10-04,SP500,2219.5616
2013-10-07,SP500,2204.0892
2013-10-08,SP500,2176.9372
2013-10-09,SP500,2188.2352
2013-10-10,SP500,2233.5427
2013-10-11,SP500,2241.9504
2013-10-14,SP500,2251.4303
2013-10-15,SP500,2247.2912
2013-10-16,SP500,2267.1927
2013-10-17,SP500,2265.7151
2013-10-18,SP500,2276.9439
2013-10-21,SP500,2280.0103
2013-10-22,SP500,2291.9263
2013-10-23,SP500,2268.1791
2013-10-24,SP500,2266.8670
2013-10-25,SP500,2281.4545
2013-10-28,SP500,2283.3431
2013-10-29,SP500,2298.8888
2013-10-30,SP500,2290.0254
2013-10-31,SP500,2300.4839
2013-11-01,SP500,2330.4035
2013-11-04,SP500,2338.5680
2013-11-05,SP500,2334.3412
2013-11-06,SP500,2341.5920
2013-11-07,SP500,2337.5384
2013-11-08,SP500,2357.3152
2013-11-11,SP500,2365.5442
2013-11-12,SP500,2353.4098
2013-11-13,SP500,2376.1758
2013-11-14,SP500,2384.3777
2013-11-15,SP500,2390.1931
2013-11-18,SP500,2371.4285
2013-11-19,SP500,2369.6638
2013-11-20,SP500,2356.7975
2013-11-21,SP500,2385.8075
2013-11-22,SP500,2389.8062
2013-11-25,SP500,2387.5463
2013-11-26,SP500,2382.3430
2013-11-27,SP500,2380.2147
2013-11-29,SP500,2375.8137
2013-12-02,SP500,2382.5798
2013-12-03,SP500,2367.7640
2013-12-04,SP500,2362.8532
2013-12-05,SP500,2352.3319
2013-12-06,SP500,2367.3157
2013-12-09,SP500,2361.1645
2013-12-10,SP500,2348.8873
2013-12-11,SP500,2319.6920
2013-12-12,SP500,2310.2215
2013-12-13,SP500,2318.1103
2013-12-16,SP500,2324.4918
2013-12-17,SP500,2321.8635
2013-12-18,SP500,2360.6008
2013-12-19,SP500,2373.7103
2013-12-20,SP500,2387.2501
2013-12-23,SP500,2392.0742
2013-12-24,SP500,2402.4774
2013-12-26,SP500,2413.8774
2013-12-27,SP500,2390.8064
2013-12-30,SP500,2395.9225
2013-12-31,SP500,2404.1694
2014-01-02,SP500,2406.4211
2014-01-03,SP500,2409.9163
2014-01-06,SP500,2409.5574
2014-01-07,SP500,2417.3081
2014-01-08,SP500,2425.8791
2014-01-09,SP500,2423.5014
2014-01-10,SP500,2433.5688
2014-01-13,SP500,2391.4384
2014-01-14,SP500,2415.0217
2014-01-15,SP500,2438.4463
2014-01-16,SP500,2436.8317
2014-01-17,SP500,2429.7041
2014-01-21,SP500,2446.9466
2014-01-22,SP500,2441.4271
2014-01-23,SP500,2406.8039
2014-01-24,SP500,2348.3158
2014-01-27,SP500,2341.9022
2014-01-28,SP500,2357.8357
2014-01-29,SP500,2341.0493
2014-01-30,SP500,2373.4935
2014-01-31,SP500,2368.2672
2014-02-03,SP500,2317.2841
2014-02-04,SP500,2331.4890
2014-02-05,SP500,2323.3331
2014-02-06,SP500,2361.8007
2014-02-07,SP500,2379.2912
2014-02-10,SP500,2371.8947
2014-02-11,SP500,2391.5911
2014-02-12,SP500,2410.2777
2014-02-13,SP500,2406.4498
2014-02-14,SP500,2412.5775
2014-02-18,SP500,2411.5287
2014-02-19,SP500,2393.4740
2014-02-20,SP500,2415.1977
2014-02-21,SP500,2410.7099
2014-02-24,SP500,2420.7063
2014-02-25,SP500,2414.1558
2014-02-26,SP500,2419.6051
2014-02-27,SP500,2444.3835
2014-02-28,SP500,2423.3547
2014-03-03,SP500,2413.4588
2014-03-04,SP500,2450.3486
2014-03-05,SP500,2457.1076
2014-03-06,SP500,2459.4325
2014-03-07,SP500,2434.5545
2014-03-10,SP500,2435.8619
2014-03-11,SP500,2429.0036
2014-03-12,SP500,2423.9001
2014-03-13,SP500,2386.3937
2014-03-14,SP500,2389.6644
2014-03-17,SP500,2408.8235
2014-03-18,SP500,2426.9745
2014-03-19,SP500,2410.1847
2014-03-20,SP500,2451.3880
2014-03-21,SP500,2441.0159
2014-03-24,SP500,2430.2019
2014-03-25,SP500,2438.4944
2014-03-26,SP500,2421.1442
2014-03-27,SP500,2422.7577
2014-03-28,SP500,2433.9197
2014-03-31,SP500,2448.1506
2014-04-01,SP500,2465.1994
2014-04-02,SP500,2471.7652
2014-04-03,SP500,2473.3135
2014-04-04,SP500,2455.0437
2014-04-07,SP500,2424.5938
2014-04-08,SP500,2425.4683
2014-04-09,SP500,2448.6082
2014-04-10,SP500,2384.8562
2014-04-11,SP500,2361.6206
2014-04-14,SP500,2388.7900
2014-04-15,SP500,2409.1140
2014-04-16,SP500,2427.9408
2014-04-17,SP500,2428.7261
2014-04-21,SP500,2437.9285
2014-04-22,SP500,2454.6429
2014-04-23,SP500,2446.5086
2014-04-24,SP500,2453.2488
2014-04-25,SP500,2431.4583
2014-04-28,SP500,2434.1967
2014-04-29,SP500,2452.0179
2014-04-30,SP500,2455.2057
2014-05-01,SP500,2455.0180
2014-05-02,SP500,2449.5817
2014-05-05,SP500,2452.2344
2014-05-06,SP500,2417.8702
2014-05-07,SP500,2435.6287
2014-05-08,SP500,2428.3595
2014-05-09,SP500,2462.8474
2014-05-12,SP500,2489.6549
2014-05-13,SP500,2502.5907
2014-05-14,SP500,2488.4030
2014-05-15,SP500,2476.4039
2014-05-16,SP500,2478.9792
2014-05-19,SP500,2485.2497
2014-05-20,SP500,2471.5224
2014-05-21,SP500,2496.6730
2014-05-22,SP500,2504.3825
2014-05-23,SP500,2522.0690
2014-05-27,SP500,2535.7017
2014-05-28,SP500,2538.8594
2014-05-29,SP500,2552.0571
2014-05-30,SP500,2557.7203
2014-06-02,SP500,2559.0624
2014-06-03,SP500,2551.8505
2014-06-04,SP500,2560.5122
2014-06-05,SP500,2588.7889
2014-06-06,SP500,2586.8494
2014-06-09,SP500,2595.8774
2014-06-10,SP500,2606.9389
2014-06-11,SP500,2598.0070
2014-06-12,SP500,2583.9519
2014-06-13,SP500,2590.9414
2014-06-16,SP500,2593.5117
2014-06-17,SP500,2592.2980
2014-06-18,SP500,2613.3008
2014-06-19,SP500,2606.0499
2014-06-20,SP500,2616.7207
2014-06-23,SP500,2614.8425
2014-06-24,SP500,2594.0447
2014-06-25,SP500,2607.3889
2014-06-26,SP500,2606.4823
2014-06-27,SP500,2608.9208
2014-06-30,SP500,2600.8053
2014-07-01,SP500,2612.9092
2014-07-02,SP500,2620.9066
2014-07-03,SP500,2637.2050
2014-07-07,SP500,2637.3970
2014-07-08,SP500,2620.1560
2014-07-09,SP500,2629.7729
2014-07-10,SP500,2618.7077
2014-07-11,SP500,2624.5532
2014-07-14,SP500,2631.0781
2014-07-15,SP500,2628.7078
2014-07-16,SP500,2655.8601
2014-07-17,SP500,2626.0480
2014-07-18,SP500,2653.0203
2014-07-21,SP500,2648.3134
2014-07-22,SP500,2668.9043
2014-07-23,SP500,2676.7917
2014-07-24,SP500,2676.7370
2014-07-25,SP500,2670.1488
2014-07-28,SP500,2672.3219
2014-07-29,SP500,2661.1437
2014-07-30,SP500,2667.3009
2014-07-31,SP500,2618.4244
2014-08-01,SP500,2607.8238
2014-08-04,SP500,2621.3009
2014-08-05,SP500,2603.9158
2014-08-06,SP500,2611.9670
2014-08-07,SP500,2593.6115
2014-08-08,SP500,2619.6668
2014-08-11,SP500,2627.7678
2014-08-12,SP500,2631.4701
2014-08-13,SP500,2647.0209
2014-08-14,SP500,2656.0757
2014-08-15,SP500,2653.2491
2014-08-18,SP500,2677.0529
2014-08-19,SP500,2696.8175
2014-08-20,SP500,2717.9238
2014-08-21,SP500,2730.5308
2014-08-22,SP500,2724.4290
2014-08-25,SP500,2751.4092
2014-08-26,SP500,2755.9960
2014-08-27,SP500,2759.8390
2014-08-28,SP500,2755.3346
2014-08-29,SP500,2762.6100
2014-09-02,SP500,2776.6070
2014-09-03,SP500,2767.3562
2014-09-04,SP500,2792.0631
2014-09-05,SP500,2820.7136
2014-09-08,SP500,2812.7442
2014-09-09,SP500,2804.1311
2014-09-10,SP500,2808.7632
2014-09-11,SP500,2812.2369
2014-09-12,SP500,2794.8806
2014-09-15,SP500,2797.2427
2014-09-16,SP500,2809.9468
2014-09-17,SP500,2812.1333
2014-09-18,SP500,2844.7250
2014-09-19,SP500,2847.8292
2014-09-22,SP500,2826.5473
2014-09-23,SP500,2800.2638
2014-09-24,SP500,2836.7690
2014-09-25,SP500,2815.9299
2014-09-26,SP500,2836.1451
2014-09-29,SP500,2836.0681
2014-09-30,SP500,2854.8438
2014-10-01,SP500,2812.8065
2014-10-02,SP500,2806.8245
2014-10-03,SP500,2841.5821
2014-10-06,SP500,2848.7226
2014-10-07,SP500,2796.2957
2014-10-08,SP500,2837.5406
2014-10-09,SP500,2753.3653
2014-10-10,SP500,2749.0346
2014-10-13,SP500,2695.0154
2014-10-14,SP500,2706.3340
2014-10-15,SP500,2680.4279
2014-10-16,SP500,2663.4559
2014-10-17,SP500,2682.2038
2014-10-20,SP500,2717.3647
2014-10-21,SP500,2772.9979
2014-10-22,SP500,2768.0375
2014-10-23,SP500,2807.4039
2014-10-24,SP500,2829.4653
2014-10-27,SP500,2820.7824
2014-10-28,SP500,2839.0021
2014-10-29,SP500,2837.8190
2014-10-30,SP500,2887.2044
2014-10-31,SP500,2938.3504
2014-11-03,SP500,2945.3134
2014-11-04,SP500,2932.0600
2014-11-05,SP500,2957.8364
2014-11-06,SP500,2961.1328
2014-11-07,SP500,2992.3828
2014-11-10,SP500,2979.5371
2014-11-11,SP500,2996.4907
2014-11-12,SP500,2984.9202
2014-11-13,SP500,2989.3867
2014-11-14,SP500,2995.2717
2014-11-17,SP500,2983.2427
2014-11-18,SP500,2994.8378
2014-11-19,SP500,2985.5206
2014-11-20,SP500,2990.5655
2014-11-21,SP500,3034.9622
2014-11-24,SP500,3046.6397
2014-11-25,SP500,3040.0354
2014-11-26,SP500,3036.8096
2014-11-28,SP500,3027.2851
2014-12-01,SP500,3010.1131
2014-12-02,SP500,3040.4620
2014-12-03,SP500,3075.7278
2014-12-04,SP500,3077.1993
2014-12-05,SP500,3069.6327
2014-12-08,SP500,3073.6661
2014-12-09,SP500,3038.9442
2014-12-10,SP500,2990.2437
2014-12-11,SP500,2995.9125
2014-12-12,SP500,2942.2491
2014-12-15,SP500,2929.3175
2014-12-16,SP500,2878.7270
2014-12-17,SP500,2958.4672
2014-12-18,SP500,3070.1831
2014-12-19,SP500,3085.7317
2014-12-22,SP500,3102.9774
2014-12-23,SP500,3120.2653
2014-12-24,SP500,3118.4139
2014-12-26,SP500,3128.7339
2014-12-29,SP500,3137.6158
2014-12-30,SP500,3132.1463
2014-12-31,SP500,3104.7195
2015-01-02,SP500,3129.3531
2015-01-05,SP500,3105.3546
2015-01-06,SP500,3078.0090
2015-01-07,SP500,3136.6241
2015-01-08,SP500,3209.8911
2015-01-09,SP500,3170.8033
2015-01-12,SP500,3147.5433
2015-01-13,SP500,3145.6034
2015-01-14,SP500,3129.2739
2015-01-15,SP500,3118.1585
2015-01-16,SP500,3192.7770
2015-01-20,SP500,3200.3108
2015-01-21,SP500,3211.9556
2015-01-22,SP500,3254.0110
2015-01-23,SP500,3357.5281
2015-01-26,SP500,3352.4101
2015-01-27,SP500,3289.3950
2015-01-28,SP500,3234.3971
2015-01-29,SP500,3273.8401
2015-01-30,SP500,3234.2150
2015-02-02,SP500,3274.7746
2015-02-03,SP500,3302.8658
2015-02-04,SP500,3269.9983
2015-02-05,SP500,3314.7328
2015-02-06,SP500,3293.6140
2015-02-09,SP500,3329.8094
2015-02-10,SP500,3358.9627
2015-02-11,SP500,3354.9762
2015-02-12,SP500,3383.9602
2015-02-13,SP500,3382.2072
2015-02-17,SP500,3378.0465
2015-02-18,SP500,3389.9050
2015-02-19,SP500,3382.3922
2015-02-20,SP500,3430.3417
2015-02-23,SP500,3429.3326
2015-02-24,SP500,3429.7934
2015-02-25,SP500,3422.3074
2015-02-26,SP500,3426.5707
2015-02-27,SP500,3439.8754
2015-03-02,SP500,3465.1466
2015-03-03,SP500,3467.6844
2015-03-04,SP500,3466.8375
2015-03-05,SP500,3488.3820
2015-03-06,SP500,3472.6261
2015-03-09,SP500,3519.7237
2015-03-10,SP500,3499.5624
2015-03-11,SP500,3546.2280
2015-03-12,SP500,3579.9773
2015-03-13,SP500,3572.1150
2015-03-16,SP500,3625.6703
2015-03-17,SP500,3587.1273
2015-03-18,SP500,3645.5720
2015-03-19,SP500,3598.9699
2015-03-20,SP500,3598.0512
2015-03-23,SP500,3547.0033
2015-03-24,SP500,3513.2877
2015-03-25,SP500,3451.1879
2015-03-26,SP500,3446.8331
2015-03-27,SP500,3492.9071
2015-03-30,SP500,3539.5573
2015-03-31,SP500,3536.8250
2015-04-01,SP500,3524.5559
2015-04-02,SP500,3512.5945
2015-04-06,SP500,3535.8357
2015-04-07,SP500,3523.0847
2015-04-08,SP500,3529.0001
2015-04-09,SP500,3573.6867
2015-04-10,SP500,3661.5989
2015-04-13,SP500,3651.3741
2015-04-14,SP500,3653.1806
2015-04-15,SP500,3666.7928
2015-04-16,SP500,3618.8684
2015-04-17,SP500,3543.8599
2015-04-20,SP500,3607.0317
2015-04-21,SP500,3609.4859
2015-04-22,SP500,3613.4506
2015-04-23,SP500,3612.5696
2015-04-24,SP500,3603.3259
2015-04-27,SP500,3589.0779
2015-04-28,SP500,3564.7570
2015-04-29,SP500,3527.4495
2015-04-30,SP500,3425.5729
2015-05-01,SP500,3462.9960
2015-05-04,SP500,3492.7905
2015-05-05,SP500,3462.6337
2015-05-06,SP500,3413.8023
2015-05-07,SP500,3404.8031
2015-05-08,SP500,3476.5262
2015-05-11,SP500,3484.0513
2015-05-12,SP500,3443.9807
2015-05-13,SP500,3449.2114
2015-05-14,SP500,3426.3246
2015-05-15,SP500,3456.9121
2015-05-18,SP500,3449.0736
2015-05-19,SP500,3511.9946
2015-05-20,SP500,3528.6742
2015-05-21,SP500,3532.6506
2015-05-22,SP500,3515.0125
2015-05-26,SP500,3554.7134
2015-05-27,SP500,3608.6809
2015-05-28,SP500,3593.8143
2015-05-29,SP500,3547.1102
2015-06-01,SP500,3563.2219
2015-06-02,SP500,3532.3693
2015-06-03,SP500,3507.1224
2015-06-04,SP500,3420.7210
2015-06-05,SP500,3446.0956
2015-06-08,SP500,3441.5427
2015-06-09,SP500,3416.4458
2015-06-10,SP500,3448.6213
2015-06-11,SP500,3470.0766
2015-06-12,SP500,3449.6970
2015-06-15,SP500,3434.4357
2015-06-16,SP500,3454.9532
2015-06-17,SP500,3442.2289
2015-06-18,SP500,3438.6443
2015-06-19,SP500,3452.1992
2015-06-22,SP500,3459.1537
2015-06-23,SP500,3505.2035
2015-06-24,SP500,3476.7413
2015-06-25,SP500,3468.7132
2015-06-26,SP500,3469.2108
2015-06-29,SP500,3418.2161
2015-06-30,SP500,3410.3585
2015-07-01,SP500,3462.3964
2015-07-02,SP500,3471.9502
2015-07-06,SP500,3476.8805
2015-07-07,SP500,3522.6968
2015-07-08,SP500,3435.8399
2015-07-09,SP500,3434.2862
2015-07-10,SP500,3435.9411
2015-07-13,SP500,3517.0332
2015-07-14,SP500,3538.4916
2015-07-15,SP500,3543.0103
2015-07-16,SP500,3618.1560
2015-07-17,SP500,3614.8590
2015-07-20,SP500,3630.0683
2015-07-21,SP500,3609.7359
2015-07-22,SP500,3589.9376
2015-07-23,SP500,3538.3126
2015-07-24,SP500,3519.6544
2015-07-27,SP500,3461.6838
2015-07-28,SP500,3515.0749
2015-07-29,SP500,3539.6283
2015-07-30,SP500,3564.2537
2015-07-31,SP500,3552.2933
2015-08-03,SP500,3547.6852
2015-08-04,SP500,3532.7075
2015-08-05,SP500,3574.3729
2015-08-06,SP500,3547.0096
2015-08-07,SP500,3518.8374
2015-08-10,SP500,3557.8103
2015-08-11,SP500,3494.1746
2015-08-12,SP500,3466.9387
2015-08-13,SP500,3477.3877
2015-08-14,SP500,3471.6318
2015-08-17,SP500,3512.7028
2015-08-18,SP500,3516.8174
2015-08-19,SP500,3494.0132
2015-08-20,SP500,3376.8757
2015-08-21,SP500,3241.4413
2015-08-24,SP500,3055.2752
2015-08-25,SP500,3011.6374
2015-08-26,SP500,3157.9810
2015-08-27,SP500,3268.8764
2015-08-28,SP500,3275.9141
2015-08-31,SP500,3264.1551
2015-09-01,SP500,3161.8458
2015-09-02,SP500,3214.7934
2015-09-03,SP500,3226.1643
2015-09-04,SP500,3202.9179
2015-09-08,SP500,3276.5813
2015-09-09,SP500,3237.9927
2015-09-10,SP500,3241.9668
2015-09-11,SP500,3233.5286
2015-09-14,SP500,3209.9691
2015-09-15,SP500,3246.8904
2015-09-16,SP500,3302.1198
2015-09-17,SP500,3269.7489
2015-09-18,SP500,3186.7852
2015-09-21,SP500,3249.4577
2015-09-22,SP500,3236.8444
2015-09-23,SP500,3231.8296
2015-09-24,SP500,3194.8849
2015-09-25,SP500,3219.1821
2015-09-28,SP500,3132.1487
2015-09-29,SP500,3126.6779
2015-09-30,SP500,3186.7981
2015-10-01,SP500,3207.6302
2015-10-02,SP500,3251.8280
2015-10-05,SP500,3289.0798
2015-10-06,SP500,3280.7645
2015-10-07,SP500,3296.0768
2015-10-08,SP500,3328.7010
2015-10-09,SP500,3299.5599
2015-10-12,SP500,3300.5627
2015-10-13,SP500,3278.0728
2015-10-14,SP500,3252.5067
2015-10-15,SP500,3292.6217
2015-10-16,SP500,3330.6689
2015-10-19,SP500,3339.5570
2015-10-20,SP500,3323.1689
2015-10-21,SP500,3309.7674
2015-10-22,SP500,3377.0795
2015-10-23,SP500,3484.8880
2015-10-26,SP500,3501.3078
2015-10-27,SP500,3476.5844
2015-10-28,SP500,3510.4556
2015-10-29,SP500,3559.0485
2015-10-30,SP500,3513.9603
2015-11-02,SP500,3550.8521
2015-11-03,SP500,3578.7628
2015-11-04,SP500,3580.7225
2015-11-05,SP500,3594.4959
2015-11-06,SP500,3599.9448
2015-11-09,SP500,3594.4415
2015-11-10,SP500,3622.6589
2015-11-11,SP500,3609.2851
2015-11-12,SP500,3556.1160
2015-11-13,SP500,3503.8927
2015-11-16,SP500,3570.3254
2015-11-17,SP500,3584.0111
2015-11-18,SP500,3643.5965
2015-11-19,SP500,3632.5068
2015-11-20,SP500,3646.5662
2015-11-23,SP500,3661.7440
2015-11-24,SP500,3659.4404
2015-11-25,SP500,3681.8157
2015-11-27,SP500,3686.8998
2015-11-30,SP500,3670.3281
2015-12-01,SP500,3702.4810
2015-12-02,SP500,3658.4809
2015-12-03,SP500,3586.1119
2015-12-04,SP500,3582.1960
2015-12-07,SP500,3588.0378
2015-12-08,SP500,3543.4299
2015-12-09,SP500,3495.0186
2015-12-10,SP500,3502.6318
2015-12-11,SP500,3432.9590
2015-12-14,SP500,3439.1514
2015-12-15,SP500,3473.4851
2015-12-16,SP500,3542.5959
2015-12-17,SP500,3519.4723
2015-12-18,SP500,3458.4349
2015-12-21,SP500,3474.8389
2015-12-22,SP500,3479.5929
2015-12-23,SP500,3534.6922
2015-12-24,SP500,3519.0555
2015-12-28,SP500,3506.6046
2015-12-29,SP500,3547.7995
2015-12-30,SP500,3530.9353
2015-12-31,SP500,3510.2417
2016-01-04,SP500,3453.8356
2016-01-05,SP500,3509.7432
2016-01-06,SP500,3466.2446
2016-01-07,SP500,3344.9485
2016-01-08,SP500,3310.8461
2016-01-11,SP500,3305.4463
2016-01-12,SP500,3347.2315
2016-01-13,SP500,3270.0813
2016-01-14,SP500,3301.2302
2016-01-15,SP500,3223.8501
2016-01-19,SP500,3239.2344
2016-01-20,SP500,3190.3823
2016-01-21,SP500,3211.1814
2016-01-22,SP500,3302.0910
2016-01-25,SP500,3248.3681
2016-01-26,SP500,3287.6350
2016-01-27,SP500,3236.8939
2016-01-28,SP500,3250.6006
2016-01-29,SP500,3325.9707
2016-02-01,SP500,3335.5935
2016-02-02,SP500,3262.6798
2016-02-03,SP500,3275.8895
2016-02-04,SP500,3201.5973
2016-02-05,SP500,3143.7244
2016-02-08,SP500,3127.7183
2016-02-09,SP500,3088.7326
2016-02-10,SP500,3083.4503
2016-02-11,SP500,3021.9353
2016-02-12,SP500,3100.9136
2016-02-16,SP500,3183.9512
2016-02-17,SP500,3245.4741
2016-02-18,SP500,3245.6604
2016-02-19,SP500,3242.5378
2016-02-22,SP500,3310.2847
2016-02-23,SP500,3276.3860
2016-02-24,SP500,3297.3956
2016-02-25,SP500,3321.7014
2016-02-26,SP500,3322.2060
2016-02-29,SP500,3331.2455
2016-03-01,SP500,3415.8388
2016-03-02,SP500,3435.5104
2016-03-03,SP500,3433.6483
2016-03-04,SP500,3423.4002
2016-03-07,SP500,3431.9821
2016-03-08,SP500,3370.9557
2016-03-09,SP500,3405.5590
2016-03-10,SP500,3442.7006
2016-03-11,SP500,3426.5736
2016-03-14,SP500,3413.5534
2016-03-15,SP500,3410.4061
2016-03-16,SP500,3443.6823
2016-03-17,SP500,3390.7347
2016-03-18,SP500,3415.3293
2016-03-21,SP500,3421.1427
2016-03-22,SP500,3436.6571
2016-03-23,SP500,3427.2492
2016-03-24,SP500,3431.1815
2016-03-28,SP500,3433.0823
2016-03-29,SP500,3451.6706
2016-03-30,SP500,3427.2430
2016-03-31,SP500,3401.9412
2016-04-01,SP500,3409.4296
2016-04-04,SP500,3414.7627
2016-04-05,SP500,3383.9976
2016-04-06,SP500,3430.1428
2016-04-07,SP500,3380.8342
2016-04-08,SP500,3390.5834
2016-04-11,SP500,3373.2835
2016-04-12,SP500,3404.1944
2016-04-13,SP500,3468.7112
2016-04-14,SP500,3483.8518
2016-04-15,SP500,3470.5512
2016-04-18,SP500,3486.5205
2016-04-19,SP500,3485.8591
2016-04-20,SP500,3477.6782
2016-04-21,SP500,3467.0190
2016-04-22,SP500,3495.5163
2016-04-25,SP500,3488.8848
2016-04-26,SP500,3488.2874
2016-04-27,SP500,3489.3568
2016-04-28,SP500,3440.6409
2016-04-29,SP500,3409.7429
2016-05-02,SP500,3409.4928
2016-05-03,SP500,3357.7923
2016-05-04,SP500,3357.1490
2016-05-05,SP500,3376.5188
2016-05-06,SP500,3391.2487
2016-05-09,SP500,3403.3698
2016-05-10,SP500,3451.9823
2016-05-11,SP500,3410.5793
2016-05-12,SP500,3416.3229
2016-05-13,SP500,3399.8677
2016-05-16,SP500,3440.7984
2016-05-17,SP500,3411.2740
2016-05-18,SP500,3424.2841
2016-05-19,SP500,3436.6080
2016-05-20,SP500,3451.0652
2016-05-23,SP500,3445.2252
2016-05-24,SP500,3507.1365
2016-05-25,SP500,3538.7853
2016-05-26,SP500,3531.5634
2016-05-27,SP500,3547.3405
2016-05-31,SP500,3548.4579
2016-06-01,SP500,3546.7157
2016-06-02,SP500,3552.6993
2016-06-03,SP500,3553.1917
2016-06-06,SP500,3509.3312
2016-06-07,SP500,3514.2404
2016-06-08,SP500,3517.2965
2016-06-09,SP500,3522.2428
2016-06-10,SP500,3502.0169
2016-06-13,SP500,3485.7384
2016-06-14,SP500,3493.0333
2016-06-15,SP500,3485.3250
2016-06-16,SP500,3514.3457
2016-06-17,SP500,3478.0077
2016-06-20,SP500,3474.1528
2016-06-21,SP500,3489.4290
2016-06-22,SP500,3493.2642
2016-06-23,SP500,3507.0506
2016-06-24,SP500,3479.7578
2016-06-27,SP500,3437.9160
2016-06-28,SP500,3476.0680
2016-06-29,SP500,3530.2977
2016-06-30,SP500,3574.3199
2016-07-01,SP500,3571.3336
2016-07-05,SP500,3543.6210
2016-07-06,SP500,3588.6349
2016-07-07,SP500,3582.3014
2016-07-08,SP500,3640.2439
2016-07-11,SP500,3659.5981
2016-07-12,SP500,3670.9792
2016-07-13,SP500,3678.4411
2016-07-14,SP500,3669.6962
2016-07-15,SP500,3675.8537
2016-07-18,SP500,3709.7620
2016-07-19,SP500,3710.5665
2016-07-20,SP500,3734.3229
2016-07-21,SP500,3720.2177
2016-07-22,SP500,3737.5159
2016-07-25,SP500,3737.1425
2016-07-26,SP500,3733.3544
2016-07-27,SP500,3731.0618
2016-07-28,SP500,3704.0126
2016-07-29,SP500,3702.4294
2016-08-01,SP500,3680.8311
2016-08-02,SP500,3648.0390
2016-08-03,SP500,3658.3034
2016-08-04,SP500,3681.0434
2016-08-05,SP500,3706.1313
2016-08-08,SP500,3726.1567
2016-08-09,SP500,3730.7817
2016-08-10,SP500,3686.2034
2016-08-11,SP500,3714.4447
2016-08-12,SP500,3710.0106
2016-08-15,SP500,3713.4973
2016-08-16,SP500,3656.2020
2016-08-17,SP500,3670.1134
2016-08-18,SP500,3663.6694
2016-08-19,SP500,3657.2753
2016-08-22,SP500,3661.7462
2016-08-23,SP500,3658.3122
2016-08-24,SP500,3662.2736
2016-08-25,SP500,3650.2124
2016-08-26,SP500,3644.5351
2016-08-29,SP500,3703.4467
2016-08-30,SP500,3697.4748
2016-08-31,SP500,3701.3026
2016-09-01,SP500,3696.5458
2016-09-02,SP500,3696.6856
2016-09-06,SP500,3719.0697
2016-09-07,SP500,3693.6102
2016-09-08,SP500,3666.3066
2016-09-09,SP500,3585.3301
2016-09-12,SP500,3651.7640
2016-09-13,SP500,3591.9978
2016-09-14,SP500,3599.4206
2016-09-15,SP500,3624.7735
2016-09-16,SP500,3620.1407
2016-09-19,SP500,3639.8925
2016-09-20,SP500,3634.8354
2016-09-21,SP500,3685.7667
2016-09-22,SP500,3680.7351
2016-09-23,SP500,3667.4603
2016-09-26,SP500,3620.7689
2016-09-27,SP500,3657.9146
2016-09-28,SP500,3676.4633
2016-09-29,SP500,3643.5879
2016-09-30,SP500,3692.3753
2016-10-03,SP500,3656.2210
2016-10-04,SP500,3662.9065
2016-10-05,SP500,3663.7230
2016-10-06,SP500,3674.1084
2016-10-07,SP500,3677.0646
2016-10-10,SP500,3687.3836
2016-10-11,SP500,3668.1288
2016-10-12,SP500,3692.3048
2016-10-13,SP500,3674.9864
2016-10-14,SP500,3687.7659
2016-10-17,SP500,3679.3433
2016-10-18,SP500,3702.3469
2016-10-19,SP500,3715.7300
2016-10-20,SP500,3710.5464
2016-10-21,SP500,3742.2838
2016-10-24,SP500,3758.3509
2016-10-25,SP500,3750.7359
2016-10-26,SP500,3726.0961
2016-10-27,SP500,3714.4230
2016-10-28,SP500,3704.7794
2016-10-31,SP500,3696.2268
2016-11-01,SP500,3644.8707
2016-11-02,SP500,3598.7021
2016-11-03,SP500,3594.1432
2016-11-04,SP500,3578.8515
2016-11-07,SP500,3668.6856
2016-11-08,SP500,3692.3447
2016-11-09,SP500,3738.9129
2016-11-10,SP500,3790.2340
2016-11-11,SP500,3781.8140
2016-11-14,SP500,3826.4917
2016-11-15,SP500,3860.3067
2016-11-16,SP500,3877.9760
2016-11-17,SP500,3890.8931
2016-11-18,SP500,3914.3664
2016-11-21,SP500,3942.8842
2016-11-22,SP500,3956.8147
2016-11-23,SP500,3965.7520
2016-11-25,SP500,3985.1020
2016-11-28,SP500,3966.1788
2016-11-29,SP500,3976.9197
2016-11-30,SP500,3945.2092
2016-12-01,SP500,3934.4593
2016-12-02,SP500,3930.4737
2016-12-05,SP500,3931.5734
2016-12-06,SP500,3933.3334
2016-12-07,SP500,3987.3625
2016-12-08,SP500,3984.4825
2016-12-09,SP500,4085.2447
2016-12-12,SP500,4066.5722
2016-12-13,SP500,4088.4636
2016-12-14,SP500,4042.5875
2016-12-15,SP500,4146.1175
2016-12-16,SP500,4131.0469
2016-12-19,SP500,4146.0564
2016-12-20,SP500,4185.0250
2016-12-21,SP500,4152.0488
2016-12-22,SP500,4135.7048
2016-12-23,SP500,4140.5035
2016-12-27,SP500,4150.2443
2016-12-28,SP500,4133.6893
2016-12-29,SP500,4112.1115
2016-12-30,SP500,4059.0648
2017-01-03,SP500,4155.1084
2017-01-04,SP500,4159.0016
2017-01-05,SP500,4130.5116
2017-01-06,SP500,4111.8612
2017-01-09,SP500,4125.7323
2017-01-10,SP500,4105.8391
2017-01-11,SP500,4142.9304
2017-01-12,SP500,4066.0079
2017-01-13,SP500,4080.3957
2017-01-17,SP500,4059.5284
2017-01-18,SP500,4074.9905
2017-01-19,SP500,4058.8301
2017-01-20,SP500,4086.4089
2017-01-23,SP500,4043.9572
2017-01-24,SP500,4058.0202
2017-01-25,SP500,4092.4973
2017-01-26,SP500,4106.0095
2017-01-27,SP500,4109.9617
2017-01-30,SP500,4105.0517
2017-01-31,SP500,4053.7518
2017-02-01,SP500,4042.7248
2017-02-02,SP500,4038.5364
2017-02-03,SP500,4093.6134
2017-02-06,SP500,4096.0324
2017-02-07,SP500,4111.3537
2017-02-08,SP500,4119.3718
2017-02-09,SP500,4133.3707
2017-02-10,SP500,4172.9419
2017-02-13,SP500,4195.9075
2017-02-14,SP500,4216.3042
2017-02-15,SP500,4265.2679
2017-02-16,SP500,4223.2070
2017-02-17,SP500,4231.1739
2017-02-21,SP500,4302.4200
2017-02-22,SP500,4307.9713
2017-02-23,SP500,4285.8130
2017-02-24,SP500,4278.6785
2017-02-27,SP500,4292.5378
2017-02-28,SP500,4277.5599
2017-03-01,SP500,4363.1729
2017-03-02,SP500,4345.7960
2017-03-03,SP500,4327.1179
2017-03-06,SP500,4302.0395
2017-03-07,SP500,4296.2840
2017-03-08,SP500,4295.8319
2017-03-09,SP500,4301.3552
2017-03-10,SP500,4293.1169
2017-03-13,SP500,4273.1313
2017-03-14,SP500,4271.7146
2017-03-15,SP500,4311.2784
2017-03-16,SP500,4262.6889
2017-03-17,SP500,4252.7428
2017-03-20,SP500,4238.3930
2017-03-21,SP500,4166.8024
2017-03-22,SP500,4172.8971
2017-03-23,SP500,4176.6363
2017-03-24,SP500,4165.7657
2017-03-27,SP500,4129.4240
2017-03-28,SP500,4170.8904
2017-03-29,SP500,4219.3987
2017-03-30,SP500,4236.2485
2017-03-31,SP500,4244.8882
2017-04-03,SP500,4250.0516
2017-04-04,SP500,4257.1120
2017-04-05,SP500,4233.8077
2017-04-06,SP500,4248.0125
2017-04-07,SP500,4258.8901
2017-04-10,SP500,4283.0117
2017-04-11,SP500,4262.1609
2017-04-12,SP500,4250.5986
2017-04-13,SP500,4211.7308
2017-04-17,SP500,4248.0244
2017-04-18,SP500,4215.1846
2017-04-19,SP500,4191.6644
2017-04-20,SP500,4215.5886
2017-04-21,SP500,4221.2562
2017-04-24,SP500,4208.0846
2017-04-25,SP500,4217.0051
2017-04-26,SP500,4214.2294
2017-04-27,SP500,4221.6431
2017-04-28,SP500,4194.7116
2017-05-01,SP500,4201.9943
2017-05-02,SP500,4212.7716
2017-05-03,SP500,4206.7221
2017-05-04,SP500,4206.3148
2017-05-05,SP500,4210.4642
2017-05-08,SP500,4219.9031
2017-05-09,SP500,4235.1304
2017-05-10,SP500,4243.8797
2017-05-11,SP500,4244.6500
2017-05-12,SP500,4232.2177
2017-05-15,SP500,4215.7399
2017-05-16,SP500,4180.5405
2017-05-17,SP500,4084.3574
2017-05-18,SP500,4095.0761
2017-05-19,SP500,4104.4370
2017-05-22,SP500,4102.2148
2017-05-23,SP500,4120.1072
2017-05-24,SP500,4138.6314
2017-05-25,SP500,4149.8037
2017-05-26,SP500,4158.3154
2017-05-30,SP500,4162.4987
2017-05-31,SP500,4143.4274
2017-06-01,SP500,4176.0494
2017-06-02,SP500,4192.3509
2017-06-05,SP500,4175.4823
2017-06-06,SP500,4160.5613
2017-06-07,SP500,4183.1952
2017-06-08,SP500,4179.9536
2017-06-09,SP500,4196.3046
2017-06-12,SP500,4175.6885
2017-06-13,SP500,4197.0936
2017-06-14,SP500,4198.4556
2017-06-15,SP500,4203.7076
2017-06-16,SP500,4204.5581
2017-06-19,SP500,4227.5917
2017-06-20,SP500,4215.5072
2017-06-21,SP500,4216.8296
2017-06-22,SP500,4206.6433
2017-06-23,SP500,4211.6978
2017-06-26,SP500,4207.8037
2017-06-27,SP500,4140.1578
2017-06-28,SP500,4141.8286
2017-06-29,SP500,4092.6662
2017-06-30,SP500,4099.5092
2017-07-03,SP500,4124.9097
2017-07-05,SP500,4146.2970
2017-07-06,SP500,4088.7308
2017-07-07,SP500,4105.2225
2017-07-10,SP500,4118.0732
2017-07-11,SP500,4108.4087
2017-07-12,SP500,4122.8752
2017-07-13,SP500,4142.2878
2017-07-14,SP500,4162.4443
2017-07-17,SP500,4145.2888
2017-07-18,SP500,4114.4699
2017-07-19,SP500,4144.8452
2017-07-20,SP500,4161.8109
2017-07-21,SP500,4104.1658
2017-07-24,SP500,4097.7851
2017-07-25,SP500,4093.5865
2017-07-26,SP500,4112.3413
2017-07-27,SP500,4091.2090
2017-07-28,SP500,4073.6806
2017-07-31,SP500,4071.4250
2017-08-01,SP500,4052.0403
2017-08-02,SP500,4048.9814
2017-08-03,SP500,4030.3459
2017-08-04,SP500,4035.3133
2017-08-07,SP500,4066.3981
2017-08-08,SP500,4051.2275
2017-08-09,SP500,4078.8850
2017-08-10,SP500,4020.9682
2017-08-11,SP500,4015.0701
2017-08-14,SP500,4044.6132
2017-08-15,SP500,4061.7761
2017-08-16,SP500,4080.5122
2017-08-17,SP500,4022.1681
2017-08-18,SP500,4000.1876
2017-08-21,SP500,3997.8062
2017-08-22,SP500,4034.2622
2017-08-23,SP500,4011.1533
2017-08-24,SP500,4000.5334
2017-08-25,SP500,4006.9952
2017-08-28,SP500,3969.7863
2017-08-29,SP500,3933.1176
2017-08-30,SP500,3996.0727
2017-08-31,SP500,4050.0467
2017-09-01,SP500,4025.9985
2017-09-05,SP500,4005.6770
2017-09-06,SP500,4004.4338
2017-09-07,SP500,3991.2540
2017-09-08,SP500,3956.0697
2017-09-11,SP500,4020.0048
2017-09-12,SP500,4055.4010
2017-09-13,SP500,4042.9418
2017-09-14,SP500,4071.7628
2017-09-15,SP500,4053.1972
2017-09-18,SP500,4064.3456
2017-09-19,SP500,4060.7417
2017-09-20,SP500,4051.4782
2017-09-21,SP500,4073.8767
2017-09-22,SP500,4057.5204
2017-09-25,SP500,4080.5681
2017-09-26,SP500,4108.8828
2017-09-27,SP500,4141.8364
2017-09-28,SP500,4134.6664
2017-09-29,SP500,4140.2424
2017-10-02,SP500,4178.2356
2017-10-03,SP500,4184.2338
2017-10-04,SP500,4177.6448
2017-10-05,SP500,4218.0634
2017-10-06,SP500,4227.4621
2017-10-09,SP500,4205.8234
2017-10-10,SP500,4197.4824
2017-10-11,SP500,4193.3982
2017-10-12,SP500,4177.5051
2017-10-13,SP500,4197.5191
2017-10-16,SP500,4207.4471
2017-10-17,SP500,4226.0225
2017-10-18,SP500,4232.9388
2017-10-19,SP500,4204.2588
2017-10-20,SP500,4231.7735
2017-10-23,SP500,4243.0751
2017-10-24,SP500,4242.4624
2017-10-25,SP500,4214.0772
2017-10-26,SP500,4230.9198
2017-10-27,SP500,4319.4744
2017-10-30,SP500,4303.4360
2017-10-31,SP500,4298.0149
2017-11-01,SP500,4314.4938
2017-11-02,SP500,4303.5466
2017-11-03,SP500,4312.8508
2017-11-06,SP500,4343.6582
2017-11-07,SP500,4353.3817
2017-11-08,SP500,4349.2150
2017-11-09,SP500,4319.0110
2017-11-10,SP500,4307.7999
2017-11-13,SP500,4311.3932
2017-11-14,SP500,4269.5017
2017-11-15,SP500,4212.8040
2017-11-16,SP500,4273.6216
2017-11-17,SP500,4253.8789
2017-11-20,SP500,4264.5020
2017-11-21,SP500,4315.5404
2017-11-22,SP500,4301.3023
2017-11-24,SP500,4263.8966
2017-11-27,SP500,4235.9857
2017-11-28,SP500,4300.9002
2017-11-29,SP500,4322.0429
2017-11-30,SP500,4350.9494
2017-12-01,SP500,4329.1628
2017-12-04,SP500,4331.9934
2017-12-05,SP500,4322.5457
2017-12-06,SP500,4333.1302
2017-12-07,SP500,4358.0266
2017-12-08,SP500,4398.9013
2017-12-11,SP500,4392.8026
2017-12-12,SP500,4410.9808
2017-12-13,SP500,4420.3137
2017-12-14,SP500,4362.5582
2017-12-15,SP500,4416.4832
2017-12-18,SP500,4444.4932
2017-12-19,SP500,4419.7160
2017-12-20,SP500,4408.4340
2017-12-21,SP500,4411.9742
2017-12-22,SP500,4412.2079
2017-12-26,SP500,4407.7531
2017-12-27,SP500,4395.9729
2017-12-28,SP500,4390.4725
2017-12-29,SP500,4346.5019
2018-01-02,SP500,4356.6347
2018-01-03,SP500,4399.8336
2018-01-04,SP500,4403.0917
2018-01-05,SP500,4441.4196
2018-01-08,SP500,4475.6370
2018-01-09,SP500,4498.2063
2018-01-10,SP500,4470.7556
2018-01-11,SP500,4493.1846
2018-01-12,SP500,4478.8003
2018-01-16,SP500,4429.1577
2018-01-17,SP500,4480.7425
2018-01-18,SP500,4462.1986
2018-01-19,SP500,4474.5572
2018-01-22,SP500,4516.6191
2018-01-23,SP500,4522.9242
2018-01-24,SP500,4482.6990
2018-01-25,SP500,4465.5274
2018-01-26,SP500,4507.9447
2018-01-29,SP500,4498.4812
2018-01-30,SP500,4434.7153
2018-01-31,SP500,4424.1872
2018-02-01,SP500,4421.4626
2018-02-02,SP500,4316.5305
2018-02-05,SP500,4156.9612
2018-02-06,SP500,4268.0023
2018-02-07,SP500,4243.6698
2018-02-08,SP500,4113.6631
2018-02-09,SP500,4169.3068
2018-02-12,SP500,4230.9142
2018-02-13,SP500,4218.1304
2018-02-14,SP500,4270.6756
2018-02-15,SP500,4273.0730
2018-02-16,SP500,4284.9966
2018-02-20,SP500,4303.0715
2018-02-21,SP500,4289.2383
2018-02-22,SP500,4306.3622
2018-02-23,SP500,4367.4771
2018-02-26,SP500,4411.8343
2018-02-27,SP500,4363.1330
2018-02-28,SP500,4345.9062
2018-03-01,SP500,4303.8207
2018-03-02,SP500,4276.5109
2018-03-05,SP500,4325.4732
2018-03-06,SP500,4300.7735
2018-03-07,SP500,4296.9076
2018-03-08,SP500,4315.8602
2018-03-09,SP500,4437.4174
2018-03-12,SP500,4427.8167
2018-03-13,SP500,4372.8793
2018-03-14,SP500,4352.2274
2018-03-15,SP500,4358.9581
2018-03-16,SP500,4380.7335
2018-03-19,SP500,4315.7283
2018-03-20,SP500,4333.8223
2018-03-21,SP500,4322.7739
2018-03-22,SP500,4203.8974
2018-03-23,SP500,4105.8074
2018-03-26,SP500,4195.2219
2018-03-27,SP500,4134.4134
2018-03-28,SP500,4115.7364
2018-03-29,SP500,4198.6770
2018-04-02,SP500,4104.9346
2018-04-03,SP500,4161.2774
2018-04-04,SP500,4220.6827
2018-04-05,SP500,4255.8076
2018-04-06,SP500,4171.4485
2018-04-09,SP500,4162.7925
2018-04-10,SP500,4213.0329
2018-04-11,SP500,4182.1624
2018-04-12,SP500,4238.0506
2018-04-13,SP500,4227.9531
2018-04-16,SP500,4244.0905
2018-04-17,SP500,4293.8415
2018-04-18,SP500,4286.6644
2018-04-19,SP500,4264.7148
2018-04-20,SP500,4253.5949
2018-04-23,SP500,4278.5096
2018-04-24,SP500,4230.0009
2018-04-25,SP500,4247.5091
2018-04-26,SP500,4297.8385
2018-04-27,SP500,4337.8045
2018-04-30,SP500,4299.2301
2018-05-01,SP500,4310.2161
2018-05-02,SP500,4304.8139
2018-05-03,SP500,4300.9508
2018-05-04,SP500,4365.2017
2018-05-07,SP500,4405.0329
2018-05-08,SP500,4415.7791
2018-05-09,SP500,4455.6780
2018-05-10,SP500,4498.8215
2018-05-11,SP500,4486.9197
2018-05-14,SP500,4470.8543
2018-05-15,SP500,4479.7021
2018-05-16,SP500,4536.9400
2018-05-17,SP500,4526.2940
2018-05-18,SP500,4523.9455
2018-05-21,SP500,4566.0260
2018-05-22,SP500,4538.2823
2018-05-23,SP500,4586.5991
2018-05-24,SP500,4569.6792
2018-05-25,SP500,4580.1371
2018-05-29,SP500,4573.1962
2018-05-30,SP500,4602.6133
2018-05-31,SP500,4545.7732
2018-06-01,SP500,4607.3271
2018-06-04,SP500,4601.2610
2018-06-05,SP500,4629.2249
2018-06-06,SP500,4633.3105
2018-06-07,SP500,4603.0586
2018-06-08,SP500,4649.8383
2018-06-11,SP500,4640.6192
2018-06-12,SP500,4649.7029
2018-06-13,SP500,4640.6069
2018-06-14,SP500,4666.9822
2018-06-15,SP500,4716.6007
2018-06-18,SP500,4699.7590
2018-06-19,SP500,4713.1350
2018-06-20,SP500,4703.2563
2018-06-21,SP500,4690.0675
2018-06-22,SP500,4654.5586
2018-06-25,SP500,4570.2820
2018-06-26,SP500,4591.3380
2018-06-27,SP500,4573.7691
2018-06-28,SP500,4615.7644
2018-06-29,SP500,4589.8354
2018-07-02,SP500,4611.6421
2018-07-03,SP500,4578.5942
2018-07-05,SP500,4601.8275
2018-07-06,SP500,4635.2438
2018-07-09,SP500,4651.7009
2018-07-10,SP500,4698.2411
2018-07-11,SP500,4656.1651
2018-07-12,SP500,4728.3924
2018-07-13,SP500,4739.6119
2018-07-16,SP500,4703.8566
2018-07-17,SP500,4727.8638
2018-07-18,SP500,4777.2456
2018-07-19,SP500,4768.3032
2018-07-20,SP500,4730.5056
2018-07-23,SP500,4720.6044
2018-07-24,SP500,4747.4544
2018-07-25,SP500,4797.2543
2018-07-26,SP500,4772.0982
2018-07-27,SP500,4777.9011
2018-07-30,SP500,4726.8145
2018-07-31,SP500,4729.0047
2018-08-01,SP500,4740.2445
2018-08-02,SP500,4796.4880
2018-08-03,SP500,4831.4722
2018-08-06,SP500,4867.9284
2018-08-07,SP500,4856.9040
2018-08-08,SP500,4861.2218
2018-08-09,SP500,4853.7911
2018-08-10,SP500,4878.3695
2018-08-13,SP500,4881.4872
2018-08-14,SP500,4911.8097
2018-08-15,SP500,4911.9778
2018-08-16,SP500,4931.0115
2018-08-17,SP500,4938.6886
2018-08-20,SP500,4938.2923
2018-08-21,SP500,4913.3978
2018-08-22,SP500,4863.3868
2018-08-23,SP500,4870.9734
2018-08-24,SP500,4897.4112
2018-08-27,SP500,4916.4444
2018-08-28,SP500,4885.4741
2018-08-29,SP500,4934.8199
2018-08-30,SP500,4900.3166
2018-08-31,SP500,4918.7193
2018-09-04,SP500,4948.8496
2018-09-05,SP500,4926.4893
2018-09-06,SP500,4888.0009
2018-09-07,SP500,4885.5618
2018-09-10,SP500,4913.4386
2018-09-11,SP500,4930.8711
2018-09-12,SP500,4927.9932
2018-09-13,SP500,4940.4045
2018-09-14,SP500,4913.3287
2018-09-17,SP500,4893.5738
2018-09-18,SP500,4909.1050
2018-09-19,SP500,4927.9079
2018-09-20,SP500,4923.7150
2018-09-21,SP500,4926.2014
2018-09-24,SP500,4903.0492
2018-09-25,SP500,4895.3469
2018-09-26,SP500,4895.8593
2018-09-27,SP500,4922.8839
2018-09-28,SP500,4978.7663
2018-10-01,SP500,4984.0171
2018-10-02,SP500,5009.4171
2018-10-03,SP500,5010.8070
2018-10-04,SP500,4990.9234
2018-10-05,SP500,4961.6721
2018-10-08,SP500,4971.8245
2018-10-09,SP500,4984.8972
2018-10-10,SP500,4793.8608
2018-10-11,SP500,4664.8294
2018-10-12,SP500,4732.0115
2018-10-15,SP500,4701.3296
2018-10-16,SP500,4800.0344
2018-10-17,SP500,4822.7408
2018-10-18,SP500,4764.1285
2018-10-19,SP500,4777.0704
2018-10-22,SP500,4746.7199
2018-10-23,SP500,4727.3742
2018-10-24,SP500,4617.2709
2018-10-25,SP500,4692.1339
2018-10-26,SP500,4639.7005
2018-10-29,SP500,4594.7454
2018-10-30,SP500,4670.8318
2018-10-31,SP500,4744.2041
2018-11-01,SP500,4762.8632
2018-11-02,SP500,4723.2458
2018-11-05,SP500,4769.4634
2018-11-06,SP500,4775.3325
2018-11-07,SP500,4851.6236
2018-11-08,SP500,4868.6975
2018-11-09,SP500,4857.9147
2018-11-12,SP500,4796.4402
2018-11-13,SP500,4791.1998
2018-11-14,SP500,4741.4482
2018-11-15,SP500,4789.4119
2018-11-16,SP500,4783.0600
2018-11-19,SP500,4670.2548
2018-11-20,SP500,4588.2409
2018-11-21,SP500,4607.4238
2018-11-23,SP500,4600.4494
2018-11-26,SP500,4667.9309
2018-11-27,SP500,4697.6695
2018-11-28,SP500,4824.6368
2018-11-29,SP500,4771.6609
2018-11-30,SP500,4823.4089
2018-12-03,SP500,4887.8043
2018-12-04,SP500,4697.9667
2018-12-06,SP500,4716.2630
2018-12-07,SP500,4598.9270
2018-12-10,SP500,4585.2956
2018-12-11,SP500,4602.4256
2018-12-12,SP500,4640.8688
2018-12-13,SP500,4630.6041
2018-12-14,SP500,4577.4037
2018-12-17,SP500,4460.4357
2018-12-18,SP500,4446.9894
2018-12-19,SP500,4368.1893
2018-12-20,SP500,4282.1238
2018-12-21,SP500,4207.5607
2018-12-24,SP500,4095.9503
2018-12-26,SP500,4299.1675
2018-12-27,SP500,4348.1937
2018-12-28,SP500,4314.3093
2018-12-31,SP500,4353.0308
2019-01-02,SP500,4378.8366
2019-01-03,SP500,4290.0069
2019-01-04,SP500,4415.8995
2019-01-07,SP500,4430.5459
2019-01-08,SP500,4475.5595
2019-01-09,SP500,4489.4458
2019-01-10,SP500,4478.4483
2019-01-11,SP500,4478.5831
2019-01-14,SP500,4481.1896
2019-01-15,SP500,4546.3759
2019-01-16,SP500,4570.5946
2019-01-17,SP500,4602.9133
2019-01-18,SP500,4661.2698
2019-01-22,SP500,4614.8934
2019-01-23,SP500,4619.7678
2019-01-24,SP500,4636.8838
2019-01-25,SP500,4674.3432
2019-01-28,SP500,4608.4077
2019-01-29,SP500,4600.1664
2019-01-30,SP500,4669.3500
2019-01-31,SP500,4686.3073
2019-02-01,SP500,4698.0995
2019-02-04,SP500,4740.7600
2019-02-05,SP500,4772.3014
2019-02-06,SP500,4774.2670
2019-02-07,SP500,4750.7183
2019-02-08,SP500,4755.0856
2019-02-11,SP500,4774.0737
2019-02-12,SP500,4841.5191
2019-02-13,SP500,4852.6937
2019-02-14,SP500,4857.4104
2019-02-15,SP500,4914.0942
2019-02-19,SP500,4907.0126
2019-02-20,SP500,4895.8737
2019-02-21,SP500,4873.8769
2019-02-22,SP500,4917.8368
2019-02-25,SP500,4911.5719
2019-02-26,SP500,4905.1494
2019-02-27,SP500,4892.4731
2019-02-28,SP500,4867.2830
2019-03-01,SP500,4915.3210
2019-03-04,SP500,4916.2299
2019-03-05,SP500,4914.2907
2019-03-06,SP500,4892.8260
2019-03-07,SP500,4868.7428
2019-03-08,SP500,4880.0482
2019-03-11,SP500,4941.9869
2019-03-12,SP500,4928.3991
2019-03-13,SP500,4965.5490
2019-03-14,SP500,4966.4363
2019-03-15,SP500,4985.6473
2019-03-18,SP500,4986.1045
2019-03-19,SP500,4981.6428
2019-03-20,SP500,4968.9451
2019-03-21,SP500,5008.5886
2019-03-22,SP500,4950.8936
2019-03-25,SP500,4937.0684
2019-03-26,SP500,4987.5034
2019-03-27,SP500,4977.6395
2019-03-28,SP500,5015.4393
2019-03-29,SP500,5041.7979
2019-04-01,SP500,5099.7152
2019-04-02,SP500,5116.3840
2019-04-03,SP500,5107.7737
2019-04-04,SP500,5130.5464
2019-04-05,SP500,5147.9571
2019-04-08,SP500,5147.4834
2019-04-09,SP500,5103.7423
2019-04-10,SP500,5121.0127
2019-04-11,SP500,5128.0893
2019-04-12,SP500,5136.5074
2019-04-15,SP500,5137.0192
2019-04-16,SP500,5143.2640
2019-04-17,SP500,5133.9086
2019-04-18,SP500,5165.4488
2019-04-22,SP500,5170.8090
2019-04-23,SP500,5219.1017
2019-04-24,SP500,5224.3998
2019-04-25,SP500,5262.8519
2019-04-26,SP500,5282.9246
2019-04-29,SP500,5280.7622
2019-04-30,SP500,5253.8867
2019-05-01,SP500,5214.5212
2019-05-02,SP500,5206.4395
2019-05-03,SP500,5283.9980
2019-05-06,SP500,5240.1555
2019-05-07,SP500,5160.1161
2019-05-08,SP500,5144.1528
2019-05-09,SP500,5134.5306
2019-05-10,SP500,5138.4149
2019-05-13,SP500,5007.9237
2019-05-14,SP500,5057.1888
2019-05-15,SP500,5107.2970
2019-05-16,SP500,5145.0060
2019-05-17,SP500,5129.6904
2019-05-20,SP500,5097.4298
2019-05-21,SP500,5143.6341
2019-05-22,SP500,5124.6173
2019-05-23,SP500,5078.6427
2019-05-24,SP500,5064.4499
2019-05-28,SP500,5019.8179
2019-05-29,SP500,5001.3533
2019-05-30,SP500,5022.4270
2019-05-31,SP500,4949.5740
2019-06-03,SP500,4920.9207
2019-06-04,SP500,5000.2758
2019-06-05,SP500,5035.8800
2019-06-06,SP500,5064.1046
2019-06-07,SP500,5114.5748
2019-06-10,SP500,5125.7057
2019-06-11,SP500,5115.5743
2019-06-12,SP500,5103.8772
2019-06-13,SP500,5141.7573
2019-06-14,SP500,5145.1043
2019-06-17,SP500,5164.1445
2019-06-18,SP500,5236.3906
2019-06-19,SP500,5242.6610
2019-06-20,SP500,5246.0070
2019-06-21,SP500,5235.5426
2019-06-24,SP500,5190.7057
2019-06-25,SP500,5144.1253
2019-06-26,SP500,5149.5334
2019-06-27,SP500,5166.3588
2019-06-28,SP500,5191.7838
2019-07-01,SP500,5245.9511
2019-07-02,SP500,5283.8599
2019-07-03,SP500,5297.8836
2019-07-05,SP500,5335.9770
2019-07-08,SP500,5331.5558
2019-07-09,SP500,5344.4712
2019-07-10,SP500,5361.4617
2019-07-11,SP500,5342.7825
2019-07-12,SP500,5383.2489
2019-07-15,SP500,5376.5463
2019-07-16,SP500,5380.3795
2019-07-17,SP500,5349.1305
2019-07-18,SP500,5368.3576
2019-07-19,SP500,5330.6611
2019-07-22,SP500,5351.1188
2019-07-23,SP500,5408.1088
2019-07-24,SP500,5449.7754
2019-07-25,SP500,5433.3152
2019-07-26,SP500,5462.2193
2019-07-29,SP500,5462.7303
2019-07-30,SP500,5432.0961
2019-07-31,SP500,5374.5583
2019-08-01,SP500,5381.7433
2019-08-02,SP500,5309.8326
2019-08-05,SP500,5116.9735
2019-08-06,SP500,5181.6575
2019-08-07,SP500,5178.8251
2019-08-08,SP500,5281.5690
2019-08-09,SP500,5245.1065
2019-08-12,SP500,5183.2590
2019-08-13,SP500,5248.7615
2019-08-14,SP500,5111.9948
2019-08-15,SP500,5143.0406
2019-08-16,SP500,5252.9523
2019-08-19,SP500,5303.9090
2019-08-20,SP500,5275.1533
2019-08-21,SP500,5305.4664
2019-08-22,SP500,5312.9749
2019-08-23,SP500,5183.5787
2019-08-26,SP500,5217.1103
2019-08-27,SP500,5206.0429
2019-08-28,SP500,5250.2390
2019-08-29,SP500,5323.0219
2019-08-30,SP500,5344.5360
2019-09-03,SP500,5356.0850
2019-09-04,SP500,5374.8048
2019-09-05,SP500,5426.2795
2019-09-06,SP500,5446.6943
2019-09-09,SP500,5443.6601
2019-09-10,SP500,5442.1378
2019-09-11,SP500,5500.2001
2019-09-12,SP500,5537.0154
2019-09-13,SP500,5468.1867
2019-09-16,SP500,5483.3378
2019-09-17,SP500,5500.0091
2019-09-18,SP500,5488.4827
2019-09-19,SP500,5481.9733
2019-09-20,SP500,5473.7081
2019-09-23,SP500,5495.5848
2019-09-24,SP500,5440.8617
2019-09-25,SP500,5484.8479
2019-09-26,SP500,5493.8654
2019-09-27,SP500,5466.9500
2019-09-30,SP500,5518.0364
2019-10-01,SP500,5446.1371
2019-10-02,SP500,5335.4052
2019-10-03,SP500,5366.5052
2019-10-04,SP500,5428.9372
2019-10-07,SP500,5397.7620
2019-10-08,SP500,5317.2855
2019-10-09,SP500,5369.8207
2019-10-10,SP500,5380.3808
2019-10-11,SP500,5433.3424
2019-10-14,SP500,5431.7108
2019-10-15,SP500,5497.7652
2019-10-16,SP500,5478.1768
2019-10-17,SP500,5450.2293
2019-10-18,SP500,5413.9086
2019-10-21,SP500,5437.1251
2019-10-22,SP500,5438.8319
2019-10-23,SP500,5457.9431
2019-10-24,SP500,5465.9777
2019-10-25,SP500,5498.7125
2019-10-28,SP500,5539.3792
2019-10-29,SP500,5530.8429
2019-10-30,SP500,5543.7873
2019-10-31,SP500,5503.6130
2019-11-01,SP500,5564.7633
2019-11-04,SP500,5575.9364
2019-11-05,SP500,5593.9147
2019-11-06,SP500,5607.8450
2019-11-07,SP500,5632.3826
2019-11-08,SP500,5669.8476
2019-11-11,SP500,5655.1128
2019-11-12,SP500,5677.6306
2019-11-13,SP500,5686.5165
2019-11-14,SP500,5697.3901
2019-11-15,SP500,5722.9837
2019-11-18,SP500,5711.9790
2019-11-19,SP500,5700.6953
2019-11-20,SP500,5689.6373
2019-11-21,SP500,5664.5838
2019-11-22,SP500,5693.9228
2019-11-25,SP500,5763.4083
2019-11-26,SP500,5769.9274
2019-11-27,SP500,5800.4903
2019-11-29,SP500,5792.7154
2019-12-02,SP500,5721.5639
2019-12-03,SP500,5659.1276
2019-12-04,SP500,5690.3621
2019-12-05,SP500,5693.7894
2019-12-06,SP500,5746.0791
2019-12-09,SP500,5738.2120
2019-12-10,SP500,5731.0734
2019-12-11,SP500,5748.8396
2019-12-12,SP500,5766.6787
2019-12-13,SP500,5748.9978
2019-12-16,SP500,5804.7997
2019-12-17,SP500,5798.4593
2019-12-18,SP500,5820.9627
2019-12-19,SP500,5846.2353
2019-12-20,SP500,5886.0503
2019-12-23,SP500,5902.8442
2019-12-24,SP500,5899.4405
2019-12-26,SP500,5930.2436
2019-12-27,SP500,5891.7150
2019-12-30,SP500,5839.5837
2019-12-31,SP500,5833.6922
2020-01-02,SP500,5904.8423
2020-01-03,SP500,5887.9697
2020-01-06,SP500,5883.9915
2020-01-07,SP500,5879.6458
2020-01-08,SP500,5938.9563
2020-01-09,SP500,5982.7541
2020-01-10,SP500,5975.8995
2020-01-13,SP500,5998.6787
2020-01-14,SP500,5996.0955
2020-01-15,SP500,5992.8648
2020-01-16,SP500,6028.6061
2020-01-17,SP500,6085.2627
2020-01-21,SP500,6065.4161
2020-01-22,SP500,6082.1608
2020-01-23,SP500,6087.9000
2020-01-24,SP500,6063.6341
2020-01-27,SP500,5973.6510
2020-01-28,SP500,6044.7976
2020-01-29,SP500,6041.8961
2020-01-30,SP500,6046.3505
2020-01-31,SP500,5927.4339
2020-02-03,SP500,5962.9766
2020-02-04,SP500,6062.1744
2020-02-05,SP500,6144.4071
2020-02-06,SP500,6177.0791
2020-02-07,SP500,6163.9710
2020-02-10,SP500,6220.2813
2020-02-11,SP500,6259.5999
2020-02-12,SP500,6292.7615
2020-02-13,SP500,6311.6959
2020-02-14,SP500,6338.9413
2020-02-18,SP500,6336.0207
2020-02-19,SP500,6376.3613
2020-02-20,SP500,6358.2206
2020-02-21,SP500,6285.1589
2020-02-24,SP500,6065.7607
2020-02-25,SP500,5870.2676
2020-02-26,SP500,5829.3148
2020-02-27,SP500,5527.7909
2020-02-28,SP500,5476.6603
2020-03-02,SP500,5654.2350
2020-03-03,SP500,5497.9489
2020-03-04,SP500,5726.1574
2020-03-05,SP500,5502.4404
2020-03-06,SP500,5337.6851
2020-03-09,SP500,4881.0582
2020-03-10,SP500,5151.9841
2020-03-11,SP500,4923.9236
2020-03-12,SP500,4494.6354
2020-03-13,SP500,4973.7483
2020-03-16,SP500,4357.1034
2020-03-17,SP500,4692.0689
2020-03-18,SP500,4468.4286
2020-03-19,SP500,4545.0698
2020-03-20,SP500,4386.9336
2020-03-23,SP500,4228.4151
2020-03-24,SP500,4600.0183
2020-03-25,SP500,4659.9705
2020-03-26,SP500,4881.6048
2020-03-27,SP500,4718.8849
2020-03-30,SP500,4852.6284
2020-03-31,SP500,4809.4197
2020-04-01,SP500,4605.5597
2020-04-02,SP500,4724.4363
2020-04-03,SP500,4705.7581
2020-04-06,SP500,5033.9819
2020-04-07,SP500,4982.5632
2020-04-08,SP500,5160.1047
2020-04-09,SP500,5237.4529
2020-04-13,SP500,5184.6415
2020-04-14,SP500,5296.9991
2020-04-15,SP500,5209.1441
2020-04-16,SP500,5246.6937
2020-04-17,SP500,5401.3811
2020-04-20,SP500,5304.7882
2020-04-21,SP500,5153.1235
2020-04-22,SP500,5256.8785
2020-04-23,SP500,5300.8170
2020-04-24,SP500,5360.7869
2020-04-27,SP500,5413.6933
2020-04-28,SP500,5372.9706
2020-04-29,SP500,5533.7947
2020-04-30,SP500,5465.8700
2020-05-01,SP500,5313.1020
2020-05-04,SP500,5303.5278
2020-05-05,SP500,5400.3321
2020-05-06,SP500,5380.9290
2020-05-07,SP500,5456.8674
2020-05-08,SP500,5519.2749
2020-05-11,SP500,5529.9891
2020-05-12,SP500,5400.3317
2020-05-13,SP500,5298.1151
2020-05-14,SP500,5401.5290
2020-05-15,SP500,5420.2999
2020-05-18,SP500,5574.1321
2020-05-19,SP500,5456.7579
2020-05-20,SP500,5544.5882
2020-05-21,SP500,5480.8456
2020-05-22,SP500,5543.0669
2020-05-26,SP500,5574.9795
2020-05-27,SP500,5649.5131
2020-05-28,SP500,5625.4721
2020-05-29,SP500,5592.5018
2020-06-01,SP500,5623.8575
2020-06-02,SP500,5640.7732
2020-06-03,SP500,5708.1204
2020-06-04,SP500,5661.8134
2020-06-05,SP500,5769.2675
2020-06-08,SP500,5862.1178
2020-06-09,SP500,5812.1746
2020-06-10,SP500,5740.1494
2020-06-11,SP500,5415.3153
2020-06-12,SP500,5509.0410
2020-06-15,SP500,5580.2007
2020-06-16,SP500,5658.4543
2020-06-17,SP500,5676.2287
2020-06-18,SP500,5684.8691
2020-06-19,SP500,5659.8574
2020-06-22,SP500,5695.0951
2020-06-23,SP500,5666.5842
2020-06-24,SP500,5538.7058
2020-06-25,SP500,5639.6877
2020-06-26,SP500,5496.7448
2020-06-29,SP500,5543.0519
2020-06-30,SP500,5672.1467
2020-07-01,SP500,5699.7855
2020-07-02,SP500,5683.2892
2020-07-06,SP500,5753.6864
2020-07-07,SP500,5709.1141
2020-07-08,SP500,5755.9278
2020-07-09,SP500,5696.7996
2020-07-10,SP500,5790.1383
2020-07-13,SP500,5709.1004
2020-07-14,SP500,5762.9889
2020-07-15,SP500,5780.3826
2020-07-16,SP500,5776.0207
2020-07-17,SP500,5785.6667
2020-07-20,SP500,5824.1179
2020-07-21,SP500,5836.5291
2020-07-22,SP500,5801.7706
2020-07-23,SP500,5735.1889
2020-07-24,SP500,5680.6514
2020-07-27,SP500,5648.7161
2020-07-28,SP500,5632.8158
2020-07-29,SP500,5698.9422
2020-07-30,SP500,5669.7778
2020-07-31,SP500,5663.2428
2020-08-03,SP500,5763.4319
2020-08-04,SP500,5765.0660
2020-08-05,SP500,5758.5796
2020-08-06,SP500,5801.6211
2020-08-07,SP500,5819.2857
2020-08-10,SP500,5862.1014
2020-08-11,SP500,5805.5418
2020-08-12,SP500,5893.6708
2020-08-13,SP500,5852.2437
2020-08-14,SP500,5861.5760
2020-08-17,SP500,5857.7746
2020-08-18,SP500,5846.0438
2020-08-19,SP500,5808.0950
2020-08-20,SP500,5867.4430
2020-08-21,SP500,5928.5156
2020-08-24,SP500,5949.3289
2020-08-25,SP500,5987.4726
2020-08-26,SP500,6061.3878
2020-08-27,SP500,6063.1714
2020-08-28,SP500,6048.7621
2020-08-31,SP500,6023.5426
2020-09-01,SP500,6045.1907
2020-09-02,SP500,6203.9375
2020-09-03,SP500,6011.4957
2020-09-04,SP500,5947.9987
2020-09-08,SP500,5811.1327
2020-09-09,SP500,5934.5619
2020-09-10,SP500,5793.0880
2020-09-11,SP500,5794.0106
2020-09-14,SP500,5858.7994
2020-09-15,SP500,5881.5423
2020-09-16,SP500,5865.9449
2020-09-17,SP500,5852.1826
2020-09-18,SP500,5769.2218
2020-09-21,SP500,5725.0192
2020-09-22,SP500,5808.4157
2020-09-23,SP500,5694.3379
2020-09-24,SP500,5734.6844
2020-09-25,SP500,5832.0012
2020-09-28,SP500,5907.6864
2020-09-29,SP500,5863.9207
2020-09-30,SP500,5909.4893
2020-10-01,SP500,5919.1629
2020-10-02,SP500,5873.4869
2020-10-05,SP500,5960.3755
2020-10-06,SP500,5863.8662
2020-10-07,SP500,5978.6662
2020-10-08,SP500,6030.9391
2020-10-09,SP500,6068.6222
2020-10-12,SP500,6166.1413
2020-10-13,SP500,6133.4944
2020-10-14,SP500,6112.6637
2020-10-15,SP500,6130.6291
2020-10-16,SP500,6109.1050
2020-10-19,SP500,5986.9156
2020-10-20,SP500,6002.5911
2020-10-21,SP500,5968.3175
2020-10-22,SP500,6015.7093
2020-10-23,SP500,6018.7332
2020-10-26,SP500,5925.3828
2020-10-27,SP500,5901.0650
2020-10-28,SP500,5743.7964
2020-10-29,SP500,5824.3251
2020-10-30,SP500,5757.2575
2020-11-02,SP500,5851.2617
2020-11-03,SP500,5930.0118
2020-11-04,SP500,6050.9341
2020-11-05,SP500,6100.1012
2020-11-06,SP500,6091.4151
2020-11-09,SP500,6156.5009
2020-11-10,SP500,6187.9658
2020-11-11,SP500,6257.5641
2020-11-12,SP500,6183.2668
2020-11-13,SP500,6255.2771
2020-11-16,SP500,6320.1945
2020-11-17,SP500,6263.2890
2020-11-18,SP500,6199.3089
2020-11-19,SP500,6243.1202
2020-11-20,SP500,6184.5737
2020-11-23,SP500,6200.2688
2020-11-24,SP500,6319.6713
2020-11-25,SP500,6296.6192
2020-11-27,SP500,6295.4034
2020-11-30,SP500,6237.1119
2020-12-01,SP500,6313.9286
2020-12-02,SP500,6274.4570
2020-12-03,SP500,6227.8331
2020-12-04,SP500,6279.1101
2020-12-07,SP500,6282.9815
2020-12-08,SP500,6307.9331
2020-12-09,SP500,6260.6822
2020-12-10,SP500,6249.9960
2020-12-11,SP500,6236.0518
2020-12-14,SP500,6192.1313
2020-12-15,SP500,6283.5913
2020-12-16,SP500,6269.4395
2020-12-17,SP500,6276.4823
2020-12-18,SP500,6248.2666
2020-12-21,SP500,6268.0275
2020-12-22,SP500,6221.7747
2020-12-23,SP500,6263.8746
2020-12-24,SP500,6272.7714
2020-12-28,SP500,6314.0192
2020-12-29,SP500,6279.4112
2020-12-30,SP500,6277.2576
2020-12-31,SP500,6323.3234
2021-01-04,SP500,6217.6887
2021-01-05,SP500,6275.2342
2021-01-06,SP500,6276.8927
2021-01-07,SP500,6403.6332
2021-01-08,SP500,6453.2896
2021-01-11,SP500,6456.8365
2021-01-12,SP500,6460.5873
2021-01-13,SP500,6472.7519
2021-01-14,SP500,6471.5441
2021-01-15,SP500,6425.6290
2021-01-19,SP500,6473.3516
2021-01-20,SP500,6580.3817
2021-01-21,SP500,6552.1548
2021-01-22,SP500,6532.4891
2021-01-25,SP500,6559.3482
2021-01-26,SP500,6554.4759
2021-01-27,SP500,6401.4696
2021-01-28,SP500,6476.9004
2021-01-29,SP500,6329.1115
2021-02-01,SP500,6458.3830
2021-02-02,SP500,6569.9685
2021-02-03,SP500,6591.3706
2021-02-04,SP500,6675.2418
2021-02-05,SP500,6709.2297
2021-02-08,SP500,6735.4096
2021-02-09,SP500,6685.1456
2021-02-10,SP500,6670.3306
2021-02-11,SP500,6671.7625
2021-02-12,SP500,6725.1322
2021-02-16,SP500,6702.7589
2021-02-17,SP500,6747.8274
2021-02-18,SP500,6704.9323
2021-02-19,SP500,6662.5588
2021-02-22,SP500,6614.8603
2021-02-23,SP500,6617.8540
2021-02-24,SP500,6691.4045
2021-02-25,SP500,6486.3477
2021-02-26,SP500,6511.6823
2021-03-01,SP500,6704.3722
2021-03-02,SP500,6664.0672
2021-03-03,SP500,6566.4093
2021-03-04,SP500,6486.9953
2021-03-05,SP500,6666.9291
2021-03-08,SP500,6671.5070
2021-03-09,SP500,6750.6307
2021-03-10,SP500,6792.8438
2021-03-11,SP500,6819.7678
2021-03-12,SP500,6848.9901
2021-03-15,SP500,6901.2754
2021-03-16,SP500,6887.1624
2021-03-17,SP500,6918.0731
2021-03-18,SP500,6813.4402
2021-03-19,SP500,6822.0754
2021-03-22,SP500,6849.8576
2021-03-23,SP500,6822.2083
2021-03-24,SP500,6818.6047
2021-03-25,SP500,6867.9120
2021-03-26,SP500,6994.0417
2021-03-29,SP500,6986.7959
2021-03-30,SP500,6990.9715
2021-03-31,SP500,7026.4226
2021-04-01,SP500,7096.8076
2021-04-05,SP500,7200.2387
2021-04-06,SP500,7153.3526
2021-04-07,SP500,7120.6493
2021-04-08,SP500,7158.9738
2021-04-09,SP500,7205.2240
2021-04-12,SP500,7194.2459
2021-04-13,SP500,7222.8060
2021-04-14,SP500,7153.2599
2021-04-15,SP500,7229.1479
2021-04-16,SP500,7245.5446
2021-04-19,SP500,7177.7482
2021-04-20,SP500,7119.6998
2021-04-21,SP500,7212.2927
2021-04-22,SP500,7123.3027
2021-04-23,SP500,7189.4578
2021-04-26,SP500,7190.9473
2021-04-27,SP500,7187.6656
2021-04-28,SP500,7192.3529
2021-04-29,SP500,7206.1585
2021-04-30,SP500,7182.7182
2021-05-03,SP500,7225.1906
2021-05-04,SP500,7190.6748
2021-05-05,SP500,7205.3645
2021-05-06,SP500,7232.2057
2021-05-07,SP500,7287.3541
2021-05-10,SP500,7146.2651
2021-05-11,SP500,7083.7966
2021-05-12,SP500,6962.5683
2021-05-13,SP500,7070.1015
2021-05-14,SP500,7151.2746
2021-05-17,SP500,7121.4447
2021-05-18,SP500,7016.0207
2021-05-19,SP500,7002.0883
2021-05-20,SP500,7081.8491
2021-05-21,SP500,7085.2886
2021-05-24,SP500,7142.1553
2021-05-25,SP500,7096.8606
2021-05-26,SP500,7130.6240
2021-05-27,SP500,7157.7060
2021-05-28,SP500,7197.1418
2021-06-01,SP500,7144.9818
2021-06-02,SP500,7178.9757
2021-06-03,SP500,7153.4994
2021-06-04,SP500,7258.4634
2021-06-07,SP500,7226.0157
2021-06-08,SP500,7215.5639
2021-06-09,SP500,7195.0058
2021-06-10,SP500,7241.3008
2021-06-11,SP500,7284.8993
2021-06-14,SP500,7307.7691
2021-06-15,SP500,7295.7381
2021-06-16,SP500,7246.9314
2021-06-17,SP500,7357.4433
2021-06-18,SP500,7285.0561
2021-06-21,SP500,7391.7413
2021-06-22,SP500,7427.7447
2021-06-23,SP500,7384.3275
2021-06-24,SP500,7437.2148
2021-06-25,SP500,7453.3808
2021-06-28,SP500,7495.7182
2021-06-29,SP500,7512.3401
2021-06-30,SP500,7525.0591
2021-07-01,SP500,7564.8604
2021-07-02,SP500,7661.8964
2021-07-06,SP500,7637.0669
2021-07-07,SP500,7667.2637
2021-07-08,SP500,7598.6313
2021-07-09,SP500,7671.4790
2021-07-12,SP500,7701.8391
2021-07-13,SP500,7679.9649
2021-07-14,SP500,7710.6753
2021-07-15,SP500,7687.6366
2021-07-16,SP500,7634.2058
2021-07-19,SP500,7536.1808
2021-07-20,SP500,7644.8149
2021-07-21,SP500,7709.7942
2021-07-22,SP500,7723.9492
2021-07-23,SP500,7807.9711
2021-07-26,SP500,7813.3790
2021-07-27,SP500,7761.4475
2021-07-28,SP500,7762.0226
2021-07-29,SP500,7752.2530
2021-07-30,SP500,7699.2767
2021-08-02,SP500,7688.3395
2021-08-03,SP500,7752.0821
2021-08-04,SP500,7731.8605
2021-08-05,SP500,7786.0677
2021-08-06,SP500,7828.4325
2021-08-09,SP500,7852.2658
2021-08-10,SP500,7886.2137
2021-08-11,SP500,7908.6878
2021-08-12,SP500,7919.9252
2021-08-13,SP500,7915.4354
2021-08-16,SP500,7931.6851
2021-08-17,SP500,7879.5191
2021-08-18,SP500,7825.5819
2021-08-19,SP500,7854.0273
2021-08-20,SP500,7935.3179
2021-08-23,SP500,7971.5735
2021-08-24,SP500,7968.5778
2021-08-25,SP500,7989.0934
2021-08-26,SP500,7921.9344
2021-08-27,SP500,7996.0466
2021-08-30,SP500,8003.7626
2021-08-31,SP500,7971.5904
2021-09-01,SP500,7986.0797
2021-09-02,SP500,7990.4354
2021-09-03,SP500,7970.4684
2021-09-07,SP500,7951.6692
2021-09-08,SP500,7963.6174
2021-09-09,SP500,7920.2486
2021-09-10,SP500,7857.4700
2021-09-13,SP500,7916.2055
2021-09-14,SP500,7850.0002
2021-09-15,SP500,7910.0390
2021-09-16,SP500,7938.9699
2021-09-17,SP500,7855.3228
2021-09-20,SP500,7767.5002
2021-09-21,SP500,7743.6955
2021-09-22,SP500,7823.4121
2021-09-23,SP500,7928.1262
2021-09-24,SP500,7937.1023
2021-09-27,SP500,7929.4496
2021-09-28,SP500,7781.7004
2021-09-29,SP500,7810.7260
2021-09-30,SP500,7768.2270
2021-10-01,SP500,7843.3190
2021-10-04,SP500,7717.9784
2021-10-05,SP500,7822.9533
2021-10-06,SP500,7895.9021
2021-10-07,SP500,7949.4814
2021-10-08,SP500,7929.5879
2021-10-11,SP500,7871.7468
2021-10-12,SP500,7865.6257
2021-10-13,SP500,7884.7861
2021-10-14,SP500,7992.5614
2021-10-15,SP500,8052.1896
2021-10-18,SP500,8077.9728
2021-10-19,SP500,8102.2052
2021-10-20,SP500,8154.3666
2021-10-21,SP500,8169.5541
2021-10-22,SP500,8165.8301
2021-10-25,SP500,8223.7268
2021-10-26,SP500,8228.0854
2021-10-27,SP500,8187.3716
2021-10-28,SP500,8285.3709
2021-10-29,SP500,8265.3667
2021-11-01,SP500,8328.2436
2021-11-02,SP500,8340.9034
2021-11-03,SP500,8412.9122
2021-11-04,SP500,8455.7701
2021-11-05,SP500,8525.0286
2021-11-08,SP500,8488.4788
2021-11-09,SP500,8460.8449
2021-11-10,SP500,8406.9214
2021-11-11,SP500,8483.4905
2021-11-12,SP500,8554.5246
2021-11-15,SP500,8557.7860
2021-11-16,SP500,8648.7598
2021-11-17,SP500,8667.6118
2021-11-18,SP500,8675.4955
2021-11-19,SP500,8720.4328
2021-11-22,SP500,8687.9678
2021-11-23,SP500,8717.1600
2021-11-24,SP500,8778.8681
2021-11-26,SP500,8514.9677
2021-11-29,SP500,8639.3936
2021-11-30,SP500,8411.8015
2021-12-01,SP500,8349.1338
2021-12-02,SP500,8450.2955
2021-12-03,SP500,8414.9148
2021-12-06,SP500,8516.8951
2021-12-07,SP500,8717.3065
2021-12-08,SP500,8711.1069
2021-12-09,SP500,8640.4301
2021-12-10,SP500,8752.4351
2021-12-13,SP500,8668.8158
2021-12-14,SP500,8581.7133
2021-12-15,SP500,8758.5863
2021-12-16,SP500,8625.6968
2021-12-17,SP500,8541.9508
2021-12-20,SP500,8487.4569
2021-12-21,SP500,8622.1607
2021-12-22,SP500,8706.2210
2021-12-23,SP500,8753.5807
2021-12-27,SP500,8873.4706
2021-12-28,SP500,8849.6428
2021-12-29,SP500,8884.0223
2021-12-30,SP500,8834.0478
2021-12-31,SP500,8817.4997
2022-01-03,SP500,8851.0878
2022-01-04,SP500,8905.7097
2022-01-05,SP500,8702.8008
2022-01-06,SP500,8698.1175
2022-01-07,SP500,8677.5089
2022-01-10,SP500,8649.6905
2022-01-11,SP500,8715.0579
2022-01-12,SP500,8713.6147
2022-01-13,SP500,8520.7621
2022-01-14,SP500,8539.8185
2022-01-18,SP500,8441.9193
2022-01-19,SP500,8376.5004
2022-01-20,SP500,8289.7865
2022-01-21,SP500,8125.9079
2022-01-24,SP500,8180.1485
2022-01-25,SP500,8106.4342
2022-01-26,SP500,8087.9223
2022-01-27,SP500,8129.2475
2022-01-28,SP500,8344.5950
2022-01-31,SP500,8488.6338
2022-02-01,SP500,8467.9842
2022-02-02,SP500,8500.3000
2022-02-03,SP500,8320.5479
2022-02-04,SP500,8234.9791
2022-02-07,SP500,8216.8602
2022-02-08,SP500,8314.2972
2022-02-09,SP500,8416.1258
2022-02-10,SP500,8261.8408
2022-02-11,SP500,8121.0474
2022-02-14,SP500,8162.6550
2022-02-15,SP500,8271.1065
2022-02-16,SP500,8259.8398
2022-02-17,SP500,8087.3787
2022-02-18,SP500,8041.9320
2022-02-22,SP500,7968.8947
2022-02-23,SP500,7820.8306
2022-02-24,SP500,8067.1595
2022-02-25,SP500,8209.5663
2022-02-28,SP500,8202.8486
2022-03-01,SP500,8102.9114
2022-03-02,SP500,8295.8668
2022-03-03,SP500,8275.6680
2022-03-04,SP500,8321.0175
2022-03-07,SP500,8100.7065
2022-03-08,SP500,8044.5376
2022-03-09,SP500,8176.7037
2022-03-10,SP500,8075.5146
2022-03-11,SP500,8039.4908
2022-03-14,SP500,8003.4215
2022-03-15,SP500,8151.8881
2022-03-16,SP500,8332.2810
2022-03-17,SP500,8392.1545
2022-03-18,SP500,8523.2828
2022-03-21,SP500,8496.8652
2022-03-22,SP500,8603.8283
2022-03-23,SP500,8528.8853
2022-03-24,SP500,8657.4881
2022-03-25,SP500,8682.4217
2022-03-28,SP500,8773.1718
2022-03-29,SP500,8785.3853
2022-03-30,SP500,8698.8134
2022-03-31,SP500,8582.5241
2022-04-01,SP500,8649.9730
2022-04-04,SP500,8757.2650
2022-04-05,SP500,8677.1268
2022-04-06,SP500,8629.0307
2022-04-07,SP500,8672.3706
2022-04-08,SP500,8693.3430
2022-04-11,SP500,8516.0371
2022-04-12,SP500,8517.6966
2022-04-13,SP500,8642.3517
2022-04-14,SP500,8496.5803
2022-04-18,SP500,8494.8432
2022-04-19,SP500,8691.2987
2022-04-20,SP500,8664.3952
2022-04-21,SP500,8492.5694
2022-04-22,SP500,8310.5387
2022-04-25,SP500,8413.2332
2022-04-26,SP500,8231.6561
2022-04-27,SP500,8319.9471
2022-04-28,SP500,8606.0276
2022-04-29,SP500,8251.0915
2022-05-02,SP500,8310.5756
2022-05-03,SP500,8325.4645
2022-05-04,SP500,8594.5308
2022-05-05,SP500,8260.0397
2022-05-06,SP500,8212.8380
2022-05-09,SP500,7958.6135
2022-05-10,SP500,7981.9975
2022-05-11,SP500,7851.6254
2022-05-12,SP500,7953.5358
2022-05-13,SP500,8162.3210
2022-05-16,SP500,8101.6598
2022-05-17,SP500,8172.1939
2022-05-18,SP500,7857.3794
2022-05-19,SP500,7810.8976
2022-05-20,SP500,7773.7634
2022-05-23,SP500,7858.0262
2022-05-24,SP500,7749.9718
2022-05-25,SP500,7870.3267
2022-05-26,SP500,7996.3351
2022-05-27,SP500,8176.4877
2022-05-31,SP500,8132.7356
2022-06-01,SP500,8073.4506
2022-06-02,SP500,8239.0382
2022-06-03,SP500,8076.2347
2022-06-06,SP500,8104.6612
2022-06-07,SP500,8231.1854
2022-06-08,SP500,8084.2534
2022-06-09,SP500,7889.7051
2022-06-10,SP500,7779.7596
2022-06-13,SP500,7566.1695
2022-06-14,SP500,7542.4224
2022-06-15,SP500,7668.1240
2022-06-16,SP500,7441.7213
2022-06-17,SP500,7397.0912
2022-06-21,SP500,7532.5973
2022-06-22,SP500,7543.6460
2022-06-23,SP500,7636.2148
2022-06-24,SP500,7846.5600
2022-06-27,SP500,7787.9492
2022-06-28,SP500,7639.0115
2022-06-29,SP500,7666.3689
2022-06-30,SP500,7695.6101
2022-07-01,SP500,7748.5757
2022-07-05,SP500,7864.0913
2022-07-06,SP500,7979.9646
2022-07-07,SP500,8097.9277
2022-07-08,SP500,8105.3823
2022-07-11,SP500,8063.6563
2022-07-12,SP500,8033.8180
2022-07-13,SP500,7978.3051
2022-07-14,SP500,8004.7076
2022-07-15,SP500,8114.6237
2022-07-18,SP500,7989.5667
2022-07-19,SP500,8119.2779
2022-07-20,SP500,8204.1084
2022-07-21,SP500,8285.7532
2022-07-22,SP500,8215.7705
2022-07-25,SP500,8189.6052
2022-07-26,SP500,8184.7001
2022-07-27,SP500,8375.7088
2022-07-28,SP500,8503.4976
2022-07-29,SP500,8560.9531
2022-08-01,SP500,8507.6421
2022-08-02,SP500,8458.4411
2022-08-03,SP500,8616.1274
2022-08-04,SP500,8621.1870
2022-08-05,SP500,8564.5266
2022-08-08,SP500,8582.5960
2022-08-09,SP500,8517.4419
2022-08-10,SP500,8683.8858
2022-08-11,SP500,8607.8931
2022-08-12,SP500,8803.2471
2022-08-15,SP500,8916.4888
2022-08-16,SP500,8990.0998
2022-08-17,SP500,8897.6681
2022-08-18,SP500,8906.9466
2022-08-19,SP500,8900.7562
2022-08-22,SP500,8757.3645
2022-08-23,SP500,8803.0218
2022-08-24,SP500,8822.6494
2022-08-25,SP500,8914.8745
2022-08-26,SP500,8582.9421
2022-08-29,SP500,8544.0613
2022-08-30,SP500,8410.0961
2022-08-31,SP500,8374.4199
2022-09-01,SP500,8397.6009
2022-09-02,SP500,8317.2420
2022-09-06,SP500,8337.8420
2022-09-07,SP500,8527.9414
2022-09-08,SP500,8478.9988
2022-09-09,SP500,8574.9631
2022-09-12,SP500,8575.2535
2022-09-13,SP500,8188.5999
2022-09-14,SP500,8370.7712
2022-09-15,SP500,8275.2198
2022-09-16,SP500,8247.2871
2022-09-19,SP500,8274.0045
2022-09-20,SP500,8184.0979
2022-09-21,SP500,8109.5195
2022-09-22,SP500,8059.4496
2022-09-23,SP500,8026.3175
2022-09-26,SP500,8032.2726
2022-09-27,SP500,8017.4100
2022-09-28,SP500,8243.1258
2022-09-29,SP500,7952.9053
2022-09-30,SP500,7799.6924
2022-10-03,SP500,7988.5293
2022-10-04,SP500,8127.8435
2022-10-05,SP500,8092.5971
2022-10-06,SP500,8056.4198
2022-10-07,SP500,7881.4330
2022-10-10,SP500,7903.0423
2022-10-11,SP500,7830.6593
2022-10-12,SP500,7818.7718
2022-10-13,SP500,7995.6463
2022-10-14,SP500,7824.4214
2022-10-17,SP500,8013.4820
2022-10-18,SP500,8026.1110
2022-10-19,SP500,8019.0123
2022-10-20,SP500,7929.3954
2022-10-21,SP500,8185.2518
2022-10-24,SP500,8180.7734
2022-10-25,SP500,8305.4660
2022-10-26,SP500,8110.9649
2022-10-27,SP500,8050.5329
2022-10-28,SP500,8320.8827
2022-10-31,SP500,8289.9941
2022-11-01,SP500,8228.6818
2022-11-02,SP500,8054.5723
2022-11-03,SP500,8097.0058
2022-11-04,SP500,8110.0489
2022-11-07,SP500,8089.0422
2022-11-08,SP500,8131.9530
2022-11-09,SP500,7930.5907
2022-11-10,SP500,8442.3151
2022-11-11,SP500,8227.7162
2022-11-14,SP500,8147.3495
2022-11-15,SP500,8151.8067
2022-11-16,SP500,8080.1862
2022-11-17,SP500,8129.5085
2022-11-18,SP500,8131.4005
2022-11-21,SP500,8195.6183
2022-11-22,SP500,8284.4856
2022-11-23,SP500,8292.7550
2022-11-25,SP500,8250.6890
2022-11-28,SP500,8055.0035
2022-11-29,SP500,8118.1454
2022-11-30,SP500,8363.5312
2022-12-01,SP500,8295.2940
2022-12-02,SP500,8219.9948
2022-12-05,SP500,8035.6473
2022-12-06,SP500,7973.7164
2022-12-07,SP500,7949.2262
2022-12-08,SP500,8017.7777
2022-12-09,SP500,7929.0271
2022-12-12,SP500,8040.0117
2022-12-13,SP500,8111.9958
2022-12-14,SP500,7985.6979
2022-12-15,SP500,7807.7767
2022-12-16,SP500,7722.8556
2022-12-19,SP500,7668.9657
2022-12-20,SP500,7676.4787
2022-12-21,SP500,7764.6011
2022-12-22,SP500,7654.5376
2022-12-23,SP500,7707.6446
2022-12-27,SP500,7675.6117
2022-12-28,SP500,7572.0114
2022-12-29,SP500,7698.7138
2022-12-30,SP500,7667.3730
2023-01-03,SP500,7724.6089
2023-01-04,SP500,7743.5795
2023-01-05,SP500,7653.1930
2023-01-06,SP500,7903.4384
2023-01-09,SP500,7754.1135
2023-01-10,SP500,7788.5663
2023-01-11,SP500,7871.2010
2023-01-12,SP500,7880.6908
2023-01-13,SP500,7881.7462
2023-01-17,SP500,7844.7203
2023-01-18,SP500,7725.4914
2023-01-19,SP500,7684.4660
2023-01-20,SP500,7822.0491
2023-01-23,SP500,7882.2275
2023-01-24,SP500,7886.2315
2023-01-25,SP500,7870.3809
2023-01-26,SP500,7945.1673
2023-01-27,SP500,7987.1236
2023-01-30,SP500,7856.8103
2023-01-31,SP500,8023.5206
2023-02-01,SP500,8062.0245
2023-02-02,SP500,8110.9844
2023-02-03,SP500,8064.7981
2023-02-06,SP500,8135.5794
2023-02-07,SP500,8298.9815
2023-02-08,SP500,8180.5217
2023-02-09,SP500,8082.4251
2023-02-10,SP500,8163.2084
2023-02-13,SP500,8261.0142
2023-02-14,SP500,8203.6623
2023-02-15,SP500,8273.8500
2023-02-16,SP500,8160.5140
2023-02-17,SP500,8196.9035
2023-02-21,SP500,8003.3106
2023-02-22,SP500,8005.8720
2023-02-23,SP500,8070.4317
2023-02-24,SP500,8020.4921
2023-02-27,SP500,8058.3284
2023-02-28,SP500,7985.4975
2023-03-01,SP500,7899.8970
2023-03-02,SP500,8020.3204
2023-03-03,SP500,8142.8265
2023-03-06,SP500,8125.0046
2023-03-07,SP500,7986.4417
2023-03-08,SP500,8089.4548
2023-03-09,SP500,7934.6693
2023-03-10,SP500,7796.7602
2023-03-13,SP500,7697.9167
2023-03-14,SP500,7804.0050
2023-03-15,SP500,7887.9135
2023-03-16,SP500,7992.7608
2023-03-17,SP500,7884.0346
2023-03-20,SP500,7884.6510
2023-03-21,SP500,7943.8656
2023-03-22,SP500,7807.1577
2023-03-23,SP500,7763.4618
2023-03-24,SP500,7904.6531
2023-03-27,SP500,7897.0946
2023-03-28,SP500,7835.3931
2023-03-29,SP500,7942.5556
2023-03-30,SP500,7960.4080
2023-03-31,SP500,8083.7976
2023-04-03,SP500,8117.4426
2023-04-04,SP500,8048.1695
2023-04-05,SP500,8000.4936
2023-04-06,SP500,8049.1985
2023-04-10,SP500,8057.3984
2023-04-11,SP500,8064.4567
2023-04-12,SP500,8018.7789
2023-04-13,SP500,8057.7852
2023-04-14,SP500,8010.5902
2023-04-17,SP500,8092.8511
2023-04-18,SP500,8106.4069
2023-04-19,SP500,8134.6379
2023-04-20,SP500,8078.9658
2023-04-21,SP500,8061.3589
2023-04-24,SP500,8050.6270
2023-04-25,SP500,7909.2995
2023-04-26,SP500,7866.8271
2023-04-27,SP500,8018.7650
2023-04-28,SP500,8130.7254
2023-05-01,SP500,8127.6022
2023-05-02,SP500,8045.2256
2023-05-03,SP500,7932.5819
2023-05-04,SP500,7854.1446
2023-05-05,SP500,8043.2725
2023-05-08,SP500,8030.2707
2023-05-09,SP500,8050.9625
2023-05-10,SP500,8093.9266
2023-05-11,SP500,8096.6976
2023-05-12,SP500,8113.9182
2023-05-15,SP500,8151.0025
2023-05-16,SP500,8095.7175
2023-05-17,SP500,8232.9206
2023-05-18,SP500,8324.4705
2023-05-19,SP500,8316.4878
2023-05-22,SP500,8307.9742
2023-05-23,SP500,8247.6669
2023-05-24,SP500,8182.9020
2023-05-25,SP500,8293.2835
2023-05-26,SP500,8389.5820
2023-05-30,SP500,8395.7461
2023-05-31,SP500,8393.8595
2023-06-01,SP500,8467.0187
2023-06-02,SP500,8537.8982
2023-06-05,SP500,8579.1299
2023-06-06,SP500,8605.1766
2023-06-07,SP500,8545.4322
2023-06-08,SP500,8583.2731
2023-06-09,SP500,8559.0911
2023-06-12,SP500,8650.9240
2023-06-13,SP500,8688.6411
2023-06-14,SP500,8684.9293
2023-06-15,SP500,8784.1115
2023-06-16,SP500,8634.6978
2023-06-20,SP500,8619.7929
2023-06-21,SP500,8582.9991
2023-06-22,SP500,8566.9823
2023-06-23,SP500,8580.3380
2023-06-26,SP500,8515.4059
2023-06-27,SP500,8586.9967
2023-06-28,SP500,8594.1669
2023-06-29,SP500,8633.6259
2023-06-30,SP500,8797.7820
2023-07-03,SP500,8781.8604
2023-07-05,SP500,8781.7726
2023-07-06,SP500,8696.8809
2023-07-07,SP500,8682.1268
2023-07-10,SP500,8649.0511
2023-07-11,SP500,8681.3634
2023-07-12,SP500,8719.7152
2023-07-13,SP500,8668.6637
2023-07-14,SP500,8629.9710
2023-07-17,SP500,8656.3048
2023-07-18,SP500,8698.5342
2023-07-19,SP500,8744.8405
2023-07-20,SP500,8705.9923
2023-07-21,SP500,8766.7534
2023-07-24,SP500,8823.6840
2023-07-25,SP500,8884.7075
2023-07-26,SP500,8877.0326
2023-07-27,SP500,8768.2874
2023-07-28,SP500,8948.2378
2023-07-31,SP500,8951.0746
2023-08-01,SP500,8970.5651
2023-08-02,SP500,8834.4378
2023-08-03,SP500,8855.0680
2023-08-04,SP500,8797.5238
2023-08-07,SP500,8846.4222
2023-08-08,SP500,8841.3743
2023-08-09,SP500,8760.6952
2023-08-10,SP500,8723.4416
2023-08-11,SP500,8727.2357
2023-08-14,SP500,8837.3831
2023-08-15,SP500,8739.8590
2023-08-16,SP500,8683.1624
2023-08-17,SP500,8630.5225
2023-08-18,SP500,8656.0228
2023-08-21,SP500,8682.9755
2023-08-22,SP500,8675.6863
2023-08-23,SP500,8838.2512
2023-08-24,SP500,8691.3927
2023-08-25,SP500,8776.7299
2023-08-28,SP500,8831.8287
2023-08-29,SP500,8964.3800
2023-08-30,SP500,8931.6186
2023-08-31,SP500,8934.1918
2023-09-01,SP500,8970.5272
2023-09-05,SP500,9027.3598
2023-09-06,SP500,8952.9832
2023-09-07,SP500,8954.6222
2023-09-08,SP500,8973.0657
2023-09-11,SP500,9016.5613
2023-09-12,SP500,8974.7598
2023-09-13,SP500,8969.2348
2023-09-14,SP500,9049.8975
2023-09-15,SP500,9000.6196
2023-09-18,SP500,9003.0289
2023-09-19,SP500,8941.7246
2023-09-20,SP500,8867.4266
2023-09-21,SP500,8777.2354
2023-09-22,SP500,8747.3465
2023-09-25,SP500,8794.2259
2023-09-26,SP500,8688.0903
2023-09-27,SP500,8747.1712
2023-09-28,SP500,8797.3715
2023-09-29,SP500,8728.2804
2023-10-02,SP500,8782.0606
2023-10-03,SP500,8712.5224
2023-10-04,SP500,8759.7786
2023-10-05,SP500,8725.8309
2023-10-06,SP500,8799.4133
2023-10-09,SP500,8881.7873
2023-10-10,SP500,8885.1914
2023-10-11,SP500,8905.2526
2023-10-12,SP500,8838.0828
2023-10-13,SP500,8873.1374
2023-10-16,SP500,8955.5035
2023-10-17,SP500,8928.3379
2023-10-18,SP500,8812.0397
2023-10-19,SP500,8743.8250
2023-10-20,SP500,8607.1569
2023-10-23,SP500,8587.7987
2023-10-24,SP500,8621.8960
2023-10-25,SP500,8543.3060
2023-10-26,SP500,8471.1858
2023-10-27,SP500,8429.8837
2023-10-30,SP500,8480.3960
2023-10-31,SP500,8524.6347
2023-11-01,SP500,8681.2662
2023-11-02,SP500,8742.6691
2023-11-03,SP500,8791.4031
2023-11-06,SP500,8775.1046
2023-11-07,SP500,8845.4803
2023-11-08,SP500,8867.2571
2023-11-09,SP500,8780.8342
2023-11-10,SP500,8925.9851
2023-11-13,SP500,8929.9438
2023-11-14,SP500,9056.3314
2023-11-15,SP500,8952.2539
2023-11-16,SP500,8980.7537
2023-11-17,SP500,8973.4363
2023-11-20,SP500,8994.3444
2023-11-21,SP500,8954.2580
2023-11-22,SP500,9027.3488
2023-11-24,SP500,9028.8016
2023-11-27,SP500,8982.5130
2023-11-28,SP500,8992.9945
2023-11-29,SP500,8956.5956
2023-11-30,SP500,9037.6174
2023-12-01,SP500,9138.2893
2023-12-04,SP500,9094.7460
2023-12-05,SP500,9132.8185
2023-12-06,SP500,9130.3121
2023-12-07,SP500,9210.5094
2023-12-08,SP500,9243.2959
2023-12-11,SP500,9296.8668
2023-12-12,SP500,9299.3706
2023-12-13,SP500,9441.3460
2023-12-14,SP500,9354.0530
2023-12-15,SP500,9330.7879
2023-12-18,SP500,9397.1878
2023-12-19,SP500,9415.1253
2023-12-20,SP500,9293.2290
2023-12-21,SP500,9355.6404
2023-12-22,SP500,9337.1769
2023-12-26,SP500,9376.7400
2023-12-27,SP500,9355.2640
2023-12-28,SP500,9318.5080
2023-12-29,SP500,9346.4526
2024-01-02,SP500,9373.5765
2024-01-03,SP500,9330.3325
2024-01-04,SP500,9270.7023
2024-01-05,SP500,9314.8521
2024-01-08,SP500,9424.9219
2024-01-09,SP500,9417.4867
2024-01-10,SP500,9465.8044
2024-01-11,SP500,9424.4930
2024-01-12,SP500,9471.1658
2024-01-16,SP500,9487.9894
2024-01-17,SP500,9439.2294
2024-01-18,SP500,9524.8644
2024-01-19,SP500,9632.0753
2024-01-22,SP500,9650.5422
2024-01-23,SP500,9694.9778
2024-01-24,SP500,9673.5810
2024-01-25,SP500,9735.7293
2024-01-26,SP500,9749.0852
2024-01-29,SP500,9866.4880
2024-01-30,SP500,9840.4483
2024-01-31,SP500,9690.3016
2024-02-01,SP500,9832.7535
2024-02-02,SP500,9875.2642
2024-02-05,SP500,9969.3936
2024-02-06,SP500,9995.5040
2024-02-07,SP500,10047.1507
2024-02-08,SP500,10070.9801
2024-02-09,SP500,10116.6082
2024-02-12,SP500,10106.2008
2024-02-13,SP500,9950.7177
2024-02-14,SP500,10122.9532
2024-02-15,SP500,10155.7382
2024-02-16,SP500,10085.0946
2024-02-20,SP500,9993.3344
2024-02-21,SP500,9999.9350
2024-02-22,SP500,10178.7351
2024-02-23,SP500,10191.8962
2024-02-26,SP500,10136.8411
2024-02-27,SP500,10150.5531
2024-02-28,SP500,10179.6819
2024-02-29,SP500,10218.0957
2024-03-01,SP500,10312.9010
2024-03-04,SP500,10269.6198
2024-03-05,SP500,10162.3746
2024-03-06,SP500,10191.8801
2024-03-07,SP500,10278.4669
2024-03-08,SP500,10177.5250
2024-03-11,SP500,10171.7100
2024-03-12,SP500,10295.4012
2024-03-13,SP500,10254.4106
2024-03-14,SP500,10240.5946
2024-03-15,SP500,10205.3713
2024-03-18,SP500,10269.9596
2024-03-19,SP500,10364.1335
2024-03-20,SP500,10467.4379
2024-03-21,SP500,10440.9000
2024-03-22,SP500,10507.7060
2024-03-25,SP500,10463.9965
2024-03-26,SP500,10415.4857
2024-03-27,SP500,10544.5176
2024-03-28,SP500,10561.4932
2024-04-01,SP500,10540.2646
2024-04-02,SP500,10524.6073
2024-04-03,SP500,10503.3667
2024-04-04,SP500,10309.1506
2024-04-05,SP500,10434.1852
2024-04-08,SP500,10447.8057
2024-04-09,SP500,10422.0391
2024-04-10,SP500,10330.3227
2024-04-11,SP500,10534.5608
2024-04-12,SP500,10457.5478
2024-04-15,SP500,10328.0878
2024-04-16,SP500,10325.2705
2024-04-17,SP500,10264.6082
2024-04-18,SP500,10203.2684
2024-04-19,SP500,10139.0783
2024-04-22,SP500,10247.8082
2024-04-23,SP500,10329.8291
2024-04-24,SP500,10320.4754
2024-04-25,SP500,10240.8584
2024-04-26,SP500,10351.3720
2024-04-29,SP500,10378.9928
2024-04-30,SP500,10218.0072
2024-05-01,SP500,10182.9729
2024-05-02,SP500,10295.2983
2024-05-03,SP500,10380.4540
2024-05-06,SP500,10456.7840
2024-05-07,SP500,10481.1072
2024-05-08,SP500,10503.5001
2024-05-09,SP500,10569.8377
2024-05-10,SP500,10542.7591
2024-05-13,SP500,10524.7429
2024-05-14,SP500,10576.2506
2024-05-15,SP500,10666.5805
2024-05-16,SP500,10613.2527
2024-05-17,SP500,10647.6211
2024-05-20,SP500,10641.5982
2024-05-21,SP500,10665.5466
2024-05-22,SP500,10670.2122
2024-05-23,SP500,10568.4360
2024-05-24,SP500,10656.4203
2024-05-28,SP500,10617.9472
2024-05-29,SP500,10564.1153
2024-05-30,SP500,10542.8568
2024-05-31,SP500,10592.2412
2024-06-03,SP500,10615.0984
2024-06-04,SP500,10609.1206
2024-06-05,SP500,10728.0627
2024-06-06,SP500,10732.9684
2024-06-07,SP500,10690.4847
2024-06-10,SP500,10860.4872
2024-06-11,SP500,10916.4024
2024-06-12,SP500,10973.6832
2024-06-13,SP500,10980.1739
2024-06-14,SP500,11079.2341
2024-06-17,SP500,11138.4246
2024-06-18,SP500,11163.7235
2024-06-20,SP500,11131.4486
2024-06-21,SP500,11146.8753
2024-06-24,SP500,11069.9348
2024-06-25,SP500,11130.0635
2024-06-26,SP500,11173.6648
2024-06-27,SP500,11176.6081
2024-06-28,SP500,11122.9803
2024-07-01,SP500,11111.5681
2024-07-02,SP500,11197.1296
2024-07-03,SP500,11224.0473
2024-07-05,SP500,11218.1634
2024-07-08,SP500,11218.5229
2024-07-09,SP500,11248.9091
2024-07-10,SP500,11353.5427
2024-07-11,SP500,11223.3715
2024-07-12,SP500,11249.0270
2024-07-15,SP500,11264.3713
2024-07-16,SP500,11341.5516
2024-07-17,SP500,11150.9880
2024-07-18,SP500,11067.9323
2024-07-19,SP500,11029.9452
2024-07-22,SP500,11151.4971
2024-07-23,SP500,11162.8270
2024-07-24,SP500,10916.6301
2024-07-25,SP500,10857.5895
2024-07-26,SP500,10969.6501
2024-07-29,SP500,11022.3626
2024-07-30,SP500,10960.6428
2024-07-31,SP500,11130.4856
2024-08-01,SP500,11018.2038
2024-08-02,SP500,10769.8936
2024-08-05,SP500,10322.7795
2024-08-06,SP500,10478.5344
2024-08-07,SP500,10391.1740
2024-08-08,SP500,10622.9093
2024-08-09,SP500,10686.5350
2024-08-12,SP500,10680.6314
2024-08-13,SP500,10854.7160
2024-08-14,SP500,10809.5286
2024-08-15,SP500,10995.0774
2024-08-16,SP500,11035.5471
2024-08-19,SP500,11096.5857
2024-08-20,SP500,11031.9378
2024-08-21,SP500,11047.3009
2024-08-22,SP500,10930.1392
2024-08-23,SP500,11069.7148
2024-08-26,SP500,10993.5323
2024-08-27,SP500,11012.9364
2024-08-28,SP500,10991.4819
2024-08-29,SP500,11020.3643
2024-08-30,SP500,11134.1478
2024-09-03,SP500,10951.1285
2024-09-04,SP500,10919.1769
2024-09-05,SP500,10840.5152
2024-09-06,SP500,10648.9870
2024-09-09,SP500,10831.9662
2024-09-10,SP500,10892.5486
2024-09-11,SP500,10996.8755
2024-09-12,SP500,11106.6263
2024-09-13,SP500,11103.0230
2024-09-16,SP500,11074.2495
2024-09-17,SP500,11064.5031
2024-09-18,SP500,11047.5187
2024-09-19,SP500,11203.4688
2024-09-20,SP500,11171.8077
2024-09-23,SP500,11250.6613
2024-09-24,SP500,11264.7892
2024-09-25,SP500,11182.6160
2024-09-26,SP500,11267.7094
2024-09-27,SP500,11250.9233
2024-09-30,SP500,11261.2275
2024-10-01,SP500,11267.2471
2024-10-02,SP500,11284.7526
2024-10-03,SP500,11298.4778
2024-10-04,SP500,11412.5579
2024-10-07,SP500,11351.6756
2024-10-08,SP500,11461.7101
2024-10-09,SP500,11569.9189
2024-10-10,SP500,11574.1308
2024-10-11,SP500,11637.8858
2024-10-14,SP500,11752.2949
2024-10-15,SP500,11676.6941
2024-10-16,SP500,11737.9461
2024-10-17,SP500,11769.5383
2024-10-18,SP500,11837.6508
2024-10-21,SP500,11809.9969
2024-10-22,SP500,11839.3497
2024-10-23,SP500,11789.5610
2024-10-24,SP500,11777.6593
2024-10-25,SP500,11748.1199
2024-10-28,SP500,11787.0399
2024-10-29,SP500,11854.2786
2024-10-30,SP500,11770.4396
2024-10-31,SP500,11481.1066
2024-11-01,SP500,11525.4023
2024-11-04,SP500,11473.5239
2024-11-05,SP500,11621.8412
2024-11-06,SP500,12140.9355
2024-11-07,SP500,12129.3744
2024-11-08,SP500,12192.2296
2024-11-11,SP500,12342.6910
2024-11-12,SP500,12347.1321
2024-11-13,SP500,12336.5983
2024-11-14,SP500,12375.1923
2024-11-15,SP500,12155.7403
2024-11-18,SP500,12241.0916
2024-11-19,SP500,12259.5577
2024-11-20,SP500,12278.7821
2024-11-21,SP500,12388.4477
2024-11-22,SP500,12568.0564
2024-11-25,SP500,12506.3935
2024-11-26,SP500,12546.5403
2024-11-27,SP500,12488.9185
2024-11-29,SP500,12523.3193
2024-12-02,SP500,12621.1860
2024-12-03,SP500,12621.1283
2024-12-04,SP500,12721.9595
2024-12-05,SP500,12641.1198
2024-12-06,SP500,12624.9882
2024-12-09,SP500,12564.6196
2024-12-10,SP500,12576.4320
2024-12-11,SP500,12703.4451
2024-12-12,SP500,12653.9322
2024-12-13,SP500,12622.7035
2024-12-16,SP500,12696.4948
2024-12-17,SP500,12648.8995
2024-12-18,SP500,12277.2580
2024-12-19,SP500,12385.8488
2024-12-20,SP500,12527.1031
2024-12-23,SP500,12615.5103
2024-12-24,SP500,12752.3524
2024-12-26,SP500,12748.2056
2024-12-27,SP500,12560.0284
2024-12-30,SP500,12414.9940
2024-12-31,SP500,12428.3572
2025-01-02,SP500,12482.8796
2025-01-03,SP500,12668.1036
2025-01-06,SP500,12584.0587
2025-01-07,SP500,12483.9698
2025-01-08,SP500,12633.8031
2025-01-10,SP500,12419.8269
2025-01-13,SP500,12568.6993
2025-01-14,SP500,12525.4173
2025-01-15,SP500,12687.9219
2025-01-16,SP500,12695.8630
2025-01-17,SP500,12790.5904
2025-01-21,SP500,12829.5646
2025-01-22,SP500,12802.2219
2025-01-23,SP500,12918.6951
2025-01-24,SP500,12799.3791
2025-01-27,SP500,12543.3907
2025-01-28,SP500,12791.4310
2025-01-29,SP500,12762.2647
2025-01-30,SP500,12821.1570
2025-01-31,SP500,12769.5371
2025-02-03,SP500,12819.9435
2025-02-04,SP500,12836.4298
2025-02-05,SP500,12779.1496
2025-02-06,SP500,12902.4710
2025-02-07,SP500,12760.2774
2025-02-10,SP500,12918.7504
2025-02-11,SP500,12918.4425
2025-02-12,SP500,12827.4827
2025-02-13,SP500,12936.4097
2025-02-14,SP500,12829.8336
2025-02-18,SP500,12901.3301
2025-02-19,SP500,12948.3324
2025-02-20,SP500,12882.8306
2025-02-21,SP500,12636.8373
2025-02-24,SP500,12573.2944
2025-02-25,SP500,12477.7075
2025-02-26,SP500,12491.5707
2025-02-27,SP500,12305.2402
2025-02-28,SP500,12581.1351
2025-03-03,SP500,12297.1335
2025-03-04,SP500,12041.1673
2025-03-05,SP500,12019.8151
2025-03-06,SP500,11694.4327
2025-03-07,SP500,11694.6674
2025-03-10,SP500,11393.9054
2025-03-11,SP500,11238.3702
2025-03-12,SP500,11320.5034
2025-03-13,SP500,11221.9114
2025-03-14,SP500,11400.7533
2025-03-17,SP500,11459.9838
2025-03-18,SP500,11322.7332
2025-03-19,SP500,11467.1380
2025-03-20,SP500,11511.0955
2025-03-21,SP500,11527.2835
2025-03-24,SP500,11734.0264
2025-03-25,SP500,11751.8801
2025-03-26,SP500,11660.6233
2025-03-27,SP500,11625.3405
2025-03-28,SP500,11383.5884
2025-03-31,SP500,11428.7656
2025-04-01,SP500,11500.9824
2025-04-02,SP500,11562.6211
2025-04-03,SP500,10712.0396
2025-04-04,SP500,10109.8675
2025-04-07,SP500,10169.1981
2025-04-08,SP500,10025.1142
2025-04-09,SP500,10884.7532
2025-04-10,SP500,10474.8418
2025-04-11,SP500,10416.4730
2025-04-14,SP500,10470.6427
2025-04-15,SP500,10502.4640
2025-04-16,SP500,10239.3571
2025-04-17,SP500,10248.5919
2025-04-21,SP500,10007.9053
2025-04-22,SP500,10155.8296
2025-04-23,SP500,10380.4205
2025-04-24,SP500,10627.0302
2025-04-25,SP500,10723.3338
2025-04-28,SP500,10729.4590
2025-04-29,SP500,10777.5165
2025-04-30,SP500,10794.3284
2025-05-01,SP500,10862.4550
2025-05-02,SP500,11051.9265
2025-05-05,SP500,10981.9623
2025-05-06,SP500,10914.9317
2025-05-07,SP500,10928.6800
2025-05-08,SP500,11053.3770
2025-05-09,SP500,11091.6367
2025-05-12,SP500,11604.6550
2025-05-13,SP500,11682.7661
2025-05-14,SP500,11588.8891
2025-05-15,SP500,11669.8433
2025-05-16,SP500,11743.6840
2025-05-19,SP500,11684.7004
2025-05-20,SP500,11661.3464
2025-05-21,SP500,11392.4741
2025-05-22,SP500,11399.7261
2025-05-23,SP500,11331.9531
2025-05-27,SP500,11508.7357
2025-05-28,SP500,11484.2007
2025-05-29,SP500,11567.2456
2025-05-30,SP500,11508.1840
2025-06-02,SP500,11475.8212
2025-06-03,SP500,11576.0146
2025-06-04,SP500,11579.3831
2025-06-05,SP500,11479.8825
2025-06-06,SP500,11611.4360
2025-06-09,SP500,11624.1279
2025-06-10,SP500,11668.8162
2025-06-11,SP500,11632.8786
2025-06-12,SP500,11515.3093
2025-06-13,SP500,11468.2590
2025-06-16,SP500,11515.8370
2025-06-17,SP500,11425.9332
2025-06-18,SP500,11482.3426
2025-06-20,SP500,11451.0116
2025-06-23,SP500,11604.5589
2025-06-24,SP500,11597.3978
2025-06-25,SP500,11606.4579
2025-06-26,SP500,11602.6422
2025-06-27,SP500,11655.0749
2025-06-30,SP500,11700.2645
2025-07-01,SP500,11598.3740
2025-07-02,SP500,11708.2433
2025-07-03,SP500,11780.6658
2025-07-07,SP500,11742.0791
2025-07-08,SP500,11743.7533
2025-07-09,SP500,11835.2880
2025-07-10,SP500,11858.3053
2025-07-11,SP500,11845.5109
2025-07-14,SP500,11855.1070
2025-07-15,SP500,11834.6164
2025-07-16,SP500,11936.8815
2025-07-17,SP500,12025.0022
2025-07-18,SP500,11951.3731
2025-07-21,SP500,11950.9387
2025-07-22,SP500,11926.1045
2025-07-23,SP500,11991.7444
2025-07-24,SP500,11969.5902
2025-07-25,SP500,12050.5972
2025-07-28,SP500,12125.1161
2025-07-29,SP500,12216.1279
2025-07-30,SP500,12207.2871
2025-07-31,SP500,12249.2224
2025-08-01,SP500,12098.2375
2025-08-04,SP500,12106.0877
2025-08-05,SP500,12067.2786
2025-08-06,SP500,12094.4068
2025-08-07,SP500,12044.4470
2025-08-08,SP500,12134.2887
2025-08-11,SP500,12132.1892
2025-08-12,SP500,12287.1185
2025-08-13,SP500,12216.6851
2025-08-14,SP500,12242.7798
2025-08-15,SP500,12212.1580
2025-08-18,SP500,12227.5505
2025-08-19,SP500,12147.5773
2025-08-20,SP500,12150.5883
2025-08-21,SP500,12115.9808
2025-08-22,SP500,12333.3475
2025-08-25,SP500,12187.5351
2025-08-26,SP500,12281.7430
2025-08-27,SP500,12378.0388
2025-08-28,SP500,12329.1451
2025-08-29,SP500,12270.2691
2025-09-02,SP500,12200.3263
2025-09-03,SP500,12255.4110
2025-09-04,SP500,12365.1670
2025-09-05,SP500,12275.0366
2025-09-08,SP500,12269.0398
2025-09-09,SP500,12285.6352
2025-09-10,SP500,12361.5871
2025-09-11,SP500,12490.0639
2025-09-12,SP500,12449.3768
2025-09-15,SP500,12459.7398
2025-09-16,SP500,12400.9228
2025-09-17,SP500,12357.6918
2025-09-18,SP500,12437.0283
2025-09-19,SP500,12585.1480
2025-09-22,SP500,12593.3873
2025-09-23,SP500,12511.3456
2025-09-24,SP500,12515.0729
2025-09-25,SP500,12470.5509
2025-09-26,SP500,12616.5014
2025-09-29,SP500,12594.8306
2025-09-30,SP500,12628.2257
2025-10-01,SP500,12690.1740
2025-10-02,SP500,12665.7481
2025-10-03,SP500,12689.4834
2025-10-06,SP500,12797.7654
2025-10-07,SP500,12762.1894
2025-10-08,SP500,12879.6163
2025-10-09,SP500,12862.2684
2025-10-10,SP500,12561.7308
2025-10-13,SP500,12756.5652
2025-10-14,SP500,12754.4447
2025-10-15,SP500,12730.7349
2025-10-16,SP500,12621.3154
2025-10-17,SP500,12653.3348
2025-10-20,SP500,12817.0657
2025-10-21,SP500,12870.5351
2025-10-22,SP500,12824.1392
2025-10-23,SP500,12892.3746
2025-10-24,SP500,12973.5706
2025-10-27,SP500,13101.4945
2025-10-28,SP500,13142.8200
2025-10-29,SP500,13135.5537
2025-10-30,SP500,13102.3640
2025-10-31,SP500,13133.0710
2025-11-03,SP500,13202.1886
2025-11-04,SP500,13073.4923
2025-11-05,SP500,13120.1792
2025-11-06,SP500,12927.4953
2025-11-07,SP500,12913.7876
2025-11-10,SP500,13102.9900
2025-11-11,SP500,13125.6505
2025-11-12,SP500,13133.3188
2025-11-13,SP500,12868.4655
2025-11-14,SP500,12832.6919
2025-11-17,SP500,12776.6924
2025-11-18,SP500,12675.4181
2025-11-19,SP500,12731.1063
2025-11-20,SP500,12609.8230
2025-11-21,SP500,12728.0206
2025-11-24,SP500,12898.1895
2025-11-25,SP500,13007.9993
2025-11-26,SP500,13068.6450
2025-11-28,SP500,13151.5992
2025-12-01,SP500,12993.3024
2025-12-02,SP500,13061.5033
2025-12-03,SP500,13040.2296
2025-12-04,SP500,13057.4401
2025-12-05,SP500,13108.3209
2025-12-08,SP500,13052.6296
2025-12-09,SP500,13061.4936
2025-12-10,SP500,13153.4726
2025-12-11,SP500,13090.9512
2025-12-12,SP500,12933.3645
2025-12-15,SP500,12890.7172
2025-12-16,SP500,12835.3600
2025-12-17,SP500,12745.2736
2025-12-18,SP500,12849.8250
2025-12-19,SP500,12971.1831
2025-12-22,SP500,13018.7738
2025-12-23,SP500,13032.5638
2025-12-24,SP500,13073.4709
2025-12-26,SP500,13070.7393
2025-12-29,SP500,13048.7508
2025-12-30,SP500,13040.8015
2025-12-31,SP500,12953.5746
2026-01-02,SP500,13013.2415
2026-01-05,SP500,13159.9625
2026-01-06,SP500,13193.8415
2026-01-07,SP500,13174.4182
2026-01-08,SP500,13185.5929
2026-01-09,SP500,13309.1477
2026-01-12,SP500,13274.2557
2026-01-13,SP500,13291.9600
2026-01-14,SP500,13224.7450
2026-01-15,SP500,13290.0033
2026-01-16,SP500,13290.4104
2026-01-20,SP500,12893.5194
2026-01-21,SP500,13030.9392
2026-01-22,SP500,13139.6034
2026-01-23,SP500,13104.7776
2026-01-26,SP500,13065.7825
2026-01-27,SP500,13016.8667
2026-01-28,SP500,12967.0039
2026-01-29,SP500,12956.9183
2026-01-30,SP500,12955.0721
2026-02-02,SP500,13112.4243
2026-02-03,SP500,13045.2928
2026-02-04,SP500,12958.3333
2026-02-05,SP500,12823.5552
2026-02-06,SP500,13081.0837
2026-02-09,SP500,13041.9404
2026-02-10,SP500,12990.8528
2026-02-11,SP500,12984.0336
2026-02-12,SP500,12809.7522
2026-02-13,SP500,12830.9980
2026-02-17,SP500,12885.0328
2026-02-18,SP500,12936.4546
2026-02-19,SP500,13002.7141
2026-02-20,SP500,13077.7935
2026-02-23,SP500,12923.6934
2026-02-24,SP500,13031.1117
2026-02-25,SP500,13129.7179
2026-02-26,SP500,13026.1807
2026-02-27,SP500,12980.7707
2026-03-02,SP500,13105.8127
2026-03-03,SP500,13085.4646
2026-03-04,SP500,13138.4752
2026-03-05,SP500,13099.6210
2026-03-06,SP500,12991.2639
2026-03-09,SP500,13107.2089
2026-03-10,SP500,12984.0222
2026-03-11,SP500,13040.8171
2026-03-12,SP500,12880.5921
2026-03-13,SP500,12883.4701
2026-03-16,SP500,13013.0424
2026-03-17,SP500,12986.0200
2026-03-18,SP500,12843.8961
2026-03-19,SP500,12821.6035
2026-03-20,SP500,12555.7076
2026-03-23,SP500,12655.3725
2026-03-24,SP500,12634.2723
2026-03-25,SP500,12681.3144
2026-03-26,SP500,12517.8615
2026-03-27,SP500,12332.4132
2026-03-30,SP500,12319.1480
2026-03-31,SP500,12663.7241
2026-04-01,SP500,12637.3802
2026-04-02,SP500,12740.3039
2026-04-06,SP500,12797.6656
2026-04-07,SP500,12772.0340
2026-04-08,SP500,12925.7307
2026-04-09,SP500,13029.6788
2026-04-10,SP500,12987.2597
2026-04-13,SP500,13149.7007
2026-04-14,SP500,13182.0146
2026-04-15,SP500,13302.8604
2026-04-16,SP500,13335.4268
2026-04-17,SP500,13478.8762
2026-04-20,SP500,13489.5235
2026-04-21,SP500,13395.9544
2026-04-22,SP500,13575.5222
2026-04-23,SP500,13564.6911
2026-04-24,SP500,13652.3996
2026-04-27,SP500,13626.2578
2026-04-28,SP500,13639.7429
2026-04-29,SP500,13604.0495
2026-04-30,SP500,13748.5554
2026-05-01,SP500,13789.1218
2026-05-04,SP500,13736.2739
2026-05-05,SP500,13864.7783
2026-05-06,SP500,13976.1603
2026-05-07,SP500,13913.6360
2026-05-08,SP500,14043.7044
2026-05-11,SP500,14066.5108
2026-05-12,SP500,14076.7499
2026-05-13,SP500,14187.4433
2026-05-14,SP500,14312.2637
2026-05-15,SP500,14227.9664
2026-05-18,SP500,14193.9469
2026-05-19,SP500,14134.0614
2026-05-20,SP500,14311.5689
2026-05-21,SP500,14339.1066
2026-05-22,SP500,14398.3533
2026-05-26,SP500,14438.6453
2026-05-27,SP500,14437.4490
2026-05-28,SP500,14545.6147
2026-05-29,SP500,14544.2714
2026-06-01,SP500,14581.0575
2026-06-02,SP500,14596.5923
2026-06-03,SP500,14532.8829
2026-06-04,SP500,14561.7265
2026-06-05,SP500,14178.6606
2026-06-08,SP500,14344.6961
2026-06-09,SP500,14267.4423
2026-06-10,SP500,14078.0400
2026-06-11,SP500,14327.3290
2026-06-12,SP500,14362.6703
2026-06-15,SP500,14553.0967
2026-06-16,SP500,14487.0444
2026-06-17,SP500,14314.9420
2026-06-18,SP500,14634.5351
2026-06-22,SP500,14587.4995
2026-06-23,SP500,14458.9182
2026-06-24,SP500,14511.0315
2026-06-25,SP500,14507.6978
2026-06-26,SP500,14426.1811
2026-06-29,SP500,14589.3746
2026-06-30,SP500,14721.8451
2026-07-01,SP500,14704.8762
2026-07-02,SP500,14684.8493
2026-07-06,SP500,14771.9489
2026-07-07,SP500,14683.0925
2026-07-08,SP500,14679.0069
2026-07-09,SP500,14758.9244
2026-07-10,SP500,14829.0033
2026-07-13,SP500,14719.1972
2026-07-14,SP500,14799.1321
2026-07-15,SP500,14855.4009
2026-07-16,SP500,14700.9949
2026-07-17,SP500,14593.4067
2026-07-20,SP500,14577.2013
2026-07-21,SP500,14716.6840
2026-07-22,SP500,14709.6867
2026-07-23,SP500,14552.5626
2026-07-24,SP500,14580.3022
2026-07-27,SP500,14567.3903
2026-07-28,SP500,14626.4629
2026-07-29,SP500,14388.2334
2026-07-30,SP500,14504.8702
2026-07-31,SP500,14595.9251
2026-08-03,SP500,14748.4880
2026-08-04,SP500,15038.5927
2026-08-05,SP500,14962.7581
2026-08-06,SP500,14951.9841
2026-08-07,SP500,15054.3048
2026-08-10,SP500,15020.9342
2026-08-11,SP500,14992.5565
2026-08-12,SP500,15025.8990
2026-08-13,SP500,15138.5120
2026-08-14,SP500,15071.5836
2026-08-17,SP500,14961.0706
2026-08-18,SP500,14880.2091
2026-08-19,SP500,14875.5705
2026-08-20,SP500,14652.3936
2026-08-21,SP500,14694.2213
2026-08-24,SP500,14697.2656
2026-08-25,SP500,14747.5475
2026-08-26,SP500,14735.7364
2026-08-27,SP500,14872.4942
2026-08-28,SP500,14838.5212
2026-08-31,SP500,14849.8960
2026-09-01,SP500,14753.2355
2026-09-02,SP500,14836.7071
2026-09-03,SP500,14946.9739
2026-09-04,SP500,14884.1334
2026-09-08,SP500,14807.8356
2026-09-09,SP500,14688.6197
2026-09-10,SP500,14649.5876
2026-09-11,SP500,14806.8492
2026-09-14,SP500,14788.1745
2026-09-15,SP500,14739.4925
2026-09-16,SP500,14676.6670
2026-09-17,SP500,14916.5486
2026-09-18,SP500,14968.9000
2026-09-21,SP500,15153.9246
2026-09-22,SP500,15189.5671
2026-09-23,SP500,15143.7295
2026-09-24,SP500,15198.7868
2026-09-25,SP500,15228.2637
2026-09-28,SP500,15144.0932
2026-09-29,SP500,15149.3784
2026-09-30,SP500,15112.6465
2026-10-01,SP500,15218.8354
2026-10-02,SP500,15431.6171
2026-10-05,SP500,15563.3608
2026-10-06,SP500,15564.1843
2026-10-07,SP500,15658.2365
2026-10-08,SP500,15572.7077
