date,provider,fund,unit_value,net_assets
2019-01-02,ARTEA,Artea pensija 1961-1967,1,0
2019-01-03,ARTEA,Artea pensija 1961-1967,1,0
2019-01-04,ARTEA,Artea pensija 1961-1967,1,0
2019-01-07,ARTEA,Artea pensija 1961-1967,1,8973.81
2019-01-08,ARTEA,Artea pensija 1961-1967,1.0062,104790.1234
2019-01-09,ARTEA,Artea pensija 1961-1967,1.0053,104694.8366
2019-01-10,ARTEA,Artea pensija 1961-1967,1.0076,104930.8525
2019-01-11,ARTEA,Artea pensija 1961-1967,1.0088,106005.1636
2019-01-14,ARTEA,Artea pensija 1961-1967,1.0071,105833.6034
2019-01-15,ARTEA,Artea pensija 1961-1967,1.0141,127466.3338
2019-01-16,ARTEA,Artea pensija 1961-1967,1.0178,151635.4421
2019-01-17,ARTEA,Artea pensija 1961-1967,1.019,162881.9913
2019-01-18,ARTEA,Artea pensija 1961-1967,1.0297,166195.9497
2019-01-21,ARTEA,Artea pensija 1961-1967,1.0277,165877.5491
2019-01-22,ARTEA,Artea pensija 1961-1967,1.0248,260075.4948
2019-01-23,ARTEA,Artea pensija 1961-1967,1.0215,272577.5305
2019-01-24,ARTEA,Artea pensija 1961-1967,1.0256,322203.5237
2019-01-25,ARTEA,Artea pensija 1961-1967,1.0288,334562.2096
2019-01-28,ARTEA,Artea pensija 1961-1967,1.0207,362027.1296
2019-01-29,ARTEA,Artea pensija 1961-1967,1.0225,405277.5506
2019-01-30,ARTEA,Artea pensija 1961-1967,1.0265,415578.7617
2019-01-31,ARTEA,Artea pensija 1961-1967,1.034,68263362.3546
2019-02-01,ARTEA,Artea pensija 1961-1967,1.0343,68345362.1821
2019-02-04,ARTEA,Artea pensija 1961-1967,1.0366,68281817.8399
2019-02-05,ARTEA,Artea pensija 1961-1967,1.0423,68770120.3369
2019-02-06,ARTEA,Artea pensija 1961-1967,1.0419,68798945.6061
2019-02-07,ARTEA,Artea pensija 1961-1967,1.035,68354636.8792
2019-02-08,ARTEA,Artea pensija 1961-1967,1.0343,68331343.3982
2019-02-11,ARTEA,Artea pensija 1961-1967,1.0392,68543259.2879
2019-02-12,ARTEA,Artea pensija 1961-1967,1.0437,68707238.6688
2019-02-13,ARTEA,Artea pensija 1961-1967,1.0457,68870585.1524
2019-02-14,ARTEA,Artea pensija 1961-1967,1.0446,68891735.187
2019-02-15,ARTEA,Artea pensija 1961-1967,1.0499,69331128.2135
2019-02-18,ARTEA,Artea pensija 1961-1967,1.0501,69336953.2661
2019-02-19,ARTEA,Artea pensija 1961-1967,1.0501,69407848.1442
2019-02-20,ARTEA,Artea pensija 1961-1967,1.0517,69547834.3205
2019-02-21,ARTEA,Artea pensija 1961-1967,1.0505,70002061.225
2019-02-22,ARTEA,Artea pensija 1961-1967,1.0546,70222673.0495
2019-02-25,ARTEA,Artea pensija 1961-1967,1.0581,70478695.7045
2019-02-26,ARTEA,Artea pensija 1961-1967,1.056,70410919.5183
2019-02-27,ARTEA,Artea pensija 1961-1967,1.0543,70338134.7205
2019-02-28,ARTEA,Artea pensija 1961-1967,1.0527,70310958.8598
2019-03-01,ARTEA,Artea pensija 1961-1967,1.053,70339782.3328
2019-03-04,ARTEA,Artea pensija 1961-1967,1.0556,70553022.973
2019-03-05,ARTEA,Artea pensija 1961-1967,1.0574,70725413.9727
2019-03-06,ARTEA,Artea pensija 1961-1967,1.055,70582479.643
2019-03-07,ARTEA,Artea pensija 1961-1967,1.0542,70551795.3048
2019-03-08,ARTEA,Artea pensija 1961-1967,1.0483,70669293.3673
2019-03-12,ARTEA,Artea pensija 1961-1967,1.0574,71030293.0862
2019-03-13,ARTEA,Artea pensija 1961-1967,1.0591,71304121.7253
2019-03-14,ARTEA,Artea pensija 1961-1967,1.059,71325036.7427
2019-03-15,ARTEA,Artea pensija 1961-1967,1.0627,71678621.0515
2019-03-18,ARTEA,Artea pensija 1961-1967,1.0635,71739819.5802
2019-03-19,ARTEA,Artea pensija 1961-1967,1.0663,71955786.8615
2019-03-20,ARTEA,Artea pensija 1961-1967,1.0605,71562331.0559
2019-03-21,ARTEA,Artea pensija 1961-1967,1.0652,71882938.7691
2019-03-22,ARTEA,Artea pensija 1961-1967,1.0598,71545796.9403
2019-03-25,ARTEA,Artea pensija 1961-1967,1.0566,71381103.8221
2019-03-26,ARTEA,Artea pensija 1961-1967,1.0622,71863739.7295
2019-03-27,ARTEA,Artea pensija 1961-1967,1.0607,71826096.5285
2019-03-28,ARTEA,Artea pensija 1961-1967,1.0623,72027001.7936
2019-03-29,ARTEA,Artea pensija 1961-1967,1.0677,72443047.598
2019-04-01,ARTEA,Artea pensija 1961-1967,1.0742,72922961.3238
2019-04-02,ARTEA,Artea pensija 1961-1967,1.0758,73063032.9177
2019-04-03,ARTEA,Artea pensija 1961-1967,1.0789,73322795.3861
2019-04-04,ARTEA,Artea pensija 1961-1967,1.0784,73345281.08
2019-04-05,ARTEA,Artea pensija 1961-1967,1.0813,74065495.8047
2019-04-08,ARTEA,Artea pensija 1961-1967,1.0792,73734822.4798
2019-04-09,ARTEA,Artea pensija 1961-1967,1.0771,73576615.3599
2019-04-10,ARTEA,Artea pensija 1961-1967,1.0791,74027331.9145
2019-04-11,ARTEA,Artea pensija 1961-1967,1.0784,74021225.0597
2019-04-12,ARTEA,Artea pensija 1961-1967,1.0787,74063752.6688
2019-04-15,ARTEA,Artea pensija 1961-1967,1.0787,74047215.9184
2019-04-16,ARTEA,Artea pensija 1961-1967,1.0811,74226738.3692
2019-04-17,ARTEA,Artea pensija 1961-1967,1.0803,74190666.3928
2019-04-18,ARTEA,Artea pensija 1961-1967,1.0827,74361031.9387
2019-04-19,ARTEA,Artea pensija 1961-1967,1.0827,74359254.9425
2019-04-23,ARTEA,Artea pensija 1961-1967,1.0869,74714662.8248
2019-04-24,ARTEA,Artea pensija 1961-1967,1.0871,74714262.5046
2019-04-25,ARTEA,Artea pensija 1961-1967,1.087,74774795.7908
2019-04-26,ARTEA,Artea pensija 1961-1967,1.0878,74938589.1634
2019-04-29,ARTEA,Artea pensija 1961-1967,1.0895,75107065.9878
2019-04-30,ARTEA,Artea pensija 1961-1967,1.0869,74928553.6003
2019-05-02,ARTEA,Artea pensija 1961-1967,1.0845,74763553.5266
2019-05-03,ARTEA,Artea pensija 1961-1967,1.0896,75196882.0288
2019-05-06,ARTEA,Artea pensija 1961-1967,1.0845,74900505.0247
2019-05-07,ARTEA,Artea pensija 1961-1967,1.0786,74548915.3286
2019-05-08,ARTEA,Artea pensija 1961-1967,1.0768,74438654.7467
2019-05-09,ARTEA,Artea pensija 1961-1967,1.0664,74254293.6008
2019-05-10,ARTEA,Artea pensija 1961-1967,1.0663,74180422.5122
2019-05-13,ARTEA,Artea pensija 1961-1967,1.0601,73731851.005
2019-05-14,ARTEA,Artea pensija 1961-1967,1.0674,74333645.1866
2019-05-15,ARTEA,Artea pensija 1961-1967,1.0687,74440187.8367
2019-05-16,ARTEA,Artea pensija 1961-1967,1.0753,74916681.5609
2019-05-17,ARTEA,Artea pensija 1961-1967,1.0726,74683120.3176
2019-05-20,ARTEA,Artea pensija 1961-1967,1.067,74314588.8548
2019-05-21,ARTEA,Artea pensija 1961-1967,1.0715,75001830.4135
2019-05-22,ARTEA,Artea pensija 1961-1967,1.0708,75024867.3183
2019-05-23,ARTEA,Artea pensija 1961-1967,1.0636,74593594.1648
2019-05-24,ARTEA,Artea pensija 1961-1967,1.0639,74633455.1026
2019-05-27,ARTEA,Artea pensija 1961-1967,1.0657,74810406.9865
2019-05-28,ARTEA,Artea pensija 1961-1967,1.0655,74851634.8324
2019-05-29,ARTEA,Artea pensija 1961-1967,1.0611,74626100.1568
2019-05-30,ARTEA,Artea pensija 1961-1967,1.064,74849034.3662
2019-05-31,ARTEA,Artea pensija 1961-1967,1.0606,74710228.8759
2019-06-03,ARTEA,Artea pensija 1961-1967,1.059,74665343.477
2019-06-04,ARTEA,Artea pensija 1961-1967,1.0632,75021505.6877
2019-06-05,ARTEA,Artea pensija 1961-1967,1.0662,75283638.2944
2019-06-06,ARTEA,Artea pensija 1961-1967,1.0666,75886348.6275
2019-06-07,ARTEA,Artea pensija 1961-1967,1.0712,76109330.3701
2019-06-10,ARTEA,Artea pensija 1961-1967,1.0723,76108556.0442
2019-06-11,ARTEA,Artea pensija 1961-1967,1.0766,76603126.7263
2019-06-12,ARTEA,Artea pensija 1961-1967,1.0745,76418747.2809
2019-06-13,ARTEA,Artea pensija 1961-1967,1.0766,76605314.0266
2019-06-14,ARTEA,Artea pensija 1961-1967,1.0781,76894036.773
2019-06-17,ARTEA,Artea pensija 1961-1967,1.078,76889508.5918
2019-06-18,ARTEA,Artea pensija 1961-1967,1.0882,77711215.3386
2019-06-19,ARTEA,Artea pensija 1961-1967,1.0882,77792054.954
2019-06-20,ARTEA,Artea pensija 1961-1967,1.0932,78271336.4446
2019-06-21,ARTEA,Artea pensija 1961-1967,1.0914,78391888.6164
2019-06-25,ARTEA,Artea pensija 1961-1967,1.0854,78035719.5038
2019-06-26,ARTEA,Artea pensija 1961-1967,1.0843,78012913.1212
2019-06-27,ARTEA,Artea pensija 1961-1967,1.0862,78087402.0848
2019-06-28,ARTEA,Artea pensija 1961-1967,1.0886,78231147.0285
2019-07-01,ARTEA,Artea pensija 1961-1967,1.0973,78888980.0085
2019-07-02,ARTEA,Artea pensija 1961-1967,1.0979,78959103.8741
2019-07-03,ARTEA,Artea pensija 1961-1967,1.1026,79469630.7899
2019-07-04,ARTEA,Artea pensija 1961-1967,1.1048,79661930.0912
2019-07-05,ARTEA,Artea pensija 1961-1967,1.103,80150208.9148
2019-07-08,ARTEA,Artea pensija 1961-1967,1.1015,80046084.5072
2019-07-09,ARTEA,Artea pensija 1961-1967,1.1002,79945274.8282
2019-07-10,ARTEA,Artea pensija 1961-1967,1.1006,80040313.6613
2019-07-11,ARTEA,Artea pensija 1961-1967,1.1013,80090621.371
2019-07-12,ARTEA,Artea pensija 1961-1967,1.1028,80199647.7396
2019-07-15,ARTEA,Artea pensija 1961-1967,1.1036,80297981.9985
2019-07-16,ARTEA,Artea pensija 1961-1967,1.1054,80438457.8942
2019-07-17,ARTEA,Artea pensija 1961-1967,1.103,80324603.5559
2019-07-18,ARTEA,Artea pensija 1961-1967,1.1005,80162651.5441
2019-07-19,ARTEA,Artea pensija 1961-1967,1.1042,80430560.2833
2019-07-22,ARTEA,Artea pensija 1961-1967,1.1031,80322835.9582
2019-07-23,ARTEA,Artea pensija 1961-1967,1.1078,80705836.9313
2019-07-24,ARTEA,Artea pensija 1961-1967,1.1105,80937939.064
2019-07-25,ARTEA,Artea pensija 1961-1967,1.109,80841977.9481
2019-07-26,ARTEA,Artea pensija 1961-1967,1.112,81051796.1645
2019-07-29,ARTEA,Artea pensija 1961-1967,1.1106,80963785.3669
2019-07-30,ARTEA,Artea pensija 1961-1967,1.1077,80761675.6844
2019-07-31,ARTEA,Artea pensija 1961-1967,1.1084,80815762.7865
2019-08-01,ARTEA,Artea pensija 1961-1967,1.1106,81006199.5487
2019-08-02,ARTEA,Artea pensija 1961-1967,1.0944,79806646.2899
2019-08-05,ARTEA,Artea pensija 1961-1967,1.0795,78714646.2924
2019-08-06,ARTEA,Artea pensija 1961-1967,1.0778,78622092.4596
2019-08-07,ARTEA,Artea pensija 1961-1967,1.0788,78697887.1521
2019-08-08,ARTEA,Artea pensija 1961-1967,1.0894,79951000.8867
2019-08-09,ARTEA,Artea pensija 1961-1967,1.0862,79679865.6954
2019-08-12,ARTEA,Artea pensija 1961-1967,1.0821,79349909.8828
2019-08-13,ARTEA,Artea pensija 1961-1967,1.0871,79737222.4176
2019-08-14,ARTEA,Artea pensija 1961-1967,1.0788,79119493.3577
2019-08-16,ARTEA,Artea pensija 1961-1967,1.0866,79725287.443
2019-08-19,ARTEA,Artea pensija 1961-1967,1.0921,80148478.4258
2019-08-20,ARTEA,Artea pensija 1961-1967,1.0906,80052255.1288
2019-08-21,ARTEA,Artea pensija 1961-1967,1.0935,80264402.9268
2019-08-22,ARTEA,Artea pensija 1961-1967,1.0915,80157659.839
2019-08-23,ARTEA,Artea pensija 1961-1967,1.0834,79594379.646
2019-08-26,ARTEA,Artea pensija 1961-1967,1.0847,79690594.6288
2019-08-27,ARTEA,Artea pensija 1961-1967,1.0868,79854613.1661
2019-08-28,ARTEA,Artea pensija 1961-1967,1.0875,79911191.1409
2019-08-29,ARTEA,Artea pensija 1961-1967,1.0943,80406595.8646
2019-08-30,ARTEA,Artea pensija 1961-1967,1.0985,80717670.6448
2019-09-02,ARTEA,Artea pensija 1961-1967,1.0994,80760720.3313
2019-09-03,ARTEA,Artea pensija 1961-1967,1.098,80687030.9818
2019-09-04,ARTEA,Artea pensija 1961-1967,1.1017,80963579.5501
2019-09-05,ARTEA,Artea pensija 1961-1967,1.108,81918665.2349
2019-09-06,ARTEA,Artea pensija 1961-1967,1.1092,82009226.4785
2019-09-09,ARTEA,Artea pensija 1961-1967,1.1088,81924979.9236
2019-09-10,ARTEA,Artea pensija 1961-1967,1.1067,81802354.5868
2019-09-11,ARTEA,Artea pensija 1961-1967,1.1136,82343194.124
2019-09-12,ARTEA,Artea pensija 1961-1967,1.1155,82478711.139
2019-09-13,ARTEA,Artea pensija 1961-1967,1.1152,82453003.0102
2019-09-16,ARTEA,Artea pensija 1961-1967,1.116,82487894.9283
2019-09-17,ARTEA,Artea pensija 1961-1967,1.1137,82327789.5177
2019-09-18,ARTEA,Artea pensija 1961-1967,1.1134,82327177.6972
2019-09-19,ARTEA,Artea pensija 1961-1967,1.117,82600832.6407
2019-09-20,ARTEA,Artea pensija 1961-1967,1.118,82686111.1215
2019-09-23,ARTEA,Artea pensija 1961-1967,1.1159,82534437.2546
2019-09-24,ARTEA,Artea pensija 1961-1967,1.1136,82366309.9559
2019-09-25,ARTEA,Artea pensija 1961-1967,1.1127,82308755.1499
2019-09-26,ARTEA,Artea pensija 1961-1967,1.1144,82467782.1116
2019-09-27,ARTEA,Artea pensija 1961-1967,1.1152,82512246.3567
2019-09-30,ARTEA,Artea pensija 1961-1967,1.1162,82515649.1955
2019-10-01,ARTEA,Artea pensija 1961-1967,1.1108,82113127.9661
2019-10-02,ARTEA,Artea pensija 1961-1967,1.0984,81213817.748
2019-10-03,ARTEA,Artea pensija 1961-1967,1.0985,81209666.3121
2019-10-04,ARTEA,Artea pensija 1961-1967,1.1057,81761649.0824
2019-10-07,ARTEA,Artea pensija 1961-1967,1.1073,81890572.8306
2019-10-08,ARTEA,Artea pensija 1961-1967,1.1012,81444156.5649
2019-10-09,ARTEA,Artea pensija 1961-1967,1.1026,81549448.381
2019-10-10,ARTEA,Artea pensija 1961-1967,1.1055,82246181.3074
2019-10-11,ARTEA,Artea pensija 1961-1967,1.1134,82814709.0654
2019-10-14,ARTEA,Artea pensija 1961-1967,1.111,82616500.3362
2019-10-15,ARTEA,Artea pensija 1961-1967,1.1149,83003913.3044
2019-10-16,ARTEA,Artea pensija 1961-1967,1.1139,82940501.4892
2019-10-17,ARTEA,Artea pensija 1961-1967,1.1128,82875046.7414
2019-10-18,ARTEA,Artea pensija 1961-1967,1.1111,82732760.7417
2019-10-21,ARTEA,Artea pensija 1961-1967,1.1134,82935853.4022
2019-10-22,ARTEA,Artea pensija 1961-1967,1.115,83076174.557
2019-10-23,ARTEA,Artea pensija 1961-1967,1.1156,83111499.3783
2019-10-24,ARTEA,Artea pensija 1961-1967,1.1185,83330657.622
2019-10-25,ARTEA,Artea pensija 1961-1967,1.1209,83518797.5546
2019-10-28,ARTEA,Artea pensija 1961-1967,1.1226,83635271.395
2019-10-29,ARTEA,Artea pensija 1961-1967,1.1218,83588439.9064
2019-10-30,ARTEA,Artea pensija 1961-1967,1.1202,83466778.961
2019-10-31,ARTEA,Artea pensija 1961-1967,1.1181,83332335.9533
2019-11-04,ARTEA,Artea pensija 1961-1967,1.1285,84100130.761
2019-11-05,ARTEA,Artea pensija 1961-1967,1.1323,84414587.8183
2019-11-06,ARTEA,Artea pensija 1961-1967,1.1321,84398892.522
2019-11-07,ARTEA,Artea pensija 1961-1967,1.1354,85127119.9831
2019-11-08,ARTEA,Artea pensija 1961-1967,1.1345,85018635.7395
2019-11-11,ARTEA,Artea pensija 1961-1967,1.1323,84864571.7562
2019-11-12,ARTEA,Artea pensija 1961-1967,1.1349,85117174.8776
2019-11-13,ARTEA,Artea pensija 1961-1967,1.1329,84994034.4141
2019-11-14,ARTEA,Artea pensija 1961-1967,1.1328,84940027.7036
2019-11-15,ARTEA,Artea pensija 1961-1967,1.1353,85141591.941
2019-11-18,ARTEA,Artea pensija 1961-1967,1.1341,85053836.2746
2019-11-19,ARTEA,Artea pensija 1961-1967,1.1333,84985792.4218
2019-11-20,ARTEA,Artea pensija 1961-1967,1.1336,84991541.2842
2019-11-21,ARTEA,Artea pensija 1961-1967,1.1303,84755301.264
2019-11-22,ARTEA,Artea pensija 1961-1967,1.133,84960555.0027
2019-11-25,ARTEA,Artea pensija 1961-1967,1.1385,85365946.3465
2019-11-26,ARTEA,Artea pensija 1961-1967,1.1389,85401575.5502
2019-11-27,ARTEA,Artea pensija 1961-1967,1.1414,85604141.8946
2019-11-28,ARTEA,Artea pensija 1961-1967,1.1409,85594287.546
2019-11-29,ARTEA,Artea pensija 1961-1967,1.1378,85365993.6353
2019-12-02,ARTEA,Artea pensija 1961-1967,1.1298,84716074.6384
2019-12-03,ARTEA,Artea pensija 1961-1967,1.1258,84471137.0115
2019-12-04,ARTEA,Artea pensija 1961-1967,1.1319,84934711.6164
2019-12-05,ARTEA,Artea pensija 1961-1967,1.1309,85348111.9381
2019-12-06,ARTEA,Artea pensija 1961-1967,1.1391,85891898.3483
2019-12-09,ARTEA,Artea pensija 1961-1967,1.1376,85767455.4792
2019-12-10,ARTEA,Artea pensija 1961-1967,1.1359,85653315.6039
2019-12-11,ARTEA,Artea pensija 1961-1967,1.1376,85777288.5521
2019-12-12,ARTEA,Artea pensija 1961-1967,1.1414,86059895.0335
2019-12-13,ARTEA,Artea pensija 1961-1967,1.1429,86196689.284
2019-12-16,ARTEA,Artea pensija 1961-1967,1.1485,86602414.9795
2019-12-17,ARTEA,Artea pensija 1961-1967,1.148,86533138
2019-12-18,ARTEA,Artea pensija 1961-1967,1.1502,86700046.5526
2019-12-19,ARTEA,Artea pensija 1961-1967,1.1508,86756990.7004
2019-12-20,ARTEA,Artea pensija 1961-1967,1.1556,87138378.5694
2019-12-23,ARTEA,Artea pensija 1961-1967,1.1553,87108706.7946
2019-12-27,ARTEA,Artea pensija 1961-1967,1.1561,87174153.8869
2019-12-30,ARTEA,Artea pensija 1961-1967,1.1536,86987037.6708
2019-12-31,ARTEA,Artea pensija 1961-1967,1.1535,86983412.3347
2020-01-02,ARTEA,Artea pensija 1961-1967,1.1557,87139544.6437
2020-01-03,ARTEA,Artea pensija 1961-1967,1.1555,87118930.4449
2020-01-06,ARTEA,Artea pensija 1961-1967,1.1532,86947508.5935
2020-01-07,ARTEA,Artea pensija 1961-1967,1.1565,87201004.0234
2020-01-08,ARTEA,Artea pensija 1961-1967,1.1584,87357474.2016
2020-01-09,ARTEA,Artea pensija 1961-1967,1.1626,88166046.663
2020-01-10,ARTEA,Artea pensija 1961-1967,1.163,88115285.2145
2020-01-13,ARTEA,Artea pensija 1961-1967,1.1638,88158117.4784
2020-01-14,ARTEA,Artea pensija 1961-1967,1.1654,88314735.3494
2020-01-15,ARTEA,Artea pensija 1961-1967,1.1655,88346799.5807
2020-01-16,ARTEA,Artea pensija 1961-1967,1.1685,88597826.8708
2020-01-17,ARTEA,Artea pensija 1961-1967,1.1726,88931348.5803
2020-01-20,ARTEA,Artea pensija 1961-1967,1.1734,88942595.1279
2020-01-21,ARTEA,Artea pensija 1961-1967,1.1705,88720099.0106
2020-01-22,ARTEA,Artea pensija 1961-1967,1.1723,88861361.1066
2020-01-23,ARTEA,Artea pensija 1961-1967,1.17,88688834.3863
2020-01-24,ARTEA,Artea pensija 1961-1967,1.1719,88834874.0029
2020-01-27,ARTEA,Artea pensija 1961-1967,1.1599,87951067.7892
2020-01-28,ARTEA,Artea pensija 1961-1967,1.1645,88296557.2912
2020-01-29,ARTEA,Artea pensija 1961-1967,1.1666,88450947.2428
2020-01-30,ARTEA,Artea pensija 1961-1967,1.16,87936032.0048
2020-01-31,ARTEA,Artea pensija 1961-1967,1.1534,87449474.2332
2020-02-03,ARTEA,Artea pensija 1961-1967,1.1569,87706632.3494
2020-02-04,ARTEA,Artea pensija 1961-1967,1.1673,88499302.0063
2020-02-05,ARTEA,Artea pensija 1961-1967,1.1727,88924955.6109
2020-02-06,ARTEA,Artea pensija 1961-1967,1.177,89263820.8624
2020-02-07,ARTEA,Artea pensija 1961-1967,1.1753,89118809.6498
2020-02-10,ARTEA,Artea pensija 1961-1967,1.1774,89265803.306
2020-02-11,ARTEA,Artea pensija 1961-1967,1.1822,89655798.1085
2020-02-12,ARTEA,Artea pensija 1961-1967,1.1864,89982518.4581
2020-02-13,ARTEA,Artea pensija 1961-1967,1.188,90613894.5402
2020-02-14,ARTEA,Artea pensija 1961-1967,1.1887,90569944.6303
2020-02-17,ARTEA,Artea pensija 1961-1967,1.1903,90694134.1242
2020-02-18,ARTEA,Artea pensija 1961-1967,1.1869,90486309.6044
2020-02-19,ARTEA,Artea pensija 1961-1967,1.1921,90885683.8348
2020-02-20,ARTEA,Artea pensija 1961-1967,1.186,90432921.0375
2020-02-21,ARTEA,Artea pensija 1961-1967,1.1825,90167412.7495
2020-02-24,ARTEA,Artea pensija 1961-1967,1.1642,88823395.0265
2020-02-25,ARTEA,Artea pensija 1961-1967,1.1563,88237575.6196
2020-02-26,ARTEA,Artea pensija 1961-1967,1.1535,88048024.4723
2020-02-27,ARTEA,Artea pensija 1961-1967,1.1329,86439934.4803
2020-02-28,ARTEA,Artea pensija 1961-1967,1.1157,85047739.6101
2020-03-02,ARTEA,Artea pensija 1961-1967,1.1231,85609341.4485
2020-03-03,ARTEA,Artea pensija 1961-1967,1.128,86040710.6792
2020-03-04,ARTEA,Artea pensija 1961-1967,1.1351,86632014.5697
2020-03-05,ARTEA,Artea pensija 1961-1967,1.1293,86192523.3901
2020-03-06,ARTEA,Artea pensija 1961-1967,1.1058,84933049.425
2020-03-09,ARTEA,Artea pensija 1961-1967,1.063,81556907.8321
2020-03-10,ARTEA,Artea pensija 1961-1967,1.0643,81720279.369
2020-03-12,ARTEA,Artea pensija 1961-1967,1.0081,77432084.5359
2020-03-13,ARTEA,Artea pensija 1961-1967,1.0187,78250020.1481
2020-03-16,ARTEA,Artea pensija 1961-1967,0.9941,76351507.021
2020-03-17,ARTEA,Artea pensija 1961-1967,0.9982,76681914.8759
2020-03-18,ARTEA,Artea pensija 1961-1967,0.967,74292877.5206
2020-03-19,ARTEA,Artea pensija 1961-1967,0.9701,74531978.8347
2020-03-20,ARTEA,Artea pensija 1961-1967,0.9802,75304549.9117
2020-03-23,ARTEA,Artea pensija 1961-1967,0.954,73311251.6015
2020-03-24,ARTEA,Artea pensija 1961-1967,0.9853,75722862.167
2020-03-25,ARTEA,Artea pensija 1961-1967,0.9985,76739205.9673
2020-03-26,ARTEA,Artea pensija 1961-1967,1.0109,77687275.9292
2020-03-27,ARTEA,Artea pensija 1961-1967,0.9975,76653550.1118
2020-03-30,ARTEA,Artea pensija 1961-1967,1.0034,77114643.0863
2020-03-31,ARTEA,Artea pensija 1961-1967,1.0101,77631938.9577
2020-04-01,ARTEA,Artea pensija 1961-1967,0.9916,76206644.5353
2020-04-02,ARTEA,Artea pensija 1961-1967,0.996,76542876.9363
2020-04-03,ARTEA,Artea pensija 1961-1967,0.9925,76293586.4686
2020-04-06,ARTEA,Artea pensija 1961-1967,1.0115,77740565.5284
2020-04-07,ARTEA,Artea pensija 1961-1967,1.0233,78652233.366
2020-04-08,ARTEA,Artea pensija 1961-1967,1.0246,78749867.3425
2020-04-09,ARTEA,Artea pensija 1961-1967,1.0362,80171536.3134
2020-04-10,ARTEA,Artea pensija 1961-1967,1.0364,80185421.0584
2020-04-14,ARTEA,Artea pensija 1961-1967,1.0426,80586392.0267
2020-04-15,ARTEA,Artea pensija 1961-1967,1.0325,79826872.6879
2020-04-16,ARTEA,Artea pensija 1961-1967,1.0362,80095048.5384
2020-04-17,ARTEA,Artea pensija 1961-1967,1.0439,80681166.8246
2020-04-20,ARTEA,Artea pensija 1961-1967,1.0458,80833199.9749
2020-04-21,ARTEA,Artea pensija 1961-1967,1.0258,79262436.8105
2020-04-22,ARTEA,Artea pensija 1961-1967,1.036,80049078.5961
2020-04-23,ARTEA,Artea pensija 1961-1967,1.042,80501495.6897
2020-04-24,ARTEA,Artea pensija 1961-1967,1.0376,80152039.7403
2020-04-27,ARTEA,Artea pensija 1961-1967,1.0478,80938413.5237
2020-04-28,ARTEA,Artea pensija 1961-1967,1.0517,81234782.8584
2020-04-29,ARTEA,Artea pensija 1961-1967,1.0624,82049714.9591
2020-04-30,ARTEA,Artea pensija 1961-1967,1.0543,81415304.7351
2020-05-04,ARTEA,Artea pensija 1961-1967,1.0378,80129251.0418
2020-05-05,ARTEA,Artea pensija 1961-1967,1.0507,81108860.3919
2020-05-06,ARTEA,Artea pensija 1961-1967,1.0481,80912764.2741
2020-05-07,ARTEA,Artea pensija 1961-1967,1.0536,81331662.6356
2020-05-08,ARTEA,Artea pensija 1961-1967,1.0593,82299729.2776
2020-05-11,ARTEA,Artea pensija 1961-1967,1.06,82354402.0858
2020-05-12,ARTEA,Artea pensija 1961-1967,1.0601,82326659.6655
2020-05-13,ARTEA,Artea pensija 1961-1967,1.0496,81497548.8147
2020-05-14,ARTEA,Artea pensija 1961-1967,1.0444,81086402.603
2020-05-15,ARTEA,Artea pensija 1961-1967,1.0471,81275478.9222
2020-05-18,ARTEA,Artea pensija 1961-1967,1.065,82652229.309
2020-05-19,ARTEA,Artea pensija 1961-1967,1.064,82560512.939
2020-05-20,ARTEA,Artea pensija 1961-1967,1.069,82943914.5776
2020-05-21,ARTEA,Artea pensija 1961-1967,1.0661,82703352.1539
2020-05-22,ARTEA,Artea pensija 1961-1967,1.0654,82661819.3422
2020-05-25,ARTEA,Artea pensija 1961-1967,1.0735,83240680.8201
2020-05-26,ARTEA,Artea pensija 1961-1967,1.0761,83435409.3729
2020-05-27,ARTEA,Artea pensija 1961-1967,1.0763,83449718.3065
2020-05-28,ARTEA,Artea pensija 1961-1967,1.0814,83838457.7005
2020-05-29,ARTEA,Artea pensija 1961-1967,1.0746,83302683.5206
2020-06-01,ARTEA,Artea pensija 1961-1967,1.0756,83363733.2152
2020-06-02,ARTEA,Artea pensija 1961-1967,1.0882,84334582.0063
2020-06-03,ARTEA,Artea pensija 1961-1967,1.0987,85172719.8545
2020-06-04,ARTEA,Artea pensija 1961-1967,1.0929,84721977.038
2020-06-05,ARTEA,Artea pensija 1961-1967,1.1087,85947745.2034
2020-06-08,ARTEA,Artea pensija 1961-1967,1.111,86664700.6737
2020-06-09,ARTEA,Artea pensija 1961-1967,1.1059,86241136.1245
2020-06-10,ARTEA,Artea pensija 1961-1967,1.1039,86019725.5852
2020-06-11,ARTEA,Artea pensija 1961-1967,1.0843,84498110.6783
2020-06-12,ARTEA,Artea pensija 1961-1967,1.0865,84662377.4175
2020-06-15,ARTEA,Artea pensija 1961-1967,1.082,84296362.1181
2020-06-16,ARTEA,Artea pensija 1961-1967,1.0988,85581112.4567
2020-06-17,ARTEA,Artea pensija 1961-1967,1.1012,85730886.1594
2020-06-18,ARTEA,Artea pensija 1961-1967,1.0999,85613592.5396
2020-06-19,ARTEA,Artea pensija 1961-1967,1.1043,85929070.9022
2020-06-22,ARTEA,Artea pensija 1961-1967,1.0997,85571742.1415
2020-06-23,ARTEA,Artea pensija 1961-1967,1.1038,85864672.4047
2020-06-25,ARTEA,Artea pensija 1961-1967,1.0945,85109085.4703
2020-06-26,ARTEA,Artea pensija 1961-1967,1.092,84897787.9728
2020-06-29,ARTEA,Artea pensija 1961-1967,1.0927,84958769.6061
2020-06-30,ARTEA,Artea pensija 1961-1967,1.0965,85256342.5447
2020-07-01,ARTEA,Artea pensija 1961-1967,1.0987,85391987.1322
2020-07-02,ARTEA,Artea pensija 1961-1967,1.1081,86040931.4796
2020-07-03,ARTEA,Artea pensija 1961-1967,1.1069,85958553.1153
2020-07-07,ARTEA,Artea pensija 1961-1967,1.113,86441805.4164
2020-07-08,ARTEA,Artea pensija 1961-1967,1.1101,86168095.8957
2020-07-09,ARTEA,Artea pensija 1961-1967,1.1095,86142696.4055
2020-07-10,ARTEA,Artea pensija 1961-1967,1.1115,86856038.5791
2020-07-13,ARTEA,Artea pensija 1961-1967,1.1167,87265865.644
2020-07-14,ARTEA,Artea pensija 1961-1967,1.1087,86557732.2192
2020-07-15,ARTEA,Artea pensija 1961-1967,1.116,87119347.9206
2020-07-16,ARTEA,Artea pensija 1961-1967,1.1126,86851233.4972
2020-07-17,ARTEA,Artea pensija 1961-1967,1.1147,87027830.9389
2020-07-20,ARTEA,Artea pensija 1961-1967,1.1189,87344576.4334
2020-07-21,ARTEA,Artea pensija 1961-1967,1.1241,87762542.2776
2020-07-22,ARTEA,Artea pensija 1961-1967,1.1194,87397256.812
2020-07-23,ARTEA,Artea pensija 1961-1967,1.1201,87455523.0543
2020-07-24,ARTEA,Artea pensija 1961-1967,1.1112,86749069.8377
2020-07-27,ARTEA,Artea pensija 1961-1967,1.1094,86631151.4307
2020-07-28,ARTEA,Artea pensija 1961-1967,1.1121,86819049.4169
2020-07-29,ARTEA,Artea pensija 1961-1967,1.1122,86791398.2358
2020-07-30,ARTEA,Artea pensija 1961-1967,1.1068,86365095.7444
2020-07-31,ARTEA,Artea pensija 1961-1967,1.1051,86219105.6326
2020-08-03,ARTEA,Artea pensija 1961-1967,1.1152,86992089.8458
2020-08-04,ARTEA,Artea pensija 1961-1967,1.1168,87116702.2118
2020-08-05,ARTEA,Artea pensija 1961-1967,1.1182,87203406.0433
2020-08-06,ARTEA,Artea pensija 1961-1967,1.1185,87233822.0485
2020-08-07,ARTEA,Artea pensija 1961-1967,1.1216,87472334.4952
2020-08-10,ARTEA,Artea pensija 1961-1967,1.1236,88196334.1353
2020-08-11,ARTEA,Artea pensija 1961-1967,1.1277,88513617.7608
2020-08-12,ARTEA,Artea pensija 1961-1967,1.1294,88527796.3419
2020-08-13,ARTEA,Artea pensija 1961-1967,1.1279,88401252.9815
2020-08-14,ARTEA,Artea pensija 1961-1967,1.1256,88270191.6124
2020-08-17,ARTEA,Artea pensija 1961-1967,1.1264,88316770.239
2020-08-18,ARTEA,Artea pensija 1961-1967,1.1239,88126190.1521
2020-08-19,ARTEA,Artea pensija 1961-1967,1.1262,88296385.0229
2020-08-20,ARTEA,Artea pensija 1961-1967,1.1236,88097635.804
2020-08-21,ARTEA,Artea pensija 1961-1967,1.1272,88367374.6863
2020-08-24,ARTEA,Artea pensija 1961-1967,1.1323,88770451.6416
2020-08-25,ARTEA,Artea pensija 1961-1967,1.1322,88721317.645
2020-08-26,ARTEA,Artea pensija 1961-1967,1.1358,88993116.7138
2020-08-27,ARTEA,Artea pensija 1961-1967,1.1377,89151205.0176
2020-08-28,ARTEA,Artea pensija 1961-1967,1.1349,88929976.452
2020-08-31,ARTEA,Artea pensija 1961-1967,1.1312,88633307.2726
2020-09-01,ARTEA,Artea pensija 1961-1967,1.1354,88960048.881
2020-09-02,ARTEA,Artea pensija 1961-1967,1.1432,89558405.1677
2020-09-03,ARTEA,Artea pensija 1961-1967,1.1353,88911928.6304
2020-09-04,ARTEA,Artea pensija 1961-1967,1.1276,88317576.9775
2020-09-07,ARTEA,Artea pensija 1961-1967,1.1332,88751046.7416
2020-09-08,ARTEA,Artea pensija 1961-1967,1.1246,88080855.9342
2020-09-09,ARTEA,Artea pensija 1961-1967,1.1294,88468131.8838
2020-09-10,ARTEA,Artea pensija 1961-1967,1.1265,88805235.891
2020-09-11,ARTEA,Artea pensija 1961-1967,1.1254,88714738.024
2020-09-14,ARTEA,Artea pensija 1961-1967,1.1299,88975354.0118
2020-09-15,ARTEA,Artea pensija 1961-1967,1.1347,89319487.9159
2020-09-16,ARTEA,Artea pensija 1961-1967,1.1364,89501163.9047
2020-09-17,ARTEA,Artea pensija 1961-1967,1.1306,89019364.3571
2020-09-18,ARTEA,Artea pensija 1961-1967,1.1269,88702356.6609
2020-09-21,ARTEA,Artea pensija 1961-1967,1.1153,87762066.4382
2020-09-22,ARTEA,Artea pensija 1961-1967,1.1183,87998858.1928
2020-09-23,ARTEA,Artea pensija 1961-1967,1.1186,88027880.7891
2020-09-24,ARTEA,Artea pensija 1961-1967,1.1127,87552211.9756
2020-09-25,ARTEA,Artea pensija 1961-1967,1.1163,87865735.1711
2020-09-28,ARTEA,Artea pensija 1961-1967,1.1259,88639143.0301
2020-09-29,ARTEA,Artea pensija 1961-1967,1.1213,88294168.2552
2020-09-30,ARTEA,Artea pensija 1961-1967,1.1254,88605339.6643
2020-10-01,ARTEA,Artea pensija 1961-1967,1.127,88737409.2911
2020-10-02,ARTEA,Artea pensija 1961-1967,1.127,88729512.528
2020-10-05,ARTEA,Artea pensija 1961-1967,1.1309,89047024.9103
2020-10-06,ARTEA,Artea pensija 1961-1967,1.133,89215143.4849
2020-10-07,ARTEA,Artea pensija 1961-1967,1.1352,89417419.4837
2020-10-08,ARTEA,Artea pensija 1961-1967,1.14,90335298.3586
2020-10-09,ARTEA,Artea pensija 1961-1967,1.1428,90554332.4648
2020-10-12,ARTEA,Artea pensija 1961-1967,1.1489,90851470.1063
2020-10-13,ARTEA,Artea pensija 1961-1967,1.1493,90908110.6019
2020-10-14,ARTEA,Artea pensija 1961-1967,1.1483,90860061.8878
2020-10-15,ARTEA,Artea pensija 1961-1967,1.1428,90415635.1582
2020-10-16,ARTEA,Artea pensija 1961-1967,1.1469,90737221.8238
2020-10-19,ARTEA,Artea pensija 1961-1967,1.1427,90414420.6238
2020-10-20,ARTEA,Artea pensija 1961-1967,1.1392,90156425.8805
2020-10-21,ARTEA,Artea pensija 1961-1967,1.1372,90009133.8534
2020-10-22,ARTEA,Artea pensija 1961-1967,1.1373,90009902.5345
2020-10-23,ARTEA,Artea pensija 1961-1967,1.1395,90151114.2343
2020-10-26,ARTEA,Artea pensija 1961-1967,1.1319,89552051.3092
2020-10-27,ARTEA,Artea pensija 1961-1967,1.1318,89523424.5653
2020-10-28,ARTEA,Artea pensija 1961-1967,1.1215,88727885.803
2020-10-29,ARTEA,Artea pensija 1961-1967,1.1242,88962358.8212
2020-10-30,ARTEA,Artea pensija 1961-1967,1.1203,88650192.6645
2020-11-03,ARTEA,Artea pensija 1961-1967,1.1348,89785144.7058
2020-11-04,ARTEA,Artea pensija 1961-1967,1.1468,90720719.2403
2020-11-05,ARTEA,Artea pensija 1961-1967,1.1513,91075115.8108
2020-11-06,ARTEA,Artea pensija 1961-1967,1.1492,90896208.329
2020-11-09,ARTEA,Artea pensija 1961-1967,1.1675,92336019.7676
2020-11-10,ARTEA,Artea pensija 1961-1967,1.1634,92008748.7335
2020-11-11,ARTEA,Artea pensija 1961-1967,1.1702,92547450.0998
2020-11-12,ARTEA,Artea pensija 1961-1967,1.1669,92828704.5133
2020-11-13,ARTEA,Artea pensija 1961-1967,1.1682,92935094.8182
2020-11-16,ARTEA,Artea pensija 1961-1967,1.1767,93545010.6658
2020-11-17,ARTEA,Artea pensija 1961-1967,1.1747,93388505.2178
2020-11-18,ARTEA,Artea pensija 1961-1967,1.1767,93520711.8942
2020-11-19,ARTEA,Artea pensija 1961-1967,1.1732,93226805.2662
2020-11-20,ARTEA,Artea pensija 1961-1967,1.1759,93418752.6602
2020-11-23,ARTEA,Artea pensija 1961-1967,1.178,93566781.2611
2020-11-24,ARTEA,Artea pensija 1961-1967,1.1843,94044794.1904
2020-11-25,ARTEA,Artea pensija 1961-1967,1.1821,93846803.7192
2020-11-26,ARTEA,Artea pensija 1961-1967,1.1826,93869898.5568
2020-11-27,ARTEA,Artea pensija 1961-1967,1.1834,93926016.1902
2020-11-30,ARTEA,Artea pensija 1961-1967,1.1773,93422256.6515
2020-12-01,ARTEA,Artea pensija 1961-1967,1.182,93812806.1539
2020-12-02,ARTEA,Artea pensija 1961-1967,1.1802,93620300.9938
2020-12-03,ARTEA,Artea pensija 1961-1967,1.1826,93801620.0476
2020-12-04,ARTEA,Artea pensija 1961-1967,1.1866,94119491.2647
2020-12-07,ARTEA,Artea pensija 1961-1967,1.1867,94102723.8782
2020-12-08,ARTEA,Artea pensija 1961-1967,1.1881,94127870.4011
2020-12-09,ARTEA,Artea pensija 1961-1967,1.1888,94196925.9323
2020-12-10,ARTEA,Artea pensija 1961-1967,1.187,94613133.5369
2020-12-11,ARTEA,Artea pensija 1961-1967,1.1854,94471907.5341
2020-12-14,ARTEA,Artea pensija 1961-1967,1.187,94492859.1722
2020-12-15,ARTEA,Artea pensija 1961-1967,1.187,94501959.1468
2020-12-16,ARTEA,Artea pensija 1961-1967,1.1909,94845219.0987
2020-12-17,ARTEA,Artea pensija 1961-1967,1.1915,94908061.8001
2020-12-18,ARTEA,Artea pensija 1961-1967,1.1911,94880942.0207
2020-12-21,ARTEA,Artea pensija 1961-1967,1.1839,94304096.5856
2020-12-22,ARTEA,Artea pensija 1961-1967,1.188,94636815.4368
2020-12-23,ARTEA,Artea pensija 1961-1967,1.1917,94931878.4098
2020-12-28,ARTEA,Artea pensija 1961-1967,1.1944,95139742.5529
2020-12-29,ARTEA,Artea pensija 1961-1967,1.1958,95241616.6197
2020-12-30,ARTEA,Artea pensija 1961-1967,1.1964,95289069.9948
2020-12-31,ARTEA,Artea pensija 1961-1967,1.1966,95303631.9152
2021-01-04,ARTEA,Artea pensija 1961-1967,1.1966,95296715.4272
2021-01-05,ARTEA,Artea pensija 1961-1967,1.1982,95443460.9838
2021-01-06,ARTEA,Artea pensija 1961-1967,1.2052,95986116.3839
2021-01-07,ARTEA,Artea pensija 1961-1967,1.2088,96263103.132
2021-01-08,ARTEA,Artea pensija 1961-1967,1.2145,96713662.948
2021-01-11,ARTEA,Artea pensija 1961-1967,1.2155,97344124.6242
2021-01-12,ARTEA,Artea pensija 1961-1967,1.2157,97362310.1399
2021-01-13,ARTEA,Artea pensija 1961-1967,1.2172,97420723.6181
2021-01-14,ARTEA,Artea pensija 1961-1967,1.2206,97620401.0699
2021-01-15,ARTEA,Artea pensija 1961-1967,1.2168,97303788.1869
2021-01-18,ARTEA,Artea pensija 1961-1967,1.2184,97451816.9603
2021-01-19,ARTEA,Artea pensija 1961-1967,1.2189,97489845.0025
2021-01-20,ARTEA,Artea pensija 1961-1967,1.2244,97890697.0737
2021-01-21,ARTEA,Artea pensija 1961-1967,1.2234,97793415.8855
2021-01-22,ARTEA,Artea pensija 1961-1967,1.2195,97454856.1149
2021-01-25,ARTEA,Artea pensija 1961-1967,1.2207,97510076.1179
2021-01-26,ARTEA,Artea pensija 1961-1967,1.2212,97551290.6101
2021-01-27,ARTEA,Artea pensija 1961-1967,1.2149,97021407.6243
2021-01-28,ARTEA,Artea pensija 1961-1967,1.2148,97009169.4287
2021-01-29,ARTEA,Artea pensija 1961-1967,1.2065,96402251.1918
2021-02-01,ARTEA,Artea pensija 1961-1967,1.2117,96816262.0799
2021-02-02,ARTEA,Artea pensija 1961-1967,1.2236,97767387.4215
2021-02-03,ARTEA,Artea pensija 1961-1967,1.2239,97765754.8033
2021-02-04,ARTEA,Artea pensija 1961-1967,1.2282,98114211.467
2021-02-05,ARTEA,Artea pensija 1961-1967,1.2313,98375519.3113
2021-02-08,ARTEA,Artea pensija 1961-1967,1.2331,98488746.5215
2021-02-09,ARTEA,Artea pensija 1961-1967,1.2328,98444411.9118
2021-02-10,ARTEA,Artea pensija 1961-1967,1.2323,98428777.2101
2021-02-11,ARTEA,Artea pensija 1961-1967,1.2356,99277056.8687
2021-02-12,ARTEA,Artea pensija 1961-1967,1.2366,99342849.9367
2021-02-15,ARTEA,Artea pensija 1961-1967,1.2403,99570411.6312
2021-02-17,ARTEA,Artea pensija 1961-1967,1.2361,99214503.2706
2021-02-18,ARTEA,Artea pensija 1961-1967,1.2325,98998349.069
2021-02-19,ARTEA,Artea pensija 1961-1967,1.2349,99159756.5001
2021-02-22,ARTEA,Artea pensija 1961-1967,1.2278,98595802.9419
2021-02-23,ARTEA,Artea pensija 1961-1967,1.2245,98320232.0227
2021-02-24,ARTEA,Artea pensija 1961-1967,1.2276,98566861.2462
2021-02-25,ARTEA,Artea pensija 1961-1967,1.2219,98082388.0187
2021-02-26,ARTEA,Artea pensija 1961-1967,1.2161,97608635.9486
2021-03-01,ARTEA,Artea pensija 1961-1967,1.2277,98536985.8287
2021-03-02,ARTEA,Artea pensija 1961-1967,1.2248,98298919.0636
2021-03-03,ARTEA,Artea pensija 1961-1967,1.2249,98285232.4426
2021-03-04,ARTEA,Artea pensija 1961-1967,1.2211,97996051.4927
2021-03-05,ARTEA,Artea pensija 1961-1967,1.2153,98133108.7449
2021-03-08,ARTEA,Artea pensija 1961-1967,1.2257,98947314.5522
2021-03-09,ARTEA,Artea pensija 1961-1967,1.2284,99067943.1367
2021-03-10,ARTEA,Artea pensija 1961-1967,1.23,99275590.3066
2021-03-12,ARTEA,Artea pensija 1961-1967,1.2336,99548747.738
2021-03-15,ARTEA,Artea pensija 1961-1967,1.2362,99697653.0111
2021-03-16,ARTEA,Artea pensija 1961-1967,1.2406,100048005.9895
2021-03-17,ARTEA,Artea pensija 1961-1967,1.2367,99745401.4092
2021-03-18,ARTEA,Artea pensija 1961-1967,1.2385,99875997.7351
2021-03-19,ARTEA,Artea pensija 1961-1967,1.2361,99649448.4879
2021-03-22,ARTEA,Artea pensija 1961-1967,1.2328,99370362.3103
2021-03-23,ARTEA,Artea pensija 1961-1967,1.2326,99342697.3539
2021-03-24,ARTEA,Artea pensija 1961-1967,1.2305,99189726.0458
2021-03-25,ARTEA,Artea pensija 1961-1967,1.2294,99099662.6276
2021-03-26,ARTEA,Artea pensija 1961-1967,1.2341,99477017.5111
2021-03-29,ARTEA,Artea pensija 1961-1967,1.2359,99593492.7762
2021-03-30,ARTEA,Artea pensija 1961-1967,1.2381,99753079.044
2021-03-31,ARTEA,Artea pensija 1961-1967,1.2395,99847896.2996
2021-04-01,ARTEA,Artea pensija 1961-1967,1.2432,100141718.5857
2021-04-02,ARTEA,Artea pensija 1961-1967,1.2433,100111045.9379
2021-04-06,ARTEA,Artea pensija 1961-1967,1.2473,100427750.1228
2021-04-07,ARTEA,Artea pensija 1961-1967,1.2437,100135187.0325
2021-04-08,ARTEA,Artea pensija 1961-1967,1.2459,100314660.5175
2021-04-09,ARTEA,Artea pensija 1961-1967,1.247,100403036.3644
2021-04-12,ARTEA,Artea pensija 1961-1967,1.2462,100320722.046
2021-04-13,ARTEA,Artea pensija 1961-1967,1.2463,100327615.8903
2021-04-14,ARTEA,Artea pensija 1961-1967,1.2484,101118610.8249
2021-04-15,ARTEA,Artea pensija 1961-1967,1.251,101331528.1855
2021-04-16,ARTEA,Artea pensija 1961-1967,1.253,101480554.7113
2021-04-19,ARTEA,Artea pensija 1961-1967,1.2505,101154202.4545
2021-04-20,ARTEA,Artea pensija 1961-1967,1.2444,100668226.8567
2021-04-21,ARTEA,Artea pensija 1961-1967,1.2474,100871429.5691
2021-04-22,ARTEA,Artea pensija 1961-1967,1.2515,101222754.8721
2021-04-23,ARTEA,Artea pensija 1961-1967,1.2506,101172114.0254
2021-04-26,ARTEA,Artea pensija 1961-1967,1.2518,101253237.4409
2021-04-27,ARTEA,Artea pensija 1961-1967,1.2513,101216554.8836
2021-04-28,ARTEA,Artea pensija 1961-1967,1.251,101197165.0397
2021-04-29,ARTEA,Artea pensija 1961-1967,1.2497,101064101.0392
2021-04-30,ARTEA,Artea pensija 1961-1967,1.2505,101135521.4378
2021-05-03,ARTEA,Artea pensija 1961-1967,1.2524,101285507.6638
2021-05-04,ARTEA,Artea pensija 1961-1967,1.2483,100961630.1239
2021-05-05,ARTEA,Artea pensija 1961-1967,1.2544,101460230.3782
2021-05-06,ARTEA,Artea pensija 1961-1967,1.253,102001535.9496
2021-05-07,ARTEA,Artea pensija 1961-1967,1.2567,102238488.4858
2021-05-10,ARTEA,Artea pensija 1961-1967,1.2575,102228068.4986
2021-05-11,ARTEA,Artea pensija 1961-1967,1.2473,101374897.3681
2021-05-12,ARTEA,Artea pensija 1961-1967,1.2454,101195845.6283
2021-05-13,ARTEA,Artea pensija 1961-1967,1.2447,101169151.548
2021-05-14,ARTEA,Artea pensija 1961-1967,1.2493,101526571.1346
2021-05-17,ARTEA,Artea pensija 1961-1967,1.2474,101345967.5625
2021-05-18,ARTEA,Artea pensija 1961-1967,1.2484,101414573.4118
2021-05-19,ARTEA,Artea pensija 1961-1967,1.2405,100778904.1102
2021-05-20,ARTEA,Artea pensija 1961-1967,1.2476,101351181.7127
2021-05-21,ARTEA,Artea pensija 1961-1967,1.2499,101547850.7348
2021-05-24,ARTEA,Artea pensija 1961-1967,1.2508,101639247.3496
2021-05-25,ARTEA,Artea pensija 1961-1967,1.2519,101701413.2171
2021-05-26,ARTEA,Artea pensija 1961-1967,1.2544,101914111.2284
2021-05-27,ARTEA,Artea pensija 1961-1967,1.2563,102069437.162
2021-05-28,ARTEA,Artea pensija 1961-1967,1.2586,102270513.5316
2021-05-31,ARTEA,Artea pensija 1961-1967,1.257,102142754.4467
2021-06-01,ARTEA,Artea pensija 1961-1967,1.2598,102382377.364
2021-06-02,ARTEA,Artea pensija 1961-1967,1.262,102566118.0501
2021-06-03,ARTEA,Artea pensija 1961-1967,1.2626,102588467.3329
2021-06-04,ARTEA,Artea pensija 1961-1967,1.2639,102650862.6108
2021-06-07,ARTEA,Artea pensija 1961-1967,1.2632,102600894.5898
2021-06-08,ARTEA,Artea pensija 1961-1967,1.264,102637581.0834
2021-06-09,ARTEA,Artea pensija 1961-1967,1.2655,102778278.85
2021-06-10,ARTEA,Artea pensija 1961-1967,1.2673,103561493.917
2021-06-11,ARTEA,Artea pensija 1961-1967,1.2704,103775518.6746
2021-06-14,ARTEA,Artea pensija 1961-1967,1.2699,103651347.0205
2021-06-15,ARTEA,Artea pensija 1961-1967,1.2687,103552062.7002
2021-06-16,ARTEA,Artea pensija 1961-1967,1.2698,103639117.242
2021-06-17,ARTEA,Artea pensija 1961-1967,1.2727,103898591.6563
2021-06-18,ARTEA,Artea pensija 1961-1967,1.269,103576766.4317
2021-06-21,ARTEA,Artea pensija 1961-1967,1.2703,103696746.6266
2021-06-22,ARTEA,Artea pensija 1961-1967,1.2712,103799249.3628
2021-06-23,ARTEA,Artea pensija 1961-1967,1.2708,103755270.5048
2021-06-25,ARTEA,Artea pensija 1961-1967,1.2755,104162379.5787
2021-06-28,ARTEA,Artea pensija 1961-1967,1.2755,104165681.1951
2021-06-29,ARTEA,Artea pensija 1961-1967,1.2773,104289860.0544
2021-06-30,ARTEA,Artea pensija 1961-1967,1.2779,104335027.2712
2021-07-01,ARTEA,Artea pensija 1961-1967,1.2785,104392291.5421
2021-07-02,ARTEA,Artea pensija 1961-1967,1.2802,104527862.9589
2021-07-05,ARTEA,Artea pensija 1961-1967,1.2808,104570911.2665
2021-07-07,ARTEA,Artea pensija 1961-1967,1.2824,104704829.9901
2021-07-08,ARTEA,Artea pensija 1961-1967,1.2747,104099268.2146
2021-07-09,ARTEA,Artea pensija 1961-1967,1.2799,105140152.9752
2021-07-12,ARTEA,Artea pensija 1961-1967,1.2827,105370779.0497
2021-07-13,ARTEA,Artea pensija 1961-1967,1.2863,105585032.7544
2021-07-14,ARTEA,Artea pensija 1961-1967,1.2846,105467522.977
2021-07-15,ARTEA,Artea pensija 1961-1967,1.284,105416660.844
2021-07-16,ARTEA,Artea pensija 1961-1967,1.2826,105286398.5789
2021-07-19,ARTEA,Artea pensija 1961-1967,1.2732,104475148.1835
2021-07-20,ARTEA,Artea pensija 1961-1967,1.2782,104864521.8947
2021-07-21,ARTEA,Artea pensija 1961-1967,1.2815,105104263.9843
2021-07-22,ARTEA,Artea pensija 1961-1967,1.2838,105281286.1308
2021-07-23,ARTEA,Artea pensija 1961-1967,1.2871,105525267.0653
2021-07-26,ARTEA,Artea pensija 1961-1967,1.2847,105317060.7593
2021-07-27,ARTEA,Artea pensija 1961-1967,1.2793,104873448.9197
2021-07-28,ARTEA,Artea pensija 1961-1967,1.2841,105255264.8572
2021-07-29,ARTEA,Artea pensija 1961-1967,1.2856,105354702.4621
2021-07-30,ARTEA,Artea pensija 1961-1967,1.2848,105255375.1682
2021-08-02,ARTEA,Artea pensija 1961-1967,1.2872,105463687.1317
2021-08-03,ARTEA,Artea pensija 1961-1967,1.2867,105394524.7229
2021-08-04,ARTEA,Artea pensija 1961-1967,1.2887,105555076.8958
2021-08-05,ARTEA,Artea pensija 1961-1967,1.2899,105674070.4694
2021-08-06,ARTEA,Artea pensija 1961-1967,1.2918,106443847.6645
2021-08-09,ARTEA,Artea pensija 1961-1967,1.2922,106470091.3771
2021-08-10,ARTEA,Artea pensija 1961-1967,1.2941,106576445.1273
2021-08-11,ARTEA,Artea pensija 1961-1967,1.2948,106617054.5593
2021-08-12,ARTEA,Artea pensija 1961-1967,1.2956,106698045.1376
2021-08-13,ARTEA,Artea pensija 1961-1967,1.2949,106651585.0983
2021-08-16,ARTEA,Artea pensija 1961-1967,1.294,106577068.0362
2021-08-17,ARTEA,Artea pensija 1961-1967,1.2937,106540274.1687
2021-08-18,ARTEA,Artea pensija 1961-1967,1.2944,106587831.382
2021-08-19,ARTEA,Artea pensija 1961-1967,1.2878,106054010.6516
2021-08-20,ARTEA,Artea pensija 1961-1967,1.2903,106267044.0805
2021-08-23,ARTEA,Artea pensija 1961-1967,1.2934,106527309.2008
2021-08-24,ARTEA,Artea pensija 1961-1967,1.2963,106743310.3898
2021-08-25,ARTEA,Artea pensija 1961-1967,1.2969,106799763.5658
2021-08-26,ARTEA,Artea pensija 1961-1967,1.2945,106562774.139
2021-08-27,ARTEA,Artea pensija 1961-1967,1.2972,106813458.2821
2021-08-30,ARTEA,Artea pensija 1961-1967,1.2994,106984253.7643
2021-08-31,ARTEA,Artea pensija 1961-1967,1.2998,107037098.8239
2021-09-01,ARTEA,Artea pensija 1961-1967,1.3,107034672.0303
2021-09-02,ARTEA,Artea pensija 1961-1967,1.3024,107235651.2796
2021-09-03,ARTEA,Artea pensija 1961-1967,1.3029,107230678.9917
2021-09-06,ARTEA,Artea pensija 1961-1967,1.3059,107416297.2954
2021-09-07,ARTEA,Artea pensija 1961-1967,1.3024,107119365.4395
2021-09-08,ARTEA,Artea pensija 1961-1967,1.2997,106912162.9249
2021-09-09,ARTEA,Artea pensija 1961-1967,1.2995,107505418.2492
2021-09-10,ARTEA,Artea pensija 1961-1967,1.2984,107395655.5838
2021-09-13,ARTEA,Artea pensija 1961-1967,1.2987,107343091.6498
2021-09-14,ARTEA,Artea pensija 1961-1967,1.2972,107189009.4045
2021-09-15,ARTEA,Artea pensija 1961-1967,1.2956,107072907.4323
2021-09-16,ARTEA,Artea pensija 1961-1967,1.2966,107173306.8011
2021-09-17,ARTEA,Artea pensija 1961-1967,1.295,107035016.3441
2021-09-20,ARTEA,Artea pensija 1961-1967,1.2852,106224402.5068
2021-09-21,ARTEA,Artea pensija 1961-1967,1.2886,106532322.538
2021-09-22,ARTEA,Artea pensija 1961-1967,1.2913,106762697.1131
2021-09-23,ARTEA,Artea pensija 1961-1967,1.294,106965947.2871
2021-09-24,ARTEA,Artea pensija 1961-1967,1.2909,106695553.5558
2021-09-27,ARTEA,Artea pensija 1961-1967,1.2918,106790527.2435
2021-09-28,ARTEA,Artea pensija 1961-1967,1.2824,106023245.2777
2021-09-29,ARTEA,Artea pensija 1961-1967,1.2849,106218136.3137
2021-09-30,ARTEA,Artea pensija 1961-1967,1.2843,106172687.3484
2021-10-01,ARTEA,Artea pensija 1961-1967,1.2814,105896062.0369
2021-10-04,ARTEA,Artea pensija 1961-1967,1.2759,105443806.3195
2021-10-05,ARTEA,Artea pensija 1961-1967,1.2824,106013333.1561
2021-10-06,ARTEA,Artea pensija 1961-1967,1.2775,105617369.1746
2021-10-07,ARTEA,Artea pensija 1961-1967,1.2883,107116865.1935
2021-10-08,ARTEA,Artea pensija 1961-1967,1.2856,106877337.4451
2021-10-11,ARTEA,Artea pensija 1961-1967,1.2864,106917037.3819
2021-10-12,ARTEA,Artea pensija 1961-1967,1.2834,106622011.8686
2021-10-13,ARTEA,Artea pensija 1961-1967,1.2833,106625825.0439
2021-10-14,ARTEA,Artea pensija 1961-1967,1.2903,107175761.4506
2021-10-15,ARTEA,Artea pensija 1961-1967,1.2943,107465809.907
2021-10-18,ARTEA,Artea pensija 1961-1967,1.2929,107326591.1816
2021-10-19,ARTEA,Artea pensija 1961-1967,1.2952,107524631.1082
2021-10-20,ARTEA,Artea pensija 1961-1967,1.2971,107678692.45
2021-10-21,ARTEA,Artea pensija 1961-1967,1.2946,107437880.0969
2021-10-22,ARTEA,Artea pensija 1961-1967,1.2961,107549019.842
2021-10-25,ARTEA,Artea pensija 1961-1967,1.2994,107819443.8849
2021-10-26,ARTEA,Artea pensija 1961-1967,1.3019,108030794.9053
2021-10-27,ARTEA,Artea pensija 1961-1967,1.2993,107817539.8777
2021-10-28,ARTEA,Artea pensija 1961-1967,1.2975,107672116.1116
2021-10-29,ARTEA,Artea pensija 1961-1967,1.2998,107801111.729
2021-11-03,ARTEA,Artea pensija 1961-1967,1.3028,108022510.4984
2021-11-04,ARTEA,Artea pensija 1961-1967,1.3075,108441067.7663
2021-11-05,ARTEA,Artea pensija 1961-1967,1.3103,108620176.1294
2021-11-08,ARTEA,Artea pensija 1961-1967,1.3102,108640098.4523
2021-11-09,ARTEA,Artea pensija 1961-1967,1.3092,108558265.0023
2021-11-10,ARTEA,Artea pensija 1961-1967,1.3105,108677078.4474
2021-11-11,ARTEA,Artea pensija 1961-1967,1.3116,109379717.6509
2021-11-12,ARTEA,Artea pensija 1961-1967,1.314,109577699.1411
2021-11-15,ARTEA,Artea pensija 1961-1967,1.3154,109668194.0633
2021-11-16,ARTEA,Artea pensija 1961-1967,1.3186,109931283.0747
2021-11-17,ARTEA,Artea pensija 1961-1967,1.3169,109813996.2204
2021-11-18,ARTEA,Artea pensija 1961-1967,1.3132,109501123.7051
2021-11-19,ARTEA,Artea pensija 1961-1967,1.3148,109595388.0786
2021-11-22,ARTEA,Artea pensija 1961-1967,1.3163,109767280.7715
2021-11-23,ARTEA,Artea pensija 1961-1967,1.309,109138870.082
2021-11-24,ARTEA,Artea pensija 1961-1967,1.3118,109407987.5745
2021-11-25,ARTEA,Artea pensija 1961-1967,1.3134,109539923.2422
2021-11-26,ARTEA,Artea pensija 1961-1967,1.2949,108000990.9808
2021-11-29,ARTEA,Artea pensija 1961-1967,1.2992,108351290.6311
2021-11-30,ARTEA,Artea pensija 1961-1967,1.294,107882364.2771
2021-12-01,ARTEA,Artea pensija 1961-1967,1.3,108410279.3636
2021-12-02,ARTEA,Artea pensija 1961-1967,1.2948,107994144.1473
2021-12-03,ARTEA,Artea pensija 1961-1967,1.2941,107974519.2642
2021-12-06,ARTEA,Artea pensija 1961-1967,1.2987,108379420.7983
2021-12-07,ARTEA,Artea pensija 1961-1967,1.3103,109342985.9531
2021-12-08,ARTEA,Artea pensija 1961-1967,1.3068,109065267.0916
2021-12-09,ARTEA,Artea pensija 1961-1967,1.3082,109799105.5967
2021-12-10,ARTEA,Artea pensija 1961-1967,1.3059,109601775.3648
2021-12-13,ARTEA,Artea pensija 1961-1967,1.3044,109392142.696
2021-12-14,ARTEA,Artea pensija 1961-1967,1.3014,109131514.7909
2021-12-15,ARTEA,Artea pensija 1961-1967,1.3005,109083941.6472
2021-12-16,ARTEA,Artea pensija 1961-1967,1.3069,109621589.7542
2021-12-17,ARTEA,Artea pensija 1961-1967,1.3026,109292742.0994
2021-12-20,ARTEA,Artea pensija 1961-1967,1.29,108238524.2693
2021-12-21,ARTEA,Artea pensija 1961-1967,1.2982,108931116.7958
2021-12-22,ARTEA,Artea pensija 1961-1967,1.301,109174136.4932
2021-12-23,ARTEA,Artea pensija 1961-1967,1.3063,109624547.1183
2021-12-27,ARTEA,Artea pensija 1961-1967,1.3087,109831748.1817
2021-12-28,ARTEA,Artea pensija 1961-1967,1.3111,110052212.8116
2021-12-29,ARTEA,Artea pensija 1961-1967,1.3089,109880115.111
2021-12-30,ARTEA,Artea pensija 1961-1967,1.3106,110037140.337
2021-12-31,ARTEA,Artea pensija 1961-1967,1.311,110086053.8893
2022-01-03,ARTEA,Artea pensija 1961-1967,1.3108,110093204.557
2022-01-04,ARTEA,Artea pensija 1961-1967,1.3136,110328670.4288
2022-01-05,ARTEA,Artea pensija 1961-1967,1.3119,110163185.719
2022-01-06,ARTEA,Artea pensija 1961-1967,1.3047,109553078.0077
2022-01-07,ARTEA,Artea pensija 1961-1967,1.3027,109417627.3575
2022-01-10,ARTEA,Artea pensija 1961-1967,1.2973,109578430.0871
2022-01-11,ARTEA,Artea pensija 1961-1967,1.3027,110025014.5276
2022-01-12,ARTEA,Artea pensija 1961-1967,1.3057,110161236.5823
2022-01-13,ARTEA,Artea pensija 1961-1967,1.3055,110152877.9123
2022-01-14,ARTEA,Artea pensija 1961-1967,1.2986,109627371.0338
2022-01-17,ARTEA,Artea pensija 1961-1967,1.3012,109848972.8225
2022-01-18,ARTEA,Artea pensija 1961-1967,1.2951,109334265.1944
2022-01-19,ARTEA,Artea pensija 1961-1967,1.2937,109231991.3023
2022-01-20,ARTEA,Artea pensija 1961-1967,1.2985,109631483.5938
2022-01-21,ARTEA,Artea pensija 1961-1967,1.2892,108871785.5859
2022-01-24,ARTEA,Artea pensija 1961-1967,1.2718,107361867.9354
2022-01-25,ARTEA,Artea pensija 1961-1967,1.2744,107591274.8899
2022-01-26,ARTEA,Artea pensija 1961-1967,1.2828,108274576.1311
2022-01-27,ARTEA,Artea pensija 1961-1967,1.2843,108393196.1336
2022-01-28,ARTEA,Artea pensija 1961-1967,1.2782,107859143.4137
2022-01-31,ARTEA,Artea pensija 1961-1967,1.2848,108376880.0687
2022-02-01,ARTEA,Artea pensija 1961-1967,1.2893,108745638.9416
2022-02-02,ARTEA,Artea pensija 1961-1967,1.2903,108831581.2819
2022-02-03,ARTEA,Artea pensija 1961-1967,1.2817,108082564.7063
2022-02-04,ARTEA,Artea pensija 1961-1967,1.2742,107411419.8774
2022-02-07,ARTEA,Artea pensija 1961-1967,1.2745,107426641.0327
2022-02-08,ARTEA,Artea pensija 1961-1967,1.2762,107562541.0191
2022-02-09,ARTEA,Artea pensija 1961-1967,1.2834,108206269.6775
2022-02-10,ARTEA,Artea pensija 1961-1967,1.2814,108691158.0726
2022-02-11,ARTEA,Artea pensija 1961-1967,1.2793,108512419.3738
2022-02-14,ARTEA,Artea pensija 1961-1967,1.2721,107793723.9872
2022-02-15,ARTEA,Artea pensija 1961-1967,1.2759,108160129.4473
2022-02-17,ARTEA,Artea pensija 1961-1967,1.2738,107985422.8404
2022-02-18,ARTEA,Artea pensija 1961-1967,1.2695,107622474.9555
2022-02-21,ARTEA,Artea pensija 1961-1967,1.2634,107129600.4796
2022-02-22,ARTEA,Artea pensija 1961-1967,1.2613,106954392.372
2022-02-23,ARTEA,Artea pensija 1961-1967,1.2571,106719426.6285
2022-02-24,ARTEA,Artea pensija 1961-1967,1.238,105075046.116
2022-02-25,ARTEA,Artea pensija 1961-1967,1.2505,106154608.2845
2022-02-28,ARTEA,Artea pensija 1961-1967,1.2485,106022978.9318
2022-03-01,ARTEA,Artea pensija 1961-1967,1.2449,105686181.676
2022-03-02,ARTEA,Artea pensija 1961-1967,1.2449,105697954.967
2022-03-03,ARTEA,Artea pensija 1961-1967,1.2425,105492397.1676
2022-03-04,ARTEA,Artea pensija 1961-1967,1.2346,104811062.1174
2022-03-07,ARTEA,Artea pensija 1961-1967,1.2266,104110812.5746
2022-03-08,ARTEA,Artea pensija 1961-1967,1.2201,103570032.5979
2022-03-09,ARTEA,Artea pensija 1961-1967,1.2263,104099870.8072
2022-03-10,ARTEA,Artea pensija 1961-1967,1.2232,104522282.461
2022-03-14,ARTEA,Artea pensija 1961-1967,1.2225,104424891.6486
2022-03-15,ARTEA,Artea pensija 1961-1967,1.2241,104510602.657
2022-03-16,ARTEA,Artea pensija 1961-1967,1.2345,105375083.1071
2022-03-17,ARTEA,Artea pensija 1961-1967,1.2379,105712064.1198
2022-03-18,ARTEA,Artea pensija 1961-1967,1.244,106168601.4106
2022-03-21,ARTEA,Artea pensija 1961-1967,1.2446,106241141.9012
2022-03-22,ARTEA,Artea pensija 1961-1967,1.2473,106438938.0966
2022-03-23,ARTEA,Artea pensija 1961-1967,1.2457,106324510.1697
2022-03-24,ARTEA,Artea pensija 1961-1967,1.2456,106279028.9287
2022-03-25,ARTEA,Artea pensija 1961-1967,1.2465,106332691.1606
2022-03-28,ARTEA,Artea pensija 1961-1967,1.2467,106329030.7204
2022-03-29,ARTEA,Artea pensija 1961-1967,1.2517,106750259.5921
2022-03-30,ARTEA,Artea pensija 1961-1967,1.2515,106743903.3047
2022-03-31,ARTEA,Artea pensija 1961-1967,1.2517,106749139.7462
2022-04-01,ARTEA,Artea pensija 1961-1967,1.2513,106722652.6201
2022-04-04,ARTEA,Artea pensija 1961-1967,1.2572,107223307.1264
2022-04-05,ARTEA,Artea pensija 1961-1967,1.2578,107269572.5529
2022-04-06,ARTEA,Artea pensija 1961-1967,1.2487,106509796.9267
2022-04-07,ARTEA,Artea pensija 1961-1967,1.2471,107049366.3988
2022-04-08,ARTEA,Artea pensija 1961-1967,1.2513,107355491.056
2022-04-11,ARTEA,Artea pensija 1961-1967,1.2446,106728393.7435
2022-04-12,ARTEA,Artea pensija 1961-1967,1.2452,106834233.9752
2022-04-13,ARTEA,Artea pensija 1961-1967,1.2443,106783533.923
2022-04-14,ARTEA,Artea pensija 1961-1967,1.2466,106986102.2915
2022-04-15,ARTEA,Artea pensija 1961-1967,1.2463,106944668.7611
2022-04-19,ARTEA,Artea pensija 1961-1967,1.2431,106679728.8299
2022-04-20,ARTEA,Artea pensija 1961-1967,1.244,106769173.6509
2022-04-21,ARTEA,Artea pensija 1961-1967,1.2419,106592188.3316
2022-04-22,ARTEA,Artea pensija 1961-1967,1.2321,105749615.4209
2022-04-25,ARTEA,Artea pensija 1961-1967,1.2243,105079370.7855
2022-04-26,ARTEA,Artea pensija 1961-1967,1.2245,105112113.9458
2022-04-27,ARTEA,Artea pensija 1961-1967,1.2261,105240139.0162
2022-04-28,ARTEA,Artea pensija 1961-1967,1.2267,105286868.7673
2022-04-29,ARTEA,Artea pensija 1961-1967,1.2278,105354178.8521
2022-05-02,ARTEA,Artea pensija 1961-1967,1.2193,104657115.1065
2022-05-03,ARTEA,Artea pensija 1961-1967,1.2222,104892518.2159
2022-05-04,ARTEA,Artea pensija 1961-1967,1.2181,104551355.4905
2022-05-05,ARTEA,Artea pensija 1961-1967,1.2178,104542648.6002
2022-05-06,ARTEA,Artea pensija 1961-1967,1.2092,103803331.314
2022-05-09,ARTEA,Artea pensija 1961-1967,1.1994,102922419.328
2022-05-10,ARTEA,Artea pensija 1961-1967,1.1967,102684597.3561
2022-05-11,ARTEA,Artea pensija 1961-1967,1.2014,103099474.5779
2022-05-12,ARTEA,Artea pensija 1961-1967,1.2001,103789561.512
2022-05-13,ARTEA,Artea pensija 1961-1967,1.2087,104529100.9242
2022-05-16,ARTEA,Artea pensija 1961-1967,1.2079,104427597.0387
2022-05-17,ARTEA,Artea pensija 1961-1967,1.2097,104521968.2224
2022-05-18,ARTEA,Artea pensija 1961-1967,1.2041,104066287.0335
2022-05-19,ARTEA,Artea pensija 1961-1967,1.1974,103484635.4791
2022-05-20,ARTEA,Artea pensija 1961-1967,1.1987,103622013.6753
2022-05-23,ARTEA,Artea pensija 1961-1967,1.2019,103900321.0188
2022-05-24,ARTEA,Artea pensija 1961-1967,1.1945,103271365.9551
2022-05-25,ARTEA,Artea pensija 1961-1967,1.2003,103775793.6295
2022-05-26,ARTEA,Artea pensija 1961-1967,1.2061,104277957.0236
2022-05-27,ARTEA,Artea pensija 1961-1967,1.2147,105004304.7882
2022-05-30,ARTEA,Artea pensija 1961-1967,1.2173,105224295.4854
2022-05-31,ARTEA,Artea pensija 1961-1967,1.2149,104981502.9812
2022-06-01,ARTEA,Artea pensija 1961-1967,1.2132,104806537.1345
2022-06-02,ARTEA,Artea pensija 1961-1967,1.2135,104852531.4078
2022-06-03,ARTEA,Artea pensija 1961-1967,1.2117,104681551.7532
2022-06-06,ARTEA,Artea pensija 1961-1967,1.2143,104899129.9888
2022-06-07,ARTEA,Artea pensija 1961-1967,1.2119,104673091.6442
2022-06-08,ARTEA,Artea pensija 1961-1967,1.2115,104628794.8781
2022-06-09,ARTEA,Artea pensija 1961-1967,1.2053,104851183.095
2022-06-10,ARTEA,Artea pensija 1961-1967,1.1927,103755098.9761
2022-06-13,ARTEA,Artea pensija 1961-1967,1.1757,102259528.1199
2022-06-14,ARTEA,Artea pensija 1961-1967,1.1704,101704431.9857
2022-06-15,ARTEA,Artea pensija 1961-1967,1.1733,101975375.8195
2022-06-16,ARTEA,Artea pensija 1961-1967,1.1589,100677590.8129
2022-06-17,ARTEA,Artea pensija 1961-1967,1.1595,100810715.3722
2022-06-20,ARTEA,Artea pensija 1961-1967,1.1601,100862152.0007
2022-06-21,ARTEA,Artea pensija 1961-1967,1.1633,101139247.271
2022-06-22,ARTEA,Artea pensija 1961-1967,1.1598,100864323.3622
2022-06-23,ARTEA,Artea pensija 1961-1967,1.1617,101031560.0663
2022-06-27,ARTEA,Artea pensija 1961-1967,1.1724,101938493.1179
2022-06-28,ARTEA,Artea pensija 1961-1967,1.1712,101849903.6945
2022-06-29,ARTEA,Artea pensija 1961-1967,1.167,101505036.1985
2022-06-30,ARTEA,Artea pensija 1961-1967,1.1629,101150093.1224
2022-07-01,ARTEA,Artea pensija 1961-1967,1.1665,101465803.8058
2022-07-04,ARTEA,Artea pensija 1961-1967,1.1677,101585729.9241
2022-07-05,ARTEA,Artea pensija 1961-1967,1.1665,101501346.9317
2022-07-07,ARTEA,Artea pensija 1961-1967,1.181,102783588.5864
2022-07-08,ARTEA,Artea pensija 1961-1967,1.1823,102901373.0498
2022-07-11,ARTEA,Artea pensija 1961-1967,1.1795,103378654.0863
2022-07-12,ARTEA,Artea pensija 1961-1967,1.1792,103357899.2019
2022-07-13,ARTEA,Artea pensija 1961-1967,1.1709,102611702.2982
2022-07-14,ARTEA,Artea pensija 1961-1967,1.1656,102058068.7358
2022-07-15,ARTEA,Artea pensija 1961-1967,1.1723,102639030.2316
2022-07-18,ARTEA,Artea pensija 1961-1967,1.175,102891991.5914
2022-07-19,ARTEA,Artea pensija 1961-1967,1.1752,102907227.3794
2022-07-20,ARTEA,Artea pensija 1961-1967,1.1814,103455223.2318
2022-07-21,ARTEA,Artea pensija 1961-1967,1.1834,103608444.6397
2022-07-22,ARTEA,Artea pensija 1961-1967,1.1872,103906899.4507
2022-07-25,ARTEA,Artea pensija 1961-1967,1.1905,104204425.4704
2022-07-26,ARTEA,Artea pensija 1961-1967,1.1911,104241023.6969
2022-07-27,ARTEA,Artea pensija 1961-1967,1.1938,104495639.2054
2022-07-28,ARTEA,Artea pensija 1961-1967,1.2018,105175728.0757
2022-07-29,ARTEA,Artea pensija 1961-1967,1.2059,105528837.2785
2022-08-01,ARTEA,Artea pensija 1961-1967,1.2076,105681306.5932
2022-08-02,ARTEA,Artea pensija 1961-1967,1.2079,105733513.344
2022-08-03,ARTEA,Artea pensija 1961-1967,1.2105,105965382.3746
2022-08-04,ARTEA,Artea pensija 1961-1967,1.2114,106040763.9372
2022-08-05,ARTEA,Artea pensija 1961-1967,1.2115,106059402.4876
2022-08-08,ARTEA,Artea pensija 1961-1967,1.215,106368071.3583
2022-08-09,ARTEA,Artea pensija 1961-1967,1.2128,106882225.7244
2022-08-10,ARTEA,Artea pensija 1961-1967,1.216,107146374.2433
2022-08-11,ARTEA,Artea pensija 1961-1967,1.2207,107508123.4132
2022-08-12,ARTEA,Artea pensija 1961-1967,1.2239,107788738.0315
2022-08-16,ARTEA,Artea pensija 1961-1967,1.2289,108287296.5926
2022-08-17,ARTEA,Artea pensija 1961-1967,1.2238,107830970.5936
2022-08-18,ARTEA,Artea pensija 1961-1967,1.2257,107998170.5376
2022-08-19,ARTEA,Artea pensija 1961-1967,1.221,107452923.749
2022-08-22,ARTEA,Artea pensija 1961-1967,1.2172,107119557.7434
2022-08-23,ARTEA,Artea pensija 1961-1967,1.2148,106863154.6967
2022-08-24,ARTEA,Artea pensija 1961-1967,1.2161,106986047.6522
2022-08-25,ARTEA,Artea pensija 1961-1967,1.2187,107231088.7312
2022-08-26,ARTEA,Artea pensija 1961-1967,1.2135,106760754.9163
2022-08-29,ARTEA,Artea pensija 1961-1967,1.2063,106222139.227
2022-08-30,ARTEA,Artea pensija 1961-1967,1.2002,105697576.2318
2022-08-31,ARTEA,Artea pensija 1961-1967,1.1962,105359905.1238
2022-09-01,ARTEA,Artea pensija 1961-1967,1.1925,105005134.409
2022-09-02,ARTEA,Artea pensija 1961-1967,1.1964,105345435.463
2022-09-05,ARTEA,Artea pensija 1961-1967,1.194,105129529.176
2022-09-06,ARTEA,Artea pensija 1961-1967,1.1927,105008884.107
2022-09-07,ARTEA,Artea pensija 1961-1967,1.1904,104825855.8695
2022-09-08,ARTEA,Artea pensija 1961-1967,1.1949,105941043.9736
2022-09-09,ARTEA,Artea pensija 1961-1967,1.1984,106248689.3139
2022-09-12,ARTEA,Artea pensija 1961-1967,1.2016,106472106.9299
2022-09-13,ARTEA,Artea pensija 1961-1967,1.195,105861237.3262
2022-09-14,ARTEA,Artea pensija 1961-1967,1.1906,105511793.2865
2022-09-15,ARTEA,Artea pensija 1961-1967,1.188,105261693.8531
2022-09-16,ARTEA,Artea pensija 1961-1967,1.1804,104592360.0166
2022-09-19,ARTEA,Artea pensija 1961-1967,1.1806,104609134.9031
2022-09-20,ARTEA,Artea pensija 1961-1967,1.1778,104361727.9105
2022-09-21,ARTEA,Artea pensija 1961-1967,1.1806,104590143.5745
2022-09-22,ARTEA,Artea pensija 1961-1967,1.1717,103822846.236
2022-09-23,ARTEA,Artea pensija 1961-1967,1.1635,103092434.3455
2022-09-26,ARTEA,Artea pensija 1961-1967,1.1593,102710642.5441
2022-09-27,ARTEA,Artea pensija 1961-1967,1.1566,102449050.5529
2022-09-28,ARTEA,Artea pensija 1961-1967,1.1525,102044917.2206
2022-09-29,ARTEA,Artea pensija 1961-1967,1.1421,101116270.1592
2022-09-30,ARTEA,Artea pensija 1961-1967,1.1441,101283192.4186
2022-10-03,ARTEA,Artea pensija 1961-1967,1.1462,101504943.2999
2022-10-04,ARTEA,Artea pensija 1961-1967,1.1573,102503793.2635
2022-10-05,ARTEA,Artea pensija 1961-1967,1.155,102292704.5157
2022-10-06,ARTEA,Artea pensija 1961-1967,1.1562,102384685.2127
2022-10-07,ARTEA,Artea pensija 1961-1967,1.1485,101694314.706
2022-10-10,ARTEA,Artea pensija 1961-1967,1.1455,101414254.3482
2022-10-11,ARTEA,Artea pensija 1961-1967,1.1416,101066954.3572
2022-10-12,ARTEA,Artea pensija 1961-1967,1.1391,100845625.7554
2022-10-13,ARTEA,Artea pensija 1961-1967,1.1383,101522207.2019
2022-10-14,ARTEA,Artea pensija 1961-1967,1.1396,101630195.7317
2022-10-17,ARTEA,Artea pensija 1961-1967,1.1429,101842478.9774
2022-10-18,ARTEA,Artea pensija 1961-1967,1.1429,101870741.1675
2022-10-19,ARTEA,Artea pensija 1961-1967,1.141,101705053.7772
2022-10-20,ARTEA,Artea pensija 1961-1967,1.1395,101546009.9448
2022-10-21,ARTEA,Artea pensija 1961-1967,1.1365,101264543.0661
2022-10-24,ARTEA,Artea pensija 1961-1967,1.1387,101435470.2826
2022-10-25,ARTEA,Artea pensija 1961-1967,1.1438,101882960.9993
2022-10-26,ARTEA,Artea pensija 1961-1967,1.1483,102256898.1195
2022-10-27,ARTEA,Artea pensija 1961-1967,1.1512,102536167.9996
2022-10-28,ARTEA,Artea pensija 1961-1967,1.152,102625845.7734
2022-10-31,ARTEA,Artea pensija 1961-1967,1.1551,102907066.6491
2022-11-03,ARTEA,Artea pensija 1961-1967,1.1522,102670465.9114
2022-11-04,ARTEA,Artea pensija 1961-1967,1.1533,102769378.4866
2022-11-07,ARTEA,Artea pensija 1961-1967,1.1561,103023529.4388
2022-11-08,ARTEA,Artea pensija 1961-1967,1.1593,103280069.6119
2022-11-09,ARTEA,Artea pensija 1961-1967,1.1568,103062527.8776
2022-11-10,ARTEA,Artea pensija 1961-1967,1.168,104785956.9535
2022-11-11,ARTEA,Artea pensija 1961-1967,1.1694,104881663.2745
2022-11-14,ARTEA,Artea pensija 1961-1967,1.1729,105120727.4246
2022-11-15,ARTEA,Artea pensija 1961-1967,1.1772,105446048.4983
2022-11-16,ARTEA,Artea pensija 1961-1967,1.1732,105151059.5853
2022-11-17,ARTEA,Artea pensija 1961-1967,1.1715,104999994.3538
2022-11-18,ARTEA,Artea pensija 1961-1967,1.1739,105127148.5009
2022-11-21,ARTEA,Artea pensija 1961-1967,1.1747,105200692.8332
2022-11-22,ARTEA,Artea pensija 1961-1967,1.1784,105539423.2779
2022-11-23,ARTEA,Artea pensija 1961-1967,1.181,105755586.8663
2022-11-24,ARTEA,Artea pensija 1961-1967,1.1836,105985372.0515
2022-11-25,ARTEA,Artea pensija 1961-1967,1.1842,106031253.9192
2022-11-28,ARTEA,Artea pensija 1961-1967,1.1823,105859975.4509
2022-11-29,ARTEA,Artea pensija 1961-1967,1.1843,106010576.3991
2022-11-30,ARTEA,Artea pensija 1961-1967,1.189,106447044.2284
2022-12-01,ARTEA,Artea pensija 1961-1967,1.1943,106923002.6816
2022-12-02,ARTEA,Artea pensija 1961-1967,1.1935,106848820.7737
2022-12-05,ARTEA,Artea pensija 1961-1967,1.1911,106606635.7907
2022-12-06,ARTEA,Artea pensija 1961-1967,1.1872,106264934.3074
2022-12-07,ARTEA,Artea pensija 1961-1967,1.1855,106118140.4159
2022-12-08,ARTEA,Artea pensija 1961-1967,1.1875,107023622.5653
2022-12-09,ARTEA,Artea pensija 1961-1967,1.1895,107182153.0086
2022-12-12,ARTEA,Artea pensija 1961-1967,1.1871,106897441.0722
2022-12-13,ARTEA,Artea pensija 1961-1967,1.1928,107364833.1575
2022-12-14,ARTEA,Artea pensija 1961-1967,1.1924,107346768.5405
2022-12-15,ARTEA,Artea pensija 1961-1967,1.1802,106281897.4258
2022-12-16,ARTEA,Artea pensija 1961-1967,1.1755,105861555.5267
2022-12-19,ARTEA,Artea pensija 1961-1967,1.1735,105672297.7791
2022-12-20,ARTEA,Artea pensija 1961-1967,1.1705,105415982.3281
2022-12-21,ARTEA,Artea pensija 1961-1967,1.1751,105826130.4039
2022-12-22,ARTEA,Artea pensija 1961-1967,1.1719,105560229.8915
2022-12-23,ARTEA,Artea pensija 1961-1967,1.1714,105508815.3939
2022-12-27,ARTEA,Artea pensija 1961-1967,1.1718,105532911.0807
2022-12-28,ARTEA,Artea pensija 1961-1967,1.1694,105327061.8796
2022-12-29,ARTEA,Artea pensija 1961-1967,1.1722,105578360.557
2022-12-30,ARTEA,Artea pensija 1961-1967,1.1691,105288297.9673
2023-01-02,ARTEA,Artea pensija 1961-1967,1.1748,105795528.5042
2023-01-03,ARTEA,Artea pensija 1961-1967,1.176,105900835.7168
2023-01-04,ARTEA,Artea pensija 1961-1967,1.1805,106294748.389
2023-01-05,ARTEA,Artea pensija 1961-1967,1.1781,106066911.411
2023-01-06,ARTEA,Artea pensija 1961-1967,1.1823,106436842.8427
2023-01-09,ARTEA,Artea pensija 1961-1967,1.1864,106756974.9781
2023-01-10,ARTEA,Artea pensija 1961-1967,1.1828,106453921.721
2023-01-11,ARTEA,Artea pensija 1961-1967,1.1861,106756221.7332
2023-01-12,ARTEA,Artea pensija 1961-1967,1.1891,107756143.8819
2023-01-13,ARTEA,Artea pensija 1961-1967,1.1923,108029306.5985
2023-01-16,ARTEA,Artea pensija 1961-1967,1.1935,108044225.4449
2023-01-17,ARTEA,Artea pensija 1961-1967,1.1958,108229457.247
2023-01-18,ARTEA,Artea pensija 1961-1967,1.1966,108306182.9571
2023-01-19,ARTEA,Artea pensija 1961-1967,1.1955,108164521.1709
2023-01-20,ARTEA,Artea pensija 1961-1967,1.1973,108312075.5673
2023-01-23,ARTEA,Artea pensija 1961-1967,1.2026,108782829.9219
2023-01-24,ARTEA,Artea pensija 1961-1967,1.2025,108749533.4399
2023-01-25,ARTEA,Artea pensija 1961-1967,1.2013,108653238.5277
2023-01-26,ARTEA,Artea pensija 1961-1967,1.2053,108983338.8063
2023-01-27,ARTEA,Artea pensija 1961-1967,1.2081,109191831.4473
2023-01-30,ARTEA,Artea pensija 1961-1967,1.2053,108947261.0668
2023-01-31,ARTEA,Artea pensija 1961-1967,1.2045,108835520.7461
2023-02-01,ARTEA,Artea pensija 1961-1967,1.2059,108973510.6269
2023-02-02,ARTEA,Artea pensija 1961-1967,1.2177,110031533.3371
2023-02-03,ARTEA,Artea pensija 1961-1967,1.2183,110063507.9126
2023-02-06,ARTEA,Artea pensija 1961-1967,1.2138,109611270.4182
2023-02-07,ARTEA,Artea pensija 1961-1967,1.2139,109592076.0515
2023-02-08,ARTEA,Artea pensija 1961-1967,1.2132,109543106.4876
2023-02-09,ARTEA,Artea pensija 1961-1967,1.2142,110443423.818
2023-02-10,ARTEA,Artea pensija 1961-1967,1.2096,110026564.1952
2023-02-13,ARTEA,Artea pensija 1961-1967,1.211,110015459.2025
2023-02-14,ARTEA,Artea pensija 1961-1967,1.2115,110078460.533
2023-02-15,ARTEA,Artea pensija 1961-1967,1.2127,110146332.8031
2023-02-17,ARTEA,Artea pensija 1961-1967,1.2074,109601619.5496
2023-02-20,ARTEA,Artea pensija 1961-1967,1.2088,109759625.5053
2023-02-21,ARTEA,Artea pensija 1961-1967,1.2032,109232585.2085
2023-02-22,ARTEA,Artea pensija 1961-1967,1.2021,109115034.5303
2023-02-23,ARTEA,Artea pensija 1961-1967,1.2038,109305129.3635
2023-02-24,ARTEA,Artea pensija 1961-1967,1.201,109014647.117
2023-02-27,ARTEA,Artea pensija 1961-1967,1.203,109169786.863
2023-02-28,ARTEA,Artea pensija 1961-1967,1.2005,108946287.5172
2023-03-01,ARTEA,Artea pensija 1961-1967,1.1972,108673452.6089
2023-03-02,ARTEA,Artea pensija 1961-1967,1.1975,108717835.3698
2023-03-03,ARTEA,Artea pensija 1961-1967,1.203,109215917.7629
2023-03-06,ARTEA,Artea pensija 1961-1967,1.2041,109306024.6068
2023-03-07,ARTEA,Artea pensija 1961-1967,1.2026,109166201.5937
2023-03-08,ARTEA,Artea pensija 1961-1967,1.202,109131879.3167
2023-03-09,ARTEA,Artea pensija 1961-1967,1.2008,109832116.1012
2023-03-10,ARTEA,Artea pensija 1961-1967,1.1949,109287852.0245
2023-03-13,ARTEA,Artea pensija 1961-1967,1.1884,108522710.6406
2023-03-14,ARTEA,Artea pensija 1961-1967,1.1914,108785511.7784
2023-03-15,ARTEA,Artea pensija 1961-1967,1.1885,108512962.7501
2023-03-16,ARTEA,Artea pensija 1961-1967,1.1923,108866914.5309
2023-03-17,ARTEA,Artea pensija 1961-1967,1.1907,108715785.9758
2023-03-20,ARTEA,Artea pensija 1961-1967,1.1894,108632911.3266
2023-03-21,ARTEA,Artea pensija 1961-1967,1.1929,109014472.7902
2023-03-22,ARTEA,Artea pensija 1961-1967,1.1939,109091355.2558
2023-03-23,ARTEA,Artea pensija 1961-1967,1.194,109088653.5409
2023-03-24,ARTEA,Artea pensija 1961-1967,1.1941,109120609.3746
2023-03-27,ARTEA,Artea pensija 1961-1967,1.1954,109205851.2913
2023-03-28,ARTEA,Artea pensija 1961-1967,1.194,109087731.071
2023-03-29,ARTEA,Artea pensija 1961-1967,1.1967,109356687.4019
2023-03-30,ARTEA,Artea pensija 1961-1967,1.1986,109537063.6154
2023-03-31,ARTEA,Artea pensija 1961-1967,1.2032,109970653.4373
2023-04-03,ARTEA,Artea pensija 1961-1967,1.2042,110028884.8136
2023-04-04,ARTEA,Artea pensija 1961-1967,1.2032,109931939.4753
2023-04-05,ARTEA,Artea pensija 1961-1967,1.2026,109909360.01
2023-04-06,ARTEA,Artea pensija 1961-1967,1.2033,110768388.4284
2023-04-07,ARTEA,Artea pensija 1961-1967,1.2033,110733476.2148
2023-04-11,ARTEA,Artea pensija 1961-1967,1.2057,110850541.5274
2023-04-12,ARTEA,Artea pensija 1961-1967,1.2036,110703825.7689
2023-04-13,ARTEA,Artea pensija 1961-1967,1.2038,110759717.6491
2023-04-14,ARTEA,Artea pensija 1961-1967,1.2055,110898504.2427
2023-04-17,ARTEA,Artea pensija 1961-1967,1.2072,111042947.2933
2023-04-18,ARTEA,Artea pensija 1961-1967,1.2073,111040226.4262
2023-04-19,ARTEA,Artea pensija 1961-1967,1.2054,110845736.6251
2023-04-20,ARTEA,Artea pensija 1961-1967,1.205,110795342.8633
2023-04-21,ARTEA,Artea pensija 1961-1967,1.2036,110648042.0889
2023-04-24,ARTEA,Artea pensija 1961-1967,1.2022,110493378.9373
2023-04-25,ARTEA,Artea pensija 1961-1967,1.2024,110499134.084
2023-04-26,ARTEA,Artea pensija 1961-1967,1.1992,110231611.9982
2023-04-27,ARTEA,Artea pensija 1961-1967,1.2012,110435785.9124
2023-04-28,ARTEA,Artea pensija 1961-1967,1.2051,110829535.201
2023-05-02,ARTEA,Artea pensija 1961-1967,1.2017,110500186.109
2023-05-03,ARTEA,Artea pensija 1961-1967,1.2022,110532124.2654
2023-05-04,ARTEA,Artea pensija 1961-1967,1.2017,110539916.9818
2023-05-05,ARTEA,Artea pensija 1961-1967,1.205,110822994.8038
2023-05-08,ARTEA,Artea pensija 1961-1967,1.206,110925836.1995
2023-05-09,ARTEA,Artea pensija 1961-1967,1.2066,110962120.876
2023-05-10,ARTEA,Artea pensija 1961-1967,1.2067,110999596.4123
2023-05-11,ARTEA,Artea pensija 1961-1967,1.2083,112066643.6369
2023-05-12,ARTEA,Artea pensija 1961-1967,1.209,112130986.7227
2023-05-15,ARTEA,Artea pensija 1961-1967,1.2105,112202302.1101
2023-05-16,ARTEA,Artea pensija 1961-1967,1.2094,112025768.4815
2023-05-17,ARTEA,Artea pensija 1961-1967,1.21,112172170.3631
2023-05-18,ARTEA,Artea pensija 1961-1967,1.213,112464835.3499
2023-05-19,ARTEA,Artea pensija 1961-1967,1.2123,112395789.7478
2023-05-22,ARTEA,Artea pensija 1961-1967,1.2139,112504732.0106
2023-05-23,ARTEA,Artea pensija 1961-1967,1.212,112338066.672
2023-05-24,ARTEA,Artea pensija 1961-1967,1.2068,111879289.48
2023-05-25,ARTEA,Artea pensija 1961-1967,1.2075,111900886.3155
2023-05-26,ARTEA,Artea pensija 1961-1967,1.2118,112308331.6708
2023-05-29,ARTEA,Artea pensija 1961-1967,1.2127,112397090.3777
2023-05-30,ARTEA,Artea pensija 1961-1967,1.2128,112399199.6969
2023-05-31,ARTEA,Artea pensija 1961-1967,1.2115,112282202.7002
2023-06-01,ARTEA,Artea pensija 1961-1967,1.2146,112569674.2192
2023-06-02,ARTEA,Artea pensija 1961-1967,1.2205,113122316.6993
2023-06-05,ARTEA,Artea pensija 1961-1967,1.221,113165977.7995
2023-06-06,ARTEA,Artea pensija 1961-1967,1.2235,113405430.9907
2023-06-07,ARTEA,Artea pensija 1961-1967,1.2234,113400465.795
2023-06-08,ARTEA,Artea pensija 1961-1967,1.2216,114125358.044
2023-06-09,ARTEA,Artea pensija 1961-1967,1.2237,114324820.2663
2023-06-12,ARTEA,Artea pensija 1961-1967,1.2251,114395522.7417
2023-06-13,ARTEA,Artea pensija 1961-1967,1.2284,114642662.6522
2023-06-14,ARTEA,Artea pensija 1961-1967,1.2281,114685205.8635
2023-06-15,ARTEA,Artea pensija 1961-1967,1.2265,114528422.7008
2023-06-16,ARTEA,Artea pensija 1961-1967,1.2286,114690437.5102
2023-06-19,ARTEA,Artea pensija 1961-1967,1.2268,114516539.1822
2023-06-20,ARTEA,Artea pensija 1961-1967,1.2258,114426382.9298
2023-06-21,ARTEA,Artea pensija 1961-1967,1.2238,114231684.9437
2023-06-22,ARTEA,Artea pensija 1961-1967,1.2225,114084582.8945
2023-06-23,ARTEA,Artea pensija 1961-1967,1.2228,114129167.7945
2023-06-26,ARTEA,Artea pensija 1961-1967,1.2231,114174501.3659
2023-06-27,ARTEA,Artea pensija 1961-1967,1.2237,114179061.9701
2023-06-28,ARTEA,Artea pensija 1961-1967,1.2256,114384022.3621
2023-06-29,ARTEA,Artea pensija 1961-1967,1.2256,114389590.3831
2023-06-30,ARTEA,Artea pensija 1961-1967,1.2282,114611501.8888
2023-07-01,ARTEA,Artea pensija 1961-1967,1.2282,114611501.8888
2023-07-02,ARTEA,Artea pensija 1961-1967,1.2282,114611501.8888
2023-07-03,ARTEA,Artea pensija 1961-1967,1.23,114823867.2369
2023-07-04,ARTEA,Artea pensija 1961-1967,1.2308,114873104.4861
2023-07-05,ARTEA,Artea pensija 1961-1967,1.2302,114826924.3264
2023-07-06,ARTEA,Artea pensija 1961-1967,1.2302,114826924.3264
2023-07-07,ARTEA,Artea pensija 1961-1967,1.2215,114015670.6854
2023-07-08,ARTEA,Artea pensija 1961-1967,1.2215,114015670.6854
2023-07-09,ARTEA,Artea pensija 1961-1967,1.2215,114015670.6854
2023-07-10,ARTEA,Artea pensija 1961-1967,1.2204,114730660.5064
2023-07-11,ARTEA,Artea pensija 1961-1967,1.223,114944548.4208
2023-07-12,ARTEA,Artea pensija 1961-1967,1.2278,115310638.7899
2023-07-13,ARTEA,Artea pensija 1961-1967,1.2311,115541474.876
2023-07-14,ARTEA,Artea pensija 1961-1967,1.2308,115505808.2143
2023-07-15,ARTEA,Artea pensija 1961-1967,1.2308,115505808.2143
2023-07-16,ARTEA,Artea pensija 1961-1967,1.2308,115505808.2143
2023-07-17,ARTEA,Artea pensija 1961-1967,1.2308,115504723.3276
2023-07-18,ARTEA,Artea pensija 1961-1967,1.2338,115778652.2662
2023-07-19,ARTEA,Artea pensija 1961-1967,1.2367,116012063.2273
2023-07-20,ARTEA,Artea pensija 1961-1967,1.2355,115869143.8361
2023-07-21,ARTEA,Artea pensija 1961-1967,1.2363,115886987.0803
2023-07-22,ARTEA,Artea pensija 1961-1967,1.2363,115886987.0803
2023-07-23,ARTEA,Artea pensija 1961-1967,1.2363,115886987.0803
2023-07-24,ARTEA,Artea pensija 1961-1967,1.2389,116110387.0499
2023-07-25,ARTEA,Artea pensija 1961-1967,1.2405,116243368.1984
2023-07-26,ARTEA,Artea pensija 1961-1967,1.2395,116118178.5287
2023-07-27,ARTEA,Artea pensija 1961-1967,1.2444,116568106.4734
2023-07-28,ARTEA,Artea pensija 1961-1967,1.245,116593933.4623
2023-07-29,ARTEA,Artea pensija 1961-1967,1.245,116593933.4623
2023-07-30,ARTEA,Artea pensija 1961-1967,1.245,116593933.4623
2023-07-31,ARTEA,Artea pensija 1961-1967,1.2461,116680827.4798
2023-08-01,ARTEA,Artea pensija 1961-1967,1.2446,116517313.2094
2023-08-02,ARTEA,Artea pensija 1961-1967,1.2399,116038461.527
2023-08-03,ARTEA,Artea pensija 1961-1967,1.2373,115789384.2007
2023-08-04,ARTEA,Artea pensija 1961-1967,1.2376,115842626.8019
2023-08-05,ARTEA,Artea pensija 1961-1967,1.2376,115842626.8019
2023-08-06,ARTEA,Artea pensija 1961-1967,1.2376,115842626.8019
2023-08-07,ARTEA,Artea pensija 1961-1967,1.2371,115805377.1214
2023-08-08,ARTEA,Artea pensija 1961-1967,1.2365,116563495.5291
2023-08-09,ARTEA,Artea pensija 1961-1967,1.2365,116563346.6223
2023-08-10,ARTEA,Artea pensija 1961-1967,1.2387,116687062.2988
2023-08-11,ARTEA,Artea pensija 1961-1967,1.2354,116338438.654
2023-08-12,ARTEA,Artea pensija 1961-1967,1.2354,116338438.654
2023-08-13,ARTEA,Artea pensija 1961-1967,1.2354,116338438.654
2023-08-14,ARTEA,Artea pensija 1961-1967,1.2352,116362624.9507
2023-08-15,ARTEA,Artea pensija 1961-1967,1.2352,116362624.9507
2023-08-16,ARTEA,Artea pensija 1961-1967,1.2305,115919377.8574
2023-08-17,ARTEA,Artea pensija 1961-1967,1.2273,115629335.8421
2023-08-18,ARTEA,Artea pensija 1961-1967,1.2254,115437143.9978
2023-08-19,ARTEA,Artea pensija 1961-1967,1.2254,115437143.9978
2023-08-20,ARTEA,Artea pensija 1961-1967,1.2254,115437143.9978
2023-08-21,ARTEA,Artea pensija 1961-1967,1.2243,115285574.0549
2023-08-22,ARTEA,Artea pensija 1961-1967,1.2274,115553669.9706
2023-08-23,ARTEA,Artea pensija 1961-1967,1.2319,115966987.6648
2023-08-24,ARTEA,Artea pensija 1961-1967,1.2329,116055136.2278
2023-08-25,ARTEA,Artea pensija 1961-1967,1.2322,115976799.0864
2023-08-26,ARTEA,Artea pensija 1961-1967,1.2322,115976799.0864
2023-08-27,ARTEA,Artea pensija 1961-1967,1.2322,115976799.0864
2023-08-28,ARTEA,Artea pensija 1961-1967,1.2354,116264317.1612
2023-08-29,ARTEA,Artea pensija 1961-1967,1.2386,116520995.9617
2023-08-30,ARTEA,Artea pensija 1961-1967,1.2392,116567182.0637
2023-08-31,ARTEA,Artea pensija 1961-1967,1.2414,116740880.5708
2023-09-01,ARTEA,Artea pensija 1961-1967,1.2432,116869055.5625
2023-09-02,ARTEA,Artea pensija 1961-1967,1.2432,116869055.5625
2023-09-03,ARTEA,Artea pensija 1961-1967,1.2432,116869055.5625
2023-09-04,ARTEA,Artea pensija 1961-1967,1.2432,116851996.192
2023-09-05,ARTEA,Artea pensija 1961-1967,1.2426,116801478.8277
2023-09-06,ARTEA,Artea pensija 1961-1967,1.2389,116475841.446
2023-09-07,ARTEA,Artea pensija 1961-1967,1.2381,117215349.0059
2023-09-08,ARTEA,Artea pensija 1961-1967,1.2394,117337098.8776
2023-09-09,ARTEA,Artea pensija 1961-1967,1.2394,117337098.8776
2023-09-10,ARTEA,Artea pensija 1961-1967,1.2394,117337098.8776
2023-09-11,ARTEA,Artea pensija 1961-1967,1.2393,117268299.1738
2023-09-12,ARTEA,Artea pensija 1961-1967,1.2393,117158454.016
2023-09-13,ARTEA,Artea pensija 1961-1967,1.239,117171280.4553
2023-09-14,ARTEA,Artea pensija 1961-1967,1.2444,117719516.6515
2023-09-15,ARTEA,Artea pensija 1961-1967,1.2426,117480107.1506
2023-09-16,ARTEA,Artea pensija 1961-1967,1.2426,117480107.1506
2023-09-17,ARTEA,Artea pensija 1961-1967,1.2426,117480107.1506
2023-09-18,ARTEA,Artea pensija 1961-1967,1.2408,117288300.1705
2023-09-19,ARTEA,Artea pensija 1961-1967,1.2389,117071441.9373
2023-09-20,ARTEA,Artea pensija 1961-1967,1.2409,117221678.6613
2023-09-21,ARTEA,Artea pensija 1961-1967,1.2341,116524903.4921
2023-09-22,ARTEA,Artea pensija 1961-1967,1.2344,116533079.4371
2023-09-23,ARTEA,Artea pensija 1961-1967,1.2344,116533079.4371
2023-09-24,ARTEA,Artea pensija 1961-1967,1.2344,116533079.4371
2023-09-25,ARTEA,Artea pensija 1961-1967,1.2335,116437040.33
2023-09-26,ARTEA,Artea pensija 1961-1967,1.2303,116084290.1052
2023-09-27,ARTEA,Artea pensija 1961-1967,1.231,116157623.0889
2023-09-28,ARTEA,Artea pensija 1961-1967,1.2281,115874876.8752
2023-09-29,ARTEA,Artea pensija 1961-1967,1.2298,116020234.0705
2023-09-30,ARTEA,Artea pensija 1961-1967,1.2298,116020234.0705
2023-10-01,ARTEA,Artea pensija 1961-1967,1.2298,116020234.0705
2023-10-02,ARTEA,Artea pensija 1961-1967,1.2279,115851298.2949
2023-10-03,ARTEA,Artea pensija 1961-1967,1.2224,115304986.5112
2023-10-04,ARTEA,Artea pensija 1961-1967,1.22,115087936.3593
2023-10-05,ARTEA,Artea pensija 1961-1967,1.2211,116021893.4802
2023-10-06,ARTEA,Artea pensija 1961-1967,1.2224,116137068.7378
2023-10-07,ARTEA,Artea pensija 1961-1967,1.2224,116137068.7378
2023-10-08,ARTEA,Artea pensija 1961-1967,1.2224,116137068.7378
2023-10-09,ARTEA,Artea pensija 1961-1967,1.2237,116205295.9263
2023-10-10,ARTEA,Artea pensija 1961-1967,1.2295,116704625.46
2023-10-11,ARTEA,Artea pensija 1961-1967,1.2305,116819126.8539
2023-10-12,ARTEA,Artea pensija 1961-1967,1.2324,116938385.0331
2023-10-13,ARTEA,Artea pensija 1961-1967,1.2304,116693662.8728
2023-10-14,ARTEA,Artea pensija 1961-1967,1.2304,116693662.8728
2023-10-15,ARTEA,Artea pensija 1961-1967,1.2304,116693662.8728
2023-10-16,ARTEA,Artea pensija 1961-1967,1.2311,116751243.5707
2023-10-17,ARTEA,Artea pensija 1961-1967,1.2296,116605598.8354
2023-10-18,ARTEA,Artea pensija 1961-1967,1.2262,116281363.1571
2023-10-19,ARTEA,Artea pensija 1961-1967,1.2221,115858270.7052
2023-10-20,ARTEA,Artea pensija 1961-1967,1.2169,115344376.8581
2023-10-23,ARTEA,Artea pensija 1961-1967,1.2159,115240633.7796
2023-10-24,ARTEA,Artea pensija 1961-1967,1.2198,115527132.4477
2023-10-25,ARTEA,Artea pensija 1961-1967,1.2179,115314175.5416
2023-10-26,ARTEA,Artea pensija 1961-1967,1.2163,115146856.9345
2023-10-27,ARTEA,Artea pensija 1961-1967,1.2151,114980959.9614
2023-10-30,ARTEA,Artea pensija 1961-1967,1.2161,115023632.0497
2023-10-31,ARTEA,Artea pensija 1961-1967,1.2193,115273472.8439
2023-11-03,ARTEA,Artea pensija 1961-1967,1.2359,116768356.4485
2023-11-06,ARTEA,Artea pensija 1961-1967,1.2358,116753607.2524
2023-11-07,ARTEA,Artea pensija 1961-1967,1.2375,116914316.6758
2023-11-08,ARTEA,Artea pensija 1961-1967,1.2369,116893475.0992
2023-11-09,ARTEA,Artea pensija 1961-1967,1.238,117797447.6907
2023-11-10,ARTEA,Artea pensija 1961-1967,1.2362,117624831.0394
2023-11-13,ARTEA,Artea pensija 1961-1967,1.2386,117709318.7523
2023-11-14,ARTEA,Artea pensija 1961-1967,1.2424,118022233.6464
2023-11-15,ARTEA,Artea pensija 1961-1967,1.2461,118411612.5342
2023-11-16,ARTEA,Artea pensija 1961-1967,1.2444,118205837.3615
2023-11-17,ARTEA,Artea pensija 1961-1967,1.2462,118364650.8451
2023-11-20,ARTEA,Artea pensija 1961-1967,1.2472,118467943.7791
2023-11-21,ARTEA,Artea pensija 1961-1967,1.2487,118586072.4303
2023-11-22,ARTEA,Artea pensija 1961-1967,1.2518,118871668.5006
2023-11-23,ARTEA,Artea pensija 1961-1967,1.2518,118849847.8905
2023-11-24,ARTEA,Artea pensija 1961-1967,1.2508,118732796.286
2023-11-27,ARTEA,Artea pensija 1961-1967,1.2513,118742283.3689
2023-11-28,ARTEA,Artea pensija 1961-1967,1.2518,118799134.6164
2023-11-29,ARTEA,Artea pensija 1961-1967,1.255,119052243.1405
2023-11-30,ARTEA,Artea pensija 1961-1967,1.2574,119251384.5228
2023-12-01,ARTEA,Artea pensija 1961-1967,1.2618,119654739.1431
2023-12-04,ARTEA,Artea pensija 1961-1967,1.2634,119764409.313
2023-12-05,ARTEA,Artea pensija 1961-1967,1.2662,120004477.6814
2023-12-06,ARTEA,Artea pensija 1961-1967,1.2693,120264640.4243
2023-12-07,ARTEA,Artea pensija 1961-1967,1.2697,121093614.9333
2023-12-08,ARTEA,Artea pensija 1961-1967,1.2705,121172432.4251
2023-12-11,ARTEA,Artea pensija 1961-1967,1.2717,121230247.6783
2023-12-12,ARTEA,Artea pensija 1961-1967,1.2722,121079949.7439
2023-12-13,ARTEA,Artea pensija 1961-1967,1.274,121253920.5975
2023-12-14,ARTEA,Artea pensija 1961-1967,1.2816,121966225.6528
2023-12-15,ARTEA,Artea pensija 1961-1967,1.2855,122321997.0895
2023-12-18,ARTEA,Artea pensija 1961-1967,1.285,122269334.1253
2023-12-19,ARTEA,Artea pensija 1961-1967,1.2866,122396440.3039
2023-12-20,ARTEA,Artea pensija 1961-1967,1.2887,122517265.9094
2023-12-21,ARTEA,Artea pensija 1961-1967,1.2875,122356138.1143
2023-12-22,ARTEA,Artea pensija 1961-1967,1.2894,122519359.4014
2023-12-27,ARTEA,Artea pensija 1961-1967,1.2898,122525745.6001
2023-12-28,ARTEA,Artea pensija 1961-1967,1.2918,122677113.8367
2023-12-29,ARTEA,Artea pensija 1961-1967,1.2914,122615564.9868
2024-01-02,ARTEA,Artea pensija 1961-1967,1.2913,122565910.0413
2024-01-03,ARTEA,Artea pensija 1961-1967,1.2884,122258570.1997
2024-01-04,ARTEA,Artea pensija 1961-1967,1.2868,122158584.468
2024-01-05,ARTEA,Artea pensija 1961-1967,1.2847,121906027.6761
2024-01-08,ARTEA,Artea pensija 1961-1967,1.2858,122031312.5557
2024-01-09,ARTEA,Artea pensija 1961-1967,1.2874,122175203.1072
2024-01-10,ARTEA,Artea pensija 1961-1967,1.2875,122188079.0391
2024-01-11,ARTEA,Artea pensija 1961-1967,1.2869,122949414.1199
2024-01-12,ARTEA,Artea pensija 1961-1967,1.291,123337972.003
2024-01-15,ARTEA,Artea pensija 1961-1967,1.2913,123155833.6738
2024-01-16,ARTEA,Artea pensija 1961-1967,1.2913,123167280.7947
2024-01-17,ARTEA,Artea pensija 1961-1967,1.2869,122763825.8777
2024-01-18,ARTEA,Artea pensija 1961-1967,1.2886,122894198.9829
2024-01-19,ARTEA,Artea pensija 1961-1967,1.2893,122931993.9009
2024-01-22,ARTEA,Artea pensija 1961-1967,1.2937,123349196.7644
2024-01-23,ARTEA,Artea pensija 1961-1967,1.2937,123305198.7625
2024-01-24,ARTEA,Artea pensija 1961-1967,1.2954,123439113.2164
2024-01-25,ARTEA,Artea pensija 1961-1967,1.298,123648337.839
2024-01-26,ARTEA,Artea pensija 1961-1967,1.2994,123795891.4553
2024-01-29,ARTEA,Artea pensija 1961-1967,1.302,124060231.1302
2024-01-30,ARTEA,Artea pensija 1961-1967,1.3028,124101680.5122
2024-01-31,ARTEA,Artea pensija 1961-1967,1.3032,124124558.4058
2024-02-01,ARTEA,Artea pensija 1961-1967,1.3021,124008922.9671
2024-02-02,ARTEA,Artea pensija 1961-1967,1.3057,124341415.6937
2024-02-05,ARTEA,Artea pensija 1961-1967,1.3045,124213626.994
2024-02-06,ARTEA,Artea pensija 1961-1967,1.3062,124390809.0993
2024-02-07,ARTEA,Artea pensija 1961-1967,1.3074,124530796.5354
2024-02-08,ARTEA,Artea pensija 1961-1967,1.3072,125383000.841
2024-02-09,ARTEA,Artea pensija 1961-1967,1.3076,125376060.9664
2024-02-12,ARTEA,Artea pensija 1961-1967,1.3108,125553224.4553
2024-02-13,ARTEA,Artea pensija 1961-1967,1.3067,125165135.654
2024-02-14,ARTEA,Artea pensija 1961-1967,1.3096,125421112.6272
2024-02-15,ARTEA,Artea pensija 1961-1967,1.3122,125664196.6383
2024-02-19,ARTEA,Artea pensija 1961-1967,1.3128,125663678.9068
2024-02-20,ARTEA,Artea pensija 1961-1967,1.3103,125440706.0419
2024-02-21,ARTEA,Artea pensija 1961-1967,1.3096,125377715.7692
2024-02-22,ARTEA,Artea pensija 1961-1967,1.3146,125822836.0206
2024-02-23,ARTEA,Artea pensija 1961-1967,1.3168,125977571.3254
2024-02-26,ARTEA,Artea pensija 1961-1967,1.3158,125893530.9704
2024-02-27,ARTEA,Artea pensija 1961-1967,1.3154,125851014.5151
2024-02-28,ARTEA,Artea pensija 1961-1967,1.3148,125750542.5
2024-02-29,ARTEA,Artea pensija 1961-1967,1.3163,125845197.3247
2024-03-01,ARTEA,Artea pensija 1961-1967,1.3189,126069321.0305
2024-03-04,ARTEA,Artea pensija 1961-1967,1.3198,126125902.2241
2024-03-05,ARTEA,Artea pensija 1961-1967,1.3189,126032781.7599
2024-03-06,ARTEA,Artea pensija 1961-1967,1.3206,126231535.9067
2024-03-07,ARTEA,Artea pensija 1961-1967,1.3231,127329923.5399
2024-03-08,ARTEA,Artea pensija 1961-1967,1.3246,127467018.2405
2024-03-12,ARTEA,Artea pensija 1961-1967,1.3244,127381536.8036
2024-03-13,ARTEA,Artea pensija 1961-1967,1.3241,127199665.3703
2024-03-14,ARTEA,Artea pensija 1961-1967,1.3234,127080105.2787
2024-03-15,ARTEA,Artea pensija 1961-1967,1.3213,126836898.7785
2024-03-18,ARTEA,Artea pensija 1961-1967,1.3229,126935989.6783
2024-03-19,ARTEA,Artea pensija 1961-1967,1.3232,126943843.6403
2024-03-20,ARTEA,Artea pensija 1961-1967,1.3242,126994559.6129
2024-03-21,ARTEA,Artea pensija 1961-1967,1.3313,127662292.1102
2024-03-22,ARTEA,Artea pensija 1961-1967,1.3321,127728227.3597
2024-03-25,ARTEA,Artea pensija 1961-1967,1.3311,127606570.0725
2024-03-26,ARTEA,Artea pensija 1961-1967,1.3319,127624390.3154
2024-03-27,ARTEA,Artea pensija 1961-1967,1.3329,127751507.6625
2024-03-28,ARTEA,Artea pensija 1961-1967,1.3354,127971907.5634
2024-03-29,ARTEA,Artea pensija 1961-1967,1.3354,127966282.5743
2024-04-02,ARTEA,Artea pensija 1961-1967,1.3312,127556571.5244
2024-04-03,ARTEA,Artea pensija 1961-1967,1.3315,127604271.8445
2024-04-04,ARTEA,Artea pensija 1961-1967,1.3336,127721271.1254
2024-04-05,ARTEA,Artea pensija 1961-1967,1.3311,127428753.91
2024-04-08,ARTEA,Artea pensija 1961-1967,1.3317,127471416.9433
2024-04-09,ARTEA,Artea pensija 1961-1967,1.3324,127517498.8282
2024-04-10,ARTEA,Artea pensija 1961-1967,1.3318,127502869.5108
2024-04-11,ARTEA,Artea pensija 1961-1967,1.3306,128226019.5826
2024-04-12,ARTEA,Artea pensija 1961-1967,1.3329,128445432.4916
2024-04-15,ARTEA,Artea pensija 1961-1967,1.3302,127993364.9601
2024-04-16,ARTEA,Artea pensija 1961-1967,1.3228,127231585.7431
2024-04-17,ARTEA,Artea pensija 1961-1967,1.3223,127245314.6703
2024-04-18,ARTEA,Artea pensija 1961-1967,1.3232,127331008.9196
2024-04-19,ARTEA,Artea pensija 1961-1967,1.3205,127071923.7039
2024-04-22,ARTEA,Artea pensija 1961-1967,1.3221,127191576.8879
2024-04-23,ARTEA,Artea pensija 1961-1967,1.3256,127479474.4433
2024-04-24,ARTEA,Artea pensija 1961-1967,1.3246,127383483.8894
2024-04-25,ARTEA,Artea pensija 1961-1967,1.3202,126898583.5857
2024-04-26,ARTEA,Artea pensija 1961-1967,1.3265,127490041.6931
2024-04-29,ARTEA,Artea pensija 1961-1967,1.3286,127690364.5399
2024-04-30,ARTEA,Artea pensija 1961-1967,1.3272,127525385.0504
2024-05-02,ARTEA,Artea pensija 1961-1967,1.3265,127447982.2155
2024-05-03,ARTEA,Artea pensija 1961-1967,1.3317,127902968.1029
2024-05-06,ARTEA,Artea pensija 1961-1967,1.3342,128142931.2746
2024-05-07,ARTEA,Artea pensija 1961-1967,1.338,128464445.9003
2024-05-08,ARTEA,Artea pensija 1961-1967,1.3376,128424266.4964
2024-05-09,ARTEA,Artea pensija 1961-1967,1.338,129342509.0633
2024-05-10,ARTEA,Artea pensija 1961-1967,1.339,129426313.6689
2024-05-13,ARTEA,Artea pensija 1961-1967,1.339,129326567.2134
2024-05-14,ARTEA,Artea pensija 1961-1967,1.34,129421619.9039
2024-05-15,ARTEA,Artea pensija 1961-1967,1.3448,129918237.7673
2024-05-16,ARTEA,Artea pensija 1961-1967,1.347,130125516.9124
2024-05-17,ARTEA,Artea pensija 1961-1967,1.3453,129999158.2588
2024-05-20,ARTEA,Artea pensija 1961-1967,1.347,130118807.5799
2024-05-21,ARTEA,Artea pensija 1961-1967,1.3465,130030236.3378
2024-05-22,ARTEA,Artea pensija 1961-1967,1.3462,129953613.8684
2024-05-23,ARTEA,Artea pensija 1961-1967,1.3449,129776841.6268
2024-05-24,ARTEA,Artea pensija 1961-1967,1.3436,129625004.1076
2024-05-27,ARTEA,Artea pensija 1961-1967,1.3451,129715999.127
2024-05-28,ARTEA,Artea pensija 1961-1967,1.3436,129539142.537
2024-05-29,ARTEA,Artea pensija 1961-1967,1.3401,129149566.1896
2024-05-30,ARTEA,Artea pensija 1961-1967,1.3398,129084825.6198
2024-05-31,ARTEA,Artea pensija 1961-1967,1.3389,128977570.0602
2024-06-03,ARTEA,Artea pensija 1961-1967,1.3427,129288656.5631
2024-06-04,ARTEA,Artea pensija 1961-1967,1.3419,129214913.4655
2024-06-05,ARTEA,Artea pensija 1961-1967,1.3462,129649851.815
2024-06-06,ARTEA,Artea pensija 1961-1967,1.3476,129793440.1148
2024-06-07,ARTEA,Artea pensija 1961-1967,1.3472,129711815.9376
2024-06-10,ARTEA,Artea pensija 1961-1967,1.3474,129702382.9147
2024-06-11,ARTEA,Artea pensija 1961-1967,1.3468,129625865.5945
2024-06-12,ARTEA,Artea pensija 1961-1967,1.3512,130046863.9449
2024-06-13,ARTEA,Artea pensija 1961-1967,1.3509,131061670.6571
2024-06-14,ARTEA,Artea pensija 1961-1967,1.3514,131080508.6716
2024-06-17,ARTEA,Artea pensija 1961-1967,1.351,130886901.8674
2024-06-18,ARTEA,Artea pensija 1961-1967,1.3541,131191662.6074
2024-06-19,ARTEA,Artea pensija 1961-1967,1.3542,131271531.4844
2024-06-20,ARTEA,Artea pensija 1961-1967,1.3555,131365299.148
2024-06-21,ARTEA,Artea pensija 1961-1967,1.3548,131303275.0372
2024-06-25,ARTEA,Artea pensija 1961-1967,1.3563,131471109.7084
2024-06-26,ARTEA,Artea pensija 1961-1967,1.3546,131322309.2482
2024-06-27,ARTEA,Artea pensija 1961-1967,1.3548,131308584.8184
2024-06-28,ARTEA,Artea pensija 1961-1967,1.356,131422638.6606
2024-07-01,ARTEA,Artea pensija 1961-1967,1.353,131087469.3534
2024-07-02,ARTEA,Artea pensija 1961-1967,1.3529,131055688.8689
2024-07-03,ARTEA,Artea pensija 1961-1967,1.3557,131256701.9296
2024-07-04,ARTEA,Artea pensija 1961-1967,1.3566,131324529.7581
2024-07-05,ARTEA,Artea pensija 1961-1967,1.3576,131384134.0703
2024-07-08,ARTEA,Artea pensija 1961-1967,1.3602,131664208.6768
2024-07-09,ARTEA,Artea pensija 1961-1967,1.3601,131634015.347
2024-07-10,ARTEA,Artea pensija 1961-1967,1.3625,131855397.7093
2024-07-11,ARTEA,Artea pensija 1961-1967,1.3653,133022543.4578
2024-07-12,ARTEA,Artea pensija 1961-1967,1.3672,133206353.0128
2024-07-15,ARTEA,Artea pensija 1961-1967,1.3672,132964313.1246
2024-07-16,ARTEA,Artea pensija 1961-1967,1.3688,133147039.836
2024-07-17,ARTEA,Artea pensija 1961-1967,1.3664,132961770.7245
2024-07-18,ARTEA,Artea pensija 1961-1967,1.3649,132782966.7519
2024-07-19,ARTEA,Artea pensija 1961-1967,1.3621,132529906.6781
2024-07-22,ARTEA,Artea pensija 1961-1967,1.3638,132695296.8857
2024-07-23,ARTEA,Artea pensija 1961-1967,1.3668,132967273.9308
2024-07-24,ARTEA,Artea pensija 1961-1967,1.363,132559288.2365
2024-07-25,ARTEA,Artea pensija 1961-1967,1.3613,132365145.96
2024-07-26,ARTEA,Artea pensija 1961-1967,1.3634,132559235.9522
2024-07-29,ARTEA,Artea pensija 1961-1967,1.3651,132703811.2783
2024-07-30,ARTEA,Artea pensija 1961-1967,1.3665,132814289.5277
2024-07-31,ARTEA,Artea pensija 1961-1967,1.372,133304681.3334
2024-08-01,ARTEA,Artea pensija 1961-1967,1.3699,133053428.4021
2024-08-02,ARTEA,Artea pensija 1961-1967,1.3592,131989362.4241
2024-08-05,ARTEA,Artea pensija 1961-1967,1.3504,131107689.6401
2024-08-06,ARTEA,Artea pensija 1961-1967,1.3534,131404470.71
2024-08-07,ARTEA,Artea pensija 1961-1967,1.3587,131949414.7131
2024-08-08,ARTEA,Artea pensija 1961-1967,1.3587,132815859.4246
2024-08-09,ARTEA,Artea pensija 1961-1967,1.3611,133048047.486
2024-08-12,ARTEA,Artea pensija 1961-1967,1.3624,132983184.651
2024-08-13,ARTEA,Artea pensija 1961-1967,1.3662,133381586.3319
2024-08-14,ARTEA,Artea pensija 1961-1967,1.3674,133435792.0897
2024-08-16,ARTEA,Artea pensija 1961-1967,1.3735,134007740.5229
2024-08-19,ARTEA,Artea pensija 1961-1967,1.3753,134163913.0231
2024-08-20,ARTEA,Artea pensija 1961-1967,1.375,134127745.5074
2024-08-21,ARTEA,Artea pensija 1961-1967,1.3778,134411575.4097
2024-08-22,ARTEA,Artea pensija 1961-1967,1.378,134408224.379
2024-08-23,ARTEA,Artea pensija 1961-1967,1.3785,134473114.7387
2024-08-26,ARTEA,Artea pensija 1961-1967,1.3789,134527845.4063
2024-08-27,ARTEA,Artea pensija 1961-1967,1.3785,134521186.7523
2024-08-28,ARTEA,Artea pensija 1961-1967,1.379,134482905.2587
2024-08-29,ARTEA,Artea pensija 1961-1967,1.382,134742980.4337
2024-08-30,ARTEA,Artea pensija 1961-1967,1.3811,134596833.6742
2024-09-02,ARTEA,Artea pensija 1961-1967,1.3827,134771286.7227
2024-09-03,ARTEA,Artea pensija 1961-1967,1.3803,134538013.6625
2024-09-04,ARTEA,Artea pensija 1961-1967,1.3775,134254830.7295
2024-09-05,ARTEA,Artea pensija 1961-1967,1.3766,134123103.8509
2024-09-06,ARTEA,Artea pensija 1961-1967,1.3732,133799486.9383
2024-09-09,ARTEA,Artea pensija 1961-1967,1.3767,134117296.5302
2024-09-10,ARTEA,Artea pensija 1961-1967,1.3773,134178229.2769
2024-09-11,ARTEA,Artea pensija 1961-1967,1.3766,134125300.7392
2024-09-12,ARTEA,Artea pensija 1961-1967,1.3819,135539896.2835
2024-09-13,ARTEA,Artea pensija 1961-1967,1.3853,135859117.1583
2024-09-16,ARTEA,Artea pensija 1961-1967,1.3857,135828184.4008
2024-09-17,ARTEA,Artea pensija 1961-1967,1.3889,136008135.3387
2024-09-18,ARTEA,Artea pensija 1961-1967,1.3867,135760427.0903
2024-09-19,ARTEA,Artea pensija 1961-1967,1.3916,136206935.1793
2024-09-20,ARTEA,Artea pensija 1961-1967,1.3895,135943442.288
2024-09-23,ARTEA,Artea pensija 1961-1967,1.3919,136178185.1231
2024-09-24,ARTEA,Artea pensija 1961-1967,1.3931,136289858.0079
2024-09-25,ARTEA,Artea pensija 1961-1967,1.3932,136293573.8705
2024-09-26,ARTEA,Artea pensija 1961-1967,1.3953,136419886.8107
2024-09-27,ARTEA,Artea pensija 1961-1967,1.3974,136607736.0212
2024-09-30,ARTEA,Artea pensija 1961-1967,1.3964,136513542.6239
2024-10-01,ARTEA,Artea pensija 1961-1967,1.3994,136731511.663
2024-10-02,ARTEA,Artea pensija 1961-1967,1.4005,136846800.8341
2024-10-03,ARTEA,Artea pensija 1961-1967,1.3991,136674576.3825
2024-10-04,ARTEA,Artea pensija 1961-1967,1.399,136637961.2684
2024-10-07,ARTEA,Artea pensija 1961-1967,1.399,136593861.5192
2024-10-08,ARTEA,Artea pensija 1961-1967,1.3988,136564250.5612
2024-10-09,ARTEA,Artea pensija 1961-1967,1.4009,136792917.0857
2024-10-10,ARTEA,Artea pensija 1961-1967,1.4013,137719650.1612
2024-10-11,ARTEA,Artea pensija 1961-1967,1.4029,137874014
2024-10-14,ARTEA,Artea pensija 1961-1967,1.4055,137968893.8644
2024-10-15,ARTEA,Artea pensija 1961-1967,1.407,137922277.4556
2024-10-16,ARTEA,Artea pensija 1961-1967,1.4084,138148578.1449
2024-10-17,ARTEA,Artea pensija 1961-1967,1.4107,138312939.4922
2024-10-18,ARTEA,Artea pensija 1961-1967,1.411,138316667.71
2024-10-21,ARTEA,Artea pensija 1961-1967,1.408,138032372.1591
2024-10-22,ARTEA,Artea pensija 1961-1967,1.4062,137866593.4391
2024-10-23,ARTEA,Artea pensija 1961-1967,1.4054,137793631.5083
2024-10-24,ARTEA,Artea pensija 1961-1967,1.406,137844309.7744
2024-10-25,ARTEA,Artea pensija 1961-1967,1.4069,137951641.517
2024-10-28,ARTEA,Artea pensija 1961-1967,1.4076,138041425.5868
2024-10-29,ARTEA,Artea pensija 1961-1967,1.407,137961491.1344
2024-10-30,ARTEA,Artea pensija 1961-1967,1.4046,137748512.9109
2024-10-31,ARTEA,Artea pensija 1961-1967,1.3989,137210871.8918
2024-11-04,ARTEA,Artea pensija 1961-1967,1.3992,137220315.9697
2024-11-05,ARTEA,Artea pensija 1961-1967,1.3995,137228626.0728
2024-11-06,ARTEA,Artea pensija 1961-1967,1.4068,137956123.7381
2024-11-07,ARTEA,Artea pensija 1961-1967,1.4101,138342098.4293
2024-11-08,ARTEA,Artea pensija 1961-1967,1.4137,139582690.9452
2024-11-11,ARTEA,Artea pensija 1961-1967,1.4174,139903978.6935
2024-11-12,ARTEA,Artea pensija 1961-1967,1.415,139410817.6736
2024-11-13,ARTEA,Artea pensija 1961-1967,1.4151,139610711.5649
2024-11-14,ARTEA,Artea pensija 1961-1967,1.4167,139771649.8221
2024-11-15,ARTEA,Artea pensija 1961-1967,1.4133,139422498.5012
2024-11-18,ARTEA,Artea pensija 1961-1967,1.4136,139364047.1935
2024-11-19,ARTEA,Artea pensija 1961-1967,1.4147,139442619.7482
2024-11-20,ARTEA,Artea pensija 1961-1967,1.4148,139468245.9325
2024-11-21,ARTEA,Artea pensija 1961-1967,1.419,139911442.8738
2024-11-22,ARTEA,Artea pensija 1961-1967,1.4242,140414946.0231
2024-11-25,ARTEA,Artea pensija 1961-1967,1.4246,140455840.0234
2024-11-26,ARTEA,Artea pensija 1961-1967,1.4254,140481972.496
2024-11-27,ARTEA,Artea pensija 1961-1967,1.4239,140284171.4579
2024-11-28,ARTEA,Artea pensija 1961-1967,1.4255,140498323.7115
2024-11-29,ARTEA,Artea pensija 1961-1967,1.4276,140687518.3412
2024-12-02,ARTEA,Artea pensija 1961-1967,1.432,141099330.4145
2024-12-03,ARTEA,Artea pensija 1961-1967,1.4326,141147902.1449
2024-12-04,ARTEA,Artea pensija 1961-1967,1.4337,141254732.8127
2024-12-05,ARTEA,Artea pensija 1961-1967,1.4336,141244135.7406
2024-12-06,ARTEA,Artea pensija 1961-1967,1.4349,141376680.941
2024-12-09,ARTEA,Artea pensija 1961-1967,1.4343,141344986.1862
2024-12-10,ARTEA,Artea pensija 1961-1967,1.4349,141392854.013
2024-12-11,ARTEA,Artea pensija 1961-1967,1.4367,141599902.8068
2024-12-12,ARTEA,Artea pensija 1961-1967,1.4354,142377849.5444
2024-12-13,ARTEA,Artea pensija 1961-1967,1.4326,142103113.6784
2024-12-16,ARTEA,Artea pensija 1961-1967,1.4325,141914819.3869
2024-12-17,ARTEA,Artea pensija 1961-1967,1.4306,141667027.7564
2024-12-18,ARTEA,Artea pensija 1961-1967,1.4305,141725018.9111
2024-12-19,ARTEA,Artea pensija 1961-1967,1.4222,140862473.7979
2024-12-20,ARTEA,Artea pensija 1961-1967,1.4227,140871973.2485
2024-12-23,ARTEA,Artea pensija 1961-1967,1.4219,140718523.3062
2024-12-27,ARTEA,Artea pensija 1961-1967,1.422,140682177.7561
2024-12-30,ARTEA,Artea pensija 1961-1967,1.4207,140556231.442
2024-12-31,ARTEA,Artea pensija 1961-1967,1.421,140580143.1721
2025-01-02,ARTEA,Artea pensija 1961-1967,1.4266,141142075.5257
2025-01-03,ARTEA,Artea pensija 1961-1967,1.4255,141014497.3552
2025-01-06,ARTEA,Artea pensija 1961-1967,1.4273,141166999.1997
2025-01-07,ARTEA,Artea pensija 1961-1967,1.4245,140876620.0272
2025-01-08,ARTEA,Artea pensija 1961-1967,1.4226,140720872.1373
2025-01-09,ARTEA,Artea pensija 1961-1967,1.4238,141722421.4036
2025-01-10,ARTEA,Artea pensija 1961-1967,1.4186,141134286.6545
2025-01-13,ARTEA,Artea pensija 1961-1967,1.417,140861554.9294
2025-01-14,ARTEA,Artea pensija 1961-1967,1.417,140833581.4393
2025-01-15,ARTEA,Artea pensija 1961-1967,1.4245,141664220.9833
2025-01-16,ARTEA,Artea pensija 1961-1967,1.4254,141737417.9917
2025-01-17,ARTEA,Artea pensija 1961-1967,1.4294,142050275.1807
2025-01-20,ARTEA,Artea pensija 1961-1967,1.4288,141989030.5556
2025-01-21,ARTEA,Artea pensija 1961-1967,1.4301,142131496.3754
2025-01-22,ARTEA,Artea pensija 1961-1967,1.4321,142349053.7693
2025-01-23,ARTEA,Artea pensija 1961-1967,1.4317,142251633.0366
2025-01-24,ARTEA,Artea pensija 1961-1967,1.4305,142067005.2246
2025-01-27,ARTEA,Artea pensija 1961-1967,1.4266,141686177.8149
2025-01-28,ARTEA,Artea pensija 1961-1967,1.4299,142009425.2199
2025-01-29,ARTEA,Artea pensija 1961-1967,1.4322,142164603.0312
2025-01-30,ARTEA,Artea pensija 1961-1967,1.4357,142428201.4568
2025-01-31,ARTEA,Artea pensija 1961-1967,1.4395,142784853.6028
2025-02-03,ARTEA,Artea pensija 1961-1967,1.4381,142654331.5674
2025-02-04,ARTEA,Artea pensija 1961-1967,1.4385,142669683.9876
2025-02-05,ARTEA,Artea pensija 1961-1967,1.44,142761145.3785
2025-02-06,ARTEA,Artea pensija 1961-1967,1.4432,143041414.9535
2025-02-07,ARTEA,Artea pensija 1961-1967,1.443,142964169.0481
2025-02-10,ARTEA,Artea pensija 1961-1967,1.4452,143177869.9373
2025-02-11,ARTEA,Artea pensija 1961-1967,1.4435,142977132.3641
2025-02-12,ARTEA,Artea pensija 1961-1967,1.4402,142678436.6336
2025-02-13,ARTEA,Artea pensija 1961-1967,1.4443,144029070.8297
2025-02-14,ARTEA,Artea pensija 1961-1967,1.4455,144136994.379
2025-02-17,ARTEA,Artea pensija 1961-1967,1.4468,144173792.2378
2025-02-18,ARTEA,Artea pensija 1961-1967,1.4476,144158201.6516
2025-02-19,ARTEA,Artea pensija 1961-1967,1.4468,144103065.3852
2025-02-20,ARTEA,Artea pensija 1961-1967,1.445,143893043.0048
2025-02-21,ARTEA,Artea pensija 1961-1967,1.4464,143884214.7486
2025-02-24,ARTEA,Artea pensija 1961-1967,1.4442,143592262.2005
2025-02-25,ARTEA,Artea pensija 1961-1967,1.4421,143389815.0716
2025-02-26,ARTEA,Artea pensija 1961-1967,1.4465,143764243.1918
2025-02-27,ARTEA,Artea pensija 1961-1967,1.4467,143768017.4473
2025-02-28,ARTEA,Artea pensija 1961-1967,1.4441,143434070.3534
2025-03-03,ARTEA,Artea pensija 1961-1967,1.4438,143396798.0469
2025-03-04,ARTEA,Artea pensija 1961-1967,1.4335,142333429.8234
2025-03-05,ARTEA,Artea pensija 1961-1967,1.4244,141474892.0014
2025-03-06,ARTEA,Artea pensija 1961-1967,1.4201,141944975.8844
2025-03-07,ARTEA,Artea pensija 1961-1967,1.4166,141590032.8149
2025-03-10,ARTEA,Artea pensija 1961-1967,1.4163,141343552.9617
2025-03-12,ARTEA,Artea pensija 1961-1967,1.411,140881325.7907
2025-03-13,ARTEA,Artea pensija 1961-1967,1.4085,140631359.3773
2025-03-14,ARTEA,Artea pensija 1961-1967,1.4106,140827576.7293
2025-03-17,ARTEA,Artea pensija 1961-1967,1.414,141159048.27
2025-03-18,ARTEA,Artea pensija 1961-1967,1.4135,141060316.193
2025-03-19,ARTEA,Artea pensija 1961-1967,1.417,141380787.4692
2025-03-20,ARTEA,Artea pensija 1961-1967,1.4194,141595639.2281
2025-03-21,ARTEA,Artea pensija 1961-1967,1.4181,141444509.0365
2025-03-24,ARTEA,Artea pensija 1961-1967,1.4227,141899136.509
2025-03-25,ARTEA,Artea pensija 1961-1967,1.4236,141975020.3516
2025-03-26,ARTEA,Artea pensija 1961-1967,1.422,141795422.4254
2025-03-27,ARTEA,Artea pensija 1961-1967,1.4205,141585146.7331
2025-03-28,ARTEA,Artea pensija 1961-1967,1.4157,141104983.7726
2025-03-31,ARTEA,Artea pensija 1961-1967,1.4139,140917793.9545
2025-04-01,ARTEA,Artea pensija 1961-1967,1.4186,141383166.1557
2025-04-02,ARTEA,Artea pensija 1961-1967,1.419,141449795.1817
2025-04-03,ARTEA,Artea pensija 1961-1967,1.4055,140083899.6035
2025-04-04,ARTEA,Artea pensija 1961-1967,1.391,138674366.0925
2025-04-07,ARTEA,Artea pensija 1961-1967,1.3772,137290826.3451
2025-04-08,ARTEA,Artea pensija 1961-1967,1.3891,138476841.9991
2025-04-09,ARTEA,Artea pensija 1961-1967,1.3706,136616849.9831
2025-04-10,ARTEA,Artea pensija 1961-1967,1.3872,138317570.7333
2025-04-11,ARTEA,Artea pensija 1961-1967,1.3833,138816058.6714
2025-04-14,ARTEA,Artea pensija 1961-1967,1.3939,139822903.4672
2025-04-15,ARTEA,Artea pensija 1961-1967,1.3989,140244504.3041
2025-04-16,ARTEA,Artea pensija 1961-1967,1.3972,139970416.3869
2025-04-17,ARTEA,Artea pensija 1961-1967,1.397,139983189.0386
2025-04-18,ARTEA,Artea pensija 1961-1967,1.3971,139982475.6563
2025-04-22,ARTEA,Artea pensija 1961-1967,1.3962,139885825.5461
2025-04-23,ARTEA,Artea pensija 1961-1967,1.406,140871952.7648
2025-04-24,ARTEA,Artea pensija 1961-1967,1.4102,141288239.5613
2025-04-25,ARTEA,Artea pensija 1961-1967,1.4125,141506587.7477
2025-04-28,ARTEA,Artea pensija 1961-1967,1.4122,141445084.7143
2025-04-29,ARTEA,Artea pensija 1961-1967,1.4134,141558726.6205
2025-04-30,ARTEA,Artea pensija 1961-1967,1.4139,141580604.38
2025-05-02,ARTEA,Artea pensija 1961-1967,1.4196,142146192.7846
2025-05-05,ARTEA,Artea pensija 1961-1967,1.4191,142082377.6251
2025-05-06,ARTEA,Artea pensija 1961-1967,1.4172,141891650.7582
2025-05-07,ARTEA,Artea pensija 1961-1967,1.4185,141997603.2707
2025-05-08,ARTEA,Artea pensija 1961-1967,1.4207,143184094.5869
2025-05-09,ARTEA,Artea pensija 1961-1967,1.4204,143165454.0249
2025-05-12,ARTEA,Artea pensija 1961-1967,1.4302,144018465.4856
2025-05-13,ARTEA,Artea pensija 1961-1967,1.432,144186980.7062
2025-05-14,ARTEA,Artea pensija 1961-1967,1.4307,144095145.7582
2025-05-15,ARTEA,Artea pensija 1961-1967,1.4327,144265480.5934
2025-05-16,ARTEA,Artea pensija 1961-1967,1.4368,144664901.6869
2025-05-19,ARTEA,Artea pensija 1961-1967,1.4373,144714259.8614
2025-05-20,ARTEA,Artea pensija 1961-1967,1.4388,144860656.0474
2025-05-21,ARTEA,Artea pensija 1961-1967,1.4355,144445638.7462
2025-05-22,ARTEA,Artea pensija 1961-1967,1.4335,144208068.232
2025-05-23,ARTEA,Artea pensija 1961-1967,1.4321,144014750.3797
2025-05-26,ARTEA,Artea pensija 1961-1967,1.4353,144290675.7092
2025-05-27,ARTEA,Artea pensija 1961-1967,1.439,144646435.3952
2025-05-28,ARTEA,Artea pensija 1961-1967,1.4392,144644100.5005
2025-05-29,ARTEA,Artea pensija 1961-1967,1.4393,144639803.5261
2025-05-30,ARTEA,Artea pensija 1961-1967,1.4396,144638153.7162
2025-06-02,ARTEA,Artea pensija 1961-1967,1.438,144449850.6207
2025-06-03,ARTEA,Artea pensija 1961-1967,1.4424,144866641.2298
2025-06-04,ARTEA,Artea pensija 1961-1967,1.4444,145028766.7533
2025-06-05,ARTEA,Artea pensija 1961-1967,1.4438,144916446.678
2025-06-06,ARTEA,Artea pensija 1961-1967,1.445,144997524.5152
2025-06-09,ARTEA,Artea pensija 1961-1967,1.4469,145157346.4519
2025-06-10,ARTEA,Artea pensija 1961-1967,1.4483,145374742.8166
2025-06-11,ARTEA,Artea pensija 1961-1967,1.4489,145434566.8931
2025-06-12,ARTEA,Artea pensija 1961-1967,1.4475,146396754.1411
2025-06-13,ARTEA,Artea pensija 1961-1967,1.4441,146046002.6691
2025-06-16,ARTEA,Artea pensija 1961-1967,1.446,146091782.0951
2025-06-17,ARTEA,Artea pensija 1961-1967,1.4453,145980829.2946
2025-06-18,ARTEA,Artea pensija 1961-1967,1.4461,146045443.2015
2025-06-19,ARTEA,Artea pensija 1961-1967,1.443,145721049.3241
2025-06-20,ARTEA,Artea pensija 1961-1967,1.4443,145714871.3364
2025-06-23,ARTEA,Artea pensija 1961-1967,1.4446,145691580.521
2025-06-25,ARTEA,Artea pensija 1961-1967,1.4475,145886075.1708
2025-06-26,ARTEA,Artea pensija 1961-1967,1.4484,145979385.8584
2025-06-27,ARTEA,Artea pensija 1961-1967,1.45,146162428.301
2025-06-30,ARTEA,Artea pensija 1961-1967,1.4502,146181327.1926
2025-07-01,ARTEA,Artea pensija 1961-1967,1.4517,146290266.45
2025-07-02,ARTEA,Artea pensija 1961-1967,1.4518,146304985.48999998
2025-07-03,ARTEA,Artea pensija 1961-1967,1.4568,146856940.85
2025-07-04,ARTEA,Artea pensija 1961-1967,1.4555,146730938.48
2025-07-07,ARTEA,Artea pensija 1961-1967,1.4556,146713771.79999998
2025-07-08,ARTEA,Artea pensija 1961-1967,1.454,146524980.35
2025-07-09,ARTEA,Artea pensija 1961-1967,1.4557,146720123.32999998
2025-07-10,ARTEA,Artea pensija 1961-1967,1.4575,147855883.88
2025-07-11,ARTEA,Artea pensija 1961-1967,1.4551,147607590.52999997
2025-07-14,ARTEA,Artea pensija 1961-1967,1.4549,147373569.95
2025-07-15,ARTEA,Artea pensija 1961-1967,1.4572,147618850.44
2025-07-16,ARTEA,Artea pensija 1961-1967,1.4535,147270806
2025-07-17,ARTEA,Artea pensija 1961-1967,1.4589,147739910.29999998
2025-07-18,ARTEA,Artea pensija 1961-1967,1.4581,147642579.82999998
2025-07-21,ARTEA,Artea pensija 1961-1967,1.4611,147890559.13
2025-07-22,ARTEA,Artea pensija 1961-1967,1.4601,147677095.89
2025-07-23,ARTEA,Artea pensija 1961-1967,1.4621,147794103.94
2025-07-24,ARTEA,Artea pensija 1961-1967,1.4617,147724203.08999997
2025-07-25,ARTEA,Artea pensija 1961-1967,1.462,147703433.45999998
2025-07-28,ARTEA,Artea pensija 1961-1967,1.4657,148065674.32999998
2025-07-29,ARTEA,Artea pensija 1961-1967,1.4667,148149201.05
2025-07-30,ARTEA,Artea pensija 1961-1967,1.4682,148272022.86
2025-07-31,ARTEA,Artea pensija 1961-1967,1.4692,148356233.15
2025-08-01,ARTEA,Artea pensija 1961-1967,1.461,147500829.21
2025-08-04,ARTEA,Artea pensija 1961-1967,1.4658,147940518.47
2025-08-05,ARTEA,Artea pensija 1961-1967,1.4662,147894076.33999997
2025-08-06,ARTEA,Artea pensija 1961-1967,1.4662,147915120.33
2025-08-07,ARTEA,Artea pensija 1961-1967,1.4683,149027961.07999998
2025-08-08,ARTEA,Artea pensija 1961-1967,1.4682,148988080.51
2025-08-11,ARTEA,Artea pensija 1961-1967,1.4704,148988936.73999998
2025-08-12,ARTEA,Artea pensija 1961-1967,1.4693,148790024.41
2025-08-13,ARTEA,Artea pensija 1961-1967,1.472,149166286.06
2025-08-14,ARTEA,Artea pensija 1961-1967,1.4738,149336798.51
2025-08-18,ARTEA,Artea pensija 1961-1967,1.4725,149166484.61999997
2025-08-19,ARTEA,Artea pensija 1961-1967,1.4725,149136667.92
2025-08-20,ARTEA,Artea pensija 1961-1967,1.4714,149010347.21
2025-08-21,ARTEA,Artea pensija 1961-1967,1.4711,148933110.39000002
2025-08-22,ARTEA,Artea pensija 1961-1967,1.4727,149039409.12
2025-08-25,ARTEA,Artea pensija 1961-1967,1.472,148956053.73
2025-08-26,ARTEA,Artea pensija 1961-1967,1.4716,148912846.51
2025-08-27,ARTEA,Artea pensija 1961-1967,1.4737,149067933.22
2025-08-28,ARTEA,Artea pensija 1961-1967,1.4737,149067238.87
2025-08-29,ARTEA,Artea pensija 1961-1967,1.4712,148845619.98
2025-09-01,ARTEA,Artea pensija 1961-1967,1.4716,148921881.47
2025-09-02,ARTEA,Artea pensija 1961-1967,1.467,148523378.04000002
2025-09-03,ARTEA,Artea pensija 1961-1967,1.47,148816703.19
2025-09-04,ARTEA,Artea pensija 1961-1967,1.4737,149196994.37
2025-09-05,ARTEA,Artea pensija 1961-1967,1.4748,149312451.89999998
2025-09-08,ARTEA,Artea pensija 1961-1967,1.4776,149610354.51000002
2025-09-09,ARTEA,Artea pensija 1961-1967,1.4783,149688253.88
2025-09-10,ARTEA,Artea pensija 1961-1967,1.4806,149967949.85999998
2025-09-11,ARTEA,Artea pensija 1961-1967,1.4833,151183711.65
2025-09-12,ARTEA,Artea pensija 1961-1967,1.482,151022447.41
2025-09-15,ARTEA,Artea pensija 1961-1967,1.4833,150913319.28
2025-09-16,ARTEA,Artea pensija 1961-1967,1.4818,150752485.4
2025-09-17,ARTEA,Artea pensija 1961-1967,1.4825,150880692.22
2025-09-18,ARTEA,Artea pensija 1961-1967,1.4846,151072916.79
2025-09-19,ARTEA,Artea pensija 1961-1967,1.4833,150941674.19
2025-09-22,ARTEA,Artea pensija 1961-1967,1.4838,151042409.10000002
2025-09-23,ARTEA,Artea pensija 1961-1967,1.4846,151119551.61
2025-09-24,ARTEA,Artea pensija 1961-1967,1.4839,151021408.61
2025-09-25,ARTEA,Artea pensija 1961-1967,1.4818,150814769.93
2025-09-26,ARTEA,Artea pensija 1961-1967,1.4821,150845248.59
2025-09-29,ARTEA,Artea pensija 1961-1967,1.4841,151075833.04000002
2025-09-30,ARTEA,Artea pensija 1961-1967,1.4838,151072362.98
2025-10-01,ARTEA,Artea pensija 1961-1967,1.4863,151301475.85
2025-10-02,ARTEA,Artea pensija 1961-1967,1.4879,151532145.52
2025-10-03,ARTEA,Artea pensija 1961-1967,1.4904,151826076.63
2025-10-06,ARTEA,Artea pensija 1961-1967,1.4909,151831536.93
2025-10-07,ARTEA,Artea pensija 1961-1967,1.4902,151646048.3
2025-10-08,ARTEA,Artea pensija 1961-1967,1.4941,152081364.72
2025-10-09,ARTEA,Artea pensija 1961-1967,1.4937,152974044.51999998
2025-10-10,ARTEA,Artea pensija 1961-1967,1.489,152196970.35
2025-10-13,ARTEA,Artea pensija 1961-1967,1.492,152300309.54999998
2025-10-14,ARTEA,Artea pensija 1961-1967,1.4916,152114152.04999998
2025-10-15,ARTEA,Artea pensija 1961-1967,1.4964,152727981.9
2025-10-16,ARTEA,Artea pensija 1961-1967,1.4968,152737239.29000002
2025-10-17,ARTEA,Artea pensija 1961-1967,1.4934,152348207.9
2025-10-20,ARTEA,Artea pensija 1961-1967,1.4987,152905902.34
2025-10-21,ARTEA,Artea pensija 1961-1967,1.5013,153139875.53
2025-10-22,ARTEA,Artea pensija 1961-1967,1.4998,152831065.75
2025-10-23,ARTEA,Artea pensija 1961-1967,1.5003,152754272.78
2025-10-24,ARTEA,Artea pensija 1961-1967,1.5018,152824316.91
2025-10-27,ARTEA,Artea pensija 1961-1967,1.5054,153104306.81
2025-10-28,ARTEA,Artea pensija 1961-1967,1.5063,153149890.94
2025-10-29,ARTEA,Artea pensija 1961-1967,1.5075,153185873.16000003
2025-10-30,ARTEA,Artea pensija 1961-1967,1.5065,153025023.48
2025-10-31,ARTEA,Artea pensija 1961-1967,1.5067,152992995.57999998
2025-11-03,ARTEA,Artea pensija 1961-1967,1.5068,153039196.4
2025-11-04,ARTEA,Artea pensija 1961-1967,1.5052,152870555.22
2025-11-05,ARTEA,Artea pensija 1961-1967,1.5052,152808412.81
2025-11-06,ARTEA,Artea pensija 1961-1967,1.5022,152500446.4
2025-11-07,ARTEA,Artea pensija 1961-1967,1.4984,152040913.84
2025-11-10,ARTEA,Artea pensija 1961-1967,1.5049,152528815.42000002
2025-11-11,ARTEA,Artea pensija 1961-1967,1.5063,152662258.88
2025-11-12,ARTEA,Artea pensija 1961-1967,1.5084,152893663.99
2025-11-13,ARTEA,Artea pensija 1961-1967,1.5038,153351370.99
2025-11-14,ARTEA,Artea pensija 1961-1967,1.5027,153062595.61
2025-11-17,ARTEA,Artea pensija 1961-1967,1.5027,152887643.91
2025-11-18,ARTEA,Artea pensija 1961-1967,1.499,152369877.78
2025-11-19,ARTEA,Artea pensija 1961-1967,1.4998,152460589.26999998
2025-11-20,ARTEA,Artea pensija 1961-1967,1.5014,152594015.4
2025-11-21,ARTEA,Artea pensija 1961-1967,1.4983,152223842.86
2025-11-24,ARTEA,Artea pensija 1961-1967,1.5023,152615212.64999998
2025-11-25,ARTEA,Artea pensija 1961-1967,1.5034,152665407.66
2025-11-26,ARTEA,Artea pensija 1961-1967,1.507,152983510.60999998
2025-11-27,ARTEA,Artea pensija 1961-1967,1.5068,152887521.97
2025-11-28,ARTEA,Artea pensija 1961-1967,1.5085,153002513.19
2025-12-01,ARTEA,Artea pensija 1961-1967,1.5058,152548426.36
2025-12-02,ARTEA,Artea pensija 1961-1967,1.5059,152505126.67000002
2025-12-03,ARTEA,Artea pensija 1961-1967,1.507,152570076.07
2025-12-04,ARTEA,Artea pensija 1961-1967,1.5075,152653628.85
2025-12-05,ARTEA,Artea pensija 1961-1967,1.5078,152702320.67000002
2025-12-08,ARTEA,Artea pensija 1961-1967,1.505,152357359.89000002
2025-12-09,ARTEA,Artea pensija 1961-1967,1.5046,152196902.69
2025-12-10,ARTEA,Artea pensija 1961-1967,1.5028,152029625.58999997
2025-12-11,ARTEA,Artea pensija 1961-1967,1.5033,153038786.65
2025-12-12,ARTEA,Artea pensija 1961-1967,1.5013,152602828.97
2025-12-15,ARTEA,Artea pensija 1961-1967,1.5026,152511608.23000002
2025-12-16,ARTEA,Artea pensija 1961-1967,1.5014,152312354.47
2025-12-17,ARTEA,Artea pensija 1961-1967,1.4998,152279748.49
2025-12-18,ARTEA,Artea pensija 1961-1967,1.5035,152621676.04
2025-12-19,ARTEA,Artea pensija 1961-1967,1.5041,152624294.64000002
2025-12-22,ARTEA,Artea pensija 1961-1967,1.5053,152669612.37
2025-12-23,ARTEA,Artea pensija 1961-1967,1.507,152859057.98
2025-12-29,ARTEA,Artea pensija 1961-1967,1.5094,153037630.81
2025-12-30,ARTEA,Artea pensija 1961-1967,1.5097,152984181.92
2025-12-31,ARTEA,Artea pensija 1961-1967,1.5098,152679290.45999998
2026-01-02,ARTEA,Artea pensija 1961-1967,1.5089,152279469.82999998
2026-01-05,ARTEA,Artea pensija 1961-1967,1.5136,152176407.23000002
2026-01-06,ARTEA,Artea pensija 1961-1967,1.5157,152009402.17000002
2026-01-07,ARTEA,Artea pensija 1961-1967,1.5177,151741207.94
2026-01-08,ARTEA,Artea pensija 1961-1967,1.516,152133125.61
2026-01-09,ARTEA,Artea pensija 1961-1967,1.5188,151505607.2
2026-01-12,ARTEA,Artea pensija 1961-1967,1.5198,151093154.15
2026-01-13,ARTEA,Artea pensija 1961-1967,1.5205,151025987.91
2026-01-14,ARTEA,Artea pensija 1961-1967,1.5197,150566450.82000002
2026-01-15,ARTEA,Artea pensija 1961-1967,1.5238,150686535.04999998
2026-01-16,ARTEA,Artea pensija 1961-1967,1.5228,150360984.65
2026-01-19,ARTEA,Artea pensija 1961-1967,1.5194,149614195.41
2026-01-20,ARTEA,Artea pensija 1961-1967,1.5159,148944867.17
2026-01-21,ARTEA,Artea pensija 1961-1967,1.5166,148618394.54000002
2026-01-22,ARTEA,Artea pensija 1961-1967,1.5207,148737823.83
2026-01-23,ARTEA,Artea pensija 1961-1967,1.5198,148513122.65
2026-01-26,ARTEA,Artea pensija 1961-1967,1.5207,148310796.91
2026-01-27,ARTEA,Artea pensija 1961-1967,1.5208,148137863.27
2026-01-28,ARTEA,Artea pensija 1961-1967,1.5221,147966493.84
2026-01-29,ARTEA,Artea pensija 1961-1967,1.5202,147668206.59
2026-01-30,ARTEA,Artea pensija 1961-1967,1.5225,147635263.03
2026-02-02,ARTEA,Artea pensija 1961-1967,1.5249,147564834.79000002
2026-02-03,ARTEA,Artea pensija 1961-1967,1.5246,147383173.96
2026-02-04,ARTEA,Artea pensija 1961-1967,1.5244,147235440.06
2026-02-05,ARTEA,Artea pensija 1961-1967,1.5222,146946005.79999998
2026-02-06,ARTEA,Artea pensija 1961-1967,1.5251,147996753.03
2026-02-09,ARTEA,Artea pensija 1961-1967,1.528,148107289.17000002
2026-02-10,ARTEA,Artea pensija 1961-1967,1.5308,148268355.81
2026-02-11,ARTEA,Artea pensija 1961-1967,1.5314,148098571.49
2026-02-12,ARTEA,Artea pensija 1961-1967,1.5299,147954730.87
2026-02-13,ARTEA,Artea pensija 1961-1967,1.532,148129768.61
2026-02-17,ARTEA,Artea pensija 1961-1967,1.5338,148051601.01
2026-02-18,ARTEA,Artea pensija 1961-1967,1.5368,148199000.32999998
2026-02-19,ARTEA,Artea pensija 1961-1967,1.5358,147938737.06
2026-02-20,ARTEA,Artea pensija 1961-1967,1.5385,147981698.82
2026-02-23,ARTEA,Artea pensija 1961-1967,1.5376,147716569.5
2026-02-24,ARTEA,Artea pensija 1961-1967,1.5401,147821577.45
2026-02-25,ARTEA,Artea pensija 1961-1967,1.5427,147921605.12
2026-02-26,ARTEA,Artea pensija 1961-1967,1.5425,147825162.19
2026-02-27,ARTEA,Artea pensija 1961-1967,1.542,147688385.17
2026-03-02,ARTEA,Artea pensija 1961-1967,1.5382,147166306.95000002
2026-03-03,ARTEA,Artea pensija 1961-1967,1.528,146066271.10999998
2026-03-04,ARTEA,Artea pensija 1961-1967,1.5331,146463393.22
2026-03-05,ARTEA,Artea pensija 1961-1967,1.5284,145827395.23
2026-03-06,ARTEA,Artea pensija 1961-1967,1.5216,145072943.99
2026-03-09,ARTEA,Artea pensija 1961-1967,1.5169,144373249.03
2026-03-10,ARTEA,Artea pensija 1961-1967,1.5253,145104832.22
2026-03-12,ARTEA,Artea pensija 1961-1967,1.5149,143984361.29000002
2026-03-13,ARTEA,Artea pensija 1961-1967,1.512,144471720.93
2026-03-16,ARTEA,Artea pensija 1961-1967,1.5137,144303784.35
2026-03-17,ARTEA,Artea pensija 1961-1967,1.5171,144460609.45
2026-03-18,ARTEA,Artea pensija 1961-1967,1.5147,143965460.4
2026-03-19,ARTEA,Artea pensija 1961-1967,1.5055,142936838.63
2026-03-20,ARTEA,Artea pensija 1961-1967,1.498,142087197.45000002
2026-03-23,ARTEA,Artea pensija 1961-1967,1.4997,141992453.52
2026-03-24,ARTEA,Artea pensija 1961-1967,1.4983,141670477.94
2026-03-25,ARTEA,Artea pensija 1961-1967,1.505,142097549.85
2026-03-26,ARTEA,Artea pensija 1961-1967,1.4967,141086769.29999998
2026-03-27,ARTEA,Artea pensija 1961-1967,1.4889,140130927.3
2026-03-30,ARTEA,Artea pensija 1961-1967,1.4911,140027442.77
2026-03-31,ARTEA,Artea pensija 1961-1967,1.4931,139859286.76999998
2026-04-01,ARTEA,Artea pensija 1961-1967,1.5036,140723609.05
2026-04-02,ARTEA,Artea pensija 1961-1967,1.5017,140415049.21
2026-04-03,ARTEA,Artea pensija 1961-1967,1.5017,140312461.94
2026-04-07,ARTEA,Artea pensija 1961-1967,1.4995,110628462.19999999
2026-04-08,ARTEA,Artea pensija 1961-1967,1.5174,111843264.79
2026-04-09,ARTEA,Artea pensija 1961-1967,1.5164,111653809.32
2026-04-10,ARTEA,Artea pensija 1961-1967,1.517,111549196.55
2026-04-13,ARTEA,Artea pensija 1961-1967,1.5155,111253707.16999999
2026-04-14,ARTEA,Artea pensija 1961-1967,1.5225,111685268.03999999
2026-04-15,ARTEA,Artea pensija 1961-1967,1.5239,112316091.13000001
2026-04-16,ARTEA,Artea pensija 1961-1967,1.5251,112248616.21
2026-04-17,ARTEA,Artea pensija 1961-1967,1.5319,112615984
2026-04-20,ARTEA,Artea pensija 1961-1967,1.5309,112358170.72
2026-04-21,ARTEA,Artea pensija 1961-1967,1.5302,112298466.15
2026-04-22,ARTEA,Artea pensija 1961-1967,1.5309,112166383.87
2026-04-23,ARTEA,Artea pensija 1961-1967,1.5303,112052642.12
2026-04-24,ARTEA,Artea pensija 1961-1967,1.5303,111963910.03999999
2026-04-27,ARTEA,Artea pensija 1961-1967,1.5293,111755881.96
2026-04-28,ARTEA,Artea pensija 1961-1967,1.5252,111325786.82
2026-04-29,ARTEA,Artea pensija 1961-1967,1.5244,111164043.22
2026-04-30,ARTEA,Artea pensija 1961-1967,1.5275,111306029.03
2026-05-04,ARTEA,Artea pensija 1961-1967,1.5284,111190716.98
2026-05-05,ARTEA,Artea pensija 1961-1967,1.5311,111343811.79
2026-05-06,ARTEA,Artea pensija 1961-1967,1.5393,111781143.86
2026-05-07,ARTEA,Artea pensija 1961-1967,1.5401,111769112.44
2026-05-08,ARTEA,Artea pensija 1961-1967,1.5401,111737925.63000001
2026-05-11,ARTEA,Artea pensija 1961-1967,1.5398,111571650.08999999
2026-05-12,ARTEA,Artea pensija 1961-1967,1.5339,111083969.33
2026-05-13,ARTEA,Artea pensija 1961-1967,1.5366,111209618.82000001
2026-05-14,ARTEA,Artea pensija 1961-1967,1.5423,112378665.24
2026-05-15,ARTEA,Artea pensija 1961-1967,1.5343,111717877.12
2026-05-18,ARTEA,Artea pensija 1961-1967,1.5329,111343747.7
2026-05-19,ARTEA,Artea pensija 1961-1967,1.5299,110974343.43
2026-05-20,ARTEA,Artea pensija 1961-1967,1.5351,111295292.51
2026-05-21,ARTEA,Artea pensija 1961-1967,1.5365,111349335.92999999
2026-05-22,ARTEA,Artea pensija 1961-1967,1.5421,111711253.64999999
2026-05-25,ARTEA,Artea pensija 1961-1967,1.547,111988625.2
2026-05-26,ARTEA,Artea pensija 1961-1967,1.5474,112007564.28999999
2026-05-27,ARTEA,Artea pensija 1961-1967,1.5484,111956828.48
2026-05-28,ARTEA,Artea pensija 1961-1967,1.55,111983863.98
2026-05-29,ARTEA,Artea pensija 1961-1967,1.5531,112178678.21
2026-06-01,ARTEA,Artea pensija 1961-1967,1.5532,112015286.87
2026-06-02,ARTEA,Artea pensija 1961-1967,1.5562,112117010.10000001
2026-06-03,ARTEA,Artea pensija 1961-1967,1.5531,111776999.55
2026-06-04,ARTEA,Artea pensija 1961-1967,1.5535,111769386.92999999
2026-06-05,ARTEA,Artea pensija 1961-1967,1.5506,111489195.83999999
2026-06-08,ARTEA,Artea pensija 1961-1967,1.5478,111146215.79
2026-06-09,ARTEA,Artea pensija 1961-1967,1.5457,110937217.96
2026-06-10,ARTEA,Artea pensija 1961-1967,1.544,110766611.12
2026-06-11,ARTEA,Artea pensija 1961-1967,1.5457,111430421.03
2026-06-12,ARTEA,Artea pensija 1961-1967,1.5535,111773266.2
2026-06-15,ARTEA,Artea pensija 1961-1967,1.5599,112007076.81
2026-06-16,ARTEA,Artea pensija 1961-1967,1.5611,111940770.68
2026-06-17,ARTEA,Artea pensija 1961-1967,1.5613,111761194.5
2026-06-18,ARTEA,Artea pensija 1961-1967,1.5623,111771360.35
2026-06-19,ARTEA,Artea pensija 1961-1967,1.5605,111566281.11
2026-06-22,ARTEA,Artea pensija 1961-1967,1.5626,111657329.32000001
2026-06-23,ARTEA,Artea pensija 1961-1967,1.5603,111305594.77000001
2026-06-25,ARTEA,Artea pensija 1961-1967,1.5636,111366429.13
2026-06-26,ARTEA,Artea pensija 1961-1967,1.5625,111141781.78
2026-06-29,ARTEA,Artea pensija 1961-1967,1.5622,110974570.5
2026-06-30,ARTEA,Artea pensija 1961-1967,1.5637,110782096.69
2026-07-01,ARTEA,Artea pensija 1961-1967,1.5627,110544942.16
2026-07-02,ARTEA,Artea pensija 1961-1967,1.5619,110357093.61
2026-07-03,ARTEA,Artea pensija 1961-1967,1.563,110336650.03
2026-07-07,ARTEA,Artea pensija 1961-1967,1.5602,103032147.52
2026-07-08,ARTEA,Artea pensija 1961-1967,1.5533,101633242.35000001
2026-07-09,ARTEA,Artea pensija 1961-1967,1.5575,101622030.36000001
2026-07-10,ARTEA,Artea pensija 1961-1967,1.5579,101516978.46000001
2026-07-13,ARTEA,Artea pensija 1961-1967,1.555,101287314.71000001
2026-07-14,ARTEA,Artea pensija 1961-1967,1.5535,101106051.58000001
2026-07-15,ARTEA,Artea pensija 1961-1967,1.5534,101611616.19
2026-07-16,ARTEA,Artea pensija 1961-1967,1.5521,101385903.86
2026-07-17,ARTEA,Artea pensija 1961-1967,1.5496,101128263.86999999
2026-07-20,ARTEA,Artea pensija 1961-1967,1.5499,101018546.69
2026-07-21,ARTEA,Artea pensija 1961-1967,1.5506,101022497.6
2026-07-22,ARTEA,Artea pensija 1961-1967,1.5497,100908395.81
2026-07-23,ARTEA,Artea pensija 1961-1967,1.5437,100451526.39
2026-07-24,ARTEA,Artea pensija 1961-1967,1.5457,100523051.22000001
2026-07-27,ARTEA,Artea pensija 1961-1967,1.5477,100586222.71
2026-07-28,ARTEA,Artea pensija 1961-1967,1.549,100630477.12
2026-07-29,ARTEA,Artea pensija 1961-1967,1.5442,100158506.03
2026-07-30,ARTEA,Artea pensija 1961-1967,1.5431,100042110.28999999
2026-07-31,ARTEA,Artea pensija 1961-1967,1.5442,100077547.63000001
2026-08-03,ARTEA,Artea pensija 1961-1967,1.5505,100327263.11
2026-08-04,ARTEA,Artea pensija 1961-1967,1.5563,100635900.9
2026-08-05,ARTEA,Artea pensija 1961-1967,1.5582,100647008.17999999
2026-08-06,ARTEA,Artea pensija 1961-1967,1.5569,100514702.14999999
2026-08-07,ARTEA,Artea pensija 1961-1967,1.5585,100499197.28
2026-08-10,ARTEA,Artea pensija 1961-1967,1.5577,100340840.72999999
2026-08-11,ARTEA,Artea pensija 1961-1967,1.5573,100276735.77
2026-08-12,ARTEA,Artea pensija 1961-1967,1.5589,100324675.84
2026-08-13,ARTEA,Artea pensija 1961-1967,1.5619,101068067.03
2026-08-14,ARTEA,Artea pensija 1961-1967,1.559,100829409.22999999
2026-08-17,ARTEA,Artea pensija 1961-1967,1.5584,100591795.86999999
2026-08-18,ARTEA,Artea pensija 1961-1967,1.5527,100165485.5
2026-08-19,ARTEA,Artea pensija 1961-1967,1.5531,100096262.2
2026-08-20,ARTEA,Artea pensija 1961-1967,1.5515,99970879.89
2026-08-21,ARTEA,Artea pensija 1961-1967,1.5525,99918113.98
2026-08-24,ARTEA,Artea pensija 1961-1967,1.5523,99811355.99
2026-08-25,ARTEA,Artea pensija 1961-1967,1.556,99980309.49000001
2026-08-26,ARTEA,Artea pensija 1961-1967,1.5558,99804123.4
2026-08-27,ARTEA,Artea pensija 1961-1967,1.5556,99737010.6
2026-08-28,ARTEA,Artea pensija 1961-1967,1.5564,99716403.68
2026-08-31,ARTEA,Artea pensija 1961-1967,1.5528,99400119.27
2026-09-01,ARTEA,Artea pensija 1961-1967,1.5498,99141306.22000001
2026-09-02,ARTEA,Artea pensija 1961-1967,1.5475,98859107.87
2026-09-03,ARTEA,Artea pensija 1961-1967,1.5508,99005311.44
2026-09-04,ARTEA,Artea pensija 1961-1967,1.5512,98966706.38
2026-09-07,ARTEA,Artea pensija 1961-1967,1.5501,98757613.22
2026-09-08,ARTEA,Artea pensija 1961-1967,1.5501,98725158.85
2026-09-09,ARTEA,Artea pensija 1961-1967,1.5452,98342834.53999999
2026-09-10,ARTEA,Artea pensija 1961-1967,1.5393,98464698.67
2026-09-11,ARTEA,Artea pensija 1961-1967,1.54,98318539.94
2026-09-14,ARTEA,Artea pensija 1961-1967,1.5357,97943431.75
2026-09-15,ARTEA,Artea pensija 1961-1967,1.5331,97732070.45
2026-09-16,ARTEA,Artea pensija 1961-1967,1.5361,97843201.41
2026-09-17,ARTEA,Artea pensija 1961-1967,1.5395,97934922.96
2026-09-18,ARTEA,Artea pensija 1961-1967,1.5358,97612691.71000001
2026-09-21,ARTEA,Artea pensija 1961-1967,1.5412,97872182.02000001
2026-09-22,ARTEA,Artea pensija 1961-1967,1.5429,97944035.36999999
2026-09-23,ARTEA,Artea pensija 1961-1967,1.5369,97502965.95
2026-09-24,ARTEA,Artea pensija 1961-1967,1.5311,97077859.73
2026-09-25,ARTEA,Artea pensija 1961-1967,1.5305,96972231.23
2026-09-28,ARTEA,Artea pensija 1961-1967,1.525,96575291.83
2026-09-29,ARTEA,Artea pensija 1961-1967,1.5249,96470100.05
2026-09-30,ARTEA,Artea pensija 1961-1967,1.5258,96365024.92
2026-10-01,ARTEA,Artea pensija 1961-1967,1.5232,96104880.8
2019-01-02,ARTEA,Artea pensija 1968-1974,1,0
2019-01-03,ARTEA,Artea pensija 1968-1974,1,0
2019-01-04,ARTEA,Artea pensija 1968-1974,1,7745.18
2019-01-07,ARTEA,Artea pensija 1968-1974,1.0081,40350.9924
2019-01-08,ARTEA,Artea pensija 1968-1974,1.0125,69159.5004
2019-01-09,ARTEA,Artea pensija 1968-1974,1.0142,73815.607
2019-01-10,ARTEA,Artea pensija 1968-1974,1.0183,74110.1823
2019-01-11,ARTEA,Artea pensija 1968-1974,1.0208,74926.9362
2019-01-14,ARTEA,Artea pensija 1968-1974,1.018,74716.0632
2019-01-15,ARTEA,Artea pensija 1968-1974,1.0289,99142.2576
2019-01-16,ARTEA,Artea pensija 1968-1974,1.0341,131673.1647
2019-01-17,ARTEA,Artea pensija 1968-1974,1.0366,154463.3665
2019-01-18,ARTEA,Artea pensija 1968-1974,1.0528,166484.7598
2019-01-21,ARTEA,Artea pensija 1968-1974,1.0492,184296.6502
2019-01-22,ARTEA,Artea pensija 1968-1974,1.0449,200324.6014
2019-01-23,ARTEA,Artea pensija 1968-1974,1.0386,224385.2354
2019-01-24,ARTEA,Artea pensija 1968-1974,1.0445,279872.7119
2019-01-25,ARTEA,Artea pensija 1968-1974,1.0495,322231.4663
2019-01-28,ARTEA,Artea pensija 1968-1974,1.0373,327004.304
2019-01-29,ARTEA,Artea pensija 1968-1974,1.0408,359430.7381
2019-01-30,ARTEA,Artea pensija 1968-1974,1.0474,431869.5767
2019-01-31,ARTEA,Artea pensija 1968-1974,1.0571,88919381.7826
2019-02-01,ARTEA,Artea pensija 1968-1974,1.0577,89058505.2987
2019-02-04,ARTEA,Artea pensija 1968-1974,1.0614,89236474.008
2019-02-05,ARTEA,Artea pensija 1968-1974,1.0697,89980336.1356
2019-02-06,ARTEA,Artea pensija 1968-1974,1.0695,90016186.7291
2019-02-07,ARTEA,Artea pensija 1968-1974,1.0581,89090100.7728
2019-02-08,ARTEA,Artea pensija 1968-1974,1.0573,89057246.0223
2019-02-11,ARTEA,Artea pensija 1968-1974,1.0657,89541437.8019
2019-02-12,ARTEA,Artea pensija 1968-1974,1.0727,90095611.4708
2019-02-13,ARTEA,Artea pensija 1968-1974,1.0755,90412391.9092
2019-02-14,ARTEA,Artea pensija 1968-1974,1.0736,90347771.7508
2019-02-15,ARTEA,Artea pensija 1968-1974,1.0823,91204232.6084
2019-02-18,ARTEA,Artea pensija 1968-1974,1.0826,91090357.7328
2019-02-19,ARTEA,Artea pensija 1968-1974,1.0821,91106512.612
2019-02-20,ARTEA,Artea pensija 1968-1974,1.0848,91414193.5908
2019-02-21,ARTEA,Artea pensija 1968-1974,1.0831,92026243.6621
2019-02-22,ARTEA,Artea pensija 1968-1974,1.089,92462881.9574
2019-02-25,ARTEA,Artea pensija 1968-1974,1.094,92928339.2102
2019-02-26,ARTEA,Artea pensija 1968-1974,1.0907,92666263.7712
2019-02-27,ARTEA,Artea pensija 1968-1974,1.0876,92439256.9076
2019-02-28,ARTEA,Artea pensija 1968-1974,1.0853,92326066.1333
2019-03-01,ARTEA,Artea pensija 1968-1974,1.0859,92402944.1424
2019-03-04,ARTEA,Artea pensija 1968-1974,1.0902,92805528.3276
2019-03-05,ARTEA,Artea pensija 1968-1974,1.0931,93116598.4408
2019-03-06,ARTEA,Artea pensija 1968-1974,1.0884,92747958.3116
2019-03-07,ARTEA,Artea pensija 1968-1974,1.0869,92739528.7466
2019-03-08,ARTEA,Artea pensija 1968-1974,1.0774,92615435.9172
2019-03-12,ARTEA,Artea pensija 1968-1974,1.0908,93497635.6258
2019-03-13,ARTEA,Artea pensija 1968-1974,1.0938,93882589.3411
2019-03-14,ARTEA,Artea pensija 1968-1974,1.0937,93961765.3512
2019-03-15,ARTEA,Artea pensija 1968-1974,1.0992,94601984.664
2019-03-18,ARTEA,Artea pensija 1968-1974,1.0999,94714184.53
2019-03-19,ARTEA,Artea pensija 1968-1974,1.1043,95206160.5581
2019-03-20,ARTEA,Artea pensija 1968-1974,1.0949,94392453.3915
2019-03-21,ARTEA,Artea pensija 1968-1974,1.1007,95007284.7709
2019-03-22,ARTEA,Artea pensija 1968-1974,1.0924,94385028.1434
2019-03-25,ARTEA,Artea pensija 1968-1974,1.0867,93980003.5997
2019-03-26,ARTEA,Artea pensija 1968-1974,1.0957,94803302.8636
2019-03-27,ARTEA,Artea pensija 1968-1974,1.0939,94663532.7512
2019-03-28,ARTEA,Artea pensija 1968-1974,1.0963,94944313.1514
2019-03-29,ARTEA,Artea pensija 1968-1974,1.1039,95670200.5541
2019-04-01,ARTEA,Artea pensija 1968-1974,1.1142,96600218.2353
2019-04-02,ARTEA,Artea pensija 1968-1974,1.117,96905527.7266
2019-04-03,ARTEA,Artea pensija 1968-1974,1.1219,97419099.0468
2019-04-04,ARTEA,Artea pensija 1968-1974,1.1207,97364236.4865
2019-04-05,ARTEA,Artea pensija 1968-1974,1.1249,98442645.3941
2019-04-08,ARTEA,Artea pensija 1968-1974,1.1218,98061039.4665
2019-04-09,ARTEA,Artea pensija 1968-1974,1.1181,97643158.6005
2019-04-10,ARTEA,Artea pensija 1968-1974,1.1214,98228003.5361
2019-04-11,ARTEA,Artea pensija 1968-1974,1.1204,98176524.8351
2019-04-12,ARTEA,Artea pensija 1968-1974,1.1213,98256086.6613
2019-04-15,ARTEA,Artea pensija 1968-1974,1.1213,98264961.9479
2019-04-16,ARTEA,Artea pensija 1968-1974,1.1251,98660774.2168
2019-04-17,ARTEA,Artea pensija 1968-1974,1.1231,98500772.5515
2019-04-18,ARTEA,Artea pensija 1968-1974,1.1271,98916785.0295
2019-04-19,ARTEA,Artea pensija 1968-1974,1.1271,98908744.2542
2019-04-23,ARTEA,Artea pensija 1968-1974,1.134,99619308.2614
2019-04-24,ARTEA,Artea pensija 1968-1974,1.1339,99595175.994
2019-04-25,ARTEA,Artea pensija 1968-1974,1.1345,99817807.1411
2019-04-26,ARTEA,Artea pensija 1968-1974,1.1353,99996367.4569
2019-04-29,ARTEA,Artea pensija 1968-1974,1.138,100307852.4317
2019-04-30,ARTEA,Artea pensija 1968-1974,1.1332,99923076.7385
2019-05-02,ARTEA,Artea pensija 1968-1974,1.1292,99544220.3834
2019-05-03,ARTEA,Artea pensija 1968-1974,1.1371,100458152.0652
2019-05-06,ARTEA,Artea pensija 1968-1974,1.1283,99732880.2187
2019-05-07,ARTEA,Artea pensija 1968-1974,1.1188,99007549.8488
2019-05-08,ARTEA,Artea pensija 1968-1974,1.116,98815504.7213
2019-05-09,ARTEA,Artea pensija 1968-1974,1.0994,98073708.4511
2019-05-10,ARTEA,Artea pensija 1968-1974,1.0988,97893787.9633
2019-05-13,ARTEA,Artea pensija 1968-1974,1.0886,96997707.6808
2019-05-14,ARTEA,Artea pensija 1968-1974,1.1003,98148533.6038
2019-05-15,ARTEA,Artea pensija 1968-1974,1.1022,98328898.1686
2019-05-16,ARTEA,Artea pensija 1968-1974,1.1126,99249449.6938
2019-05-17,ARTEA,Artea pensija 1968-1974,1.1078,98810709.5584
2019-05-20,ARTEA,Artea pensija 1968-1974,1.0984,97934126.2454
2019-05-21,ARTEA,Artea pensija 1968-1974,1.1052,99120103.7383
2019-05-22,ARTEA,Artea pensija 1968-1974,1.104,99110565.0615
2019-05-23,ARTEA,Artea pensija 1968-1974,1.0926,98220999.3313
2019-05-24,ARTEA,Artea pensija 1968-1974,1.0927,98305289.0042
2019-05-27,ARTEA,Artea pensija 1968-1974,1.0955,98692220.1249
2019-05-28,ARTEA,Artea pensija 1968-1974,1.095,98737277.1692
2019-05-29,ARTEA,Artea pensija 1968-1974,1.0875,98109269.8004
2019-05-30,ARTEA,Artea pensija 1968-1974,1.0917,98514916.0514
2019-05-31,ARTEA,Artea pensija 1968-1974,1.086,98064015.5365
2019-06-03,ARTEA,Artea pensija 1968-1974,1.0835,97923113.5525
2019-06-04,ARTEA,Artea pensija 1968-1974,1.0891,98524136.8869
2019-06-05,ARTEA,Artea pensija 1968-1974,1.0929,98946759.4155
2019-06-06,ARTEA,Artea pensija 1968-1974,1.0931,99810197.8777
2019-06-07,ARTEA,Artea pensija 1968-1974,1.0998,100388483.8383
2019-06-10,ARTEA,Artea pensija 1968-1974,1.1013,100441181.7515
2019-06-11,ARTEA,Artea pensija 1968-1974,1.1081,101346276.1409
2019-06-12,ARTEA,Artea pensija 1968-1974,1.1044,101026796.5211
2019-06-13,ARTEA,Artea pensija 1968-1974,1.1079,101409622.8782
2019-06-14,ARTEA,Artea pensija 1968-1974,1.11,101873714.6772
2019-06-17,ARTEA,Artea pensija 1968-1974,1.1093,101884197.9976
2019-06-18,ARTEA,Artea pensija 1968-1974,1.124,103501296.2496
2019-06-19,ARTEA,Artea pensija 1968-1974,1.1233,103528785.3027
2019-06-20,ARTEA,Artea pensija 1968-1974,1.1286,104039017.8687
2019-06-21,ARTEA,Artea pensija 1968-1974,1.1264,103983976.169
2019-06-25,ARTEA,Artea pensija 1968-1974,1.1158,103180091.5409
2019-06-26,ARTEA,Artea pensija 1968-1974,1.1141,103037174.3959
2019-06-27,ARTEA,Artea pensija 1968-1974,1.1167,103316310.3714
2019-06-28,ARTEA,Artea pensija 1968-1974,1.1202,103643744.1152
2019-07-01,ARTEA,Artea pensija 1968-1974,1.1334,104977596.4406
2019-07-02,ARTEA,Artea pensija 1968-1974,1.1344,105163851.0561
2019-07-03,ARTEA,Artea pensija 1968-1974,1.1413,106127359.019
2019-07-04,ARTEA,Artea pensija 1968-1974,1.1439,106471936.1014
2019-07-05,ARTEA,Artea pensija 1968-1974,1.1419,107124833.7579
2019-07-08,ARTEA,Artea pensija 1968-1974,1.1395,106913007.7523
2019-07-09,ARTEA,Artea pensija 1968-1974,1.1378,106756756.0345
2019-07-10,ARTEA,Artea pensija 1968-1974,1.1391,107084905.7489
2019-07-11,ARTEA,Artea pensija 1968-1974,1.1404,107226499.5816
2019-07-12,ARTEA,Artea pensija 1968-1974,1.1432,107547614.9899
2019-07-15,ARTEA,Artea pensija 1968-1974,1.1442,107828323.5989
2019-07-16,ARTEA,Artea pensija 1968-1974,1.1472,108186235.1745
2019-07-17,ARTEA,Artea pensija 1968-1974,1.1424,107763236.7341
2019-07-18,ARTEA,Artea pensija 1968-1974,1.1387,107423407.6464
2019-07-19,ARTEA,Artea pensija 1968-1974,1.144,107953068.4441
2019-07-22,ARTEA,Artea pensija 1968-1974,1.1415,107721924.1403
2019-07-23,ARTEA,Artea pensija 1968-1974,1.1486,108404640.9754
2019-07-24,ARTEA,Artea pensija 1968-1974,1.1525,108811127.5043
2019-07-25,ARTEA,Artea pensija 1968-1974,1.1494,108556559.8695
2019-07-26,ARTEA,Artea pensija 1968-1974,1.1542,109026457.9294
2019-07-29,ARTEA,Artea pensija 1968-1974,1.1516,108779753.4822
2019-07-30,ARTEA,Artea pensija 1968-1974,1.1468,108350371.7509
2019-07-31,ARTEA,Artea pensija 1968-1974,1.1476,108461578.6831
2019-08-01,ARTEA,Artea pensija 1968-1974,1.1512,108815709.9267
2019-08-02,ARTEA,Artea pensija 1968-1974,1.1236,106259227.7388
2019-08-05,ARTEA,Artea pensija 1968-1974,1.0991,103903017.5031
2019-08-06,ARTEA,Artea pensija 1968-1974,1.0961,103639436.038
2019-08-07,ARTEA,Artea pensija 1968-1974,1.0965,103690270.3625
2019-08-08,ARTEA,Artea pensija 1968-1974,1.1139,105994124.6669
2019-08-09,ARTEA,Artea pensija 1968-1974,1.1077,105347974.6585
2019-08-12,ARTEA,Artea pensija 1968-1974,1.1018,104770634.9808
2019-08-13,ARTEA,Artea pensija 1968-1974,1.111,105681651.6138
2019-08-14,ARTEA,Artea pensija 1968-1974,1.0971,104372611.9343
2019-08-16,ARTEA,Artea pensija 1968-1974,1.109,105515371.7316
2019-08-19,ARTEA,Artea pensija 1968-1974,1.1183,106403030.3244
2019-08-20,ARTEA,Artea pensija 1968-1974,1.1158,106186420.5369
2019-08-21,ARTEA,Artea pensija 1968-1974,1.1204,106620645.8727
2019-08-22,ARTEA,Artea pensija 1968-1974,1.117,106318182.8591
2019-08-23,ARTEA,Artea pensija 1968-1974,1.1033,105038560.7654
2019-08-26,ARTEA,Artea pensija 1968-1974,1.1052,105237277.2715
2019-08-27,ARTEA,Artea pensija 1968-1974,1.1085,105567154.9938
2019-08-28,ARTEA,Artea pensija 1968-1974,1.1097,105674021.1464
2019-08-29,ARTEA,Artea pensija 1968-1974,1.1207,106700558.2643
2019-08-30,ARTEA,Artea pensija 1968-1974,1.1272,107297436.0812
2019-09-02,ARTEA,Artea pensija 1968-1974,1.1282,107398024.3974
2019-09-03,ARTEA,Artea pensija 1968-1974,1.1254,107139748.6666
2019-09-04,ARTEA,Artea pensija 1968-1974,1.1306,107668946.8448
2019-09-05,ARTEA,Artea pensija 1968-1974,1.1414,109364150.5813
2019-09-06,ARTEA,Artea pensija 1968-1974,1.1433,109540321.1485
2019-09-09,ARTEA,Artea pensija 1968-1974,1.1448,109605221.8636
2019-09-10,ARTEA,Artea pensija 1968-1974,1.1423,109427895.1944
2019-09-11,ARTEA,Artea pensija 1968-1974,1.1543,110587302.1813
2019-09-12,ARTEA,Artea pensija 1968-1974,1.1566,110847504.2455
2019-09-13,ARTEA,Artea pensija 1968-1974,1.1576,110940741.4945
2019-09-16,ARTEA,Artea pensija 1968-1974,1.159,111080748.4998
2019-09-17,ARTEA,Artea pensija 1968-1974,1.1546,110664700.3666
2019-09-18,ARTEA,Artea pensija 1968-1974,1.1531,110537987.5843
2019-09-19,ARTEA,Artea pensija 1968-1974,1.1593,111136907.5768
2019-09-20,ARTEA,Artea pensija 1968-1974,1.1604,111223059.9211
2019-09-23,ARTEA,Artea pensija 1968-1974,1.1565,110858687.2376
2019-09-24,ARTEA,Artea pensija 1968-1974,1.1532,110570952.9689
2019-09-25,ARTEA,Artea pensija 1968-1974,1.1525,110487572.7392
2019-09-26,ARTEA,Artea pensija 1968-1974,1.1548,110720296.0388
2019-09-27,ARTEA,Artea pensija 1968-1974,1.1557,110779428.3437
2019-09-30,ARTEA,Artea pensija 1968-1974,1.1575,110958681.7209
2019-10-01,ARTEA,Artea pensija 1968-1974,1.1489,110157109.4939
2019-10-02,ARTEA,Artea pensija 1968-1974,1.1276,108118207.1947
2019-10-03,ARTEA,Artea pensija 1968-1974,1.1277,108131155.1233
2019-10-04,ARTEA,Artea pensija 1968-1974,1.1388,109220872.4641
2019-10-07,ARTEA,Artea pensija 1968-1974,1.1413,109514485.5364
2019-10-08,ARTEA,Artea pensija 1968-1974,1.1316,108592914.5483
2019-10-09,ARTEA,Artea pensija 1968-1974,1.1343,108857519.2024
2019-10-10,ARTEA,Artea pensija 1968-1974,1.1398,110033417.2954
2019-10-11,ARTEA,Artea pensija 1968-1974,1.1531,111257548.6786
2019-10-14,ARTEA,Artea pensija 1968-1974,1.1491,110828223.1714
2019-10-15,ARTEA,Artea pensija 1968-1974,1.1557,111554295.5528
2019-10-16,ARTEA,Artea pensija 1968-1974,1.1539,111423158.901
2019-10-17,ARTEA,Artea pensija 1968-1974,1.1519,111248665.3583
2019-10-18,ARTEA,Artea pensija 1968-1974,1.1485,110908553.7122
2019-10-21,ARTEA,Artea pensija 1968-1974,1.1529,111343631.4901
2019-10-22,ARTEA,Artea pensija 1968-1974,1.1555,111602219.9724
2019-10-23,ARTEA,Artea pensija 1968-1974,1.156,111656114.8298
2019-10-24,ARTEA,Artea pensija 1968-1974,1.1605,112086211.6366
2019-10-25,ARTEA,Artea pensija 1968-1974,1.1643,112492470.5501
2019-10-28,ARTEA,Artea pensija 1968-1974,1.1679,112834389.7278
2019-10-29,ARTEA,Artea pensija 1968-1974,1.167,112755060.3444
2019-10-30,ARTEA,Artea pensija 1968-1974,1.1645,112528349.2589
2019-10-31,ARTEA,Artea pensija 1968-1974,1.1602,112139277.4876
2019-11-04,ARTEA,Artea pensija 1968-1974,1.177,113760038.0668
2019-11-05,ARTEA,Artea pensija 1968-1974,1.1844,114502755.76
2019-11-06,ARTEA,Artea pensija 1968-1974,1.184,114472268.87
2019-11-07,ARTEA,Artea pensija 1968-1974,1.1908,115757547.711
2019-11-08,ARTEA,Artea pensija 1968-1974,1.1889,115527199.3858
2019-11-11,ARTEA,Artea pensija 1968-1974,1.1853,115190439.4631
2019-11-12,ARTEA,Artea pensija 1968-1974,1.1901,115706822.1367
2019-11-13,ARTEA,Artea pensija 1968-1974,1.1868,115442911.3012
2019-11-14,ARTEA,Artea pensija 1968-1974,1.1856,115303171.1879
2019-11-15,ARTEA,Artea pensija 1968-1974,1.1897,115690040.1402
2019-11-18,ARTEA,Artea pensija 1968-1974,1.188,115526317.581
2019-11-19,ARTEA,Artea pensija 1968-1974,1.1877,115541902.9986
2019-11-20,ARTEA,Artea pensija 1968-1974,1.1876,115561666.0006
2019-11-21,ARTEA,Artea pensija 1968-1974,1.182,115023187.1726
2019-11-22,ARTEA,Artea pensija 1968-1974,1.1864,115479762.5437
2019-11-25,ARTEA,Artea pensija 1968-1974,1.1956,116389070.9155
2019-11-26,ARTEA,Artea pensija 1968-1974,1.1961,116462431.0674
2019-11-27,ARTEA,Artea pensija 1968-1974,1.2006,116931709.6822
2019-11-28,ARTEA,Artea pensija 1968-1974,1.2,116857381.6544
2019-11-29,ARTEA,Artea pensija 1968-1974,1.1949,116356842.0712
2019-12-02,ARTEA,Artea pensija 1968-1974,1.183,115247211.2427
2019-12-03,ARTEA,Artea pensija 1968-1974,1.176,114645605.1053
2019-12-04,ARTEA,Artea pensija 1968-1974,1.1863,115675732.1925
2019-12-05,ARTEA,Artea pensija 1968-1974,1.1846,116178847.3961
2019-12-06,ARTEA,Artea pensija 1968-1974,1.1983,117443041.88
2019-12-09,ARTEA,Artea pensija 1968-1974,1.195,117113801.5432
2019-12-10,ARTEA,Artea pensija 1968-1974,1.1921,116828095.0338
2019-12-11,ARTEA,Artea pensija 1968-1974,1.1941,117061909.8938
2019-12-12,ARTEA,Artea pensija 1968-1974,1.2004,117731119.3853
2019-12-13,ARTEA,Artea pensija 1968-1974,1.2021,117924675.5576
2019-12-16,ARTEA,Artea pensija 1968-1974,1.2113,118833314.3898
2019-12-17,ARTEA,Artea pensija 1968-1974,1.2098,118680213.8395
2019-12-18,ARTEA,Artea pensija 1968-1974,1.2131,119016453.1583
2019-12-19,ARTEA,Artea pensija 1968-1974,1.2144,119117137.4978
2019-12-20,ARTEA,Artea pensija 1968-1974,1.2225,119931746.612
2019-12-23,ARTEA,Artea pensija 1968-1974,1.2216,119835946.2283
2019-12-27,ARTEA,Artea pensija 1968-1974,1.2219,119922504.8136
2019-12-30,ARTEA,Artea pensija 1968-1974,1.2182,119570475.9278
2019-12-31,ARTEA,Artea pensija 1968-1974,1.2181,119564061.5128
2020-01-02,ARTEA,Artea pensija 1968-1974,1.2215,119922384.4847
2020-01-03,ARTEA,Artea pensija 1968-1974,1.2207,119842483.4129
2020-01-06,ARTEA,Artea pensija 1968-1974,1.2171,119477323.7736
2020-01-07,ARTEA,Artea pensija 1968-1974,1.2221,119982666.4108
2020-01-08,ARTEA,Artea pensija 1968-1974,1.2269,120468911.3494
2020-01-09,ARTEA,Artea pensija 1968-1974,1.2341,121846722.5613
2020-01-10,ARTEA,Artea pensija 1968-1974,1.2341,121768989.0012
2020-01-13,ARTEA,Artea pensija 1968-1974,1.2354,121898736.4585
2020-01-14,ARTEA,Artea pensija 1968-1974,1.2381,122201976.2562
2020-01-15,ARTEA,Artea pensija 1968-1974,1.2374,122122056.5151
2020-01-16,ARTEA,Artea pensija 1968-1974,1.2421,122534461.319
2020-01-17,ARTEA,Artea pensija 1968-1974,1.2495,123270291.5502
2020-01-20,ARTEA,Artea pensija 1968-1974,1.2507,123390305.9178
2020-01-21,ARTEA,Artea pensija 1968-1974,1.2456,122895579.9458
2020-01-22,ARTEA,Artea pensija 1968-1974,1.2481,123150380.0159
2020-01-23,ARTEA,Artea pensija 1968-1974,1.2439,122733271.8618
2020-01-24,ARTEA,Artea pensija 1968-1974,1.2471,123033739.8408
2020-01-27,ARTEA,Artea pensija 1968-1974,1.2263,120980263.4142
2020-01-28,ARTEA,Artea pensija 1968-1974,1.2339,121739885.5994
2020-01-29,ARTEA,Artea pensija 1968-1974,1.2366,122001984.9171
2020-01-30,ARTEA,Artea pensija 1968-1974,1.2246,120813281.5558
2020-01-31,ARTEA,Artea pensija 1968-1974,1.2122,119577413.5909
2020-02-03,ARTEA,Artea pensija 1968-1974,1.2178,120103537.6146
2020-02-04,ARTEA,Artea pensija 1968-1974,1.2367,121973301.0535
2020-02-05,ARTEA,Artea pensija 1968-1974,1.2459,122906365.4874
2020-02-06,ARTEA,Artea pensija 1968-1974,1.2529,123593821.7549
2020-02-07,ARTEA,Artea pensija 1968-1974,1.2496,123243564.7828
2020-02-10,ARTEA,Artea pensija 1968-1974,1.2533,123603536.8498
2020-02-11,ARTEA,Artea pensija 1968-1974,1.2613,124467535.1563
2020-02-12,ARTEA,Artea pensija 1968-1974,1.2686,125205801.7791
2020-02-13,ARTEA,Artea pensija 1968-1974,1.2708,126116379.4575
2020-02-14,ARTEA,Artea pensija 1968-1974,1.271,126042036.8754
2020-02-17,ARTEA,Artea pensija 1968-1974,1.2737,126301484.1143
2020-02-18,ARTEA,Artea pensija 1968-1974,1.2669,125677451.0596
2020-02-19,ARTEA,Artea pensija 1968-1974,1.276,126619069.3795
2020-02-20,ARTEA,Artea pensija 1968-1974,1.2647,125488604.6741
2020-02-21,ARTEA,Artea pensija 1968-1974,1.2584,124822388.054
2020-02-24,ARTEA,Artea pensija 1968-1974,1.2258,121666160.4143
2020-02-25,ARTEA,Artea pensija 1968-1974,1.213,120417769.339
2020-02-26,ARTEA,Artea pensija 1968-1974,1.2091,120045074.5102
2020-02-27,ARTEA,Artea pensija 1968-1974,1.1753,116707761.7535
2020-02-28,ARTEA,Artea pensija 1968-1974,1.1481,113990390.5392
2020-03-02,ARTEA,Artea pensija 1968-1974,1.1592,115097638.8034
2020-03-03,ARTEA,Artea pensija 1968-1974,1.165,115703441.1501
2020-03-04,ARTEA,Artea pensija 1968-1974,1.1757,116783171.1697
2020-03-05,ARTEA,Artea pensija 1968-1974,1.1663,115865371.4895
2020-03-06,ARTEA,Artea pensija 1968-1974,1.1291,112882163.2686
2020-03-09,ARTEA,Artea pensija 1968-1974,1.0655,106404388.951
2020-03-10,ARTEA,Artea pensija 1968-1974,1.0722,107105651.225
2020-03-12,ARTEA,Artea pensija 1968-1974,0.9953,99382564.6981
2020-03-13,ARTEA,Artea pensija 1968-1974,1.0161,101475332.874
2020-03-16,ARTEA,Artea pensija 1968-1974,0.9802,97879106.9457
2020-03-17,ARTEA,Artea pensija 1968-1974,0.9927,99136643.8116
2020-03-18,ARTEA,Artea pensija 1968-1974,0.9577,95548125.7088
2020-03-19,ARTEA,Artea pensija 1968-1974,0.9698,96773202.3491
2020-03-20,ARTEA,Artea pensija 1968-1974,0.9772,97503009.5862
2020-03-23,ARTEA,Artea pensija 1968-1974,0.9387,93653228.5648
2020-03-24,ARTEA,Artea pensija 1968-1974,0.9881,98584940.1228
2020-03-25,ARTEA,Artea pensija 1968-1974,1.0054,100310532.723
2020-03-26,ARTEA,Artea pensija 1968-1974,1.021,101895805.9624
2020-03-27,ARTEA,Artea pensija 1968-1974,1.0006,99860678.4346
2020-03-30,ARTEA,Artea pensija 1968-1974,1.012,100991280.2721
2020-03-31,ARTEA,Artea pensija 1968-1974,1.022,102013157.9975
2020-04-01,ARTEA,Artea pensija 1968-1974,0.9956,99390203.4055
2020-04-02,ARTEA,Artea pensija 1968-1974,1.0031,100128020.5809
2020-04-03,ARTEA,Artea pensija 1968-1974,0.9981,99618760.2032
2020-04-06,ARTEA,Artea pensija 1968-1974,1.0292,102696994.0306
2020-04-07,ARTEA,Artea pensija 1968-1974,1.0475,104539441.7327
2020-04-08,ARTEA,Artea pensija 1968-1974,1.0494,104757152.0357
2020-04-09,ARTEA,Artea pensija 1968-1974,1.0637,106892232.1878
2020-04-10,ARTEA,Artea pensija 1968-1974,1.0639,106915841.9547
2020-04-14,ARTEA,Artea pensija 1968-1974,1.0716,107589795.0918
2020-04-15,ARTEA,Artea pensija 1968-1974,1.0568,106132560.6898
2020-04-16,ARTEA,Artea pensija 1968-1974,1.0647,106883254.2547
2020-04-17,ARTEA,Artea pensija 1968-1974,1.0775,108215597.954
2020-04-20,ARTEA,Artea pensija 1968-1974,1.0811,108554472.9417
2020-04-21,ARTEA,Artea pensija 1968-1974,1.0498,105413772.8321
2020-04-22,ARTEA,Artea pensija 1968-1974,1.068,107203910.1584
2020-04-23,ARTEA,Artea pensija 1968-1974,1.0774,108117955.1733
2020-04-24,ARTEA,Artea pensija 1968-1974,1.0716,107542059.1457
2020-04-27,ARTEA,Artea pensija 1968-1974,1.0886,109244598.8984
2020-04-28,ARTEA,Artea pensija 1968-1974,1.0951,109883925.0048
2020-04-29,ARTEA,Artea pensija 1968-1974,1.1107,111439667.8454
2020-04-30,ARTEA,Artea pensija 1968-1974,1.097,110020827.8951
2020-05-04,ARTEA,Artea pensija 1968-1974,1.0698,107254368.9205
2020-05-05,ARTEA,Artea pensija 1968-1974,1.0895,109230983.8227
2020-05-06,ARTEA,Artea pensija 1968-1974,1.0859,108876675.1345
2020-05-07,ARTEA,Artea pensija 1968-1974,1.0943,109720476.7294
2020-05-08,ARTEA,Artea pensija 1968-1974,1.1018,111198761.056
2020-05-11,ARTEA,Artea pensija 1968-1974,1.1037,111293229.406
2020-05-12,ARTEA,Artea pensija 1968-1974,1.1017,111113659.1081
2020-05-13,ARTEA,Artea pensija 1968-1974,1.0843,109367224.8708
2020-05-14,ARTEA,Artea pensija 1968-1974,1.0764,108571232.335
2020-05-15,ARTEA,Artea pensija 1968-1974,1.0802,108956827.3599
2020-05-18,ARTEA,Artea pensija 1968-1974,1.1084,111794106.6096
2020-05-19,ARTEA,Artea pensija 1968-1974,1.1053,111458231.1766
2020-05-20,ARTEA,Artea pensija 1968-1974,1.1109,112030768.8069
2020-05-21,ARTEA,Artea pensija 1968-1974,1.1044,111361857.3742
2020-05-22,ARTEA,Artea pensija 1968-1974,1.1039,111328753.2079
2020-05-25,ARTEA,Artea pensija 1968-1974,1.1178,112701193.089
2020-05-26,ARTEA,Artea pensija 1968-1974,1.1204,112953129.5204
2020-05-27,ARTEA,Artea pensija 1968-1974,1.1196,112886650.3548
2020-05-28,ARTEA,Artea pensija 1968-1974,1.1264,113556162.6944
2020-05-29,ARTEA,Artea pensija 1968-1974,1.1117,112066887.7795
2020-06-01,ARTEA,Artea pensija 1968-1974,1.1125,112118237.4517
2020-06-02,ARTEA,Artea pensija 1968-1974,1.1307,113944566.7774
2020-06-03,ARTEA,Artea pensija 1968-1974,1.1464,115526025.6894
2020-06-04,ARTEA,Artea pensija 1968-1974,1.1364,114539205.8295
2020-06-05,ARTEA,Artea pensija 1968-1974,1.1612,117037201.8868
2020-06-08,ARTEA,Artea pensija 1968-1974,1.1625,117872339.5835
2020-06-09,ARTEA,Artea pensija 1968-1974,1.155,117090976.5397
2020-06-10,ARTEA,Artea pensija 1968-1974,1.1515,116610239.5906
2020-06-11,ARTEA,Artea pensija 1968-1974,1.1185,113304245.8999
2020-06-12,ARTEA,Artea pensija 1968-1974,1.1231,113786807.71
2020-06-15,ARTEA,Artea pensija 1968-1974,1.116,113065703.0393
2020-06-16,ARTEA,Artea pensija 1968-1974,1.1421,115697226.2639
2020-06-17,ARTEA,Artea pensija 1968-1974,1.1465,116148989.7498
2020-06-18,ARTEA,Artea pensija 1968-1974,1.1436,115860706.7745
2020-06-19,ARTEA,Artea pensija 1968-1974,1.1505,116537205.7502
2020-06-22,ARTEA,Artea pensija 1968-1974,1.1425,115730526.7578
2020-06-23,ARTEA,Artea pensija 1968-1974,1.1492,116386290.1884
2020-06-25,ARTEA,Artea pensija 1968-1974,1.1338,114830000.6797
2020-06-26,ARTEA,Artea pensija 1968-1974,1.1289,114347495.0554
2020-06-29,ARTEA,Artea pensija 1968-1974,1.1303,114487005.9509
2020-06-30,ARTEA,Artea pensija 1968-1974,1.1364,115116732.6234
2020-07-01,ARTEA,Artea pensija 1968-1974,1.1398,115431248.5163
2020-07-02,ARTEA,Artea pensija 1968-1974,1.1547,116960537.8663
2020-07-03,ARTEA,Artea pensija 1968-1974,1.1518,116688022.5582
2020-07-07,ARTEA,Artea pensija 1968-1974,1.1618,117720420.0669
2020-07-08,ARTEA,Artea pensija 1968-1974,1.1567,117175668.8454
2020-07-09,ARTEA,Artea pensija 1968-1974,1.1554,117055794.7847
2020-07-10,ARTEA,Artea pensija 1968-1974,1.1595,118252806.612
2020-07-13,ARTEA,Artea pensija 1968-1974,1.1683,119139937.576
2020-07-14,ARTEA,Artea pensija 1968-1974,1.1545,117624247.9415
2020-07-15,ARTEA,Artea pensija 1968-1974,1.1662,118797562.0976
2020-07-16,ARTEA,Artea pensija 1968-1974,1.1596,118168720.3192
2020-07-17,ARTEA,Artea pensija 1968-1974,1.1627,118489784.4647
2020-07-20,ARTEA,Artea pensija 1968-1974,1.168,119044487.5745
2020-07-21,ARTEA,Artea pensija 1968-1974,1.1748,119710341.938
2020-07-22,ARTEA,Artea pensija 1968-1974,1.1652,118707079.2346
2020-07-23,ARTEA,Artea pensija 1968-1974,1.1655,118735748.5124
2020-07-24,ARTEA,Artea pensija 1968-1974,1.1504,117193445.9307
2020-07-27,ARTEA,Artea pensija 1968-1974,1.1461,116748632.2795
2020-07-28,ARTEA,Artea pensija 1968-1974,1.1512,117289083.5636
2020-07-29,ARTEA,Artea pensija 1968-1974,1.1514,117293996.8594
2020-07-30,ARTEA,Artea pensija 1968-1974,1.1426,116382049.2744
2020-07-31,ARTEA,Artea pensija 1968-1974,1.139,116023300.9485
2020-08-03,ARTEA,Artea pensija 1968-1974,1.1562,117778400.9356
2020-08-04,ARTEA,Artea pensija 1968-1974,1.1581,118006436.8431
2020-08-05,ARTEA,Artea pensija 1968-1974,1.1593,118158913.3515
2020-08-06,ARTEA,Artea pensija 1968-1974,1.16,118239819.8007
2020-08-07,ARTEA,Artea pensija 1968-1974,1.1648,118739957.4269
2020-08-10,ARTEA,Artea pensija 1968-1974,1.1679,119836986.3547
2020-08-11,ARTEA,Artea pensija 1968-1974,1.1747,120520255.8692
2020-08-12,ARTEA,Artea pensija 1968-1974,1.1781,120760324.5794
2020-08-13,ARTEA,Artea pensija 1968-1974,1.1751,120443530.4228
2020-08-14,ARTEA,Artea pensija 1968-1974,1.172,120200659.1815
2020-08-17,ARTEA,Artea pensija 1968-1974,1.1736,120309040.0916
2020-08-18,ARTEA,Artea pensija 1968-1974,1.1697,119875150.4212
2020-08-19,ARTEA,Artea pensija 1968-1974,1.1733,120252005.8408
2020-08-20,ARTEA,Artea pensija 1968-1974,1.1686,119761934.1556
2020-08-21,ARTEA,Artea pensija 1968-1974,1.1746,120372151.3505
2020-08-24,ARTEA,Artea pensija 1968-1974,1.1828,121209826.2316
2020-08-25,ARTEA,Artea pensija 1968-1974,1.1837,121283818.4038
2020-08-26,ARTEA,Artea pensija 1968-1974,1.1903,121907768.6779
2020-08-27,ARTEA,Artea pensija 1968-1974,1.1937,122252339.8086
2020-08-28,ARTEA,Artea pensija 1968-1974,1.1882,121689673.3771
2020-08-31,ARTEA,Artea pensija 1968-1974,1.1811,120975938.552
2020-09-01,ARTEA,Artea pensija 1968-1974,1.1874,121601843.8808
2020-09-02,ARTEA,Artea pensija 1968-1974,1.1989,122814037.9508
2020-09-03,ARTEA,Artea pensija 1968-1974,1.1841,121300347.2434
2020-09-04,ARTEA,Artea pensija 1968-1974,1.1712,119925491.6213
2020-09-07,ARTEA,Artea pensija 1968-1974,1.1806,120849023.9961
2020-09-08,ARTEA,Artea pensija 1968-1974,1.1656,119285741.4744
2020-09-09,ARTEA,Artea pensija 1968-1974,1.174,120161029.0032
2020-09-10,ARTEA,Artea pensija 1968-1974,1.1688,120379133.3685
2020-09-11,ARTEA,Artea pensija 1968-1974,1.1668,120174146.4557
2020-09-14,ARTEA,Artea pensija 1968-1974,1.1744,120857105.5055
2020-09-15,ARTEA,Artea pensija 1968-1974,1.1823,121648265.955
2020-09-16,ARTEA,Artea pensija 1968-1974,1.1854,122006848.7934
2020-09-17,ARTEA,Artea pensija 1968-1974,1.176,120995514.414
2020-09-18,ARTEA,Artea pensija 1968-1974,1.1698,120364403.0772
2020-09-21,ARTEA,Artea pensija 1968-1974,1.1519,118517623.8306
2020-09-22,ARTEA,Artea pensija 1968-1974,1.1577,119098184.1198
2020-09-23,ARTEA,Artea pensija 1968-1974,1.1602,119330094.1857
2020-09-24,ARTEA,Artea pensija 1968-1974,1.1508,118361255.1451
2020-09-25,ARTEA,Artea pensija 1968-1974,1.1559,118881846.1452
2020-09-28,ARTEA,Artea pensija 1968-1974,1.1721,120547940.7335
2020-09-29,ARTEA,Artea pensija 1968-1974,1.1642,119701915.9672
2020-09-30,ARTEA,Artea pensija 1968-1974,1.1711,120397821.6765
2020-10-01,ARTEA,Artea pensija 1968-1974,1.1735,120617085.6652
2020-10-02,ARTEA,Artea pensija 1968-1974,1.173,120570259.202
2020-10-05,ARTEA,Artea pensija 1968-1974,1.1792,121191683.1346
2020-10-06,ARTEA,Artea pensija 1968-1974,1.1826,121536918.1626
2020-10-07,ARTEA,Artea pensija 1968-1974,1.1863,121927134.9451
2020-10-08,ARTEA,Artea pensija 1968-1974,1.1934,123399420.0004
2020-10-09,ARTEA,Artea pensija 1968-1974,1.1969,123719810.2748
2020-10-12,ARTEA,Artea pensija 1968-1974,1.2066,124666509.0441
2020-10-13,ARTEA,Artea pensija 1968-1974,1.2067,124682069.496
2020-10-14,ARTEA,Artea pensija 1968-1974,1.205,124522190.2059
2020-10-15,ARTEA,Artea pensija 1968-1974,1.1964,123619266.9803
2020-10-16,ARTEA,Artea pensija 1968-1974,1.2029,124289842.3021
2020-10-19,ARTEA,Artea pensija 1968-1974,1.1954,123518834.9828
2020-10-20,ARTEA,Artea pensija 1968-1974,1.1892,122862337.5184
2020-10-21,ARTEA,Artea pensija 1968-1974,1.1858,122501223.1232
2020-10-22,ARTEA,Artea pensija 1968-1974,1.187,122583100.2833
2020-10-23,ARTEA,Artea pensija 1968-1974,1.1903,122928122.6259
2020-10-26,ARTEA,Artea pensija 1968-1974,1.1769,121526336.1258
2020-10-27,ARTEA,Artea pensija 1968-1974,1.1759,121459207.1469
2020-10-28,ARTEA,Artea pensija 1968-1974,1.1584,119665915.5132
2020-10-29,ARTEA,Artea pensija 1968-1974,1.1641,120235578.7958
2020-10-30,ARTEA,Artea pensija 1968-1974,1.1582,119641689.5923
2020-11-03,ARTEA,Artea pensija 1968-1974,1.1826,122184403.3459
2020-11-04,ARTEA,Artea pensija 1968-1974,1.2005,123991125.3119
2020-11-05,ARTEA,Artea pensija 1968-1974,1.2067,124613200.7218
2020-11-06,ARTEA,Artea pensija 1968-1974,1.2032,124248829.6055
2020-11-09,ARTEA,Artea pensija 1968-1974,1.234,127409853.125
2020-11-10,ARTEA,Artea pensija 1968-1974,1.2269,126699279.009
2020-11-11,ARTEA,Artea pensija 1968-1974,1.2375,127800886.8657
2020-11-12,ARTEA,Artea pensija 1968-1974,1.2305,127837299.4609
2020-11-13,ARTEA,Artea pensija 1968-1974,1.2321,128006261.9791
2020-11-16,ARTEA,Artea pensija 1968-1974,1.2469,129479711.2245
2020-11-17,ARTEA,Artea pensija 1968-1974,1.2431,129101808.1468
2020-11-18,ARTEA,Artea pensija 1968-1974,1.2462,129394037.3626
2020-11-19,ARTEA,Artea pensija 1968-1974,1.239,128632616.395
2020-11-20,ARTEA,Artea pensija 1968-1974,1.243,129056981.7847
2020-11-23,ARTEA,Artea pensija 1968-1974,1.247,129442321.9252
2020-11-24,ARTEA,Artea pensija 1968-1974,1.2584,130629290.0324
2020-11-25,ARTEA,Artea pensija 1968-1974,1.2538,130133421.0344
2020-11-26,ARTEA,Artea pensija 1968-1974,1.2559,130362125.0658
2020-11-27,ARTEA,Artea pensija 1968-1974,1.2561,130372858.3188
2020-11-30,ARTEA,Artea pensija 1968-1974,1.2452,129259601.4976
2020-12-01,ARTEA,Artea pensija 1968-1974,1.253,130068034.4278
2020-12-02,ARTEA,Artea pensija 1968-1974,1.2494,129684974.4703
2020-12-03,ARTEA,Artea pensija 1968-1974,1.252,129953887.6911
2020-12-04,ARTEA,Artea pensija 1968-1974,1.2588,130663896.8829
2020-12-07,ARTEA,Artea pensija 1968-1974,1.2586,130628008.6283
2020-12-08,ARTEA,Artea pensija 1968-1974,1.2613,130885480.1222
2020-12-09,ARTEA,Artea pensija 1968-1974,1.263,131074325.2903
2020-12-10,ARTEA,Artea pensija 1968-1974,1.2593,131436070.35
2020-12-11,ARTEA,Artea pensija 1968-1974,1.2551,130991298.658
2020-12-14,ARTEA,Artea pensija 1968-1974,1.2575,131147996.9827
2020-12-15,ARTEA,Artea pensija 1968-1974,1.2576,131170178.8821
2020-12-16,ARTEA,Artea pensija 1968-1974,1.2637,131845747.7538
2020-12-17,ARTEA,Artea pensija 1968-1974,1.2641,131891450.5688
2020-12-18,ARTEA,Artea pensija 1968-1974,1.2634,131798751.8821
2020-12-21,ARTEA,Artea pensija 1968-1974,1.251,130532783.1966
2020-12-22,ARTEA,Artea pensija 1968-1974,1.2579,131212844.8362
2020-12-23,ARTEA,Artea pensija 1968-1974,1.2644,131867084.1445
2020-12-28,ARTEA,Artea pensija 1968-1974,1.2683,132277906.3821
2020-12-29,ARTEA,Artea pensija 1968-1974,1.2697,132472092.1682
2020-12-30,ARTEA,Artea pensija 1968-1974,1.2709,132596141.1116
2020-12-31,ARTEA,Artea pensija 1968-1974,1.2712,132634105.4401
2021-01-04,ARTEA,Artea pensija 1968-1974,1.2702,132540157.542
2021-01-05,ARTEA,Artea pensija 1968-1974,1.2745,132986563.7823
2021-01-06,ARTEA,Artea pensija 1968-1974,1.2885,134451698.1843
2021-01-07,ARTEA,Artea pensija 1968-1974,1.295,135118389.3173
2021-01-08,ARTEA,Artea pensija 1968-1974,1.3047,136149962.2477
2021-01-11,ARTEA,Artea pensija 1968-1974,1.3076,137193062.9892
2021-01-12,ARTEA,Artea pensija 1968-1974,1.3099,137434060.9138
2021-01-13,ARTEA,Artea pensija 1968-1974,1.3112,137498495.4235
2021-01-14,ARTEA,Artea pensija 1968-1974,1.3176,138119923.4284
2021-01-15,ARTEA,Artea pensija 1968-1974,1.3108,137412742.6228
2021-01-18,ARTEA,Artea pensija 1968-1974,1.3135,137731787.8725
2021-01-19,ARTEA,Artea pensija 1968-1974,1.3142,137824705.9807
2021-01-20,ARTEA,Artea pensija 1968-1974,1.3243,138853039.6471
2021-01-21,ARTEA,Artea pensija 1968-1974,1.3224,138611634.9294
2021-01-22,ARTEA,Artea pensija 1968-1974,1.3149,137799259.6153
2021-01-25,ARTEA,Artea pensija 1968-1974,1.3164,137910536.3743
2021-01-26,ARTEA,Artea pensija 1968-1974,1.3173,138019044.3186
2021-01-27,ARTEA,Artea pensija 1968-1974,1.3061,136841687.0986
2021-01-28,ARTEA,Artea pensija 1968-1974,1.306,136856255.4256
2021-01-29,ARTEA,Artea pensija 1968-1974,1.2901,135173956.5972
2021-02-01,ARTEA,Artea pensija 1968-1974,1.2995,136199818.1953
2021-02-02,ARTEA,Artea pensija 1968-1974,1.3213,138478334.5762
2021-02-03,ARTEA,Artea pensija 1968-1974,1.3218,138543742.8978
2021-02-04,ARTEA,Artea pensija 1968-1974,1.33,139415919.3746
2021-02-05,ARTEA,Artea pensija 1968-1974,1.3346,139882499.3861
2021-02-08,ARTEA,Artea pensija 1968-1974,1.3381,140264734.2359
2021-02-09,ARTEA,Artea pensija 1968-1974,1.3377,140217451.2151
2021-02-10,ARTEA,Artea pensija 1968-1974,1.3369,140159663.4998
2021-02-11,ARTEA,Artea pensija 1968-1974,1.3426,141546062.8592
2021-02-12,ARTEA,Artea pensija 1968-1974,1.3448,141774007.9555
2021-02-15,ARTEA,Artea pensija 1968-1974,1.3527,142471997.1225
2021-02-17,ARTEA,Artea pensija 1968-1974,1.347,141847074.1285
2021-02-18,ARTEA,Artea pensija 1968-1974,1.3395,141222031.1589
2021-02-19,ARTEA,Artea pensija 1968-1974,1.3447,141751898.5379
2021-02-22,ARTEA,Artea pensija 1968-1974,1.3339,140589235.7776
2021-02-23,ARTEA,Artea pensija 1968-1974,1.3283,139976437.9379
2021-02-24,ARTEA,Artea pensija 1968-1974,1.3344,140582373.8044
2021-02-25,ARTEA,Artea pensija 1968-1974,1.326,139734263.5271
2021-02-26,ARTEA,Artea pensija 1968-1974,1.3167,138628939.815
2021-03-01,ARTEA,Artea pensija 1968-1974,1.3359,140630130.4515
2021-03-02,ARTEA,Artea pensija 1968-1974,1.3298,139985272.183
2021-03-03,ARTEA,Artea pensija 1968-1974,1.3313,140153254.0894
2021-03-04,ARTEA,Artea pensija 1968-1974,1.325,139501264.4577
2021-03-05,ARTEA,Artea pensija 1968-1974,1.3161,139358185.2418
2021-03-08,ARTEA,Artea pensija 1968-1974,1.3385,141729218.5348
2021-03-09,ARTEA,Artea pensija 1968-1974,1.3434,142193942.191
2021-03-10,ARTEA,Artea pensija 1968-1974,1.3452,142413635.2459
2021-03-12,ARTEA,Artea pensija 1968-1974,1.3509,143035702.8582
2021-03-15,ARTEA,Artea pensija 1968-1974,1.3552,143496406.0722
2021-03-16,ARTEA,Artea pensija 1968-1974,1.3631,144308605.4796
2021-03-17,ARTEA,Artea pensija 1968-1974,1.3567,143623822.9148
2021-03-18,ARTEA,Artea pensija 1968-1974,1.3603,143978928.3966
2021-03-19,ARTEA,Artea pensija 1968-1974,1.3549,143418662.878
2021-03-22,ARTEA,Artea pensija 1968-1974,1.3528,143180890.1871
2021-03-23,ARTEA,Artea pensija 1968-1974,1.353,143174822.0416
2021-03-24,ARTEA,Artea pensija 1968-1974,1.3496,142814544.6003
2021-03-25,ARTEA,Artea pensija 1968-1974,1.3475,142604355.6698
2021-03-26,ARTEA,Artea pensija 1968-1974,1.3571,143640725.5916
2021-03-29,ARTEA,Artea pensija 1968-1974,1.3609,144040120.0453
2021-03-30,ARTEA,Artea pensija 1968-1974,1.3663,144596712.1564
2021-03-31,ARTEA,Artea pensija 1968-1974,1.3678,144740215.5199
2021-04-01,ARTEA,Artea pensija 1968-1974,1.3733,145308717.9498
2021-04-02,ARTEA,Artea pensija 1968-1974,1.3733,145289897.0424
2021-04-06,ARTEA,Artea pensija 1968-1974,1.3798,145973286.1947
2021-04-07,ARTEA,Artea pensija 1968-1974,1.3723,145144138.9834
2021-04-08,ARTEA,Artea pensija 1968-1974,1.3761,145556038.6605
2021-04-09,ARTEA,Artea pensija 1968-1974,1.3776,145729688.9198
2021-04-12,ARTEA,Artea pensija 1968-1974,1.3758,145537594.838
2021-04-13,ARTEA,Artea pensija 1968-1974,1.3762,145547414.4077
2021-04-14,ARTEA,Artea pensija 1968-1974,1.3794,146749361.9836
2021-04-15,ARTEA,Artea pensija 1968-1974,1.3833,147181092.3011
2021-04-16,ARTEA,Artea pensija 1968-1974,1.3869,147530467.1813
2021-04-19,ARTEA,Artea pensija 1968-1974,1.3811,146843328.0502
2021-04-20,ARTEA,Artea pensija 1968-1974,1.3696,145681897.7687
2021-04-21,ARTEA,Artea pensija 1968-1974,1.3755,146361324.9203
2021-04-22,ARTEA,Artea pensija 1968-1974,1.3833,147176255.3906
2021-04-23,ARTEA,Artea pensija 1968-1974,1.3816,147056593.9582
2021-04-26,ARTEA,Artea pensija 1968-1974,1.384,147296912.1231
2021-04-27,ARTEA,Artea pensija 1968-1974,1.3836,147251760.3936
2021-04-28,ARTEA,Artea pensija 1968-1974,1.3835,147265564.125
2021-04-29,ARTEA,Artea pensija 1968-1974,1.381,147031438.3134
2021-04-30,ARTEA,Artea pensija 1968-1974,1.3821,147135576.6592
2021-05-03,ARTEA,Artea pensija 1968-1974,1.3852,147480213.5079
2021-05-04,ARTEA,Artea pensija 1968-1974,1.3768,146590135.2283
2021-05-05,ARTEA,Artea pensija 1968-1974,1.3881,147817641.0626
2021-05-06,ARTEA,Artea pensija 1968-1974,1.385,148392652.4487
2021-05-07,ARTEA,Artea pensija 1968-1974,1.3912,149042966.2434
2021-05-10,ARTEA,Artea pensija 1968-1974,1.392,149076080.7674
2021-05-11,ARTEA,Artea pensija 1968-1974,1.373,147019647.5489
2021-05-12,ARTEA,Artea pensija 1968-1974,1.3698,146698248.0454
2021-05-13,ARTEA,Artea pensija 1968-1974,1.3689,146666370.2447
2021-05-14,ARTEA,Artea pensija 1968-1974,1.3773,147559152.5077
2021-05-17,ARTEA,Artea pensija 1968-1974,1.3738,147181827.1886
2021-05-18,ARTEA,Artea pensija 1968-1974,1.3757,147368211.2893
2021-05-19,ARTEA,Artea pensija 1968-1974,1.3611,145819558.7263
2021-05-20,ARTEA,Artea pensija 1968-1974,1.3749,147301823.7412
2021-05-21,ARTEA,Artea pensija 1968-1974,1.3787,147704775.7959
2021-05-24,ARTEA,Artea pensija 1968-1974,1.3795,147790008.6582
2021-05-25,ARTEA,Artea pensija 1968-1974,1.3808,147945182.4413
2021-05-26,ARTEA,Artea pensija 1968-1974,1.3848,148354006.2311
2021-05-27,ARTEA,Artea pensija 1968-1974,1.3894,148879394.8198
2021-05-28,ARTEA,Artea pensija 1968-1974,1.3936,149352781.2892
2021-05-31,ARTEA,Artea pensija 1968-1974,1.3904,149009336.1191
2021-06-01,ARTEA,Artea pensija 1968-1974,1.3957,149594944.0986
2021-06-02,ARTEA,Artea pensija 1968-1974,1.3997,150037289.9038
2021-06-03,ARTEA,Artea pensija 1968-1974,1.4014,150189208.5182
2021-06-04,ARTEA,Artea pensija 1968-1974,1.4034,150398862.3604
2021-06-07,ARTEA,Artea pensija 1968-1974,1.4015,150213076.3214
2021-06-08,ARTEA,Artea pensija 1968-1974,1.4022,150314884.8852
2021-06-09,ARTEA,Artea pensija 1968-1974,1.4038,150508946.1315
2021-06-10,ARTEA,Artea pensija 1968-1974,1.4069,151779139.8279
2021-06-11,ARTEA,Artea pensija 1968-1974,1.4121,152337772.2548
2021-06-14,ARTEA,Artea pensija 1968-1974,1.4112,152129671.9591
2021-06-15,ARTEA,Artea pensija 1968-1974,1.4094,151926590.8074
2021-06-16,ARTEA,Artea pensija 1968-1974,1.4112,152159717.7064
2021-06-17,ARTEA,Artea pensija 1968-1974,1.4183,152943613.759
2021-06-18,ARTEA,Artea pensija 1968-1974,1.4103,152104700.978
2021-06-21,ARTEA,Artea pensija 1968-1974,1.4132,152427351.0639
2021-06-22,ARTEA,Artea pensija 1968-1974,1.4156,152698735.1833
2021-06-23,ARTEA,Artea pensija 1968-1974,1.4142,152581782.2061
2021-06-25,ARTEA,Artea pensija 1968-1974,1.4239,153632525.2597
2021-06-28,ARTEA,Artea pensija 1968-1974,1.4234,153604541.6358
2021-06-29,ARTEA,Artea pensija 1968-1974,1.4271,154005038.7588
2021-06-30,ARTEA,Artea pensija 1968-1974,1.4279,154112826.5115
2021-07-01,ARTEA,Artea pensija 1968-1974,1.4296,154343133.6217
2021-07-02,ARTEA,Artea pensija 1968-1974,1.4327,154691751.4115
2021-07-05,ARTEA,Artea pensija 1968-1974,1.434,154762765.7629
2021-07-07,ARTEA,Artea pensija 1968-1974,1.4355,154935890.8906
2021-07-08,ARTEA,Artea pensija 1968-1974,1.4199,153260440.0423
2021-07-09,ARTEA,Artea pensija 1968-1974,1.4306,155293029.8063
2021-07-12,ARTEA,Artea pensija 1968-1974,1.4354,155803019.1282
2021-07-13,ARTEA,Artea pensija 1968-1974,1.4421,156451664.208
2021-07-14,ARTEA,Artea pensija 1968-1974,1.4383,156087450.408
2021-07-15,ARTEA,Artea pensija 1968-1974,1.4369,155938727.2629
2021-07-16,ARTEA,Artea pensija 1968-1974,1.4337,155548113.7775
2021-07-19,ARTEA,Artea pensija 1968-1974,1.4145,153465212.7078
2021-07-20,ARTEA,Artea pensija 1968-1974,1.4245,154563751.2668
2021-07-21,ARTEA,Artea pensija 1968-1974,1.4312,155269666.9671
2021-07-22,ARTEA,Artea pensija 1968-1974,1.4356,155780626.6932
2021-07-23,ARTEA,Artea pensija 1968-1974,1.4415,156411690.5247
2021-07-26,ARTEA,Artea pensija 1968-1974,1.4364,155839076.7169
2021-07-27,ARTEA,Artea pensija 1968-1974,1.4251,154635531.3986
2021-07-28,ARTEA,Artea pensija 1968-1974,1.4347,155712453.6024
2021-07-29,ARTEA,Artea pensija 1968-1974,1.4373,156010999.8954
2021-07-30,ARTEA,Artea pensija 1968-1974,1.4351,155729081.4628
2021-08-02,ARTEA,Artea pensija 1968-1974,1.4393,156258790.0191
2021-08-03,ARTEA,Artea pensija 1968-1974,1.4382,156150686.1681
2021-08-04,ARTEA,Artea pensija 1968-1974,1.4424,156596395.7468
2021-08-05,ARTEA,Artea pensija 1968-1974,1.4449,156912907.5524
2021-08-06,ARTEA,Artea pensija 1968-1974,1.4498,158292299.2275
2021-08-09,ARTEA,Artea pensija 1968-1974,1.451,158431338.0272
2021-08-10,ARTEA,Artea pensija 1968-1974,1.4553,158839079.6823
2021-08-11,ARTEA,Artea pensija 1968-1974,1.4565,159008500.8755
2021-08-12,ARTEA,Artea pensija 1968-1974,1.4574,159139872.5379
2021-08-13,ARTEA,Artea pensija 1968-1974,1.4554,158934944.065
2021-08-16,ARTEA,Artea pensija 1968-1974,1.4528,158649587.2612
2021-08-17,ARTEA,Artea pensija 1968-1974,1.4524,158574726.8664
2021-08-18,ARTEA,Artea pensija 1968-1974,1.4537,158732506.8786
2021-08-19,ARTEA,Artea pensija 1968-1974,1.4402,157241593.6117
2021-08-20,ARTEA,Artea pensija 1968-1974,1.4451,157801366.0906
2021-08-23,ARTEA,Artea pensija 1968-1974,1.4514,158499849.0585
2021-08-24,ARTEA,Artea pensija 1968-1974,1.4571,159051130.5833
2021-08-25,ARTEA,Artea pensija 1968-1974,1.459,159342039.5486
2021-08-26,ARTEA,Artea pensija 1968-1974,1.4544,158855920.6198
2021-08-27,ARTEA,Artea pensija 1968-1974,1.4593,159405225.726
2021-08-30,ARTEA,Artea pensija 1968-1974,1.4633,159849373.5463
2021-08-31,ARTEA,Artea pensija 1968-1974,1.4643,159951752.8318
2021-09-01,ARTEA,Artea pensija 1968-1974,1.4646,160017561.4794
2021-09-02,ARTEA,Artea pensija 1968-1974,1.4687,160440775.3147
2021-09-03,ARTEA,Artea pensija 1968-1974,1.4687,160434877.3552
2021-09-06,ARTEA,Artea pensija 1968-1974,1.475,161133578.1635
2021-09-07,ARTEA,Artea pensija 1968-1974,1.4689,160448748.7157
2021-09-08,ARTEA,Artea pensija 1968-1974,1.4639,159907902.1394
2021-09-09,ARTEA,Artea pensija 1968-1974,1.4636,160739598.0019
2021-09-10,ARTEA,Artea pensija 1968-1974,1.4608,160423782.3464
2021-09-13,ARTEA,Artea pensija 1968-1974,1.461,160373648.9056
2021-09-14,ARTEA,Artea pensija 1968-1974,1.458,160049474.1691
2021-09-15,ARTEA,Artea pensija 1968-1974,1.455,159711466.3704
2021-09-16,ARTEA,Artea pensija 1968-1974,1.4576,160014239.7039
2021-09-17,ARTEA,Artea pensija 1968-1974,1.4552,159702233.7187
2021-09-20,ARTEA,Artea pensija 1968-1974,1.436,157630249.1117
2021-09-21,ARTEA,Artea pensija 1968-1974,1.4426,158340488.6236
2021-09-22,ARTEA,Artea pensija 1968-1974,1.4486,159002753.8821
2021-09-23,ARTEA,Artea pensija 1968-1974,1.4556,159785238.8695
2021-09-24,ARTEA,Artea pensija 1968-1974,1.4512,159338518.8284
2021-09-27,ARTEA,Artea pensija 1968-1974,1.454,159588934.6115
2021-09-28,ARTEA,Artea pensija 1968-1974,1.4372,157731348.4916
2021-09-29,ARTEA,Artea pensija 1968-1974,1.4427,158405861.0802
2021-09-30,ARTEA,Artea pensija 1968-1974,1.4427,158384158.5166
2021-10-01,ARTEA,Artea pensija 1968-1974,1.4368,157753147.997
2021-10-04,ARTEA,Artea pensija 1968-1974,1.4258,156532251.9293
2021-10-05,ARTEA,Artea pensija 1968-1974,1.44,158107631.2987
2021-10-06,ARTEA,Artea pensija 1968-1974,1.4309,157150751.8793
2021-10-07,ARTEA,Artea pensija 1968-1974,1.4525,160390215.8731
2021-10-08,ARTEA,Artea pensija 1968-1974,1.448,159838117.1075
2021-10-11,ARTEA,Artea pensija 1968-1974,1.4509,160067095.503
2021-10-12,ARTEA,Artea pensija 1968-1974,1.4453,159408599.9286
2021-10-13,ARTEA,Artea pensija 1968-1974,1.4441,159366307.9896
2021-10-14,ARTEA,Artea pensija 1968-1974,1.4579,160884202.088
2021-10-15,ARTEA,Artea pensija 1968-1974,1.4666,161851934.5073
2021-10-18,ARTEA,Artea pensija 1968-1974,1.465,161669582.6583
2021-10-19,ARTEA,Artea pensija 1968-1974,1.4698,162194744.4334
2021-10-20,ARTEA,Artea pensija 1968-1974,1.4737,162642934.9518
2021-10-21,ARTEA,Artea pensija 1968-1974,1.4699,162223296.5687
2021-10-22,ARTEA,Artea pensija 1968-1974,1.4732,162609922.7684
2021-10-25,ARTEA,Artea pensija 1968-1974,1.4797,163303621.1628
2021-10-26,ARTEA,Artea pensija 1968-1974,1.4844,163844704.9091
2021-10-27,ARTEA,Artea pensija 1968-1974,1.4777,163123555.0401
2021-10-28,ARTEA,Artea pensija 1968-1974,1.4737,162679425.6887
2021-10-29,ARTEA,Artea pensija 1968-1974,1.481,163480213.7974
2021-11-03,ARTEA,Artea pensija 1968-1974,1.4863,164062703.1934
2021-11-04,ARTEA,Artea pensija 1968-1974,1.4942,164956915.0151
2021-11-05,ARTEA,Artea pensija 1968-1974,1.4983,165441341.0543
2021-11-08,ARTEA,Artea pensija 1968-1974,1.4976,165358955.3285
2021-11-09,ARTEA,Artea pensija 1968-1974,1.4953,165072986.7631
2021-11-10,ARTEA,Artea pensija 1968-1974,1.5,165609353.4843
2021-11-11,ARTEA,Artea pensija 1968-1974,1.5036,166868937.1773
2021-11-12,ARTEA,Artea pensija 1968-1974,1.5087,167430338.091
2021-11-15,ARTEA,Artea pensija 1968-1974,1.5123,167693007.2309
2021-11-16,ARTEA,Artea pensija 1968-1974,1.5199,168549016.1744
2021-11-17,ARTEA,Artea pensija 1968-1974,1.5172,168322373.0791
2021-11-18,ARTEA,Artea pensija 1968-1974,1.5093,167403998.2499
2021-11-19,ARTEA,Artea pensija 1968-1974,1.512,167693444.8999
2021-11-22,ARTEA,Artea pensija 1968-1974,1.5162,168146867.5609
2021-11-23,ARTEA,Artea pensija 1968-1974,1.5043,166827038.274
2021-11-24,ARTEA,Artea pensija 1968-1974,1.5103,167514887.2622
2021-11-25,ARTEA,Artea pensija 1968-1974,1.5137,167933699.978
2021-11-26,ARTEA,Artea pensija 1968-1974,1.4762,163793366.2138
2021-11-29,ARTEA,Artea pensija 1968-1974,1.4863,164892776.2584
2021-11-30,ARTEA,Artea pensija 1968-1974,1.4747,163617333.2054
2021-12-01,ARTEA,Artea pensija 1968-1974,1.487,164998254.1786
2021-12-02,ARTEA,Artea pensija 1968-1974,1.475,163662749.9846
2021-12-03,ARTEA,Artea pensija 1968-1974,1.4725,163401215.661
2021-12-06,ARTEA,Artea pensija 1968-1974,1.482,164490644.1539
2021-12-07,ARTEA,Artea pensija 1968-1974,1.5056,167124639.9278
2021-12-08,ARTEA,Artea pensija 1968-1974,1.4976,166303311.8975
2021-12-09,ARTEA,Artea pensija 1968-1974,1.5007,167543879.7527
2021-12-10,ARTEA,Artea pensija 1968-1974,1.4962,167032284.4433
2021-12-13,ARTEA,Artea pensija 1968-1974,1.493,166609802.0362
2021-12-14,ARTEA,Artea pensija 1968-1974,1.4869,165908970.3099
2021-12-15,ARTEA,Artea pensija 1968-1974,1.4851,165776241.4453
2021-12-16,ARTEA,Artea pensija 1968-1974,1.4989,167338759.1971
2021-12-17,ARTEA,Artea pensija 1968-1974,1.4916,166549622.0292
2021-12-20,ARTEA,Artea pensija 1968-1974,1.4681,163930945.7005
2021-12-21,ARTEA,Artea pensija 1968-1974,1.4856,165912746.7405
2021-12-22,ARTEA,Artea pensija 1968-1974,1.4919,166587695.4155
2021-12-23,ARTEA,Artea pensija 1968-1974,1.5022,167767701.9968
2021-12-27,ARTEA,Artea pensija 1968-1974,1.5069,168317685.1389
2021-12-28,ARTEA,Artea pensija 1968-1974,1.5123,168935580.3579
2021-12-29,ARTEA,Artea pensija 1968-1974,1.5077,168427989.2676
2021-12-30,ARTEA,Artea pensija 1968-1974,1.5115,168829275.7381
2021-12-31,ARTEA,Artea pensija 1968-1974,1.512,168866657.9154
2022-01-03,ARTEA,Artea pensija 1968-1974,1.5121,168891915.3293
2022-01-04,ARTEA,Artea pensija 1968-1974,1.5183,169628907.4125
2022-01-05,ARTEA,Artea pensija 1968-1974,1.5148,169231890.7421
2022-01-06,ARTEA,Artea pensija 1968-1974,1.5021,167840744.4132
2022-01-07,ARTEA,Artea pensija 1968-1974,1.498,167444084.7283
2022-01-10,ARTEA,Artea pensija 1968-1974,1.4881,167211070.5208
2022-01-11,ARTEA,Artea pensija 1968-1974,1.4992,168452338.4074
2022-01-12,ARTEA,Artea pensija 1968-1974,1.5049,168995896.6922
2022-01-13,ARTEA,Artea pensija 1968-1974,1.5039,168961451.6322
2022-01-14,ARTEA,Artea pensija 1968-1974,1.4917,167588635.0602
2022-01-17,ARTEA,Artea pensija 1968-1974,1.4988,168411773.3644
2022-01-18,ARTEA,Artea pensija 1968-1974,1.4881,167167094.5356
2022-01-19,ARTEA,Artea pensija 1968-1974,1.4852,166827793.9595
2022-01-20,ARTEA,Artea pensija 1968-1974,1.4942,167849614.9581
2022-01-21,ARTEA,Artea pensija 1968-1974,1.4737,165576146.0303
2022-01-24,ARTEA,Artea pensija 1968-1974,1.4381,161548476.8353
2022-01-25,ARTEA,Artea pensija 1968-1974,1.4448,162264322.953
2022-01-26,ARTEA,Artea pensija 1968-1974,1.4616,164167950.4255
2022-01-27,ARTEA,Artea pensija 1968-1974,1.4655,164583793.2289
2022-01-28,ARTEA,Artea pensija 1968-1974,1.4552,163416427.8678
2022-01-31,ARTEA,Artea pensija 1968-1974,1.4709,165185437.9904
2022-02-01,ARTEA,Artea pensija 1968-1974,1.4802,166238729.5608
2022-02-02,ARTEA,Artea pensija 1968-1974,1.4815,166363752.8113
2022-02-03,ARTEA,Artea pensija 1968-1974,1.4656,164548866.3505
2022-02-04,ARTEA,Artea pensija 1968-1974,1.4557,163434870.4539
2022-02-07,ARTEA,Artea pensija 1968-1974,1.4596,163859948.1081
2022-02-08,ARTEA,Artea pensija 1968-1974,1.4653,164489457.8507
2022-02-09,ARTEA,Artea pensija 1968-1974,1.4787,166021672.329
2022-02-10,ARTEA,Artea pensija 1968-1974,1.4752,166566402.4422
2022-02-11,ARTEA,Artea pensija 1968-1974,1.4719,166192116.0727
2022-02-14,ARTEA,Artea pensija 1968-1974,1.4601,164728233.7506
2022-02-15,ARTEA,Artea pensija 1968-1974,1.4687,165691061.757
2022-02-17,ARTEA,Artea pensija 1968-1974,1.463,165064755.5004
2022-02-18,ARTEA,Artea pensija 1968-1974,1.4538,164055661.1704
2022-02-21,ARTEA,Artea pensija 1968-1974,1.443,162850336.661
2022-02-22,ARTEA,Artea pensija 1968-1974,1.442,162628435.2306
2022-02-23,ARTEA,Artea pensija 1968-1974,1.4365,162071836.6761
2022-02-24,ARTEA,Artea pensija 1968-1974,1.4093,159006695.3197
2022-02-25,ARTEA,Artea pensija 1968-1974,1.4337,161766623.3848
2022-02-28,ARTEA,Artea pensija 1968-1974,1.4341,161807144.339
2022-03-01,ARTEA,Artea pensija 1968-1974,1.4265,160993038.1483
2022-03-02,ARTEA,Artea pensija 1968-1974,1.4321,161664884.6324
2022-03-03,ARTEA,Artea pensija 1968-1974,1.4289,161360128.3932
2022-03-04,ARTEA,Artea pensija 1968-1974,1.4169,159926477.1697
2022-03-07,ARTEA,Artea pensija 1968-1974,1.4082,158887823.9641
2022-03-08,ARTEA,Artea pensija 1968-1974,1.3961,157507024.4944
2022-03-09,ARTEA,Artea pensija 1968-1974,1.4071,158766005.6884
2022-03-10,ARTEA,Artea pensija 1968-1974,1.4011,159033809.6889
2022-03-14,ARTEA,Artea pensija 1968-1974,1.4001,158884168.7473
2022-03-15,ARTEA,Artea pensija 1968-1974,1.4041,159212804.176
2022-03-16,ARTEA,Artea pensija 1968-1974,1.4243,161459536.9694
2022-03-17,ARTEA,Artea pensija 1968-1974,1.4282,162041823.38
2022-03-18,ARTEA,Artea pensija 1968-1974,1.4403,163386011.3945
2022-03-21,ARTEA,Artea pensija 1968-1974,1.4421,163611731.6898
2022-03-22,ARTEA,Artea pensija 1968-1974,1.4511,164622822.9445
2022-03-23,ARTEA,Artea pensija 1968-1974,1.448,164237192.9997
2022-03-24,ARTEA,Artea pensija 1968-1974,1.4481,164226792.541
2022-03-25,ARTEA,Artea pensija 1968-1974,1.4508,164512240.1785
2022-03-28,ARTEA,Artea pensija 1968-1974,1.4513,164572622.475
2022-03-29,ARTEA,Artea pensija 1968-1974,1.4583,165374861.0905
2022-03-30,ARTEA,Artea pensija 1968-1974,1.4566,165190706.4501
2022-03-31,ARTEA,Artea pensija 1968-1974,1.4548,164992499.1774
2022-04-01,ARTEA,Artea pensija 1968-1974,1.4544,164945783.1276
2022-04-04,ARTEA,Artea pensija 1968-1974,1.4664,166287371.894
2022-04-05,ARTEA,Artea pensija 1968-1974,1.4691,166634490.5141
2022-04-06,ARTEA,Artea pensija 1968-1974,1.4533,164873075.2129
2022-04-07,ARTEA,Artea pensija 1968-1974,1.4501,165468509.0915
2022-04-08,ARTEA,Artea pensija 1968-1974,1.4609,166687768.9227
2022-04-11,ARTEA,Artea pensija 1968-1974,1.4499,165387428.1232
2022-04-12,ARTEA,Artea pensija 1968-1974,1.4526,165669577.3672
2022-04-13,ARTEA,Artea pensija 1968-1974,1.4508,165533684.7992
2022-04-14,ARTEA,Artea pensija 1968-1974,1.4563,166142473.3508
2022-04-15,ARTEA,Artea pensija 1968-1974,1.457,166210456.2814
2022-04-19,ARTEA,Artea pensija 1968-1974,1.4534,165776561.243
2022-04-20,ARTEA,Artea pensija 1968-1974,1.4555,165976627.8616
2022-04-21,ARTEA,Artea pensija 1968-1974,1.4529,165682608.927
2022-04-22,ARTEA,Artea pensija 1968-1974,1.4339,163533820.6602
2022-04-25,ARTEA,Artea pensija 1968-1974,1.418,161729059.9913
2022-04-26,ARTEA,Artea pensija 1968-1974,1.418,161668547.6673
2022-04-27,ARTEA,Artea pensija 1968-1974,1.4256,162547608.8505
2022-04-28,ARTEA,Artea pensija 1968-1974,1.4295,162992037.8114
2022-04-29,ARTEA,Artea pensija 1968-1974,1.4357,163695845.5174
2022-05-02,ARTEA,Artea pensija 1968-1974,1.4175,161609296.847
2022-05-03,ARTEA,Artea pensija 1968-1974,1.4264,162630775.0826
2022-05-04,ARTEA,Artea pensija 1968-1974,1.417,161609509.7609
2022-05-05,ARTEA,Artea pensija 1968-1974,1.4166,161562044.272
2022-05-06,ARTEA,Artea pensija 1968-1974,1.4017,159898277.7
2022-05-09,ARTEA,Artea pensija 1968-1974,1.382,157652106.4057
2022-05-10,ARTEA,Artea pensija 1968-1974,1.3762,157013374.0944
2022-05-11,ARTEA,Artea pensija 1968-1974,1.3866,158213166.3239
2022-05-12,ARTEA,Artea pensija 1968-1974,1.3815,158794609.4253
2022-05-13,ARTEA,Artea pensija 1968-1974,1.401,161042142.336
2022-05-16,ARTEA,Artea pensija 1968-1974,1.399,160647789.9698
2022-05-17,ARTEA,Artea pensija 1968-1974,1.4045,161221532.2243
2022-05-18,ARTEA,Artea pensija 1968-1974,1.3942,160100618.3386
2022-05-19,ARTEA,Artea pensija 1968-1974,1.3816,158652849.67
2022-05-20,ARTEA,Artea pensija 1968-1974,1.3837,158919334.9379
2022-05-23,ARTEA,Artea pensija 1968-1974,1.3905,159700405.755
2022-05-24,ARTEA,Artea pensija 1968-1974,1.373,157723636.2674
2022-05-25,ARTEA,Artea pensija 1968-1974,1.3846,159040820.128
2022-05-26,ARTEA,Artea pensija 1968-1974,1.3963,160366339.7155
2022-05-27,ARTEA,Artea pensija 1968-1974,1.4117,162136104.4079
2022-05-30,ARTEA,Artea pensija 1968-1974,1.4176,162811259.7513
2022-05-31,ARTEA,Artea pensija 1968-1974,1.4132,162303493.184
2022-06-01,ARTEA,Artea pensija 1968-1974,1.4104,162001760.5513
2022-06-02,ARTEA,Artea pensija 1968-1974,1.4118,162164134.5902
2022-06-03,ARTEA,Artea pensija 1968-1974,1.4084,161650993.0763
2022-06-06,ARTEA,Artea pensija 1968-1974,1.4162,162539447.239
2022-06-07,ARTEA,Artea pensija 1968-1974,1.4124,162099485.7616
2022-06-08,ARTEA,Artea pensija 1968-1974,1.4137,162263807.8505
2022-06-09,ARTEA,Artea pensija 1968-1974,1.4043,162296936.7981
2022-06-10,ARTEA,Artea pensija 1968-1974,1.3821,159709425.9791
2022-06-13,ARTEA,Artea pensija 1968-1974,1.3584,156918219.1479
2022-06-14,ARTEA,Artea pensija 1968-1974,1.3521,156157004.1975
2022-06-15,ARTEA,Artea pensija 1968-1974,1.3584,156901569.2321
2022-06-16,ARTEA,Artea pensija 1968-1974,1.3311,153749480.732
2022-06-17,ARTEA,Artea pensija 1968-1974,1.3321,153844327.1581
2022-06-20,ARTEA,Artea pensija 1968-1974,1.335,154193743.214
2022-06-21,ARTEA,Artea pensija 1968-1974,1.3426,155076587.9
2022-06-22,ARTEA,Artea pensija 1968-1974,1.3363,154351828.9606
2022-06-23,ARTEA,Artea pensija 1968-1974,1.338,154513048.4418
2022-06-27,ARTEA,Artea pensija 1968-1974,1.3607,157123042.6789
2022-06-28,ARTEA,Artea pensija 1968-1974,1.3613,157223750.5308
2022-06-29,ARTEA,Artea pensija 1968-1974,1.3549,156487683.4813
2022-06-30,ARTEA,Artea pensija 1968-1974,1.3457,155436847.9446
2022-07-01,ARTEA,Artea pensija 1968-1974,1.3504,156007488.5888
2022-07-04,ARTEA,Artea pensija 1968-1974,1.3534,156377726.2697
2022-07-05,ARTEA,Artea pensija 1968-1974,1.3502,156025662.9848
2022-07-07,ARTEA,Artea pensija 1968-1974,1.3832,159885018.6203
2022-07-08,ARTEA,Artea pensija 1968-1974,1.3862,160242768.5073
2022-07-11,ARTEA,Artea pensija 1968-1974,1.3804,160613759.2867
2022-07-12,ARTEA,Artea pensija 1968-1974,1.3811,160704799.0628
2022-07-13,ARTEA,Artea pensija 1968-1974,1.3678,159142286.6503
2022-07-14,ARTEA,Artea pensija 1968-1974,1.36,158169177.0767
2022-07-15,ARTEA,Artea pensija 1968-1974,1.3732,159703202.3217
2022-07-18,ARTEA,Artea pensija 1968-1974,1.3788,160421056.5444
2022-07-19,ARTEA,Artea pensija 1968-1974,1.3793,160479586.4364
2022-07-20,ARTEA,Artea pensija 1968-1974,1.3896,161689087.7119
2022-07-21,ARTEA,Artea pensija 1968-1974,1.3923,162012719.0979
2022-07-22,ARTEA,Artea pensija 1968-1974,1.3945,162250994.0988
2022-07-25,ARTEA,Artea pensija 1968-1974,1.3973,162550563.2097
2022-07-26,ARTEA,Artea pensija 1968-1974,1.3981,162634725.5934
2022-07-27,ARTEA,Artea pensija 1968-1974,1.4042,163337313.3977
2022-07-28,ARTEA,Artea pensija 1968-1974,1.4159,164683483.0955
2022-07-29,ARTEA,Artea pensija 1968-1974,1.4216,165339003.9037
2022-08-01,ARTEA,Artea pensija 1968-1974,1.4226,165466668.6369
2022-08-02,ARTEA,Artea pensija 1968-1974,1.4235,165531436.9026
2022-08-03,ARTEA,Artea pensija 1968-1974,1.4304,166316837.3014
2022-08-04,ARTEA,Artea pensija 1968-1974,1.4284,166098747.1325
2022-08-05,ARTEA,Artea pensija 1968-1974,1.4287,166158847.8943
2022-08-08,ARTEA,Artea pensija 1968-1974,1.4351,166896684.3309
2022-08-09,ARTEA,Artea pensija 1968-1974,1.4284,167129280.6508
2022-08-10,ARTEA,Artea pensija 1968-1974,1.4342,167804957.2298
2022-08-11,ARTEA,Artea pensija 1968-1974,1.442,168642655.3343
2022-08-12,ARTEA,Artea pensija 1968-1974,1.4497,169555823.184
2022-08-16,ARTEA,Artea pensija 1968-1974,1.4615,170964755.037
2022-08-17,ARTEA,Artea pensija 1968-1974,1.4535,170026430.0252
2022-08-18,ARTEA,Artea pensija 1968-1974,1.4587,170615573.9536
2022-08-19,ARTEA,Artea pensija 1968-1974,1.4519,169721741.1304
2022-08-22,ARTEA,Artea pensija 1968-1974,1.4478,169256709.2785
2022-08-23,ARTEA,Artea pensija 1968-1974,1.4429,168704973.1992
2022-08-24,ARTEA,Artea pensija 1968-1974,1.4459,169012722.3585
2022-08-25,ARTEA,Artea pensija 1968-1974,1.4512,169657822.2104
2022-08-26,ARTEA,Artea pensija 1968-1974,1.4399,168364314.4883
2022-08-29,ARTEA,Artea pensija 1968-1974,1.4265,166891192.4676
2022-08-30,ARTEA,Artea pensija 1968-1974,1.4162,165707860.7482
2022-08-31,ARTEA,Artea pensija 1968-1974,1.4097,164932425.5279
2022-09-01,ARTEA,Artea pensija 1968-1974,1.4045,164305423.2155
2022-09-02,ARTEA,Artea pensija 1968-1974,1.4126,165267463.9633
2022-09-05,ARTEA,Artea pensija 1968-1974,1.4085,164782297.483
2022-09-06,ARTEA,Artea pensija 1968-1974,1.406,164482944.8108
2022-09-07,ARTEA,Artea pensija 1968-1974,1.4016,163974514.2776
2022-09-08,ARTEA,Artea pensija 1968-1974,1.4112,166161773.7572
2022-09-09,ARTEA,Artea pensija 1968-1974,1.418,166966130.0854
2022-09-12,ARTEA,Artea pensija 1968-1974,1.424,167517526.5754
2022-09-13,ARTEA,Artea pensija 1968-1974,1.4116,166065678.402
2022-09-14,ARTEA,Artea pensija 1968-1974,1.4043,165282066.7017
2022-09-15,ARTEA,Artea pensija 1968-1974,1.3995,164734252.8673
2022-09-16,ARTEA,Artea pensija 1968-1974,1.3845,162969957.8819
2022-09-19,ARTEA,Artea pensija 1968-1974,1.3855,163089973.6372
2022-09-20,ARTEA,Artea pensija 1968-1974,1.3836,162864640.6597
2022-09-21,ARTEA,Artea pensija 1968-1974,1.3914,163744381.0253
2022-09-22,ARTEA,Artea pensija 1968-1974,1.375,161827914.525
2022-09-23,ARTEA,Artea pensija 1968-1974,1.3623,160292702.4033
2022-09-26,ARTEA,Artea pensija 1968-1974,1.361,160158882.7053
2022-09-27,ARTEA,Artea pensija 1968-1974,1.3584,159822234.0163
2022-09-28,ARTEA,Artea pensija 1968-1974,1.3568,159599847.7711
2022-09-29,ARTEA,Artea pensija 1968-1974,1.3376,157349845.553
2022-09-30,ARTEA,Artea pensija 1968-1974,1.3423,157877096.3114
2022-10-03,ARTEA,Artea pensija 1968-1974,1.3441,158047797.3876
2022-10-04,ARTEA,Artea pensija 1968-1974,1.3621,160163697.758
2022-10-05,ARTEA,Artea pensija 1968-1974,1.3609,160028945.2407
2022-10-06,ARTEA,Artea pensija 1968-1974,1.365,160561223.8854
2022-10-07,ARTEA,Artea pensija 1968-1974,1.3508,158872398.1465
2022-10-10,ARTEA,Artea pensija 1968-1974,1.346,158346475.0172
2022-10-11,ARTEA,Artea pensija 1968-1974,1.3398,157596137.7107
2022-10-12,ARTEA,Artea pensija 1968-1974,1.3359,157154449.1311
2022-10-13,ARTEA,Artea pensija 1968-1974,1.3368,158331916.8089
2022-10-14,ARTEA,Artea pensija 1968-1974,1.3385,158497884.7022
2022-10-17,ARTEA,Artea pensija 1968-1974,1.3461,159366600.207
2022-10-18,ARTEA,Artea pensija 1968-1974,1.3464,159465341.4634
2022-10-19,ARTEA,Artea pensija 1968-1974,1.3454,159378048.7079
2022-10-20,ARTEA,Artea pensija 1968-1974,1.3464,159500258.8172
2022-10-21,ARTEA,Artea pensija 1968-1974,1.3423,159039536.9222
2022-10-24,ARTEA,Artea pensija 1968-1974,1.3448,159382347.5775
2022-10-25,ARTEA,Artea pensija 1968-1974,1.3521,160276267.828
2022-10-26,ARTEA,Artea pensija 1968-1974,1.3571,160901256.8875
2022-10-27,ARTEA,Artea pensija 1968-1974,1.3595,161172241.0939
2022-10-28,ARTEA,Artea pensija 1968-1974,1.3611,161367079.5573
2022-10-31,ARTEA,Artea pensija 1968-1974,1.369,162300818.5536
2022-11-03,ARTEA,Artea pensija 1968-1974,1.3648,161802156.1874
2022-11-04,ARTEA,Artea pensija 1968-1974,1.3637,161692650.5668
2022-11-07,ARTEA,Artea pensija 1968-1974,1.3677,162158169.7524
2022-11-08,ARTEA,Artea pensija 1968-1974,1.3739,162872240.8789
2022-11-09,ARTEA,Artea pensija 1968-1974,1.3665,162012057.4659
2022-11-10,ARTEA,Artea pensija 1968-1974,1.3838,165124378.1204
2022-11-11,ARTEA,Artea pensija 1968-1974,1.3839,165124376.3317
2022-11-14,ARTEA,Artea pensija 1968-1974,1.3878,165530706.6634
2022-11-15,ARTEA,Artea pensija 1968-1974,1.3958,166495920.6113
2022-11-16,ARTEA,Artea pensija 1968-1974,1.3848,165299684.2321
2022-11-17,ARTEA,Artea pensija 1968-1974,1.3819,164978468.0783
2022-11-18,ARTEA,Artea pensija 1968-1974,1.3877,165693147.7101
2022-11-21,ARTEA,Artea pensija 1968-1974,1.3895,165935362.3975
2022-11-22,ARTEA,Artea pensija 1968-1974,1.3956,166670389.6302
2022-11-23,ARTEA,Artea pensija 1968-1974,1.3989,167086850.7932
2022-11-24,ARTEA,Artea pensija 1968-1974,1.4019,167480474.3749
2022-11-25,ARTEA,Artea pensija 1968-1974,1.4011,167422025.683
2022-11-28,ARTEA,Artea pensija 1968-1974,1.3963,166847251.4848
2022-11-29,ARTEA,Artea pensija 1968-1974,1.3982,167036687.6747
2022-11-30,ARTEA,Artea pensija 1968-1974,1.4062,167980411.7047
2022-12-01,ARTEA,Artea pensija 1968-1974,1.411,168512693.9238
2022-12-02,ARTEA,Artea pensija 1968-1974,1.4083,168186872.9448
2022-12-05,ARTEA,Artea pensija 1968-1974,1.4022,167460097.8222
2022-12-06,ARTEA,Artea pensija 1968-1974,1.3939,166476491.3646
2022-12-07,ARTEA,Artea pensija 1968-1974,1.3896,165971947.8345
2022-12-08,ARTEA,Artea pensija 1968-1974,1.3918,167297817.2359
2022-12-09,ARTEA,Artea pensija 1968-1974,1.396,167804161.9973
2022-12-12,ARTEA,Artea pensija 1968-1974,1.391,167181456.481
2022-12-13,ARTEA,Artea pensija 1968-1974,1.4012,168256434.4687
2022-12-14,ARTEA,Artea pensija 1968-1974,1.3997,168100163.4378
2022-12-15,ARTEA,Artea pensija 1968-1974,1.3746,165155432.3433
2022-12-16,ARTEA,Artea pensija 1968-1974,1.3687,164460493.0788
2022-12-19,ARTEA,Artea pensija 1968-1974,1.3657,164074192.1738
2022-12-20,ARTEA,Artea pensija 1968-1974,1.3622,163597486.1198
2022-12-21,ARTEA,Artea pensija 1968-1974,1.3729,164887462.5952
2022-12-22,ARTEA,Artea pensija 1968-1974,1.3652,163958188.7745
2022-12-23,ARTEA,Artea pensija 1968-1974,1.3658,164037547.1614
2022-12-27,ARTEA,Artea pensija 1968-1974,1.3672,164222895.8923
2022-12-28,ARTEA,Artea pensija 1968-1974,1.3627,163716533.9852
2022-12-29,ARTEA,Artea pensija 1968-1974,1.3689,164432775.991
2022-12-30,ARTEA,Artea pensija 1968-1974,1.3626,163657042.2217
2023-01-02,ARTEA,Artea pensija 1968-1974,1.3757,165230135.9312
2023-01-03,ARTEA,Artea pensija 1968-1974,1.375,165105894.3907
2023-01-04,ARTEA,Artea pensija 1968-1974,1.3841,166180076.3185
2023-01-05,ARTEA,Artea pensija 1968-1974,1.3814,165822608.1436
2023-01-06,ARTEA,Artea pensija 1968-1974,1.3895,166791894.3631
2023-01-09,ARTEA,Artea pensija 1968-1974,1.3954,167507292.2889
2023-01-10,ARTEA,Artea pensija 1968-1974,1.3883,166642142.9543
2023-01-11,ARTEA,Artea pensija 1968-1974,1.3936,167289387.0368
2023-01-12,ARTEA,Artea pensija 1968-1974,1.3973,168786358.1747
2023-01-13,ARTEA,Artea pensija 1968-1974,1.4015,169294739.855
2023-01-16,ARTEA,Artea pensija 1968-1974,1.4035,169418546.3124
2023-01-17,ARTEA,Artea pensija 1968-1974,1.4067,169826382.36
2023-01-18,ARTEA,Artea pensija 1968-1974,1.4037,169480508.5969
2023-01-19,ARTEA,Artea pensija 1968-1974,1.3997,168968884.682
2023-01-20,ARTEA,Artea pensija 1968-1974,1.4047,169532526.8122
2023-01-23,ARTEA,Artea pensija 1968-1974,1.4161,170888613.5681
2023-01-24,ARTEA,Artea pensija 1968-1974,1.4142,170626583.7949
2023-01-25,ARTEA,Artea pensija 1968-1974,1.4095,170090039.609
2023-01-26,ARTEA,Artea pensija 1968-1974,1.4181,171045193.909
2023-01-27,ARTEA,Artea pensija 1968-1974,1.4241,171737418.7898
2023-01-30,ARTEA,Artea pensija 1968-1974,1.4211,171360449.4542
2023-01-31,ARTEA,Artea pensija 1968-1974,1.4195,171152458.3053
2023-02-01,ARTEA,Artea pensija 1968-1974,1.4202,171218652.0354
2023-02-02,ARTEA,Artea pensija 1968-1974,1.4387,173423682.5776
2023-02-03,ARTEA,Artea pensija 1968-1974,1.4417,173704647.6213
2023-02-06,ARTEA,Artea pensija 1968-1974,1.4349,172927191.8102
2023-02-07,ARTEA,Artea pensija 1968-1974,1.4366,173133537.3928
2023-02-08,ARTEA,Artea pensija 1968-1974,1.4357,173035870.8935
2023-02-09,ARTEA,Artea pensija 1968-1974,1.4378,174402400.0837
2023-02-10,ARTEA,Artea pensija 1968-1974,1.4319,173649405.7206
2023-02-13,ARTEA,Artea pensija 1968-1974,1.436,174001248.2616
2023-02-14,ARTEA,Artea pensija 1968-1974,1.4359,173983415.6998
2023-02-15,ARTEA,Artea pensija 1968-1974,1.4396,174463081.0289
2023-02-17,ARTEA,Artea pensija 1968-1974,1.4312,173445891.8955
2023-02-20,ARTEA,Artea pensija 1968-1974,1.4347,173828818.5975
2023-02-21,ARTEA,Artea pensija 1968-1974,1.4252,172653719.791
2023-02-22,ARTEA,Artea pensija 1968-1974,1.4236,172459696.861
2023-02-23,ARTEA,Artea pensija 1968-1974,1.4245,172548332.3479
2023-02-24,ARTEA,Artea pensija 1968-1974,1.4187,171837641.6128
2023-02-27,ARTEA,Artea pensija 1968-1974,1.4233,172382792.2231
2023-02-28,ARTEA,Artea pensija 1968-1974,1.42,171970985.1115
2023-03-01,ARTEA,Artea pensija 1968-1974,1.4145,171308782.8628
2023-03-02,ARTEA,Artea pensija 1968-1974,1.4178,171747390.6416
2023-03-03,ARTEA,Artea pensija 1968-1974,1.4287,173074458.7587
2023-03-06,ARTEA,Artea pensija 1968-1974,1.4297,173237263.3136
2023-03-07,ARTEA,Artea pensija 1968-1974,1.4259,172780923.1566
2023-03-08,ARTEA,Artea pensija 1968-1974,1.4246,172638585.4865
2023-03-09,ARTEA,Artea pensija 1968-1974,1.4222,173520701.6348
2023-03-10,ARTEA,Artea pensija 1968-1974,1.4068,171643924.1508
2023-03-13,ARTEA,Artea pensija 1968-1974,1.3891,169415767.457
2023-03-14,ARTEA,Artea pensija 1968-1974,1.3984,170519682.6714
2023-03-15,ARTEA,Artea pensija 1968-1974,1.3909,169622050.3137
2023-03-16,ARTEA,Artea pensija 1968-1974,1.3996,170634744.3692
2023-03-17,ARTEA,Artea pensija 1968-1974,1.3942,169983365.036
2023-03-20,ARTEA,Artea pensija 1968-1974,1.3929,169838762.4469
2023-03-21,ARTEA,Artea pensija 1968-1974,1.4,170708037.8614
2023-03-22,ARTEA,Artea pensija 1968-1974,1.4021,170963660.6824
2023-03-23,ARTEA,Artea pensija 1968-1974,1.3987,170561181.8603
2023-03-24,ARTEA,Artea pensija 1968-1974,1.3963,170361574.7118
2023-03-27,ARTEA,Artea pensija 1968-1974,1.4005,170831390.6547
2023-03-28,ARTEA,Artea pensija 1968-1974,1.3983,170528646.039
2023-03-29,ARTEA,Artea pensija 1968-1974,1.4047,171285545.6344
2023-03-30,ARTEA,Artea pensija 1968-1974,1.4086,171779775.1829
2023-03-31,ARTEA,Artea pensija 1968-1974,1.4169,172814841.3473
2023-04-03,ARTEA,Artea pensija 1968-1974,1.4174,172850115.892
2023-04-04,ARTEA,Artea pensija 1968-1974,1.4137,172448737.2281
2023-04-05,ARTEA,Artea pensija 1968-1974,1.4116,172253852.215
2023-04-06,ARTEA,Artea pensija 1968-1974,1.4136,173645255.091
2023-04-07,ARTEA,Artea pensija 1968-1974,1.4136,173627885.1467
2023-04-11,ARTEA,Artea pensija 1968-1974,1.42,174356906.2705
2023-04-12,ARTEA,Artea pensija 1968-1974,1.4155,173774906.2185
2023-04-13,ARTEA,Artea pensija 1968-1974,1.4153,173787032.5558
2023-04-14,ARTEA,Artea pensija 1968-1974,1.42,174337156.8083
2023-04-17,ARTEA,Artea pensija 1968-1974,1.4241,174810029.3897
2023-04-18,ARTEA,Artea pensija 1968-1974,1.4249,174907906.6967
2023-04-19,ARTEA,Artea pensija 1968-1974,1.4218,174485074.4958
2023-04-20,ARTEA,Artea pensija 1968-1974,1.4204,174355709.7827
2023-04-21,ARTEA,Artea pensija 1968-1974,1.417,173901117.8298
2023-04-24,ARTEA,Artea pensija 1968-1974,1.4139,173459438.1103
2023-04-25,ARTEA,Artea pensija 1968-1974,1.4115,173184870.3463
2023-04-26,ARTEA,Artea pensija 1968-1974,1.405,172416189.7164
2023-04-27,ARTEA,Artea pensija 1968-1974,1.41,173033092.8671
2023-04-28,ARTEA,Artea pensija 1968-1974,1.4166,173818434.791
2023-05-02,ARTEA,Artea pensija 1968-1974,1.4085,172886158.4743
2023-05-03,ARTEA,Artea pensija 1968-1974,1.4086,172904277.3625
2023-05-04,ARTEA,Artea pensija 1968-1974,1.4062,172647577.3513
2023-05-05,ARTEA,Artea pensija 1968-1974,1.4151,173726172.8045
2023-05-08,ARTEA,Artea pensija 1968-1974,1.4175,174004867.0463
2023-05-09,ARTEA,Artea pensija 1968-1974,1.4188,174155712.3569
2023-05-10,ARTEA,Artea pensija 1968-1974,1.4182,174160817.6417
2023-05-11,ARTEA,Artea pensija 1968-1974,1.4195,175688722.5626
2023-05-12,ARTEA,Artea pensija 1968-1974,1.4218,175946587.6723
2023-05-15,ARTEA,Artea pensija 1968-1974,1.426,176358980.3029
2023-05-16,ARTEA,Artea pensija 1968-1974,1.4253,176204732.3535
2023-05-17,ARTEA,Artea pensija 1968-1974,1.4273,176539747.7898
2023-05-18,ARTEA,Artea pensija 1968-1974,1.4353,177521757.0523
2023-05-19,ARTEA,Artea pensija 1968-1974,1.4341,177341801.5481
2023-05-22,ARTEA,Artea pensija 1968-1974,1.4381,177879700.4225
2023-05-23,ARTEA,Artea pensija 1968-1974,1.4355,177562133.4136
2023-05-24,ARTEA,Artea pensija 1968-1974,1.4229,176016863.7728
2023-05-25,ARTEA,Artea pensija 1968-1974,1.4253,176315047.4832
2023-05-26,ARTEA,Artea pensija 1968-1974,1.4352,177546371.8781
2023-05-29,ARTEA,Artea pensija 1968-1974,1.4364,177667080.3987
2023-05-30,ARTEA,Artea pensija 1968-1974,1.4344,177401886.8344
2023-05-31,ARTEA,Artea pensija 1968-1974,1.4302,176860800.1211
2023-06-01,ARTEA,Artea pensija 1968-1974,1.4354,177512286.8157
2023-06-02,ARTEA,Artea pensija 1968-1974,1.4483,179143902.1213
2023-06-05,ARTEA,Artea pensija 1968-1974,1.4494,179306386.0908
2023-06-06,ARTEA,Artea pensija 1968-1974,1.4539,179860309.5457
2023-06-07,ARTEA,Artea pensija 1968-1974,1.4541,179935931.9968
2023-06-08,ARTEA,Artea pensija 1968-1974,1.4498,180760684.9535
2023-06-09,ARTEA,Artea pensija 1968-1974,1.4537,181241728.1803
2023-06-12,ARTEA,Artea pensija 1968-1974,1.4557,181394515.3005
2023-06-13,ARTEA,Artea pensija 1968-1974,1.4627,182233303.458
2023-06-14,ARTEA,Artea pensija 1968-1974,1.4619,182197199.128
2023-06-15,ARTEA,Artea pensija 1968-1974,1.4587,181801875.107
2023-06-16,ARTEA,Artea pensija 1968-1974,1.4622,182248280.3086
2023-06-19,ARTEA,Artea pensija 1968-1974,1.4581,181750725.8556
2023-06-20,ARTEA,Artea pensija 1968-1974,1.4541,181287748.248
2023-06-21,ARTEA,Artea pensija 1968-1974,1.4495,180711878.7873
2023-06-22,ARTEA,Artea pensija 1968-1974,1.4464,180336969.7778
2023-06-23,ARTEA,Artea pensija 1968-1974,1.4448,180098777.2699
2023-06-26,ARTEA,Artea pensija 1968-1974,1.4441,180007092.8865
2023-06-27,ARTEA,Artea pensija 1968-1974,1.4452,180118814.5557
2023-06-28,ARTEA,Artea pensija 1968-1974,1.4496,180660815.7567
2023-06-29,ARTEA,Artea pensija 1968-1974,1.4516,180930362.5708
2023-06-30,ARTEA,Artea pensija 1968-1974,1.4574,181702405.8423
2023-07-01,ARTEA,Artea pensija 1968-1974,1.4574,181702405.8423
2023-07-02,ARTEA,Artea pensija 1968-1974,1.4574,181702405.8423
2023-07-03,ARTEA,Artea pensija 1968-1974,1.4616,182206421.5365
2023-07-04,ARTEA,Artea pensija 1968-1974,1.4632,182394591.7261
2023-07-05,ARTEA,Artea pensija 1968-1974,1.4611,182157872.679
2023-07-06,ARTEA,Artea pensija 1968-1974,1.4611,182157872.679
2023-07-07,ARTEA,Artea pensija 1968-1974,1.4472,180446354.8057
2023-07-08,ARTEA,Artea pensija 1968-1974,1.4472,180446354.8057
2023-07-09,ARTEA,Artea pensija 1968-1974,1.4472,180446354.8057
2023-07-10,ARTEA,Artea pensija 1968-1974,1.4448,181344029.7975
2023-07-11,ARTEA,Artea pensija 1968-1974,1.4491,181889964.2722
2023-07-12,ARTEA,Artea pensija 1968-1974,1.4553,182627279.091
2023-07-13,ARTEA,Artea pensija 1968-1974,1.4577,182878554.8193
2023-07-14,ARTEA,Artea pensija 1968-1974,1.4561,182704462.0085
2023-07-15,ARTEA,Artea pensija 1968-1974,1.4561,182704462.0085
2023-07-16,ARTEA,Artea pensija 1968-1974,1.4561,182704462.0085
2023-07-17,ARTEA,Artea pensija 1968-1974,1.4553,182679664.5296
2023-07-18,ARTEA,Artea pensija 1968-1974,1.46,183280017.7819
2023-07-19,ARTEA,Artea pensija 1968-1974,1.4659,183980547.1727
2023-07-20,ARTEA,Artea pensija 1968-1974,1.4654,183914208.3973
2023-07-21,ARTEA,Artea pensija 1968-1974,1.4672,184085275.56
2023-07-22,ARTEA,Artea pensija 1968-1974,1.4672,184085275.56
2023-07-23,ARTEA,Artea pensija 1968-1974,1.4672,184085275.56
2023-07-24,ARTEA,Artea pensija 1968-1974,1.472,184710024.4285
2023-07-25,ARTEA,Artea pensija 1968-1974,1.4762,185261250.4994
2023-07-26,ARTEA,Artea pensija 1968-1974,1.4742,185021874.1666
2023-07-27,ARTEA,Artea pensija 1968-1974,1.4835,186105175.26
2023-07-28,ARTEA,Artea pensija 1968-1974,1.4847,186251525.4326
2023-07-29,ARTEA,Artea pensija 1968-1974,1.4847,186251525.4326
2023-07-30,ARTEA,Artea pensija 1968-1974,1.4847,186251525.4326
2023-07-31,ARTEA,Artea pensija 1968-1974,1.4857,186388185.2101
2023-08-01,ARTEA,Artea pensija 1968-1974,1.4834,186112091.9424
2023-08-02,ARTEA,Artea pensija 1968-1974,1.4738,184927953.5444
2023-08-03,ARTEA,Artea pensija 1968-1974,1.4702,184479930.5996
2023-08-04,ARTEA,Artea pensija 1968-1974,1.4702,184490122.9345
2023-08-05,ARTEA,Artea pensija 1968-1974,1.4702,184490122.9345
2023-08-06,ARTEA,Artea pensija 1968-1974,1.4702,184490122.9345
2023-08-07,ARTEA,Artea pensija 1968-1974,1.4687,184315616.3429
2023-08-08,ARTEA,Artea pensija 1968-1974,1.4647,185035796.3234
2023-08-09,ARTEA,Artea pensija 1968-1974,1.4651,185076814.2357
2023-08-10,ARTEA,Artea pensija 1968-1974,1.4696,185553457.1087
2023-08-11,ARTEA,Artea pensija 1968-1974,1.4633,184664887.8337
2023-08-12,ARTEA,Artea pensija 1968-1974,1.4633,184664887.8337
2023-08-13,ARTEA,Artea pensija 1968-1974,1.4633,184664887.8337
2023-08-14,ARTEA,Artea pensija 1968-1974,1.465,185033223.4713
2023-08-15,ARTEA,Artea pensija 1968-1974,1.465,185033223.4713
2023-08-16,ARTEA,Artea pensija 1968-1974,1.4568,184002089.0857
2023-08-17,ARTEA,Artea pensija 1968-1974,1.4521,183377882.7425
2023-08-18,ARTEA,Artea pensija 1968-1974,1.4468,182697780.9355
2023-08-19,ARTEA,Artea pensija 1968-1974,1.4468,182697780.9355
2023-08-20,ARTEA,Artea pensija 1968-1974,1.4468,182697780.9355
2023-08-21,ARTEA,Artea pensija 1968-1974,1.4457,182583116.1433
2023-08-22,ARTEA,Artea pensija 1968-1974,1.4515,183318343.891
2023-08-23,ARTEA,Artea pensija 1968-1974,1.458,184114727.3899
2023-08-24,ARTEA,Artea pensija 1968-1974,1.4578,184049711.0405
2023-08-25,ARTEA,Artea pensija 1968-1974,1.4575,183954175.2723
2023-08-26,ARTEA,Artea pensija 1968-1974,1.4575,183954175.2723
2023-08-27,ARTEA,Artea pensija 1968-1974,1.4575,183954175.2723
2023-08-28,ARTEA,Artea pensija 1968-1974,1.4641,184807472.3361
2023-08-29,ARTEA,Artea pensija 1968-1974,1.47,185502951.5706
2023-08-30,ARTEA,Artea pensija 1968-1974,1.4694,185402518.322
2023-08-31,ARTEA,Artea pensija 1968-1974,1.4719,185730449.6196
2023-09-01,ARTEA,Artea pensija 1968-1974,1.4761,186234037.5621
2023-09-02,ARTEA,Artea pensija 1968-1974,1.4761,186234037.5621
2023-09-03,ARTEA,Artea pensija 1968-1974,1.4761,186234037.5621
2023-09-04,ARTEA,Artea pensija 1968-1974,1.4762,186207967.7584
2023-09-05,ARTEA,Artea pensija 1968-1974,1.4766,186239263.7222
2023-09-06,ARTEA,Artea pensija 1968-1974,1.4699,185413919.1035
2023-09-07,ARTEA,Artea pensija 1968-1974,1.4677,186323751.5044
2023-09-08,ARTEA,Artea pensija 1968-1974,1.4696,186559840.8074
2023-09-09,ARTEA,Artea pensija 1968-1974,1.4696,186559840.8074
2023-09-10,ARTEA,Artea pensija 1968-1974,1.4696,186559840.8074
2023-09-11,ARTEA,Artea pensija 1968-1974,1.4703,186544579.6702
2023-09-12,ARTEA,Artea pensija 1968-1974,1.4707,186404042.7089
2023-09-13,ARTEA,Artea pensija 1968-1974,1.4704,186339086.916
2023-09-14,ARTEA,Artea pensija 1968-1974,1.4809,187712932.4067
2023-09-15,ARTEA,Artea pensija 1968-1974,1.4772,187187375.5621
2023-09-16,ARTEA,Artea pensija 1968-1974,1.4772,187187375.5621
2023-09-17,ARTEA,Artea pensija 1968-1974,1.4772,187187375.5621
2023-09-18,ARTEA,Artea pensija 1968-1974,1.4736,186716490.9728
2023-09-19,ARTEA,Artea pensija 1968-1974,1.4702,186213645.8027
2023-09-20,ARTEA,Artea pensija 1968-1974,1.4735,186619033.3415
2023-09-21,ARTEA,Artea pensija 1968-1974,1.4606,184917487.2176
2023-09-22,ARTEA,Artea pensija 1968-1974,1.4615,184956775.0685
2023-09-23,ARTEA,Artea pensija 1968-1974,1.4615,184956775.0685
2023-09-24,ARTEA,Artea pensija 1968-1974,1.4615,184956775.0685
2023-09-25,ARTEA,Artea pensija 1968-1974,1.4605,184827621.6667
2023-09-26,ARTEA,Artea pensija 1968-1974,1.4538,183891771.3969
2023-09-27,ARTEA,Artea pensija 1968-1974,1.4561,184147086.3675
2023-09-28,ARTEA,Artea pensija 1968-1974,1.4549,183979582.6494
2023-09-29,ARTEA,Artea pensija 1968-1974,1.4569,184119310.494
2023-09-30,ARTEA,Artea pensija 1968-1974,1.4569,184119310.494
2023-10-01,ARTEA,Artea pensija 1968-1974,1.4569,184119310.494
2023-10-02,ARTEA,Artea pensija 1968-1974,1.4546,183821640.6527
2023-10-03,ARTEA,Artea pensija 1968-1974,1.4448,182566089.3092
2023-10-04,ARTEA,Artea pensija 1968-1974,1.4405,182065868.0254
2023-10-05,ARTEA,Artea pensija 1968-1974,1.4418,183416102.9293
2023-10-06,ARTEA,Artea pensija 1968-1974,1.4461,183964999.255
2023-10-07,ARTEA,Artea pensija 1968-1974,1.4461,183964999.255
2023-10-08,ARTEA,Artea pensija 1968-1974,1.4461,183964999.255
2023-10-09,ARTEA,Artea pensija 1968-1974,1.4481,184100734.5559
2023-10-10,ARTEA,Artea pensija 1968-1974,1.4594,185450994.4529
2023-10-11,ARTEA,Artea pensija 1968-1974,1.4589,185430020.5197
2023-10-12,ARTEA,Artea pensija 1968-1974,1.4629,185913266.3247
2023-10-13,ARTEA,Artea pensija 1968-1974,1.4585,185300929.4882
2023-10-14,ARTEA,Artea pensija 1968-1974,1.4585,185300929.4882
2023-10-15,ARTEA,Artea pensija 1968-1974,1.4585,185300929.4882
2023-10-16,ARTEA,Artea pensija 1968-1974,1.4612,185601422.234
2023-10-17,ARTEA,Artea pensija 1968-1974,1.4594,185390723.1722
2023-10-18,ARTEA,Artea pensija 1968-1974,1.4529,184508772.869
2023-10-19,ARTEA,Artea pensija 1968-1974,1.4444,183300989.5671
2023-10-20,ARTEA,Artea pensija 1968-1974,1.4319,181638409.7513
2023-10-23,ARTEA,Artea pensija 1968-1974,1.4296,181304484.1156
2023-10-24,ARTEA,Artea pensija 1968-1974,1.4351,181954573.9947
2023-10-25,ARTEA,Artea pensija 1968-1974,1.431,181414960.2748
2023-10-26,ARTEA,Artea pensija 1968-1974,1.4272,180912985.8627
2023-10-27,ARTEA,Artea pensija 1968-1974,1.4227,180295740.913
2023-10-30,ARTEA,Artea pensija 1968-1974,1.4235,180363536.2759
2023-10-31,ARTEA,Artea pensija 1968-1974,1.428,180886926.3308
2023-11-03,ARTEA,Artea pensija 1968-1974,1.4555,184371613.6057
2023-11-06,ARTEA,Artea pensija 1968-1974,1.4549,184190632.2769
2023-11-07,ARTEA,Artea pensija 1968-1974,1.4581,184569337.5323
2023-11-08,ARTEA,Artea pensija 1968-1974,1.4556,184276553.6023
2023-11-09,ARTEA,Artea pensija 1968-1974,1.4582,185775657.646
2023-11-10,ARTEA,Artea pensija 1968-1974,1.4551,185376751.8075
2023-11-13,ARTEA,Artea pensija 1968-1974,1.4611,185947875.656
2023-11-14,ARTEA,Artea pensija 1968-1974,1.4677,186715829.1418
2023-11-15,ARTEA,Artea pensija 1968-1974,1.4732,187470457.9179
2023-11-16,ARTEA,Artea pensija 1968-1974,1.4673,186718365.3282
2023-11-17,ARTEA,Artea pensija 1968-1974,1.471,187181757.8624
2023-11-20,ARTEA,Artea pensija 1968-1974,1.4725,187384215.4946
2023-11-21,ARTEA,Artea pensija 1968-1974,1.4729,187442380.799
2023-11-22,ARTEA,Artea pensija 1968-1974,1.4786,188114430.7278
2023-11-23,ARTEA,Artea pensija 1968-1974,1.4792,188211329.8184
2023-11-24,ARTEA,Artea pensija 1968-1974,1.4775,187936951.3569
2023-11-27,ARTEA,Artea pensija 1968-1974,1.4767,187765271.1354
2023-11-28,ARTEA,Artea pensija 1968-1974,1.4763,187652450.6463
2023-11-29,ARTEA,Artea pensija 1968-1974,1.479,187958455.2574
2023-11-30,ARTEA,Artea pensija 1968-1974,1.4834,188492549.1967
2023-12-01,ARTEA,Artea pensija 1968-1974,1.4914,189506940.8208
2023-12-04,ARTEA,Artea pensija 1968-1974,1.4919,189484530.7659
2023-12-05,ARTEA,Artea pensija 1968-1974,1.495,189793751.7031
2023-12-06,ARTEA,Artea pensija 1968-1974,1.499,190287721.562
2023-12-07,ARTEA,Artea pensija 1968-1974,1.4988,191439184.4482
2023-12-08,ARTEA,Artea pensija 1968-1974,1.5021,191867314.2878
2023-12-11,ARTEA,Artea pensija 1968-1974,1.5045,192036303.5605
2023-12-12,ARTEA,Artea pensija 1968-1974,1.5041,191665809.9525
2023-12-13,ARTEA,Artea pensija 1968-1974,1.506,191914975.25
2023-12-14,ARTEA,Artea pensija 1968-1974,1.5138,192849863.6544
2023-12-15,ARTEA,Artea pensija 1968-1974,1.5195,193564177.9612
2023-12-18,ARTEA,Artea pensija 1968-1974,1.5182,193378439.7565
2023-12-19,ARTEA,Artea pensija 1968-1974,1.5205,193659879.4219
2023-12-20,ARTEA,Artea pensija 1968-1974,1.5236,193989690.0264
2023-12-21,ARTEA,Artea pensija 1968-1974,1.5194,193406821.5571
2023-12-22,ARTEA,Artea pensija 1968-1974,1.5224,193723973.0319
2023-12-27,ARTEA,Artea pensija 1968-1974,1.5215,193594514.2649
2023-12-28,ARTEA,Artea pensija 1968-1974,1.5245,193978319.3777
2023-12-29,ARTEA,Artea pensija 1968-1974,1.5248,194007353.5581
2024-01-02,ARTEA,Artea pensija 1968-1974,1.5257,194087641.3298
2024-01-03,ARTEA,Artea pensija 1968-1974,1.5204,193391996.0246
2024-01-04,ARTEA,Artea pensija 1968-1974,1.5196,193311691.0232
2024-01-05,ARTEA,Artea pensija 1968-1974,1.5176,193024935.0285
2024-01-08,ARTEA,Artea pensija 1968-1974,1.5197,193254661.8514
2024-01-09,ARTEA,Artea pensija 1968-1974,1.5235,193664047.0144
2024-01-10,ARTEA,Artea pensija 1968-1974,1.5225,193575925.0984
2024-01-11,ARTEA,Artea pensija 1968-1974,1.519,194288217.958
2024-01-12,ARTEA,Artea pensija 1968-1974,1.5255,195107227.9113
2024-01-15,ARTEA,Artea pensija 1968-1974,1.5256,194972164.5244
2024-01-16,ARTEA,Artea pensija 1968-1974,1.5256,194922859.1344
2024-01-17,ARTEA,Artea pensija 1968-1974,1.5178,193893653.3909
2024-01-18,ARTEA,Artea pensija 1968-1974,1.5221,194368561.1955
2024-01-19,ARTEA,Artea pensija 1968-1974,1.5241,194546446.0335
2024-01-22,ARTEA,Artea pensija 1968-1974,1.5329,195624892.6775
2024-01-23,ARTEA,Artea pensija 1968-1974,1.5333,195606421.3175
2024-01-24,ARTEA,Artea pensija 1968-1974,1.5371,195999199.2222
2024-01-25,ARTEA,Artea pensija 1968-1974,1.5413,196426267.7172
2024-01-26,ARTEA,Artea pensija 1968-1974,1.5434,196697773.725
2024-01-29,ARTEA,Artea pensija 1968-1974,1.5472,197167357.7091
2024-01-30,ARTEA,Artea pensija 1968-1974,1.5485,197206086.362
2024-01-31,ARTEA,Artea pensija 1968-1974,1.5463,196834399.7945
2024-02-01,ARTEA,Artea pensija 1968-1974,1.542,196260703.6156
2024-02-02,ARTEA,Artea pensija 1968-1974,1.5522,197557321.7862
2024-02-05,ARTEA,Artea pensija 1968-1974,1.5518,197480015.1704
2024-02-06,ARTEA,Artea pensija 1968-1974,1.5558,197994722.6519
2024-02-07,ARTEA,Artea pensija 1968-1974,1.5578,198297461.0553
2024-02-08,ARTEA,Artea pensija 1968-1974,1.5574,199469946.9391
2024-02-09,ARTEA,Artea pensija 1968-1974,1.5585,199607743.2556
2024-02-12,ARTEA,Artea pensija 1968-1974,1.5661,200452606.2783
2024-02-13,ARTEA,Artea pensija 1968-1974,1.557,199234728.2059
2024-02-14,ARTEA,Artea pensija 1968-1974,1.5617,199884844.0351
2024-02-15,ARTEA,Artea pensija 1968-1974,1.5669,200499157.1735
2024-02-19,ARTEA,Artea pensija 1968-1974,1.5691,200748366.4411
2024-02-20,ARTEA,Artea pensija 1968-1974,1.5626,199883723.9505
2024-02-21,ARTEA,Artea pensija 1968-1974,1.561,199609012.7729
2024-02-22,ARTEA,Artea pensija 1968-1974,1.5726,201015977.1331
2024-02-23,ARTEA,Artea pensija 1968-1974,1.5767,201544779.0837
2024-02-26,ARTEA,Artea pensija 1968-1974,1.5733,201077515.35
2024-02-27,ARTEA,Artea pensija 1968-1974,1.5731,201062912.562
2024-02-28,ARTEA,Artea pensija 1968-1974,1.5722,200894893.5228
2024-02-29,ARTEA,Artea pensija 1968-1974,1.5769,201440407.8912
2024-03-01,ARTEA,Artea pensija 1968-1974,1.5827,202118818.4443
2024-03-04,ARTEA,Artea pensija 1968-1974,1.5834,202180064.1529
2024-03-05,ARTEA,Artea pensija 1968-1974,1.5791,201549667.7705
2024-03-06,ARTEA,Artea pensija 1968-1974,1.5824,202030985.7399
2024-03-07,ARTEA,Artea pensija 1968-1974,1.586,203760794.1029
2024-03-08,ARTEA,Artea pensija 1968-1974,1.5871,203902928.4409
2024-03-12,ARTEA,Artea pensija 1968-1974,1.5879,203857276.0913
2024-03-13,ARTEA,Artea pensija 1968-1974,1.5872,203492191.5225
2024-03-14,ARTEA,Artea pensija 1968-1974,1.5867,203553231.7895
2024-03-15,ARTEA,Artea pensija 1968-1974,1.5824,202967438.8973
2024-03-18,ARTEA,Artea pensija 1968-1974,1.5871,203525530.5459
2024-03-19,ARTEA,Artea pensija 1968-1974,1.5883,203697376.1209
2024-03-20,ARTEA,Artea pensija 1968-1974,1.59,203833444.9711
2024-03-21,ARTEA,Artea pensija 1968-1974,1.6037,205545300.1665
2024-03-22,ARTEA,Artea pensija 1968-1974,1.604,205518229.7412
2024-03-25,ARTEA,Artea pensija 1968-1974,1.6018,205144006.2262
2024-03-26,ARTEA,Artea pensija 1968-1974,1.6037,205286448.1265
2024-03-27,ARTEA,Artea pensija 1968-1974,1.6043,205376836.4394
2024-03-28,ARTEA,Artea pensija 1968-1974,1.6102,206087731.6446
2024-03-29,ARTEA,Artea pensija 1968-1974,1.6102,206051833.248
2024-04-02,ARTEA,Artea pensija 1968-1974,1.6024,205098101.1078
2024-04-03,ARTEA,Artea pensija 1968-1974,1.603,205144664.1895
2024-04-04,ARTEA,Artea pensija 1968-1974,1.6059,205467298.9446
2024-04-05,ARTEA,Artea pensija 1968-1974,1.5996,204634287.7997
2024-04-08,ARTEA,Artea pensija 1968-1974,1.602,204917690.9689
2024-04-09,ARTEA,Artea pensija 1968-1974,1.6004,204680671.0824
2024-04-10,ARTEA,Artea pensija 1968-1974,1.6016,204842594.004
2024-04-11,ARTEA,Artea pensija 1968-1974,1.6009,206003129.4092
2024-04-12,ARTEA,Artea pensija 1968-1974,1.6044,206463459.1534
2024-04-15,ARTEA,Artea pensija 1968-1974,1.6007,205774209.0179
2024-04-16,ARTEA,Artea pensija 1968-1974,1.586,203740571.3438
2024-04-17,ARTEA,Artea pensija 1968-1974,1.583,203318571.5203
2024-04-18,ARTEA,Artea pensija 1968-1974,1.5854,203602405.7668
2024-04-19,ARTEA,Artea pensija 1968-1974,1.5789,202724933.7791
2024-04-22,ARTEA,Artea pensija 1968-1974,1.5819,203103121.3809
2024-04-23,ARTEA,Artea pensija 1968-1974,1.5903,204103657.62
2024-04-24,ARTEA,Artea pensija 1968-1974,1.5894,203920965.2934
2024-04-25,ARTEA,Artea pensija 1968-1974,1.581,202818344.7886
2024-04-26,ARTEA,Artea pensija 1968-1974,1.5952,204550957.763
2024-04-29,ARTEA,Artea pensija 1968-1974,1.5975,204859523.8636
2024-04-30,ARTEA,Artea pensija 1968-1974,1.5954,204527720.9987
2024-05-02,ARTEA,Artea pensija 1968-1974,1.5929,204249382.9192
2024-05-03,ARTEA,Artea pensija 1968-1974,1.6016,205358504.0144
2024-05-06,ARTEA,Artea pensija 1968-1974,1.6069,206019824.7602
2024-05-07,ARTEA,Artea pensija 1968-1974,1.6135,206783988.5881
2024-05-08,ARTEA,Artea pensija 1968-1974,1.6131,206751410.316
2024-05-09,ARTEA,Artea pensija 1968-1974,1.6142,208220775.4709
2024-05-10,ARTEA,Artea pensija 1968-1974,1.6166,208491897.1075
2024-05-13,ARTEA,Artea pensija 1968-1974,1.6162,208272338.8063
2024-05-14,ARTEA,Artea pensija 1968-1974,1.6183,208567972.8055
2024-05-15,ARTEA,Artea pensija 1968-1974,1.6253,209507026.9714
2024-05-16,ARTEA,Artea pensija 1968-1974,1.6282,209889578.7115
2024-05-17,ARTEA,Artea pensija 1968-1974,1.6257,209528538.7037
2024-05-20,ARTEA,Artea pensija 1968-1974,1.6297,210011543.0166
2024-05-21,ARTEA,Artea pensija 1968-1974,1.6273,209733568.9714
2024-05-22,ARTEA,Artea pensija 1968-1974,1.6275,209716391.3335
2024-05-23,ARTEA,Artea pensija 1968-1974,1.6264,209535687.8271
2024-05-24,ARTEA,Artea pensija 1968-1974,1.6237,209174369.4679
2024-05-27,ARTEA,Artea pensija 1968-1974,1.6268,209559197.2047
2024-05-28,ARTEA,Artea pensija 1968-1974,1.6229,209069129.4327
2024-05-29,ARTEA,Artea pensija 1968-1974,1.6168,208260548.0107
2024-05-30,ARTEA,Artea pensija 1968-1974,1.6165,208198530.2002
2024-05-31,ARTEA,Artea pensija 1968-1974,1.6131,207708262.9701
2024-06-03,ARTEA,Artea pensija 1968-1974,1.6199,208592804.0493
2024-06-04,ARTEA,Artea pensija 1968-1974,1.6157,207973801.8915
2024-06-05,ARTEA,Artea pensija 1968-1974,1.6257,209241465.8123
2024-06-06,ARTEA,Artea pensija 1968-1974,1.6297,209719381.9432
2024-06-07,ARTEA,Artea pensija 1968-1974,1.6313,209917153.5303
2024-06-10,ARTEA,Artea pensija 1968-1974,1.6338,210218836.6583
2024-06-11,ARTEA,Artea pensija 1968-1974,1.6316,209933501.2405
2024-06-12,ARTEA,Artea pensija 1968-1974,1.6395,210984027.9337
2024-06-13,ARTEA,Artea pensija 1968-1974,1.6376,212346614.5459
2024-06-14,ARTEA,Artea pensija 1968-1974,1.6392,212548815.9329
2024-06-17,ARTEA,Artea pensija 1968-1974,1.6387,212353464.1114
2024-06-18,ARTEA,Artea pensija 1968-1974,1.6451,213106724.0984
2024-06-19,ARTEA,Artea pensija 1968-1974,1.6455,213127345.9023
2024-06-20,ARTEA,Artea pensija 1968-1974,1.6485,213486122.2455
2024-06-21,ARTEA,Artea pensija 1968-1974,1.6461,213078731.0511
2024-06-25,ARTEA,Artea pensija 1968-1974,1.6498,213564955.7117
2024-06-26,ARTEA,Artea pensija 1968-1974,1.6457,212966300.9936
2024-06-27,ARTEA,Artea pensija 1968-1974,1.6456,212905796.1683
2024-06-28,ARTEA,Artea pensija 1968-1974,1.6491,213326406.5158
2024-07-01,ARTEA,Artea pensija 1968-1974,1.6438,212659289.586
2024-07-02,ARTEA,Artea pensija 1968-1974,1.6442,212748242.9639
2024-07-03,ARTEA,Artea pensija 1968-1974,1.6483,213321603.874
2024-07-04,ARTEA,Artea pensija 1968-1974,1.6504,213595862.0136
2024-07-05,ARTEA,Artea pensija 1968-1974,1.6508,213586401.5755
2024-07-08,ARTEA,Artea pensija 1968-1974,1.6541,213988364.2005
2024-07-09,ARTEA,Artea pensija 1968-1974,1.654,213954346.6384
2024-07-10,ARTEA,Artea pensija 1968-1974,1.6587,214601194.0272
2024-07-11,ARTEA,Artea pensija 1968-1974,1.6619,216354329.0721
2024-07-12,ARTEA,Artea pensija 1968-1974,1.6665,216935518.4488
2024-07-15,ARTEA,Artea pensija 1968-1974,1.6656,216607525.9696
2024-07-16,ARTEA,Artea pensija 1968-1974,1.6685,216929340.9309
2024-07-17,ARTEA,Artea pensija 1968-1974,1.6616,216048609.652
2024-07-18,ARTEA,Artea pensija 1968-1974,1.6576,215524811.6932
2024-07-19,ARTEA,Artea pensija 1968-1974,1.6508,214644687.1043
2024-07-22,ARTEA,Artea pensija 1968-1974,1.6552,215187892.64
2024-07-23,ARTEA,Artea pensija 1968-1974,1.6618,215974572.0413
2024-07-24,ARTEA,Artea pensija 1968-1974,1.6508,214484649.5713
2024-07-25,ARTEA,Artea pensija 1968-1974,1.647,213983275.1797
2024-07-26,ARTEA,Artea pensija 1968-1974,1.6513,214529666.4467
2024-07-29,ARTEA,Artea pensija 1968-1974,1.6533,214762269.3883
2024-07-30,ARTEA,Artea pensija 1968-1974,1.655,214932092.7474
2024-07-31,ARTEA,Artea pensija 1968-1974,1.6672,216472419.2716
2024-08-01,ARTEA,Artea pensija 1968-1974,1.6586,215199727.2964
2024-08-02,ARTEA,Artea pensija 1968-1974,1.6282,211177361.9757
2024-08-05,ARTEA,Artea pensija 1968-1974,1.6071,208258179.4915
2024-08-06,ARTEA,Artea pensija 1968-1974,1.6143,209127958.6322
2024-08-07,ARTEA,Artea pensija 1968-1974,1.628,210962533.4056
2024-08-08,ARTEA,Artea pensija 1968-1974,1.6284,212301076.9614
2024-08-09,ARTEA,Artea pensija 1968-1974,1.6322,212804647.5322
2024-08-12,ARTEA,Artea pensija 1968-1974,1.6343,212852948.583
2024-08-13,ARTEA,Artea pensija 1968-1974,1.6428,213960835.1418
2024-08-14,ARTEA,Artea pensija 1968-1974,1.6444,214097290.9159
2024-08-16,ARTEA,Artea pensija 1968-1974,1.6611,216236089.3704
2024-08-19,ARTEA,Artea pensija 1968-1974,1.6642,216564832.8799
2024-08-20,ARTEA,Artea pensija 1968-1974,1.6612,216193935.161
2024-08-21,ARTEA,Artea pensija 1968-1974,1.6649,216507220.4178
2024-08-22,ARTEA,Artea pensija 1968-1974,1.6672,216745550.6269
2024-08-23,ARTEA,Artea pensija 1968-1974,1.6689,216878234.4621
2024-08-26,ARTEA,Artea pensija 1968-1974,1.6688,216841859.9935
2024-08-27,ARTEA,Artea pensija 1968-1974,1.6684,216692539.1594
2024-08-28,ARTEA,Artea pensija 1968-1974,1.6692,216729973.947
2024-08-29,ARTEA,Artea pensija 1968-1974,1.6776,217775125.7916
2024-08-30,ARTEA,Artea pensija 1968-1974,1.6741,217234175.5316
2024-09-02,ARTEA,Artea pensija 1968-1974,1.6785,217779539.7998
2024-09-03,ARTEA,Artea pensija 1968-1974,1.6711,216767981.2473
2024-09-04,ARTEA,Artea pensija 1968-1974,1.6627,215579206.455
2024-09-05,ARTEA,Artea pensija 1968-1974,1.6582,215002922.7012
2024-09-06,ARTEA,Artea pensija 1968-1974,1.6476,213541730.5934
2024-09-09,ARTEA,Artea pensija 1968-1974,1.6566,214701369.544
2024-09-10,ARTEA,Artea pensija 1968-1974,1.6569,214666186.7132
2024-09-11,ARTEA,Artea pensija 1968-1974,1.6543,214343584.7389
2024-09-12,ARTEA,Artea pensija 1968-1974,1.6676,217421911.5805
2024-09-13,ARTEA,Artea pensija 1968-1974,1.6749,218327451.9234
2024-09-16,ARTEA,Artea pensija 1968-1974,1.6734,218038386.3606
2024-09-17,ARTEA,Artea pensija 1968-1974,1.6793,218624638.2429
2024-09-18,ARTEA,Artea pensija 1968-1974,1.6745,217983964.1365
2024-09-19,ARTEA,Artea pensija 1968-1974,1.6859,219412201.2069
2024-09-20,ARTEA,Artea pensija 1968-1974,1.6801,218584011.8984
2024-09-23,ARTEA,Artea pensija 1968-1974,1.6854,219234286.95
2024-09-24,ARTEA,Artea pensija 1968-1974,1.6878,219514040.238
2024-09-25,ARTEA,Artea pensija 1968-1974,1.6876,219391482.1458
2024-09-26,ARTEA,Artea pensija 1968-1974,1.6925,219949390.4128
2024-09-27,ARTEA,Artea pensija 1968-1974,1.6959,220243831.5109
2024-09-30,ARTEA,Artea pensija 1968-1974,1.6909,219601268.7642
2024-10-01,ARTEA,Artea pensija 1968-1974,1.6939,219903252.4761
2024-10-02,ARTEA,Artea pensija 1968-1974,1.6968,220154583.2302
2024-10-03,ARTEA,Artea pensija 1968-1974,1.6933,219650202.4445
2024-10-04,ARTEA,Artea pensija 1968-1974,1.6971,220141434.0679
2024-10-07,ARTEA,Artea pensija 1968-1974,1.6982,220294709.4233
2024-10-08,ARTEA,Artea pensija 1968-1974,1.6978,220132211.4624
2024-10-09,ARTEA,Artea pensija 1968-1974,1.7036,220916410.0651
2024-10-10,ARTEA,Artea pensija 1968-1974,1.7044,222292923.3826
2024-10-11,ARTEA,Artea pensija 1968-1974,1.7087,222800086.8811
2024-10-14,ARTEA,Artea pensija 1968-1974,1.7151,223522804.675
2024-10-15,ARTEA,Artea pensija 1968-1974,1.7156,223371309.0226
2024-10-16,ARTEA,Artea pensija 1968-1974,1.7172,223625769.1583
2024-10-17,ARTEA,Artea pensija 1968-1974,1.7232,224414471.5732
2024-10-18,ARTEA,Artea pensija 1968-1974,1.7225,224332871.1109
2024-10-21,ARTEA,Artea pensija 1968-1974,1.7167,223585040.807
2024-10-22,ARTEA,Artea pensija 1968-1974,1.7152,223332257.9078
2024-10-23,ARTEA,Artea pensija 1968-1974,1.713,223014507.5853
2024-10-24,ARTEA,Artea pensija 1968-1974,1.7128,222957816.2627
2024-10-25,ARTEA,Artea pensija 1968-1974,1.7151,223221791.0901
2024-10-28,ARTEA,Artea pensija 1968-1974,1.7157,223266369.9921
2024-10-29,ARTEA,Artea pensija 1968-1974,1.7154,223186074.1329
2024-10-30,ARTEA,Artea pensija 1968-1974,1.7099,222463062.0209
2024-10-31,ARTEA,Artea pensija 1968-1974,1.6966,220681197.6198
2024-11-04,ARTEA,Artea pensija 1968-1974,1.6977,220734888.9855
2024-11-05,ARTEA,Artea pensija 1968-1974,1.7003,221102514.777
2024-11-06,ARTEA,Artea pensija 1968-1974,1.7205,223735213.9132
2024-11-07,ARTEA,Artea pensija 1968-1974,1.7269,224623162.3947
2024-11-08,ARTEA,Artea pensija 1968-1974,1.7314,226512797.0192
2024-11-11,ARTEA,Artea pensija 1968-1974,1.7399,227562429.4895
2024-11-12,ARTEA,Artea pensija 1968-1974,1.734,226566484.2472
2024-11-13,ARTEA,Artea pensija 1968-1974,1.7352,226861336.5626
2024-11-14,ARTEA,Artea pensija 1968-1974,1.7369,227001004.4203
2024-11-15,ARTEA,Artea pensija 1968-1974,1.7278,225765361.1083
2024-11-18,ARTEA,Artea pensija 1968-1974,1.7305,226082967.1104
2024-11-19,ARTEA,Artea pensija 1968-1974,1.7308,226146362.665
2024-11-20,ARTEA,Artea pensija 1968-1974,1.7315,226203052.0284
2024-11-21,ARTEA,Artea pensija 1968-1974,1.7424,227620870.176
2024-11-22,ARTEA,Artea pensija 1968-1974,1.7545,229066805.0832
2024-11-25,ARTEA,Artea pensija 1968-1974,1.7547,229047315.9795
2024-11-26,ARTEA,Artea pensija 1968-1974,1.7545,228906194.5447
2024-11-27,ARTEA,Artea pensija 1968-1974,1.7481,228084401.4152
2024-11-28,ARTEA,Artea pensija 1968-1974,1.7515,228463554.4778
2024-11-29,ARTEA,Artea pensija 1968-1974,1.7551,228900956.9448
2024-12-02,ARTEA,Artea pensija 1968-1974,1.7625,229877287.1024
2024-12-03,ARTEA,Artea pensija 1968-1974,1.7625,229770022.9543
2024-12-04,ARTEA,Artea pensija 1968-1974,1.7658,230241368.6445
2024-12-05,ARTEA,Artea pensija 1968-1974,1.7646,230097693.7953
2024-12-06,ARTEA,Artea pensija 1968-1974,1.7652,230167783.365
2024-12-09,ARTEA,Artea pensija 1968-1974,1.7626,229762731.4162
2024-12-10,ARTEA,Artea pensija 1968-1974,1.7659,230162988.9823
2024-12-11,ARTEA,Artea pensija 1968-1974,1.7706,230812465.5648
2024-12-12,ARTEA,Artea pensija 1968-1974,1.7686,231872690.8694
2024-12-13,ARTEA,Artea pensija 1968-1974,1.7636,231214555.7709
2024-12-16,ARTEA,Artea pensija 1968-1974,1.7636,230870452.0195
2024-12-17,ARTEA,Artea pensija 1968-1974,1.7589,230184369.2071
2024-12-18,ARTEA,Artea pensija 1968-1974,1.7601,230392671.1524
2024-12-19,ARTEA,Artea pensija 1968-1974,1.744,228185203.0809
2024-12-20,ARTEA,Artea pensija 1968-1974,1.7451,228271668.3408
2024-12-23,ARTEA,Artea pensija 1968-1974,1.7431,227976727.0591
2024-12-27,ARTEA,Artea pensija 1968-1974,1.7457,228294566.1881
2024-12-30,ARTEA,Artea pensija 1968-1974,1.7401,227554820.5656
2024-12-31,ARTEA,Artea pensija 1968-1974,1.7404,227534088.2776
2025-01-02,ARTEA,Artea pensija 1968-1974,1.7554,229492087.3562
2025-01-03,ARTEA,Artea pensija 1968-1974,1.7536,229307365.63
2025-01-06,ARTEA,Artea pensija 1968-1974,1.7587,229995539.7965
2025-01-07,ARTEA,Artea pensija 1968-1974,1.7524,229112956.8302
2025-01-08,ARTEA,Artea pensija 1968-1974,1.7509,228920050.3869
2025-01-09,ARTEA,Artea pensija 1968-1974,1.7539,230596394.749
2025-01-10,ARTEA,Artea pensija 1968-1974,1.744,229236425.9679
2025-01-13,ARTEA,Artea pensija 1968-1974,1.7417,228579279.5991
2025-01-14,ARTEA,Artea pensija 1968-1974,1.742,228386430.9947
2025-01-15,ARTEA,Artea pensija 1968-1974,1.7566,230222744.6532
2025-01-16,ARTEA,Artea pensija 1968-1974,1.76,230625379.5086
2025-01-17,ARTEA,Artea pensija 1968-1974,1.7679,231552125.3103
2025-01-20,ARTEA,Artea pensija 1968-1974,1.7649,231163404.7089
2025-01-21,ARTEA,Artea pensija 1968-1974,1.7664,231325888.4241
2025-01-22,ARTEA,Artea pensija 1968-1974,1.7712,231879738.5755
2025-01-23,ARTEA,Artea pensija 1968-1974,1.7723,231796945.3087
2025-01-24,ARTEA,Artea pensija 1968-1974,1.7687,231161488.3097
2025-01-27,ARTEA,Artea pensija 1968-1974,1.7555,229364029.5416
2025-01-28,ARTEA,Artea pensija 1968-1974,1.7644,230346282.4829
2025-01-29,ARTEA,Artea pensija 1968-1974,1.7692,230899209.9971
2025-01-30,ARTEA,Artea pensija 1968-1974,1.7742,231492942.2486
2025-01-31,ARTEA,Artea pensija 1968-1974,1.7806,232330071.553
2025-02-03,ARTEA,Artea pensija 1968-1974,1.7753,231470035.598
2025-02-04,ARTEA,Artea pensija 1968-1974,1.7751,231420867.5593
2025-02-05,ARTEA,Artea pensija 1968-1974,1.7747,231334258.6363
2025-02-06,ARTEA,Artea pensija 1968-1974,1.783,232375652.2215
2025-02-07,ARTEA,Artea pensija 1968-1974,1.7813,232127808.1243
2025-02-10,ARTEA,Artea pensija 1968-1974,1.7861,232695776.0896
2025-02-11,ARTEA,Artea pensija 1968-1974,1.7833,232226837.62
2025-02-12,ARTEA,Artea pensija 1968-1974,1.7759,231308586.5919
2025-02-13,ARTEA,Artea pensija 1968-1974,1.7825,233555240.7621
2025-02-14,ARTEA,Artea pensija 1968-1974,1.7822,233504430.7839
2025-02-17,ARTEA,Artea pensija 1968-1974,1.7869,233915293.0147
2025-02-18,ARTEA,Artea pensija 1968-1974,1.7886,234051642.6541
2025-02-19,ARTEA,Artea pensija 1968-1974,1.7907,234296690.617
2025-02-20,ARTEA,Artea pensija 1968-1974,1.7841,233277680.5483
2025-02-21,ARTEA,Artea pensija 1968-1974,1.7852,233210616.4271
2025-02-24,ARTEA,Artea pensija 1968-1974,1.7769,232023214.1432
2025-02-25,ARTEA,Artea pensija 1968-1974,1.7676,230782278.3226
2025-02-26,ARTEA,Artea pensija 1968-1974,1.7777,231988830.7288
2025-02-27,ARTEA,Artea pensija 1968-1974,1.7778,231790865.754
2025-02-28,ARTEA,Artea pensija 1968-1974,1.7695,230682427.3713
2025-03-03,ARTEA,Artea pensija 1968-1974,1.7709,230818856.9617
2025-03-04,ARTEA,Artea pensija 1968-1974,1.7425,227008472.7409
2025-03-05,ARTEA,Artea pensija 1968-1974,1.7307,225522714.592
2025-03-06,ARTEA,Artea pensija 1968-1974,1.7287,226619134.0144
2025-03-07,ARTEA,Artea pensija 1968-1974,1.717,225081806.7738
2025-03-10,ARTEA,Artea pensija 1968-1974,1.7141,224458430.5622
2025-03-12,ARTEA,Artea pensija 1968-1974,1.7039,223099097.6082
2025-03-13,ARTEA,Artea pensija 1968-1974,1.6986,222348517.3057
2025-03-14,ARTEA,Artea pensija 1968-1974,1.7061,223293938.7846
2025-03-17,ARTEA,Artea pensija 1968-1974,1.7113,223939256.3499
2025-03-18,ARTEA,Artea pensija 1968-1974,1.709,223583803.6774
2025-03-19,ARTEA,Artea pensija 1968-1974,1.7169,224550228.9244
2025-03-20,ARTEA,Artea pensija 1968-1974,1.7208,225025722.7489
2025-03-21,ARTEA,Artea pensija 1968-1974,1.7181,224643479.5014
2025-03-24,ARTEA,Artea pensija 1968-1974,1.7308,226288679.9922
2025-03-25,ARTEA,Artea pensija 1968-1974,1.7331,226598116.9593
2025-03-26,ARTEA,Artea pensija 1968-1974,1.729,226001225.39
2025-03-27,ARTEA,Artea pensija 1968-1974,1.7257,225466357.8535
2025-03-28,ARTEA,Artea pensija 1968-1974,1.7103,223426634.2864
2025-03-31,ARTEA,Artea pensija 1968-1974,1.7053,222601090.3286
2025-04-01,ARTEA,Artea pensija 1968-1974,1.7149,223735825.6295
2025-04-02,ARTEA,Artea pensija 1968-1974,1.7151,223676903.4263
2025-04-03,ARTEA,Artea pensija 1968-1974,1.6768,218616398.8943
2025-04-04,ARTEA,Artea pensija 1968-1974,1.6426,214130927.4937
2025-04-07,ARTEA,Artea pensija 1968-1974,1.6187,210972975.4558
2025-04-08,ARTEA,Artea pensija 1968-1974,1.6447,214196208.2834
2025-04-09,ARTEA,Artea pensija 1968-1974,1.6054,209023523.6324
2025-04-10,ARTEA,Artea pensija 1968-1974,1.64,213562007.7828
2025-04-11,ARTEA,Artea pensija 1968-1974,1.6334,214032547.4955
2025-04-14,ARTEA,Artea pensija 1968-1974,1.6525,216474791.5802
2025-04-15,ARTEA,Artea pensija 1968-1974,1.6622,217417717.4197
2025-04-16,ARTEA,Artea pensija 1968-1974,1.6545,216434382.0513
2025-04-17,ARTEA,Artea pensija 1968-1974,1.6496,215796566.8579
2025-04-18,ARTEA,Artea pensija 1968-1974,1.6497,215706307.2707
2025-04-22,ARTEA,Artea pensija 1968-1974,1.6454,215027970.0699
2025-04-23,ARTEA,Artea pensija 1968-1974,1.6679,217851175.4794
2025-04-24,ARTEA,Artea pensija 1968-1974,1.6755,218787211.1635
2025-04-25,ARTEA,Artea pensija 1968-1974,1.6791,219147488.7949
2025-04-28,ARTEA,Artea pensija 1968-1974,1.6801,219165759.1449
2025-04-29,ARTEA,Artea pensija 1968-1974,1.6837,219615898.0396
2025-04-30,ARTEA,Artea pensija 1968-1974,1.6854,219794323.3212
2025-05-02,ARTEA,Artea pensija 1968-1974,1.7036,222095837.8635
2025-05-05,ARTEA,Artea pensija 1968-1974,1.7062,222346933.4246
2025-05-06,ARTEA,Artea pensija 1968-1974,1.701,221622584.4274
2025-05-07,ARTEA,Artea pensija 1968-1974,1.6992,221412632.5392
2025-05-08,ARTEA,Artea pensija 1968-1974,1.7091,224183143.7678
2025-05-09,ARTEA,Artea pensija 1968-1974,1.7094,224270552.6462
2025-05-12,ARTEA,Artea pensija 1968-1974,1.7354,227612873.4662
2025-05-13,ARTEA,Artea pensija 1968-1974,1.7402,228171101.403
2025-05-14,ARTEA,Artea pensija 1968-1974,1.7381,227921999.3068
2025-05-15,ARTEA,Artea pensija 1968-1974,1.7419,228368438.8115
2025-05-16,ARTEA,Artea pensija 1968-1974,1.7486,229177310.3044
2025-05-19,ARTEA,Artea pensija 1968-1974,1.7453,228738428.8739
2025-05-20,ARTEA,Artea pensija 1968-1974,1.7472,228965057.1432
2025-05-21,ARTEA,Artea pensija 1968-1974,1.7404,228047619.5335
2025-05-22,ARTEA,Artea pensija 1968-1974,1.7353,227284393.483
2025-05-23,ARTEA,Artea pensija 1968-1974,1.7284,226307548.4919
2025-05-26,ARTEA,Artea pensija 1968-1974,1.7356,227208851.2265
2025-05-27,ARTEA,Artea pensija 1968-1974,1.7421,228048467.4579
2025-05-28,ARTEA,Artea pensija 1968-1974,1.7431,228156718.5006
2025-05-29,ARTEA,Artea pensija 1968-1974,1.7404,227800096.559
2025-05-30,ARTEA,Artea pensija 1968-1974,1.7396,227690959.1062
2025-06-02,ARTEA,Artea pensija 1968-1974,1.7359,227139472.4609
2025-06-03,ARTEA,Artea pensija 1968-1974,1.7457,228403732.2168
2025-06-04,ARTEA,Artea pensija 1968-1974,1.7478,228682048.9845
2025-06-05,ARTEA,Artea pensija 1968-1974,1.747,228513180.1364
2025-06-06,ARTEA,Artea pensija 1968-1974,1.75,228895747.6207
2025-06-09,ARTEA,Artea pensija 1968-1974,1.7517,228977927.3996
2025-06-10,ARTEA,Artea pensija 1968-1974,1.7534,229151045.9932
2025-06-11,ARTEA,Artea pensija 1968-1974,1.7539,229258547.2887
2025-06-12,ARTEA,Artea pensija 1968-1974,1.7472,230005431.5907
2025-06-13,ARTEA,Artea pensija 1968-1974,1.7418,229264283.4106
2025-06-16,ARTEA,Artea pensija 1968-1974,1.7459,229556021.2203
2025-06-17,ARTEA,Artea pensija 1968-1974,1.7434,229160443.1875
2025-06-18,ARTEA,Artea pensija 1968-1974,1.7438,229269994.4262
2025-06-19,ARTEA,Artea pensija 1968-1974,1.7369,228326724.4937
2025-06-20,ARTEA,Artea pensija 1968-1974,1.7399,228731715.0366
2025-06-23,ARTEA,Artea pensija 1968-1974,1.7386,228447881.6932
2025-06-25,ARTEA,Artea pensija 1968-1974,1.7473,229479001.4383
2025-06-26,ARTEA,Artea pensija 1968-1974,1.7483,229568589.837
2025-06-27,ARTEA,Artea pensija 1968-1974,1.7541,230318877.2561
2025-06-30,ARTEA,Artea pensija 1968-1974,1.7532,230163338.3974
2025-07-01,ARTEA,Artea pensija 1968-1974,1.7535,230117497.24
2025-07-02,ARTEA,Artea pensija 1968-1974,1.7551,230311894.81
2025-07-03,ARTEA,Artea pensija 1968-1974,1.7641,231477205.35999998
2025-07-04,ARTEA,Artea pensija 1968-1974,1.7587,230758881.42
2025-07-07,ARTEA,Artea pensija 1968-1974,1.7606,230976419.45000002
2025-07-08,ARTEA,Artea pensija 1968-1974,1.7598,230858157.62
2025-07-09,ARTEA,Artea pensija 1968-1974,1.7627,231268873.13000003
2025-07-10,ARTEA,Artea pensija 1968-1974,1.7684,233393509.48
2025-07-11,ARTEA,Artea pensija 1968-1974,1.7632,232712602.58
2025-07-14,ARTEA,Artea pensija 1968-1974,1.7634,232260107.5
2025-07-15,ARTEA,Artea pensija 1968-1974,1.7683,232807058.41000003
2025-07-16,ARTEA,Artea pensija 1968-1974,1.7578,231435258.54
2025-07-17,ARTEA,Artea pensija 1968-1974,1.7729,233279053.22
2025-07-18,ARTEA,Artea pensija 1968-1974,1.7697,232729695.16
2025-07-21,ARTEA,Artea pensija 1968-1974,1.7722,233108550.32
2025-07-22,ARTEA,Artea pensija 1968-1974,1.7673,232461193.72
2025-07-23,ARTEA,Artea pensija 1968-1974,1.7739,233338402.85
2025-07-24,ARTEA,Artea pensija 1968-1974,1.7749,233332127.54000002
2025-07-25,ARTEA,Artea pensija 1968-1974,1.7759,233436812.82999998
2025-07-28,ARTEA,Artea pensija 1968-1974,1.7832,234413945.42
2025-07-29,ARTEA,Artea pensija 1968-1974,1.7863,234813539.41
2025-07-30,ARTEA,Artea pensija 1968-1974,1.7904,235233856.7
2025-07-31,ARTEA,Artea pensija 1968-1974,1.7922,235351638.48000002
2025-08-01,ARTEA,Artea pensija 1968-1974,1.7693,232310486.56
2025-08-04,ARTEA,Artea pensija 1968-1974,1.7784,233369835.54
2025-08-05,ARTEA,Artea pensija 1968-1974,1.7776,233246530.19
2025-08-06,ARTEA,Artea pensija 1968-1974,1.7786,233436762.79000002
2025-08-07,ARTEA,Artea pensija 1968-1974,1.7821,235264780.75
2025-08-08,ARTEA,Artea pensija 1968-1974,1.7839,235501895.54
2025-08-11,ARTEA,Artea pensija 1968-1974,1.7889,235988973.28
2025-08-12,ARTEA,Artea pensija 1968-1974,1.7883,235861275.13
2025-08-13,ARTEA,Artea pensija 1968-1974,1.7917,236423056.1
2025-08-14,ARTEA,Artea pensija 1968-1974,1.7954,236897586.26999998
2025-08-18,ARTEA,Artea pensija 1968-1974,1.7943,236707492.07
2025-08-19,ARTEA,Artea pensija 1968-1974,1.795,236690557.42
2025-08-20,ARTEA,Artea pensija 1968-1974,1.7908,236160486.51999998
2025-08-21,ARTEA,Artea pensija 1968-1974,1.7928,236339087.07
2025-08-22,ARTEA,Artea pensija 1968-1974,1.798,236972933.01000002
2025-08-25,ARTEA,Artea pensija 1968-1974,1.7968,236736732.25
2025-08-26,ARTEA,Artea pensija 1968-1974,1.7946,236370658.57
2025-08-27,ARTEA,Artea pensija 1968-1974,1.8002,236997863.44
2025-08-28,ARTEA,Artea pensija 1968-1974,1.7986,236749792.06
2025-08-29,ARTEA,Artea pensija 1968-1974,1.7926,235812742.47
2025-09-01,ARTEA,Artea pensija 1968-1974,1.7945,236048505.88
2025-09-02,ARTEA,Artea pensija 1968-1974,1.7864,234942340.35
2025-09-03,ARTEA,Artea pensija 1968-1974,1.7921,235695288.08999997
2025-09-04,ARTEA,Artea pensija 1968-1974,1.7999,236627613.52
2025-09-05,ARTEA,Artea pensija 1968-1974,1.7975,236232017.23000002
2025-09-08,ARTEA,Artea pensija 1968-1974,1.8029,236905523.66
2025-09-09,ARTEA,Artea pensija 1968-1974,1.8041,237084247.35999998
2025-09-10,ARTEA,Artea pensija 1968-1974,1.8088,237738357.49
2025-09-11,ARTEA,Artea pensija 1968-1974,1.8148,239909970.10999998
2025-09-12,ARTEA,Artea pensija 1968-1974,1.8144,239841839.81
2025-09-15,ARTEA,Artea pensija 1968-1974,1.8158,239727707.81
2025-09-16,ARTEA,Artea pensija 1968-1974,1.8101,238992243.73999998
2025-09-17,ARTEA,Artea pensija 1968-1974,1.811,239131088.94
2025-09-18,ARTEA,Artea pensija 1968-1974,1.8191,240158809.69
2025-09-19,ARTEA,Artea pensija 1968-1974,1.8187,240117745.4
2025-09-22,ARTEA,Artea pensija 1968-1974,1.82,240327353.11
2025-09-23,ARTEA,Artea pensija 1968-1974,1.8221,240597261.44
2025-09-24,ARTEA,Artea pensija 1968-1974,1.8202,240285020.21
2025-09-25,ARTEA,Artea pensija 1968-1974,1.8174,239948042.92
2025-09-26,ARTEA,Artea pensija 1968-1974,1.8175,239953720.75
2025-09-29,ARTEA,Artea pensija 1968-1974,1.8209,240377936.38
2025-09-30,ARTEA,Artea pensija 1968-1974,1.8199,240237753.24
2025-10-01,ARTEA,Artea pensija 1968-1974,1.8266,241089823.53
2025-10-02,ARTEA,Artea pensija 1968-1974,1.8297,241427059.11999997
2025-10-03,ARTEA,Artea pensija 1968-1974,1.8353,242189398.79
2025-10-06,ARTEA,Artea pensija 1968-1974,1.8382,242478006.28
2025-10-07,ARTEA,Artea pensija 1968-1974,1.8367,242210607.38
2025-10-08,ARTEA,Artea pensija 1968-1974,1.8452,243384492.6
2025-10-09,ARTEA,Artea pensija 1968-1974,1.8455,244759130.17
2025-10-10,ARTEA,Artea pensija 1968-1974,1.8307,242794351.68
2025-10-13,ARTEA,Artea pensija 1968-1974,1.8381,243366822.74
2025-10-14,ARTEA,Artea pensija 1968-1974,1.8347,242812936.05
2025-10-15,ARTEA,Artea pensija 1968-1974,1.8425,243989967.85
2025-10-16,ARTEA,Artea pensija 1968-1974,1.8422,243871720.82999998
2025-10-17,ARTEA,Artea pensija 1968-1974,1.8334,242711765.82
2025-10-20,ARTEA,Artea pensija 1968-1974,1.848,244633766.03
2025-10-21,ARTEA,Artea pensija 1968-1974,1.8517,245011415.15
2025-10-22,ARTEA,Artea pensija 1968-1974,1.8474,244298909.92000002
2025-10-23,ARTEA,Artea pensija 1968-1974,1.8499,244478343.61999997
2025-10-24,ARTEA,Artea pensija 1968-1974,1.8559,245209448.75
2025-10-27,ARTEA,Artea pensija 1968-1974,1.8619,245904018.47
2025-10-28,ARTEA,Artea pensija 1968-1974,1.8632,246032452.91
2025-10-29,ARTEA,Artea pensija 1968-1974,1.8653,246326291.48000002
2025-10-30,ARTEA,Artea pensija 1968-1974,1.8653,246274204.64000002
2025-10-31,ARTEA,Artea pensija 1968-1974,1.8647,246046506.04
2025-11-03,ARTEA,Artea pensija 1968-1974,1.8664,246251257.59
2025-11-04,ARTEA,Artea pensija 1968-1974,1.8628,245671036.59
2025-11-05,ARTEA,Artea pensija 1968-1974,1.8634,245739285.63000003
2025-11-06,ARTEA,Artea pensija 1968-1974,1.8522,244097664.04
2025-11-07,ARTEA,Artea pensija 1968-1974,1.8418,242748509.03
2025-11-10,ARTEA,Artea pensija 1968-1974,1.859,245005341.1
2025-11-11,ARTEA,Artea pensija 1968-1974,1.8621,245369037.09
2025-11-12,ARTEA,Artea pensija 1968-1974,1.8671,246046326.93
2025-11-13,ARTEA,Artea pensija 1968-1974,1.8556,245913360.7
2025-11-14,ARTEA,Artea pensija 1968-1974,1.8541,245740438.54
2025-11-17,ARTEA,Artea pensija 1968-1974,1.8519,245222288.35
2025-11-18,ARTEA,Artea pensija 1968-1974,1.8416,243745536.87
2025-11-19,ARTEA,Artea pensija 1968-1974,1.844,244253237.44
2025-11-20,ARTEA,Artea pensija 1968-1974,1.8482,244792057.73
2025-11-21,ARTEA,Artea pensija 1968-1974,1.8403,243776786.9
2025-11-24,ARTEA,Artea pensija 1968-1974,1.8503,244996446.35000002
2025-11-25,ARTEA,Artea pensija 1968-1974,1.8521,245198439.88
2025-11-26,ARTEA,Artea pensija 1968-1974,1.8622,246475820.98999998
2025-11-27,ARTEA,Artea pensija 1968-1974,1.8619,246373136.24
2025-11-28,ARTEA,Artea pensija 1968-1974,1.8655,246789668.95000002
2025-12-01,ARTEA,Artea pensija 1968-1974,1.8612,246189244.38
2025-12-02,ARTEA,Artea pensija 1968-1974,1.8612,246152060.01000002
2025-12-03,ARTEA,Artea pensija 1968-1974,1.8621,246169817.44
2025-12-04,ARTEA,Artea pensija 1968-1974,1.8647,246548362.99
2025-12-05,ARTEA,Artea pensija 1968-1974,1.8676,246897791.97
2025-12-08,ARTEA,Artea pensija 1968-1974,1.8649,246482484.06
2025-12-09,ARTEA,Artea pensija 1968-1974,1.865,246456414.10999998
2025-12-10,ARTEA,Artea pensija 1968-1974,1.8632,246250879.01
2025-12-11,ARTEA,Artea pensija 1968-1974,1.8622,247454352.61
2025-12-12,ARTEA,Artea pensija 1968-1974,1.8569,246691606.47
2025-12-15,ARTEA,Artea pensija 1968-1974,1.8584,246676136.08
2025-12-16,ARTEA,Artea pensija 1968-1974,1.8534,245881767.74
2025-12-17,ARTEA,Artea pensija 1968-1974,1.8495,245550952.39999998
2025-12-18,ARTEA,Artea pensija 1968-1974,1.8588,246695050.91
2025-12-19,ARTEA,Artea pensija 1968-1974,1.8622,247111563.27999997
2025-12-22,ARTEA,Artea pensija 1968-1974,1.8647,247336925.34
2025-12-23,ARTEA,Artea pensija 1968-1974,1.8671,247644161.7
2025-12-29,ARTEA,Artea pensija 1968-1974,1.8707,248120581.72
2025-12-30,ARTEA,Artea pensija 1968-1974,1.8724,248240597.56
2025-12-31,ARTEA,Artea pensija 1968-1974,1.8727,248299061.08999997
2026-01-02,ARTEA,Artea pensija 1968-1974,1.8717,248028627.82999998
2026-01-05,ARTEA,Artea pensija 1968-1974,1.8834,249188566.89
2026-01-06,ARTEA,Artea pensija 1968-1974,1.8877,249577596.1
2026-01-07,ARTEA,Artea pensija 1968-1974,1.8909,249896365.3
2026-01-08,ARTEA,Artea pensija 1968-1974,1.8879,250761926.59
2026-01-09,ARTEA,Artea pensija 1968-1974,1.8954,251521652.31
2026-01-12,ARTEA,Artea pensija 1968-1974,1.8954,251112352.54
2026-01-13,ARTEA,Artea pensija 1968-1974,1.8968,251234437.34
2026-01-14,ARTEA,Artea pensija 1968-1974,1.8928,250675442.75
2026-01-15,ARTEA,Artea pensija 1968-1974,1.9038,252091550.73000002
2026-01-16,ARTEA,Artea pensija 1968-1974,1.9019,251839200.3
2026-01-19,ARTEA,Artea pensija 1968-1974,1.8918,250341319.07999998
2026-01-20,ARTEA,Artea pensija 1968-1974,1.8833,249053123.61
2026-01-21,ARTEA,Artea pensija 1968-1974,1.8854,249289112.63
2026-01-22,ARTEA,Artea pensija 1968-1974,1.8935,250277843.72
2026-01-23,ARTEA,Artea pensija 1968-1974,1.8913,249916680.2
2026-01-26,ARTEA,Artea pensija 1968-1974,1.8895,249507204.29999998
2026-01-27,ARTEA,Artea pensija 1968-1974,1.8893,249285519.35999998
2026-01-28,ARTEA,Artea pensija 1968-1974,1.8908,249374988.22
2026-01-29,ARTEA,Artea pensija 1968-1974,1.8837,248507254.66
2026-01-30,ARTEA,Artea pensija 1968-1974,1.889,249019201.32999998
2026-02-02,ARTEA,Artea pensija 1968-1974,1.8966,249919003.85999998
2026-02-03,ARTEA,Artea pensija 1968-1974,1.8959,249684244.95999998
2026-02-04,ARTEA,Artea pensija 1968-1974,1.8937,249362714.8
2026-02-05,ARTEA,Artea pensija 1968-1974,1.8865,248419222.95
2026-02-06,ARTEA,Artea pensija 1968-1974,1.8945,250879791.76
2026-02-09,ARTEA,Artea pensija 1968-1974,1.9006,251630440.94
2026-02-10,ARTEA,Artea pensija 1968-1974,1.9043,251976025.57999998
2026-02-11,ARTEA,Artea pensija 1968-1974,1.9058,252076129.76
2026-02-12,ARTEA,Artea pensija 1968-1974,1.8996,251290130.3
2026-02-13,ARTEA,Artea pensija 1968-1974,1.9022,251589637.51000002
2026-02-17,ARTEA,Artea pensija 1968-1974,1.9039,251768658.36
2026-02-18,ARTEA,Artea pensija 1968-1974,1.9125,252874992.82
2026-02-19,ARTEA,Artea pensija 1968-1974,1.9101,252489040.13
2026-02-20,ARTEA,Artea pensija 1968-1974,1.9153,253059155.82
2026-02-23,ARTEA,Artea pensija 1968-1974,1.9094,252238190.73
2026-02-24,ARTEA,Artea pensija 1968-1974,1.9165,253031412.49
2026-02-25,ARTEA,Artea pensija 1968-1974,1.9229,253793934.26999998
2026-02-26,ARTEA,Artea pensija 1968-1974,1.9206,253488338.35999998
2026-02-27,ARTEA,Artea pensija 1968-1974,1.9177,253150298.14000002
2026-03-02,ARTEA,Artea pensija 1968-1974,1.9148,252600316.25
2026-03-03,ARTEA,Artea pensija 1968-1974,1.8971,250137289.51999998
2026-03-04,ARTEA,Artea pensija 1968-1974,1.9079,251463142.64000002
2026-03-05,ARTEA,Artea pensija 1968-1974,1.9013,250577659.36
2026-03-06,ARTEA,Artea pensija 1968-1974,1.8903,249081814.85999998
2026-03-09,ARTEA,Artea pensija 1968-1974,1.8839,248153561.41
2026-03-10,ARTEA,Artea pensija 1968-1974,1.899,250095996.77
2026-03-12,ARTEA,Artea pensija 1968-1974,1.8848,248129693.02
2026-03-13,ARTEA,Artea pensija 1968-1974,1.8836,249314443.72
2026-03-16,ARTEA,Artea pensija 1968-1974,1.8848,249329718.53
2026-03-17,ARTEA,Artea pensija 1968-1974,1.889,249749046.26
2026-03-18,ARTEA,Artea pensija 1968-1974,1.8849,249032928.83
2026-03-19,ARTEA,Artea pensija 1968-1974,1.8698,247098950.25
2026-03-20,ARTEA,Artea pensija 1968-1974,1.8599,245743612.76000002
2026-03-23,ARTEA,Artea pensija 1968-1974,1.8636,246241957.64000002
2026-03-24,ARTEA,Artea pensija 1968-1974,1.8625,245958934.22
2026-03-25,ARTEA,Artea pensija 1968-1974,1.8713,247080018.17999998
2026-03-26,ARTEA,Artea pensija 1968-1974,1.86,245586891.07000002
2026-03-27,ARTEA,Artea pensija 1968-1974,1.8472,243752800.82
2026-03-30,ARTEA,Artea pensija 1968-1974,1.8509,244134753.48000002
2026-03-31,ARTEA,Artea pensija 1968-1974,1.852,244091282.32
2026-04-01,ARTEA,Artea pensija 1968-1974,1.8701,246404534.73
2026-04-02,ARTEA,Artea pensija 1968-1974,1.8684,246156832.12
2026-04-03,ARTEA,Artea pensija 1968-1974,1.8678,246047638.11
2026-04-07,ARTEA,Artea pensija 1968-1974,1.8654,159447232.34
2026-04-08,ARTEA,Artea pensija 1968-1974,1.8918,161687960.78
2026-04-09,ARTEA,Artea pensija 1968-1974,1.8922,161599295.42000002
2026-04-10,ARTEA,Artea pensija 1968-1974,1.8953,161783634.33999997
2026-04-13,ARTEA,Artea pensija 1968-1974,1.894,161679886.64000002
2026-04-14,ARTEA,Artea pensija 1968-1974,1.9052,162642347.88
2026-04-15,ARTEA,Artea pensija 1968-1974,1.9083,163731697.39
2026-04-16,ARTEA,Artea pensija 1968-1974,1.9119,163962918.41
2026-04-17,ARTEA,Artea pensija 1968-1974,1.9237,164769917.17999998
2026-04-20,ARTEA,Artea pensija 1968-1974,1.9207,164544807.79
2026-04-21,ARTEA,Artea pensija 1968-1974,1.9197,164526184.16
2026-04-22,ARTEA,Artea pensija 1968-1974,1.9225,164701456.01000002
2026-04-23,ARTEA,Artea pensija 1968-1974,1.9228,164671782.35999998
2026-04-24,ARTEA,Artea pensija 1968-1974,1.9226,164610724.77
2026-04-27,ARTEA,Artea pensija 1968-1974,1.9221,164574367.72
2026-04-28,ARTEA,Artea pensija 1968-1974,1.916,163979398.8
2026-04-29,ARTEA,Artea pensija 1968-1974,1.9163,164000287.81
2026-04-30,ARTEA,Artea pensija 1968-1974,1.9209,164407241.41
2026-05-04,ARTEA,Artea pensija 1968-1974,1.9238,164645914.43
2026-05-05,ARTEA,Artea pensija 1968-1974,1.9304,165234213.89000002
2026-05-06,ARTEA,Artea pensija 1968-1974,1.9435,166337765.38
2026-05-07,ARTEA,Artea pensija 1968-1974,1.9437,166341606.37
2026-05-08,ARTEA,Artea pensija 1968-1974,1.9441,166398366.82
2026-05-11,ARTEA,Artea pensija 1968-1974,1.946,166480051.12
2026-05-12,ARTEA,Artea pensija 1968-1974,1.9352,165551907.12
2026-05-13,ARTEA,Artea pensija 1968-1974,1.9438,166314568.99
2026-05-14,ARTEA,Artea pensija 1968-1974,1.9555,168426211.08999997
2026-05-15,ARTEA,Artea pensija 1968-1974,1.9434,167383257.42
2026-05-18,ARTEA,Artea pensija 1968-1974,1.9389,166854080.49
2026-05-19,ARTEA,Artea pensija 1968-1974,1.9336,166281182.82
2026-05-20,ARTEA,Artea pensija 1968-1974,1.9426,167082155.5
2026-05-21,ARTEA,Artea pensija 1968-1974,1.9445,167257999.29
2026-05-22,ARTEA,Artea pensija 1968-1974,1.9548,168057709.4
2026-05-25,ARTEA,Artea pensija 1968-1974,1.9618,168641911.8
2026-05-26,ARTEA,Artea pensija 1968-1974,1.9607,168521343.31
2026-05-27,ARTEA,Artea pensija 1968-1974,1.9604,168528038.63
2026-05-28,ARTEA,Artea pensija 1968-1974,1.9627,168712962.93
2026-05-29,ARTEA,Artea pensija 1968-1974,1.9674,169104080.65
2026-06-01,ARTEA,Artea pensija 1968-1974,1.9696,169211539.73
2026-06-02,ARTEA,Artea pensija 1968-1974,1.9741,169581995.12
2026-06-03,ARTEA,Artea pensija 1968-1974,1.9706,169272265.01
2026-06-04,ARTEA,Artea pensija 1968-1974,1.9705,169286229.96
2026-06-05,ARTEA,Artea pensija 1968-1974,1.9647,168769772.43
2026-06-08,ARTEA,Artea pensija 1968-1974,1.9604,168375231.41000003
2026-06-09,ARTEA,Artea pensija 1968-1974,1.9523,167674278.16
2026-06-10,ARTEA,Artea pensija 1968-1974,1.95,167493558.01999998
2026-06-11,ARTEA,Artea pensija 1968-1974,1.9522,168591596.87
2026-06-12,ARTEA,Artea pensija 1968-1974,1.9672,169813658.59
2026-06-15,ARTEA,Artea pensija 1968-1974,1.9777,170683947.9
2026-06-16,ARTEA,Artea pensija 1968-1974,1.9777,170554103.82
2026-06-17,ARTEA,Artea pensija 1968-1974,1.9794,170611223.6
2026-06-18,ARTEA,Artea pensija 1968-1974,1.9839,171007377.61
2026-06-19,ARTEA,Artea pensija 1968-1974,1.9825,170899971.83
2026-06-22,ARTEA,Artea pensija 1968-1974,1.9866,171209145.37
2026-06-23,ARTEA,Artea pensija 1968-1974,1.9776,170424819.23999998
2026-06-25,ARTEA,Artea pensija 1968-1974,1.9799,170585482.19
2026-06-26,ARTEA,Artea pensija 1968-1974,1.9763,170263926.08
2026-06-29,ARTEA,Artea pensija 1968-1974,1.9756,170164186.54
2026-06-30,ARTEA,Artea pensija 1968-1974,1.9826,170749670.29
2026-07-01,ARTEA,Artea pensija 1968-1974,1.9837,170857236.26
2026-07-02,ARTEA,Artea pensija 1968-1974,1.9793,170459609.60000002
2026-07-03,ARTEA,Artea pensija 1968-1974,1.9837,170807963.04
2026-07-07,ARTEA,Artea pensija 1968-1974,1.9773,151590347.06
2026-07-08,ARTEA,Artea pensija 1968-1974,1.969,148935721.1
2026-07-09,ARTEA,Artea pensija 1968-1974,1.9785,149474198.88000003
2026-07-10,ARTEA,Artea pensija 1968-1974,1.9793,149570360.34
2026-07-13,ARTEA,Artea pensija 1968-1974,1.9766,149340608.95
2026-07-14,ARTEA,Artea pensija 1968-1974,1.9756,149290731.67000002
2026-07-15,ARTEA,Artea pensija 1968-1974,1.9759,150058258.62
2026-07-16,ARTEA,Artea pensija 1968-1974,1.9736,149841257.21
2026-07-17,ARTEA,Artea pensija 1968-1974,1.9661,149221729.5
2026-07-20,ARTEA,Artea pensija 1968-1974,1.9681,149361569.47
2026-07-21,ARTEA,Artea pensija 1968-1974,1.9721,149616467.62
2026-07-22,ARTEA,Artea pensija 1968-1974,1.972,149610586.65
2026-07-23,ARTEA,Artea pensija 1968-1974,1.9612,148786508.67000002
2026-07-24,ARTEA,Artea pensija 1968-1974,1.9653,149043313.91
2026-07-27,ARTEA,Artea pensija 1968-1974,1.9635,148889721.79
2026-07-28,ARTEA,Artea pensija 1968-1974,1.965,149033899.95000002
2026-07-29,ARTEA,Artea pensija 1968-1974,1.9567,148338422.96
2026-07-30,ARTEA,Artea pensija 1968-1974,1.9538,148053962.18
2026-07-31,ARTEA,Artea pensija 1968-1974,1.9579,148342905.42
2026-08-03,ARTEA,Artea pensija 1968-1974,1.9681,149091181.35
2026-08-04,ARTEA,Artea pensija 1968-1974,1.98,149987256.14
2026-08-05,ARTEA,Artea pensija 1968-1974,1.9832,150243990.74
2026-08-06,ARTEA,Artea pensija 1968-1974,1.9816,150125657.36
2026-08-07,ARTEA,Artea pensija 1968-1974,1.9842,150361409.53
2026-08-10,ARTEA,Artea pensija 1968-1974,1.9837,150286965.22
2026-08-11,ARTEA,Artea pensija 1968-1974,1.9839,150266604.22
2026-08-12,ARTEA,Artea pensija 1968-1974,1.9882,150588826.57
2026-08-13,ARTEA,Artea pensija 1968-1974,1.9932,151696521.29999998
2026-08-14,ARTEA,Artea pensija 1968-1974,1.9892,151395186.32
2026-08-17,ARTEA,Artea pensija 1968-1974,1.9897,151332001.92
2026-08-18,ARTEA,Artea pensija 1968-1974,1.9794,150484376.73999998
2026-08-19,ARTEA,Artea pensija 1968-1974,1.9783,150437411.19
2026-08-20,ARTEA,Artea pensija 1968-1974,1.974,150086549.38000003
2026-08-21,ARTEA,Artea pensija 1968-1974,1.9768,150285947.41
2026-08-24,ARTEA,Artea pensija 1968-1974,1.9751,150165241.2
2026-08-25,ARTEA,Artea pensija 1968-1974,1.9799,150520150.71
2026-08-26,ARTEA,Artea pensija 1968-1974,1.9808,150545615.91
2026-08-27,ARTEA,Artea pensija 1968-1974,1.9827,150715395.45
2026-08-28,ARTEA,Artea pensija 1968-1974,1.9878,151115248.76999998
2026-08-31,ARTEA,Artea pensija 1968-1974,1.9802,150536072.76000002
2026-09-01,ARTEA,Artea pensija 1968-1974,1.9772,150282161.43
2026-09-02,ARTEA,Artea pensija 1968-1974,1.9762,150222294.8
2026-09-03,ARTEA,Artea pensija 1968-1974,1.9822,150672475.67000002
2026-09-04,ARTEA,Artea pensija 1968-1974,1.9837,150699772.48000002
2026-09-07,ARTEA,Artea pensija 1968-1974,1.9827,150628307.34
2026-09-08,ARTEA,Artea pensija 1968-1974,1.983,150671014.81
2026-09-09,ARTEA,Artea pensija 1968-1974,1.9755,150121404.54999998
2026-09-10,ARTEA,Artea pensija 1968-1974,1.9683,150354075.53
2026-09-11,ARTEA,Artea pensija 1968-1974,1.9736,150756881.11
2026-09-14,ARTEA,Artea pensija 1968-1974,1.9694,150359873.54
2026-09-15,ARTEA,Artea pensija 1968-1974,1.9654,150144051.85999998
2026-09-16,ARTEA,Artea pensija 1968-1974,1.9706,150527413.98
2026-09-17,ARTEA,Artea pensija 1968-1974,1.9774,151060221.5
2026-09-18,ARTEA,Artea pensija 1968-1974,1.973,150736821.37
2026-09-21,ARTEA,Artea pensija 1968-1974,1.9835,151506449.89000002
2026-09-22,ARTEA,Artea pensija 1968-1974,1.988,151799770.14
2026-09-23,ARTEA,Artea pensija 1968-1974,1.9832,151532732.89000002
2026-09-24,ARTEA,Artea pensija 1968-1974,1.9753,150939548.39000002
2026-09-25,ARTEA,Artea pensija 1968-1974,1.9771,151028305.88
2026-09-28,ARTEA,Artea pensija 1968-1974,1.9712,150575104.30999997
2026-09-29,ARTEA,Artea pensija 1968-1974,1.9724,150600011.5
2026-09-30,ARTEA,Artea pensija 1968-1974,1.9732,150646287.68
2026-10-01,ARTEA,Artea pensija 1968-1974,1.97,150421217.25
2019-01-02,ARTEA,Artea pensija 1975-1981,1,0
2019-01-03,ARTEA,Artea pensija 1975-1981,1,0
2019-01-04,ARTEA,Artea pensija 1975-1981,1,0
2019-01-07,ARTEA,Artea pensija 1975-1981,1,9759.01
2019-01-08,ARTEA,Artea pensija 1975-1981,1.0111,55858.5742
2019-01-09,ARTEA,Artea pensija 1975-1981,1.0101,65742.0689
2019-01-10,ARTEA,Artea pensija 1975-1981,1.0147,66043.114
2019-01-11,ARTEA,Artea pensija 1975-1981,1.0175,81067.9756
2019-01-14,ARTEA,Artea pensija 1975-1981,1.0151,80883.6638
2019-01-15,ARTEA,Artea pensija 1975-1981,1.0266,105692.4853
2019-01-16,ARTEA,Artea pensija 1975-1981,1.0322,185456.205
2019-01-17,ARTEA,Artea pensija 1975-1981,1.0361,232774.8895
2019-01-18,ARTEA,Artea pensija 1975-1981,1.0526,248154.2747
2019-01-21,ARTEA,Artea pensija 1975-1981,1.0487,257661.3861
2019-01-22,ARTEA,Artea pensija 1975-1981,1.0439,318504.6569
2019-01-23,ARTEA,Artea pensija 1975-1981,1.0373,326877.1038
2019-01-24,ARTEA,Artea pensija 1975-1981,1.0441,375322.3776
2019-01-25,ARTEA,Artea pensija 1975-1981,1.0498,416751.6828
2019-01-28,ARTEA,Artea pensija 1975-1981,1.0368,452582.0576
2019-01-29,ARTEA,Artea pensija 1975-1981,1.0401,536174.1854
2019-01-30,ARTEA,Artea pensija 1975-1981,1.0468,605530.7752
2019-01-31,ARTEA,Artea pensija 1975-1981,1.0571,93732049.4474
2019-02-01,ARTEA,Artea pensija 1975-1981,1.0577,93838638.8586
2019-02-04,ARTEA,Artea pensija 1975-1981,1.0617,94020851.256
2019-02-05,ARTEA,Artea pensija 1975-1981,1.0704,94864532.9103
2019-02-06,ARTEA,Artea pensija 1975-1981,1.0702,94872009.8433
2019-02-07,ARTEA,Artea pensija 1975-1981,1.058,93803344.6198
2019-02-08,ARTEA,Artea pensija 1975-1981,1.0572,93769874.3764
2019-02-11,ARTEA,Artea pensija 1975-1981,1.0662,94400720.2776
2019-02-12,ARTEA,Artea pensija 1975-1981,1.0736,94926620.2615
2019-02-13,ARTEA,Artea pensija 1975-1981,1.0765,95204698.4961
2019-02-14,ARTEA,Artea pensija 1975-1981,1.0745,95198778.2697
2019-02-15,ARTEA,Artea pensija 1975-1981,1.0838,96161746.6661
2019-02-18,ARTEA,Artea pensija 1975-1981,1.084,96113850.7223
2019-02-19,ARTEA,Artea pensija 1975-1981,1.0835,96122284.3942
2019-02-20,ARTEA,Artea pensija 1975-1981,1.0864,96379781.0068
2019-02-21,ARTEA,Artea pensija 1975-1981,1.0846,97105267.5688
2019-02-22,ARTEA,Artea pensija 1975-1981,1.0908,97601218.2283
2019-02-25,ARTEA,Artea pensija 1975-1981,1.096,98134950.0838
2019-02-26,ARTEA,Artea pensija 1975-1981,1.0926,97829225.6154
2019-02-27,ARTEA,Artea pensija 1975-1981,1.0892,97567824.8053
2019-02-28,ARTEA,Artea pensija 1975-1981,1.0868,97368537.2324
2019-03-01,ARTEA,Artea pensija 1975-1981,1.0875,97470976.8623
2019-03-04,ARTEA,Artea pensija 1975-1981,1.0921,98014768.5824
2019-03-05,ARTEA,Artea pensija 1975-1981,1.0952,98391250.4746
2019-03-06,ARTEA,Artea pensija 1975-1981,1.09,97959805.5626
2019-03-07,ARTEA,Artea pensija 1975-1981,1.0885,97854896.8499
2019-03-08,ARTEA,Artea pensija 1975-1981,1.0784,97744590.016
2019-03-12,ARTEA,Artea pensija 1975-1981,1.0924,98848525.1331
2019-03-13,ARTEA,Artea pensija 1975-1981,1.0957,99312953.1628
2019-03-14,ARTEA,Artea pensija 1975-1981,1.0956,99424386.1816
2019-03-15,ARTEA,Artea pensija 1975-1981,1.1014,100094200.9207
2019-03-18,ARTEA,Artea pensija 1975-1981,1.102,100227349.5123
2019-03-19,ARTEA,Artea pensija 1975-1981,1.1067,100705545.1275
2019-03-20,ARTEA,Artea pensija 1975-1981,1.0967,99885572.9815
2019-03-21,ARTEA,Artea pensija 1975-1981,1.1027,100428263.2403
2019-03-22,ARTEA,Artea pensija 1975-1981,1.0938,99716914.1898
2019-03-25,ARTEA,Artea pensija 1975-1981,1.0877,99205582.4774
2019-03-26,ARTEA,Artea pensija 1975-1981,1.0973,100192594.2444
2019-03-27,ARTEA,Artea pensija 1975-1981,1.0955,100148153.231
2019-03-28,ARTEA,Artea pensija 1975-1981,1.0981,100416188.9199
2019-03-29,ARTEA,Artea pensija 1975-1981,1.106,101235389.0258
2019-04-01,ARTEA,Artea pensija 1975-1981,1.1169,102314906.426
2019-04-02,ARTEA,Artea pensija 1975-1981,1.12,102705945.5938
2019-04-03,ARTEA,Artea pensija 1975-1981,1.1251,103273356.4216
2019-04-04,ARTEA,Artea pensija 1975-1981,1.1238,103217217.3852
2019-04-05,ARTEA,Artea pensija 1975-1981,1.1284,104440929.8945
2019-04-08,ARTEA,Artea pensija 1975-1981,1.1251,104067829.1877
2019-04-09,ARTEA,Artea pensija 1975-1981,1.121,103707818.3013
2019-04-10,ARTEA,Artea pensija 1975-1981,1.1245,104342814.8868
2019-04-11,ARTEA,Artea pensija 1975-1981,1.1236,104295505.8139
2019-04-12,ARTEA,Artea pensija 1975-1981,1.1245,104450962.0268
2019-04-15,ARTEA,Artea pensija 1975-1981,1.1245,104474979.5154
2019-04-16,ARTEA,Artea pensija 1975-1981,1.1286,104823133.5281
2019-04-17,ARTEA,Artea pensija 1975-1981,1.1264,104636611.7512
2019-04-18,ARTEA,Artea pensija 1975-1981,1.1307,105076756.5847
2019-04-19,ARTEA,Artea pensija 1975-1981,1.1306,105046793.702
2019-04-23,ARTEA,Artea pensija 1975-1981,1.138,105892707.4136
2019-04-24,ARTEA,Artea pensija 1975-1981,1.1378,105957034.7432
2019-04-25,ARTEA,Artea pensija 1975-1981,1.1387,106284708.4701
2019-04-26,ARTEA,Artea pensija 1975-1981,1.1394,106383279.8044
2019-04-29,ARTEA,Artea pensija 1975-1981,1.1423,106722211.956
2019-04-30,ARTEA,Artea pensija 1975-1981,1.137,106259895.9972
2019-05-02,ARTEA,Artea pensija 1975-1981,1.1327,105897731.9865
2019-05-03,ARTEA,Artea pensija 1975-1981,1.1412,106737021.2742
2019-05-06,ARTEA,Artea pensija 1975-1981,1.1317,105875081.1828
2019-05-07,ARTEA,Artea pensija 1975-1981,1.1214,105027816.7389
2019-05-08,ARTEA,Artea pensija 1975-1981,1.1184,104778102.417
2019-05-09,ARTEA,Artea pensija 1975-1981,1.1005,103957207.9543
2019-05-10,ARTEA,Artea pensija 1975-1981,1.0998,103780581.2392
2019-05-13,ARTEA,Artea pensija 1975-1981,1.0889,102766565.8543
2019-05-14,ARTEA,Artea pensija 1975-1981,1.1015,103977370.4827
2019-05-15,ARTEA,Artea pensija 1975-1981,1.1035,104153488.4524
2019-05-16,ARTEA,Artea pensija 1975-1981,1.1146,105200517.468
2019-05-17,ARTEA,Artea pensija 1975-1981,1.1093,104671822.078
2019-05-20,ARTEA,Artea pensija 1975-1981,1.0992,103739453.2941
2019-05-21,ARTEA,Artea pensija 1975-1981,1.1064,104847908.423
2019-05-22,ARTEA,Artea pensija 1975-1981,1.1051,104888731.0962
2019-05-23,ARTEA,Artea pensija 1975-1981,1.0929,103857863.5119
2019-05-24,ARTEA,Artea pensija 1975-1981,1.0929,103952362.5417
2019-05-27,ARTEA,Artea pensija 1975-1981,1.0959,104294272.4981
2019-05-28,ARTEA,Artea pensija 1975-1981,1.0954,104294650.8675
2019-05-29,ARTEA,Artea pensija 1975-1981,1.0872,103504054.3235
2019-05-30,ARTEA,Artea pensija 1975-1981,1.0917,103975287.1297
2019-05-31,ARTEA,Artea pensija 1975-1981,1.0856,103459158.5632
2019-06-03,ARTEA,Artea pensija 1975-1981,1.0829,103338262.3137
2019-06-04,ARTEA,Artea pensija 1975-1981,1.0888,104051980.1386
2019-06-05,ARTEA,Artea pensija 1975-1981,1.0927,104559682.7576
2019-06-06,ARTEA,Artea pensija 1975-1981,1.0928,105534732.3384
2019-06-07,ARTEA,Artea pensija 1975-1981,1.1,106179062.495
2019-06-10,ARTEA,Artea pensija 1975-1981,1.1015,106277684.3054
2019-06-11,ARTEA,Artea pensija 1975-1981,1.109,107447917.5157
2019-06-12,ARTEA,Artea pensija 1975-1981,1.1048,107054055.3171
2019-06-13,ARTEA,Artea pensija 1975-1981,1.1085,107465940.2605
2019-06-14,ARTEA,Artea pensija 1975-1981,1.1108,107835775.7472
2019-06-17,ARTEA,Artea pensija 1975-1981,1.11,107809493.5143
2019-06-18,ARTEA,Artea pensija 1975-1981,1.1256,109511530.3543
2019-06-19,ARTEA,Artea pensija 1975-1981,1.1247,109512122.4535
2019-06-20,ARTEA,Artea pensija 1975-1981,1.1302,110077816.7609
2019-06-21,ARTEA,Artea pensija 1975-1981,1.1278,110018868.9359
2019-06-25,ARTEA,Artea pensija 1975-1981,1.1162,109087256.9386
2019-06-26,ARTEA,Artea pensija 1975-1981,1.1144,109081486.8512
2019-06-27,ARTEA,Artea pensija 1975-1981,1.1171,109484164.7648
2019-06-28,ARTEA,Artea pensija 1975-1981,1.1208,109969106.2981
2019-07-01,ARTEA,Artea pensija 1975-1981,1.135,111558427.9452
2019-07-02,ARTEA,Artea pensija 1975-1981,1.1361,111770542.5933
2019-07-03,ARTEA,Artea pensija 1975-1981,1.1434,112686657.0981
2019-07-04,ARTEA,Artea pensija 1975-1981,1.1461,113094194.3261
2019-07-05,ARTEA,Artea pensija 1975-1981,1.144,113830974.0867
2019-07-08,ARTEA,Artea pensija 1975-1981,1.1414,113608527.7486
2019-07-09,ARTEA,Artea pensija 1975-1981,1.1396,113438151.8953
2019-07-10,ARTEA,Artea pensija 1975-1981,1.141,113686212.0734
2019-07-11,ARTEA,Artea pensija 1975-1981,1.1425,113872510.5372
2019-07-12,ARTEA,Artea pensija 1975-1981,1.1456,114240594.8264
2019-07-15,ARTEA,Artea pensija 1975-1981,1.1465,114494211.7577
2019-07-16,ARTEA,Artea pensija 1975-1981,1.1499,114880049.7947
2019-07-17,ARTEA,Artea pensija 1975-1981,1.1445,114361667.017
2019-07-18,ARTEA,Artea pensija 1975-1981,1.1405,114004717.1782
2019-07-19,ARTEA,Artea pensija 1975-1981,1.1462,114610686.3044
2019-07-22,ARTEA,Artea pensija 1975-1981,1.1433,114347443.4997
2019-07-23,ARTEA,Artea pensija 1975-1981,1.151,115230110.0319
2019-07-24,ARTEA,Artea pensija 1975-1981,1.1552,115710398.1808
2019-07-25,ARTEA,Artea pensija 1975-1981,1.1517,115347729.5055
2019-07-26,ARTEA,Artea pensija 1975-1981,1.157,115892552.9621
2019-07-29,ARTEA,Artea pensija 1975-1981,1.154,115619405.2397
2019-07-30,ARTEA,Artea pensija 1975-1981,1.1488,115132904.0571
2019-07-31,ARTEA,Artea pensija 1975-1981,1.1497,115269697.7543
2019-08-01,ARTEA,Artea pensija 1975-1981,1.1535,115692528.875
2019-08-02,ARTEA,Artea pensija 1975-1981,1.1233,112708591.6943
2019-08-05,ARTEA,Artea pensija 1975-1981,1.0966,110027576.3002
2019-08-06,ARTEA,Artea pensija 1975-1981,1.0933,109727713.3022
2019-08-07,ARTEA,Artea pensija 1975-1981,1.0937,109780631.528
2019-08-08,ARTEA,Artea pensija 1975-1981,1.1126,112464838.0337
2019-08-09,ARTEA,Artea pensija 1975-1981,1.1056,111744038.1971
2019-08-12,ARTEA,Artea pensija 1975-1981,1.0993,111093612.0194
2019-08-13,ARTEA,Artea pensija 1975-1981,1.1095,112191826.3381
2019-08-14,ARTEA,Artea pensija 1975-1981,1.0942,110650724.0216
2019-08-16,ARTEA,Artea pensija 1975-1981,1.1071,111990000.3218
2019-08-19,ARTEA,Artea pensija 1975-1981,1.1175,113055796.4808
2019-08-20,ARTEA,Artea pensija 1975-1981,1.1147,112764684.2021
2019-08-21,ARTEA,Artea pensija 1975-1981,1.1197,113277826.4492
2019-08-22,ARTEA,Artea pensija 1975-1981,1.116,112900049.0181
2019-08-23,ARTEA,Artea pensija 1975-1981,1.1008,111371871.4387
2019-08-26,ARTEA,Artea pensija 1975-1981,1.1029,111595921.4781
2019-08-27,ARTEA,Artea pensija 1975-1981,1.1065,111968998.9805
2019-08-28,ARTEA,Artea pensija 1975-1981,1.1079,112115089.2608
2019-08-29,ARTEA,Artea pensija 1975-1981,1.1199,113318952.5391
2019-08-30,ARTEA,Artea pensija 1975-1981,1.127,114043306.3171
2019-09-02,ARTEA,Artea pensija 1975-1981,1.128,114127331.4471
2019-09-03,ARTEA,Artea pensija 1975-1981,1.1248,113807816.2916
2019-09-04,ARTEA,Artea pensija 1975-1981,1.1305,114394967.0503
2019-09-05,ARTEA,Artea pensija 1975-1981,1.1424,116392127.5181
2019-09-06,ARTEA,Artea pensija 1975-1981,1.1444,116592648.9548
2019-09-09,ARTEA,Artea pensija 1975-1981,1.1461,116680673.4271
2019-09-10,ARTEA,Artea pensija 1975-1981,1.1435,116490441.6735
2019-09-11,ARTEA,Artea pensija 1975-1981,1.1568,117865594.6475
2019-09-12,ARTEA,Artea pensija 1975-1981,1.1592,118174582.5839
2019-09-13,ARTEA,Artea pensija 1975-1981,1.1605,118307946.8376
2019-09-16,ARTEA,Artea pensija 1975-1981,1.1621,118478812.9182
2019-09-17,ARTEA,Artea pensija 1975-1981,1.1571,117958486.9179
2019-09-18,ARTEA,Artea pensija 1975-1981,1.1552,117804634.6493
2019-09-19,ARTEA,Artea pensija 1975-1981,1.1621,118555600.0329
2019-09-20,ARTEA,Artea pensija 1975-1981,1.1632,118716126.3879
2019-09-23,ARTEA,Artea pensija 1975-1981,1.1589,118275131.8204
2019-09-24,ARTEA,Artea pensija 1975-1981,1.1554,117940500.0644
2019-09-25,ARTEA,Artea pensija 1975-1981,1.1547,117879448.7292
2019-09-26,ARTEA,Artea pensija 1975-1981,1.1571,118104322.7705
2019-09-27,ARTEA,Artea pensija 1975-1981,1.1581,118242199.8557
2019-09-30,ARTEA,Artea pensija 1975-1981,1.1601,118436054.8013
2019-10-01,ARTEA,Artea pensija 1975-1981,1.1506,117480525.7818
2019-10-02,ARTEA,Artea pensija 1975-1981,1.1271,115047564.9731
2019-10-03,ARTEA,Artea pensija 1975-1981,1.1271,115022730.5924
2019-10-04,ARTEA,Artea pensija 1975-1981,1.1393,116293170.7554
2019-10-07,ARTEA,Artea pensija 1975-1981,1.1421,116562844.7189
2019-10-08,ARTEA,Artea pensija 1975-1981,1.1313,115494948.23
2019-10-09,ARTEA,Artea pensija 1975-1981,1.1344,115820457.7504
2019-10-10,ARTEA,Artea pensija 1975-1981,1.1405,117215140.777
2019-10-11,ARTEA,Artea pensija 1975-1981,1.1553,118658614.4221
2019-10-14,ARTEA,Artea pensija 1975-1981,1.1508,118174304.7575
2019-10-15,ARTEA,Artea pensija 1975-1981,1.1581,118994037.8022
2019-10-16,ARTEA,Artea pensija 1975-1981,1.1562,118795480.5068
2019-10-17,ARTEA,Artea pensija 1975-1981,1.1539,118591010.0557
2019-10-18,ARTEA,Artea pensija 1975-1981,1.15,118190020.7405
2019-10-21,ARTEA,Artea pensija 1975-1981,1.155,118707056.2222
2019-10-22,ARTEA,Artea pensija 1975-1981,1.1578,118981936.9361
2019-10-23,ARTEA,Artea pensija 1975-1981,1.1583,119044825.1725
2019-10-24,ARTEA,Artea pensija 1975-1981,1.1632,119575185.8615
2019-10-25,ARTEA,Artea pensija 1975-1981,1.1675,120026157.9936
2019-10-28,ARTEA,Artea pensija 1975-1981,1.1716,120462774.6333
2019-10-29,ARTEA,Artea pensija 1975-1981,1.1706,120375939.3481
2019-10-30,ARTEA,Artea pensija 1975-1981,1.1679,120130137.4187
2019-10-31,ARTEA,Artea pensija 1975-1981,1.1629,119662071.7019
2019-11-04,ARTEA,Artea pensija 1975-1981,1.1817,121605466.0867
2019-11-05,ARTEA,Artea pensija 1975-1981,1.1899,122507621.9784
2019-11-06,ARTEA,Artea pensija 1975-1981,1.1895,122481226.311
2019-11-07,ARTEA,Artea pensija 1975-1981,1.1972,124040163.619
2019-11-08,ARTEA,Artea pensija 1975-1981,1.1951,123792422.7531
2019-11-11,ARTEA,Artea pensija 1975-1981,1.1911,123433473.6352
2019-11-12,ARTEA,Artea pensija 1975-1981,1.1966,124101689.3386
2019-11-13,ARTEA,Artea pensija 1975-1981,1.1929,123781252.6381
2019-11-14,ARTEA,Artea pensija 1975-1981,1.1913,123558053.0129
2019-11-15,ARTEA,Artea pensija 1975-1981,1.196,124077396.995
2019-11-18,ARTEA,Artea pensija 1975-1981,1.1941,123863368.6815
2019-11-19,ARTEA,Artea pensija 1975-1981,1.194,123877688.3081
2019-11-20,ARTEA,Artea pensija 1975-1981,1.1937,123857773.2044
2019-11-21,ARTEA,Artea pensija 1975-1981,1.1874,123204789.765
2019-11-22,ARTEA,Artea pensija 1975-1981,1.1923,123720537.267
2019-11-25,ARTEA,Artea pensija 1975-1981,1.2029,124811730.631
2019-11-26,ARTEA,Artea pensija 1975-1981,1.2033,124895408.7678
2019-11-27,ARTEA,Artea pensija 1975-1981,1.2084,125459189.8086
2019-11-28,ARTEA,Artea pensija 1975-1981,1.2077,125416376.9671
2019-11-29,ARTEA,Artea pensija 1975-1981,1.202,124850996.6718
2019-12-02,ARTEA,Artea pensija 1975-1981,1.1886,123491165.3348
2019-12-03,ARTEA,Artea pensija 1975-1981,1.1806,122711081.5021
2019-12-04,ARTEA,Artea pensija 1975-1981,1.1922,123936069.8935
2019-12-05,ARTEA,Artea pensija 1975-1981,1.1903,124536181.0081
2019-12-06,ARTEA,Artea pensija 1975-1981,1.2057,126091755.6318
2019-12-09,ARTEA,Artea pensija 1975-1981,1.2018,125670476.2777
2019-12-10,ARTEA,Artea pensija 1975-1981,1.1986,125359325.9858
2019-12-11,ARTEA,Artea pensija 1975-1981,1.2007,125579897.8428
2019-12-12,ARTEA,Artea pensija 1975-1981,1.2079,126423505.3975
2019-12-13,ARTEA,Artea pensija 1975-1981,1.2098,126651790.1195
2019-12-16,ARTEA,Artea pensija 1975-1981,1.2201,127750517.7278
2019-12-17,ARTEA,Artea pensija 1975-1981,1.2183,127571045.5938
2019-12-18,ARTEA,Artea pensija 1975-1981,1.222,127976171.6913
2019-12-19,ARTEA,Artea pensija 1975-1981,1.2235,128133396.9658
2019-12-20,ARTEA,Artea pensija 1975-1981,1.2328,129140889.7917
2019-12-23,ARTEA,Artea pensija 1975-1981,1.2316,129006028.1892
2019-12-27,ARTEA,Artea pensija 1975-1981,1.2317,129028623.6026
2019-12-30,ARTEA,Artea pensija 1975-1981,1.2278,128638891.8039
2019-12-31,ARTEA,Artea pensija 1975-1981,1.2276,128684564.3711
2020-01-02,ARTEA,Artea pensija 1975-1981,1.2315,129086726.1851
2020-01-03,ARTEA,Artea pensija 1975-1981,1.2303,128994937.7779
2020-01-06,ARTEA,Artea pensija 1975-1981,1.2263,128559899.6423
2020-01-07,ARTEA,Artea pensija 1975-1981,1.2318,129188652.0878
2020-01-08,ARTEA,Artea pensija 1975-1981,1.2372,129757150.6624
2020-01-09,ARTEA,Artea pensija 1975-1981,1.2454,131410628.6995
2020-01-10,ARTEA,Artea pensija 1975-1981,1.2452,131323836.8454
2020-01-13,ARTEA,Artea pensija 1975-1981,1.2467,131511752.502
2020-01-14,ARTEA,Artea pensija 1975-1981,1.2497,131838818.4149
2020-01-15,ARTEA,Artea pensija 1975-1981,1.2487,131758240.584
2020-01-16,ARTEA,Artea pensija 1975-1981,1.2541,132315843.6155
2020-01-17,ARTEA,Artea pensija 1975-1981,1.2625,133222725.4982
2020-01-20,ARTEA,Artea pensija 1975-1981,1.2638,133378849.4887
2020-01-21,ARTEA,Artea pensija 1975-1981,1.258,132811185.1258
2020-01-22,ARTEA,Artea pensija 1975-1981,1.2607,133136999.5028
2020-01-23,ARTEA,Artea pensija 1975-1981,1.2559,132612351.7919
2020-01-24,ARTEA,Artea pensija 1975-1981,1.2595,133001592.3333
2020-01-27,ARTEA,Artea pensija 1975-1981,1.2356,130479147.4548
2020-01-28,ARTEA,Artea pensija 1975-1981,1.2444,131388694.2182
2020-01-29,ARTEA,Artea pensija 1975-1981,1.2472,131654658.9941
2020-01-30,ARTEA,Artea pensija 1975-1981,1.2334,130175285.1397
2020-01-31,ARTEA,Artea pensija 1975-1981,1.219,128655659.688
2020-02-03,ARTEA,Artea pensija 1975-1981,1.2254,129327707.6126
2020-02-04,ARTEA,Artea pensija 1975-1981,1.2474,131659516.0448
2020-02-05,ARTEA,Artea pensija 1975-1981,1.2578,132748307.7797
2020-02-06,ARTEA,Artea pensija 1975-1981,1.2656,133575735.7772
2020-02-07,ARTEA,Artea pensija 1975-1981,1.2617,133132997.5583
2020-02-10,ARTEA,Artea pensija 1975-1981,1.266,133601891.8533
2020-02-11,ARTEA,Artea pensija 1975-1981,1.2751,134610314.9053
2020-02-12,ARTEA,Artea pensija 1975-1981,1.2835,135526143.54
2020-02-13,ARTEA,Artea pensija 1975-1981,1.2859,136601001.612
2020-02-14,ARTEA,Artea pensija 1975-1981,1.2859,136466557.3527
2020-02-17,ARTEA,Artea pensija 1975-1981,1.289,136799657.0324
2020-02-18,ARTEA,Artea pensija 1975-1981,1.2811,135996480.5185
2020-02-19,ARTEA,Artea pensija 1975-1981,1.2915,137141532.8678
2020-02-20,ARTEA,Artea pensija 1975-1981,1.2784,135760732.7135
2020-02-21,ARTEA,Artea pensija 1975-1981,1.2711,134987201.0636
2020-02-24,ARTEA,Artea pensija 1975-1981,1.2334,130999279.8317
2020-02-25,ARTEA,Artea pensija 1975-1981,1.2188,129471209.1817
2020-02-26,ARTEA,Artea pensija 1975-1981,1.2148,129040411.3248
2020-02-27,ARTEA,Artea pensija 1975-1981,1.1761,124892931.6697
2020-02-28,ARTEA,Artea pensija 1975-1981,1.1452,121609113.603
2020-03-02,ARTEA,Artea pensija 1975-1981,1.1576,122848090.5427
2020-03-03,ARTEA,Artea pensija 1975-1981,1.1636,123441387.2365
2020-03-04,ARTEA,Artea pensija 1975-1981,1.1756,124743450.703
2020-03-05,ARTEA,Artea pensija 1975-1981,1.1649,123649798.2249
2020-03-06,ARTEA,Artea pensija 1975-1981,1.1231,120073680.3143
2020-03-09,ARTEA,Artea pensija 1975-1981,1.0524,112305226.3606
2020-03-10,ARTEA,Artea pensija 1975-1981,1.0611,113285608.991
2020-03-12,ARTEA,Artea pensija 1975-1981,0.9768,104219321.6434
2020-03-13,ARTEA,Artea pensija 1975-1981,1.0014,106790669.2053
2020-03-16,ARTEA,Artea pensija 1975-1981,0.9612,102473554.7486
2020-03-17,ARTEA,Artea pensija 1975-1981,0.9765,104083389.8076
2020-03-18,ARTEA,Artea pensija 1975-1981,0.9397,100189377.6405
2020-03-19,ARTEA,Artea pensija 1975-1981,0.9547,101789973.2546
2020-03-20,ARTEA,Artea pensija 1975-1981,0.9612,102473722.9659
2020-03-23,ARTEA,Artea pensija 1975-1981,0.9186,97940056.121
2020-03-24,ARTEA,Artea pensija 1975-1981,0.9741,103876689.0949
2020-03-25,ARTEA,Artea pensija 1975-1981,0.9927,105844150.8309
2020-03-26,ARTEA,Artea pensija 1975-1981,1.0097,107644544.03
2020-03-27,ARTEA,Artea pensija 1975-1981,0.9868,105202378.9202
2020-03-30,ARTEA,Artea pensija 1975-1981,1,106579414.1126
2020-03-31,ARTEA,Artea pensija 1975-1981,1.0111,107770112.8292
2020-04-01,ARTEA,Artea pensija 1975-1981,0.982,104665811.8783
2020-04-02,ARTEA,Artea pensija 1975-1981,0.9907,105589252.4026
2020-04-03,ARTEA,Artea pensija 1975-1981,0.9851,104969411.3943
2020-04-06,ARTEA,Artea pensija 1975-1981,1.0202,108707851.1525
2020-04-07,ARTEA,Artea pensija 1975-1981,1.0406,110889099.5335
2020-04-08,ARTEA,Artea pensija 1975-1981,1.0429,111146194.585
2020-04-09,ARTEA,Artea pensija 1975-1981,1.058,113624673.0992
2020-04-10,ARTEA,Artea pensija 1975-1981,1.0582,113649264.4736
2020-04-14,ARTEA,Artea pensija 1975-1981,1.0663,114489572.2274
2020-04-15,ARTEA,Artea pensija 1975-1981,1.0501,112760543.5692
2020-04-16,ARTEA,Artea pensija 1975-1981,1.0593,113780518.9639
2020-04-17,ARTEA,Artea pensija 1975-1981,1.0738,115328330.582
2020-04-20,ARTEA,Artea pensija 1975-1981,1.0778,115758554.5857
2020-04-21,ARTEA,Artea pensija 1975-1981,1.0431,112003223.4448
2020-04-22,ARTEA,Artea pensija 1975-1981,1.0639,114261634.2626
2020-04-23,ARTEA,Artea pensija 1975-1981,1.0743,115380584.2984
2020-04-24,ARTEA,Artea pensija 1975-1981,1.0682,114707346.6712
2020-04-27,ARTEA,Artea pensija 1975-1981,1.0872,116758061.2474
2020-04-28,ARTEA,Artea pensija 1975-1981,1.0946,117548295.5264
2020-04-29,ARTEA,Artea pensija 1975-1981,1.1119,119405091.0784
2020-04-30,ARTEA,Artea pensija 1975-1981,1.096,117714074.9398
2020-05-04,ARTEA,Artea pensija 1975-1981,1.0656,114472919.7728
2020-05-05,ARTEA,Artea pensija 1975-1981,1.0878,116844778.7978
2020-05-06,ARTEA,Artea pensija 1975-1981,1.0838,116416568.9009
2020-05-07,ARTEA,Artea pensija 1975-1981,1.0932,117431774.3239
2020-05-08,ARTEA,Artea pensija 1975-1981,1.1014,119218758.8036
2020-05-11,ARTEA,Artea pensija 1975-1981,1.1035,119445924.5511
2020-05-12,ARTEA,Artea pensija 1975-1981,1.1009,119134351.1565
2020-05-13,ARTEA,Artea pensija 1975-1981,1.0814,117011532.2644
2020-05-14,ARTEA,Artea pensija 1975-1981,1.0723,115985483.8846
2020-05-15,ARTEA,Artea pensija 1975-1981,1.0763,116424397.3923
2020-05-18,ARTEA,Artea pensija 1975-1981,1.1084,119909097.1401
2020-05-19,ARTEA,Artea pensija 1975-1981,1.1043,119463035.3604
2020-05-20,ARTEA,Artea pensija 1975-1981,1.1101,120109052.5885
2020-05-21,ARTEA,Artea pensija 1975-1981,1.1022,119250713.5248
2020-05-22,ARTEA,Artea pensija 1975-1981,1.1016,119195091.158
2020-05-25,ARTEA,Artea pensija 1975-1981,1.1176,120936265.6318
2020-05-26,ARTEA,Artea pensija 1975-1981,1.1203,121225576.1535
2020-05-27,ARTEA,Artea pensija 1975-1981,1.1192,121112701.0017
2020-05-28,ARTEA,Artea pensija 1975-1981,1.1269,121952066.8904
2020-05-29,ARTEA,Artea pensija 1975-1981,1.1099,120134209.8526
2020-06-01,ARTEA,Artea pensija 1975-1981,1.1107,120215437.848
2020-06-02,ARTEA,Artea pensija 1975-1981,1.1312,122420120.7808
2020-06-03,ARTEA,Artea pensija 1975-1981,1.1487,124348652.9861
2020-06-04,ARTEA,Artea pensija 1975-1981,1.1372,123095620.7669
2020-06-05,ARTEA,Artea pensija 1975-1981,1.1653,126147021.6869
2020-06-08,ARTEA,Artea pensija 1975-1981,1.1663,127073639.8768
2020-06-09,ARTEA,Artea pensija 1975-1981,1.1579,126135761.7963
2020-06-10,ARTEA,Artea pensija 1975-1981,1.1538,125573400.705
2020-06-11,ARTEA,Artea pensija 1975-1981,1.1153,121454062.9353
2020-06-12,ARTEA,Artea pensija 1975-1981,1.1209,122065062.491
2020-06-15,ARTEA,Artea pensija 1975-1981,1.1128,121156653.797
2020-06-16,ARTEA,Artea pensija 1975-1981,1.1427,124397729.9692
2020-06-17,ARTEA,Artea pensija 1975-1981,1.1478,124935929.2173
2020-06-18,ARTEA,Artea pensija 1975-1981,1.1444,124557059.0891
2020-06-19,ARTEA,Artea pensija 1975-1981,1.1521,125393271.4783
2020-06-22,ARTEA,Artea pensija 1975-1981,1.1426,124357153.8747
2020-06-23,ARTEA,Artea pensija 1975-1981,1.1503,125188711.7785
2020-06-25,ARTEA,Artea pensija 1975-1981,1.1325,123238540.9178
2020-06-26,ARTEA,Artea pensija 1975-1981,1.1267,122612781.8016
2020-06-29,ARTEA,Artea pensija 1975-1981,1.1284,122819737.7146
2020-06-30,ARTEA,Artea pensija 1975-1981,1.1355,123597791.4367
2020-07-01,ARTEA,Artea pensija 1975-1981,1.1394,124003262.7681
2020-07-02,ARTEA,Artea pensija 1975-1981,1.1566,125871949.7862
2020-07-03,ARTEA,Artea pensija 1975-1981,1.153,125489551.1607
2020-07-07,ARTEA,Artea pensija 1975-1981,1.1646,126746996.5044
2020-07-08,ARTEA,Artea pensija 1975-1981,1.1585,126097200.3514
2020-07-09,ARTEA,Artea pensija 1975-1981,1.1568,125929862.0083
2020-07-10,ARTEA,Artea pensija 1975-1981,1.1619,127382162.9247
2020-07-13,ARTEA,Artea pensija 1975-1981,1.1722,128493758.6623
2020-07-14,ARTEA,Artea pensija 1975-1981,1.1561,126676605.764
2020-07-15,ARTEA,Artea pensija 1975-1981,1.1696,128131483.8565
2020-07-16,ARTEA,Artea pensija 1975-1981,1.1617,127329038.8417
2020-07-17,ARTEA,Artea pensija 1975-1981,1.1653,127715945.8708
2020-07-20,ARTEA,Artea pensija 1975-1981,1.1711,128312990.5124
2020-07-21,ARTEA,Artea pensija 1975-1981,1.1784,129096120.2623
2020-07-22,ARTEA,Artea pensija 1975-1981,1.1669,127819741.9011
2020-07-23,ARTEA,Artea pensija 1975-1981,1.1672,127844554.3867
2020-07-24,ARTEA,Artea pensija 1975-1981,1.1497,125903365.636
2020-07-27,ARTEA,Artea pensija 1975-1981,1.1445,125302649.2638
2020-07-28,ARTEA,Artea pensija 1975-1981,1.1506,125941151.4098
2020-07-29,ARTEA,Artea pensija 1975-1981,1.1508,125950263.2814
2020-07-30,ARTEA,Artea pensija 1975-1981,1.1406,124858844.4372
2020-07-31,ARTEA,Artea pensija 1975-1981,1.1362,124384452.9793
2020-08-03,ARTEA,Artea pensija 1975-1981,1.1562,126581511.8451
2020-08-04,ARTEA,Artea pensija 1975-1981,1.1581,126773795.2923
2020-08-05,ARTEA,Artea pensija 1975-1981,1.1594,126909999.0133
2020-08-06,ARTEA,Artea pensija 1975-1981,1.1601,127012435.3603
2020-08-07,ARTEA,Artea pensija 1975-1981,1.1658,127630311.2691
2020-08-10,ARTEA,Artea pensija 1975-1981,1.1691,128939601.6887
2020-08-11,ARTEA,Artea pensija 1975-1981,1.1771,129816375.2982
2020-08-12,ARTEA,Artea pensija 1975-1981,1.1811,130167830.9002
2020-08-13,ARTEA,Artea pensija 1975-1981,1.1775,129766072.5577
2020-08-14,ARTEA,Artea pensija 1975-1981,1.1742,129446095.364
2020-08-17,ARTEA,Artea pensija 1975-1981,1.176,129646065.4526
2020-08-18,ARTEA,Artea pensija 1975-1981,1.1715,129128868.2737
2020-08-19,ARTEA,Artea pensija 1975-1981,1.1757,129609263.3688
2020-08-20,ARTEA,Artea pensija 1975-1981,1.1701,128972299.3976
2020-08-21,ARTEA,Artea pensija 1975-1981,1.1771,129726133.0716
2020-08-24,ARTEA,Artea pensija 1975-1981,1.1866,130761373.0495
2020-08-25,ARTEA,Artea pensija 1975-1981,1.1879,130932185.8817
2020-08-26,ARTEA,Artea pensija 1975-1981,1.1958,131817433.8331
2020-08-27,ARTEA,Artea pensija 1975-1981,1.1998,132256132.9879
2020-08-28,ARTEA,Artea pensija 1975-1981,1.1933,131597340.2869
2020-08-31,ARTEA,Artea pensija 1975-1981,1.1849,130675257.3378
2020-09-01,ARTEA,Artea pensija 1975-1981,1.1919,131440935.8477
2020-09-02,ARTEA,Artea pensija 1975-1981,1.2051,132884092.4958
2020-09-03,ARTEA,Artea pensija 1975-1981,1.1874,130926464.2201
2020-09-04,ARTEA,Artea pensija 1975-1981,1.1723,129252978.5885
2020-09-07,ARTEA,Artea pensija 1975-1981,1.1834,130478492.8153
2020-09-08,ARTEA,Artea pensija 1975-1981,1.1658,128523914.5268
2020-09-09,ARTEA,Artea pensija 1975-1981,1.1759,129644522.043
2020-09-10,ARTEA,Artea pensija 1975-1981,1.1697,129891016.6528
2020-09-11,ARTEA,Artea pensija 1975-1981,1.1672,129611157.9275
2020-09-14,ARTEA,Artea pensija 1975-1981,1.1761,130503056.0479
2020-09-15,ARTEA,Artea pensija 1975-1981,1.1854,131548614.958
2020-09-16,ARTEA,Artea pensija 1975-1981,1.1891,131998001.7642
2020-09-17,ARTEA,Artea pensija 1975-1981,1.1782,130802792.1954
2020-09-18,ARTEA,Artea pensija 1975-1981,1.1708,130009805.8171
2020-09-21,ARTEA,Artea pensija 1975-1981,1.1504,127744202.5861
2020-09-22,ARTEA,Artea pensija 1975-1981,1.1576,128545568.3314
2020-09-23,ARTEA,Artea pensija 1975-1981,1.161,128926236.3383
2020-09-24,ARTEA,Artea pensija 1975-1981,1.1502,127745393.6856
2020-09-25,ARTEA,Artea pensija 1975-1981,1.156,128383881.5041
2020-09-28,ARTEA,Artea pensija 1975-1981,1.175,130504810.8138
2020-09-29,ARTEA,Artea pensija 1975-1981,1.1659,129478756.2471
2020-09-30,ARTEA,Artea pensija 1975-1981,1.174,130378221.7689
2020-10-01,ARTEA,Artea pensija 1975-1981,1.1768,130680768.6285
2020-10-02,ARTEA,Artea pensija 1975-1981,1.176,130621603.2195
2020-10-05,ARTEA,Artea pensija 1975-1981,1.1829,131406163.9231
2020-10-06,ARTEA,Artea pensija 1975-1981,1.1869,131844554.7654
2020-10-07,ARTEA,Artea pensija 1975-1981,1.1912,132380793.0779
2020-10-08,ARTEA,Artea pensija 1975-1981,1.1992,134162018.2943
2020-10-09,ARTEA,Artea pensija 1975-1981,1.2031,134600126.0213
2020-10-12,ARTEA,Artea pensija 1975-1981,1.2148,135796138.7179
2020-10-13,ARTEA,Artea pensija 1975-1981,1.215,135856580.6397
2020-10-14,ARTEA,Artea pensija 1975-1981,1.2128,135637707.5927
2020-10-15,ARTEA,Artea pensija 1975-1981,1.2026,134494622.3278
2020-10-16,ARTEA,Artea pensija 1975-1981,1.2103,135315692.837
2020-10-19,ARTEA,Artea pensija 1975-1981,1.2014,134325587.4433
2020-10-20,ARTEA,Artea pensija 1975-1981,1.194,133511620.4585
2020-10-21,ARTEA,Artea pensija 1975-1981,1.1901,133055996.2509
2020-10-22,ARTEA,Artea pensija 1975-1981,1.1915,133206947.4697
2020-10-23,ARTEA,Artea pensija 1975-1981,1.1953,133634530.1919
2020-10-26,ARTEA,Artea pensija 1975-1981,1.1796,131910654.1638
2020-10-27,ARTEA,Artea pensija 1975-1981,1.1783,131759832.7942
2020-10-28,ARTEA,Artea pensija 1975-1981,1.1577,129441163.5539
2020-10-29,ARTEA,Artea pensija 1975-1981,1.1649,130268077.5459
2020-10-30,ARTEA,Artea pensija 1975-1981,1.1578,129466902.0986
2020-11-03,ARTEA,Artea pensija 1975-1981,1.1864,132665050.3493
2020-11-04,ARTEA,Artea pensija 1975-1981,1.2074,134997034.6679
2020-11-05,ARTEA,Artea pensija 1975-1981,1.2145,135795966.0174
2020-11-06,ARTEA,Artea pensija 1975-1981,1.2104,135335694.7282
2020-11-09,ARTEA,Artea pensija 1975-1981,1.2463,139373964.1498
2020-11-10,ARTEA,Artea pensija 1975-1981,1.2372,138356175.4365
2020-11-11,ARTEA,Artea pensija 1975-1981,1.2494,139735762.0318
2020-11-12,ARTEA,Artea pensija 1975-1981,1.241,139697905.0643
2020-11-13,ARTEA,Artea pensija 1975-1981,1.2425,139865861.9065
2020-11-16,ARTEA,Artea pensija 1975-1981,1.26,141733342.3145
2020-11-17,ARTEA,Artea pensija 1975-1981,1.2554,141231731.9877
2020-11-18,ARTEA,Artea pensija 1975-1981,1.2589,141647581.8905
2020-11-19,ARTEA,Artea pensija 1975-1981,1.2501,140646596.406
2020-11-20,ARTEA,Artea pensija 1975-1981,1.2547,141140476.8983
2020-11-23,ARTEA,Artea pensija 1975-1981,1.2591,141644081.1019
2020-11-24,ARTEA,Artea pensija 1975-1981,1.2726,143176731.7314
2020-11-25,ARTEA,Artea pensija 1975-1981,1.2672,142581238.793
2020-11-26,ARTEA,Artea pensija 1975-1981,1.2695,142852957.5709
2020-11-27,ARTEA,Artea pensija 1975-1981,1.2696,142854318.6784
2020-11-30,ARTEA,Artea pensija 1975-1981,1.2566,141390830.4048
2020-12-01,ARTEA,Artea pensija 1975-1981,1.2658,142439356.9188
2020-12-02,ARTEA,Artea pensija 1975-1981,1.2612,141947818.3181
2020-12-03,ARTEA,Artea pensija 1975-1981,1.2638,142280788.1371
2020-12-04,ARTEA,Artea pensija 1975-1981,1.2718,143185086.21
2020-12-07,ARTEA,Artea pensija 1975-1981,1.2715,143141226.0871
2020-12-08,ARTEA,Artea pensija 1975-1981,1.2746,143474533.6291
2020-12-09,ARTEA,Artea pensija 1975-1981,1.2767,143727559.1308
2020-12-10,ARTEA,Artea pensija 1975-1981,1.2721,144116904.0586
2020-12-11,ARTEA,Artea pensija 1975-1981,1.2666,143496567.7502
2020-12-14,ARTEA,Artea pensija 1975-1981,1.2696,143730395.5317
2020-12-15,ARTEA,Artea pensija 1975-1981,1.2697,143759244.8344
2020-12-16,ARTEA,Artea pensija 1975-1981,1.277,144644200.4415
2020-12-17,ARTEA,Artea pensija 1975-1981,1.2773,144665901.702
2020-12-18,ARTEA,Artea pensija 1975-1981,1.2763,144604935.0156
2020-12-21,ARTEA,Artea pensija 1975-1981,1.2616,142951544.4857
2020-12-22,ARTEA,Artea pensija 1975-1981,1.2697,143871408.8762
2020-12-23,ARTEA,Artea pensija 1975-1981,1.2774,144768162.1914
2020-12-28,ARTEA,Artea pensija 1975-1981,1.282,145300700.8903
2020-12-29,ARTEA,Artea pensija 1975-1981,1.2835,145492230.822
2020-12-30,ARTEA,Artea pensija 1975-1981,1.2849,145655732.7906
2020-12-31,ARTEA,Artea pensija 1975-1981,1.2852,145683907.4213
2021-01-04,ARTEA,Artea pensija 1975-1981,1.2833,145482491.1858
2021-01-05,ARTEA,Artea pensija 1975-1981,1.2886,146070342.9025
2021-01-06,ARTEA,Artea pensija 1975-1981,1.3055,147960188.0825
2021-01-07,ARTEA,Artea pensija 1975-1981,1.3133,148850008.049
2021-01-08,ARTEA,Artea pensija 1975-1981,1.3252,150197790.621
2021-01-11,ARTEA,Artea pensija 1975-1981,1.3289,151518195.5395
2021-01-12,ARTEA,Artea pensija 1975-1981,1.3319,151866895.2606
2021-01-13,ARTEA,Artea pensija 1975-1981,1.3332,151947215.5526
2021-01-14,ARTEA,Artea pensija 1975-1981,1.3414,152880426.3656
2021-01-15,ARTEA,Artea pensija 1975-1981,1.3328,151893547.3225
2021-01-18,ARTEA,Artea pensija 1975-1981,1.3359,152291496.2353
2021-01-19,ARTEA,Artea pensija 1975-1981,1.3367,152436786.0051
2021-01-20,ARTEA,Artea pensija 1975-1981,1.3498,153846156.5429
2021-01-21,ARTEA,Artea pensija 1975-1981,1.3476,153613229.1367
2021-01-22,ARTEA,Artea pensija 1975-1981,1.3382,152519492.9751
2021-01-25,ARTEA,Artea pensija 1975-1981,1.34,152666978.5053
2021-01-26,ARTEA,Artea pensija 1975-1981,1.3413,152805552.1078
2021-01-27,ARTEA,Artea pensija 1975-1981,1.3275,151222340.8824
2021-01-28,ARTEA,Artea pensija 1975-1981,1.3275,151187565.8483
2021-01-29,ARTEA,Artea pensija 1975-1981,1.3071,148851971.8033
2021-02-01,ARTEA,Artea pensija 1975-1981,1.3194,150205654.9447
2021-02-02,ARTEA,Artea pensija 1975-1981,1.3462,153238318.1032
2021-02-03,ARTEA,Artea pensija 1975-1981,1.347,153318598.7303
2021-02-04,ARTEA,Artea pensija 1975-1981,1.3571,154444936.6416
2021-02-05,ARTEA,Artea pensija 1975-1981,1.3624,155059433.5358
2021-02-08,ARTEA,Artea pensija 1975-1981,1.3668,155542281.4345
2021-02-09,ARTEA,Artea pensija 1975-1981,1.3665,155473636.6518
2021-02-10,ARTEA,Artea pensija 1975-1981,1.3653,155366587.1757
2021-02-11,ARTEA,Artea pensija 1975-1981,1.3727,157166567.4141
2021-02-12,ARTEA,Artea pensija 1975-1981,1.3756,157476269.15
2021-02-15,ARTEA,Artea pensija 1975-1981,1.3857,158524979.8106
2021-02-17,ARTEA,Artea pensija 1975-1981,1.3787,157726470.0485
2021-02-18,ARTEA,Artea pensija 1975-1981,1.3691,156655500.4396
2021-02-19,ARTEA,Artea pensija 1975-1981,1.3758,157422248.5954
2021-02-22,ARTEA,Artea pensija 1975-1981,1.3622,155870184.2723
2021-02-23,ARTEA,Artea pensija 1975-1981,1.355,155089956.6763
2021-02-24,ARTEA,Artea pensija 1975-1981,1.3627,155981791.4096
2021-02-25,ARTEA,Artea pensija 1975-1981,1.3526,154838989.5952
2021-02-26,ARTEA,Artea pensija 1975-1981,1.3414,153552685.2379
2021-03-01,ARTEA,Artea pensija 1975-1981,1.3651,156240754.4384
2021-03-02,ARTEA,Artea pensija 1975-1981,1.3571,155304391.574
2021-03-03,ARTEA,Artea pensija 1975-1981,1.3591,155564001.7271
2021-03-04,ARTEA,Artea pensija 1975-1981,1.3512,154674251.7802
2021-03-05,ARTEA,Artea pensija 1975-1981,1.3402,154367743.2616
2021-03-08,ARTEA,Artea pensija 1975-1981,1.369,157677937.0329
2021-03-09,ARTEA,Artea pensija 1975-1981,1.3752,158298892.4435
2021-03-10,ARTEA,Artea pensija 1975-1981,1.3771,158613295.5781
2021-03-12,ARTEA,Artea pensija 1975-1981,1.3838,159413690.0656
2021-03-15,ARTEA,Artea pensija 1975-1981,1.3891,160072084.7564
2021-03-16,ARTEA,Artea pensija 1975-1981,1.3992,161226093.565
2021-03-17,ARTEA,Artea pensija 1975-1981,1.391,160316199.5573
2021-03-18,ARTEA,Artea pensija 1975-1981,1.3955,160829749.1326
2021-03-19,ARTEA,Artea pensija 1975-1981,1.3884,160002450.5713
2021-03-22,ARTEA,Artea pensija 1975-1981,1.3874,159904695.9312
2021-03-23,ARTEA,Artea pensija 1975-1981,1.3878,159935725.5132
2021-03-24,ARTEA,Artea pensija 1975-1981,1.3833,159454559.9208
2021-03-25,ARTEA,Artea pensija 1975-1981,1.3804,159175118.1732
2021-03-26,ARTEA,Artea pensija 1975-1981,1.3927,160609161.0731
2021-03-29,ARTEA,Artea pensija 1975-1981,1.3976,161170042.238
2021-03-30,ARTEA,Artea pensija 1975-1981,1.4048,162005429.7857
2021-03-31,ARTEA,Artea pensija 1975-1981,1.4067,162179002.416
2021-04-01,ARTEA,Artea pensija 1975-1981,1.4134,162964612.0863
2021-04-02,ARTEA,Artea pensija 1975-1981,1.4134,162920860.9823
2021-04-06,ARTEA,Artea pensija 1975-1981,1.4214,163871307.854
2021-04-07,ARTEA,Artea pensija 1975-1981,1.4117,162782303.9429
2021-04-08,ARTEA,Artea pensija 1975-1981,1.4166,163370102.9536
2021-04-09,ARTEA,Artea pensija 1975-1981,1.4183,163576768.4095
2021-04-12,ARTEA,Artea pensija 1975-1981,1.416,163307640.4014
2021-04-13,ARTEA,Artea pensija 1975-1981,1.4167,163414434.8794
2021-04-14,ARTEA,Artea pensija 1975-1981,1.4204,164939598.3532
2021-04-15,ARTEA,Artea pensija 1975-1981,1.4252,165512100.9333
2021-04-16,ARTEA,Artea pensija 1975-1981,1.4295,166008494.6951
2021-04-19,ARTEA,Artea pensija 1975-1981,1.4217,165050308.6139
2021-04-20,ARTEA,Artea pensija 1975-1981,1.407,163409039.7463
2021-04-21,ARTEA,Artea pensija 1975-1981,1.4147,164338429.5689
2021-04-22,ARTEA,Artea pensija 1975-1981,1.4246,165519495.6275
2021-04-23,ARTEA,Artea pensija 1975-1981,1.4224,165299394.3186
2021-04-26,ARTEA,Artea pensija 1975-1981,1.4254,165685479.7344
2021-04-27,ARTEA,Artea pensija 1975-1981,1.4249,165639739.7103
2021-04-28,ARTEA,Artea pensija 1975-1981,1.4251,165687929.1476
2021-04-29,ARTEA,Artea pensija 1975-1981,1.4217,165364001.0855
2021-04-30,ARTEA,Artea pensija 1975-1981,1.4229,165492931.8448
2021-05-03,ARTEA,Artea pensija 1975-1981,1.4264,165963602.3537
2021-05-04,ARTEA,Artea pensija 1975-1981,1.415,164698547.4459
2021-05-05,ARTEA,Artea pensija 1975-1981,1.4295,166452182.5238
2021-05-06,ARTEA,Artea pensija 1975-1981,1.4251,167065936.9029
2021-05-07,ARTEA,Artea pensija 1975-1981,1.433,167979125.0155
2021-05-10,ARTEA,Artea pensija 1975-1981,1.4329,168009040.8732
2021-05-11,ARTEA,Artea pensija 1975-1981,1.4091,165176852.7465
2021-05-12,ARTEA,Artea pensija 1975-1981,1.4049,164765146.1199
2021-05-13,ARTEA,Artea pensija 1975-1981,1.4041,164722658.8342
2021-05-14,ARTEA,Artea pensija 1975-1981,1.4151,166023559.4131
2021-05-17,ARTEA,Artea pensija 1975-1981,1.4106,165510252.8083
2021-05-18,ARTEA,Artea pensija 1975-1981,1.4133,165852634.6155
2021-05-19,ARTEA,Artea pensija 1975-1981,1.3947,163656425.1246
2021-05-20,ARTEA,Artea pensija 1975-1981,1.4125,165792454.4316
2021-05-21,ARTEA,Artea pensija 1975-1981,1.417,166372095.2986
2021-05-24,ARTEA,Artea pensija 1975-1981,1.4177,166448835.3217
2021-05-25,ARTEA,Artea pensija 1975-1981,1.4193,166600962.9569
2021-05-26,ARTEA,Artea pensija 1975-1981,1.4242,167193666.7463
2021-05-27,ARTEA,Artea pensija 1975-1981,1.4301,167903726.8474
2021-05-28,ARTEA,Artea pensija 1975-1981,1.4353,168539753.6681
2021-05-31,ARTEA,Artea pensija 1975-1981,1.4309,168024491.6842
2021-06-01,ARTEA,Artea pensija 1975-1981,1.4377,168837125.6087
2021-06-02,ARTEA,Artea pensija 1975-1981,1.4428,169461981.1406
2021-06-03,ARTEA,Artea pensija 1975-1981,1.445,169715055.7458
2021-06-04,ARTEA,Artea pensija 1975-1981,1.4476,170024274.2032
2021-06-07,ARTEA,Artea pensija 1975-1981,1.4448,169734718.2877
2021-06-08,ARTEA,Artea pensija 1975-1981,1.4454,169798673.5285
2021-06-09,ARTEA,Artea pensija 1975-1981,1.447,170014961.9039
2021-06-10,ARTEA,Artea pensija 1975-1981,1.4509,171650869.8996
2021-06-11,ARTEA,Artea pensija 1975-1981,1.4573,172408585.103
2021-06-14,ARTEA,Artea pensija 1975-1981,1.4562,172223167.383
2021-06-15,ARTEA,Artea pensija 1975-1981,1.4539,171972799.5591
2021-06-16,ARTEA,Artea pensija 1975-1981,1.4564,172304840.528
2021-06-17,ARTEA,Artea pensija 1975-1981,1.4658,173422301.5831
2021-06-18,ARTEA,Artea pensija 1975-1981,1.4552,172170307.5765
2021-06-21,ARTEA,Artea pensija 1975-1981,1.4591,172629417.0631
2021-06-22,ARTEA,Artea pensija 1975-1981,1.4625,173027960.3144
2021-06-23,ARTEA,Artea pensija 1975-1981,1.4605,172808207.5549
2021-06-25,ARTEA,Artea pensija 1975-1981,1.4734,174331909.5666
2021-06-28,ARTEA,Artea pensija 1975-1981,1.4725,174269230.5248
2021-06-29,ARTEA,Artea pensija 1975-1981,1.4773,174834627.27
2021-06-30,ARTEA,Artea pensija 1975-1981,1.4783,174968295.9187
2021-07-01,ARTEA,Artea pensija 1975-1981,1.4806,175225680.9961
2021-07-02,ARTEA,Artea pensija 1975-1981,1.4846,175712540.7119
2021-07-05,ARTEA,Artea pensija 1975-1981,1.4862,175917817.0391
2021-07-07,ARTEA,Artea pensija 1975-1981,1.4876,176129997.4514
2021-07-08,ARTEA,Artea pensija 1975-1981,1.4671,173721135.3772
2021-07-09,ARTEA,Artea pensija 1975-1981,1.4814,176476991.5851
2021-07-12,ARTEA,Artea pensija 1975-1981,1.4872,177157702.8186
2021-07-13,ARTEA,Artea pensija 1975-1981,1.4957,178089025.2177
2021-07-14,ARTEA,Artea pensija 1975-1981,1.4906,177513747.26
2021-07-15,ARTEA,Artea pensija 1975-1981,1.4887,177296725.3936
2021-07-16,ARTEA,Artea pensija 1975-1981,1.4844,176797113.9917
2021-07-19,ARTEA,Artea pensija 1975-1981,1.4592,173796909.4202
2021-07-20,ARTEA,Artea pensija 1975-1981,1.4724,175329950.3202
2021-07-21,ARTEA,Artea pensija 1975-1981,1.481,176371112.5649
2021-07-22,ARTEA,Artea pensija 1975-1981,1.4867,177058011.5165
2021-07-23,ARTEA,Artea pensija 1975-1981,1.4942,177969575.4694
2021-07-26,ARTEA,Artea pensija 1975-1981,1.4873,177173879.5434
2021-07-27,ARTEA,Artea pensija 1975-1981,1.4722,175364837.0491
2021-07-28,ARTEA,Artea pensija 1975-1981,1.4848,176881444.3208
2021-07-29,ARTEA,Artea pensija 1975-1981,1.4882,177292874.4703
2021-07-30,ARTEA,Artea pensija 1975-1981,1.4847,176865979.473
2021-08-02,ARTEA,Artea pensija 1975-1981,1.4898,177472725.4451
2021-08-03,ARTEA,Artea pensija 1975-1981,1.4887,177355928.4089
2021-08-04,ARTEA,Artea pensija 1975-1981,1.4942,178012133.4304
2021-08-05,ARTEA,Artea pensija 1975-1981,1.4977,178448099.2744
2021-08-06,ARTEA,Artea pensija 1975-1981,1.5042,180303817.1705
2021-08-09,ARTEA,Artea pensija 1975-1981,1.5062,180532566.41
2021-08-10,ARTEA,Artea pensija 1975-1981,1.5116,181088748.9898
2021-08-11,ARTEA,Artea pensija 1975-1981,1.5132,181290137.9262
2021-08-12,ARTEA,Artea pensija 1975-1981,1.5142,181607504.9044
2021-08-13,ARTEA,Artea pensija 1975-1981,1.5113,181278014.9105
2021-08-16,ARTEA,Artea pensija 1975-1981,1.5075,180827886.1364
2021-08-17,ARTEA,Artea pensija 1975-1981,1.5071,180753058.2387
2021-08-18,ARTEA,Artea pensija 1975-1981,1.5089,180944388.2034
2021-08-19,ARTEA,Artea pensija 1975-1981,1.491,178798040.7774
2021-08-20,ARTEA,Artea pensija 1975-1981,1.4976,179595268.9455
2021-08-23,ARTEA,Artea pensija 1975-1981,1.5059,180582095.447
2021-08-24,ARTEA,Artea pensija 1975-1981,1.5131,181454498.6262
2021-08-25,ARTEA,Artea pensija 1975-1981,1.5156,181830892.9072
2021-08-26,ARTEA,Artea pensija 1975-1981,1.5096,181143611.7357
2021-08-27,ARTEA,Artea pensija 1975-1981,1.5158,181891123.4208
2021-08-30,ARTEA,Artea pensija 1975-1981,1.5208,182482558.7222
2021-08-31,ARTEA,Artea pensija 1975-1981,1.5223,182689258.5233
2021-09-01,ARTEA,Artea pensija 1975-1981,1.5227,182735087.6479
2021-09-02,ARTEA,Artea pensija 1975-1981,1.5277,183353898.3359
2021-09-03,ARTEA,Artea pensija 1975-1981,1.5272,183293329.363
2021-09-06,ARTEA,Artea pensija 1975-1981,1.5356,184308315.0208
2021-09-07,ARTEA,Artea pensija 1975-1981,1.5281,183458002.1223
2021-09-08,ARTEA,Artea pensija 1975-1981,1.5215,182692695.3712
2021-09-09,ARTEA,Artea pensija 1975-1981,1.5213,183734957.2423
2021-09-10,ARTEA,Artea pensija 1975-1981,1.5173,183248879.7307
2021-09-13,ARTEA,Artea pensija 1975-1981,1.5174,183152509.6055
2021-09-14,ARTEA,Artea pensija 1975-1981,1.5133,182673813.6389
2021-09-15,ARTEA,Artea pensija 1975-1981,1.5094,182230722.0382
2021-09-16,ARTEA,Artea pensija 1975-1981,1.5131,182683172.8856
2021-09-17,ARTEA,Artea pensija 1975-1981,1.5102,182342798.7162
2021-09-20,ARTEA,Artea pensija 1975-1981,1.4852,179333968.7867
2021-09-21,ARTEA,Artea pensija 1975-1981,1.4938,180378505.7108
2021-09-22,ARTEA,Artea pensija 1975-1981,1.5021,181369306.2998
2021-09-23,ARTEA,Artea pensija 1975-1981,1.5121,182573058.4145
2021-09-24,ARTEA,Artea pensija 1975-1981,1.5071,181948235.3829
2021-09-27,ARTEA,Artea pensija 1975-1981,1.5111,182436727.6696
2021-09-28,ARTEA,Artea pensija 1975-1981,1.4895,179842983.1248
2021-09-29,ARTEA,Artea pensija 1975-1981,1.4972,180823434.4097
2021-09-30,ARTEA,Artea pensija 1975-1981,1.4975,180871832.6671
2021-10-01,ARTEA,Artea pensija 1975-1981,1.4897,179847878.463
2021-10-04,ARTEA,Artea pensija 1975-1981,1.4751,178081624.9349
2021-10-05,ARTEA,Artea pensija 1975-1981,1.4943,180389727.9479
2021-10-06,ARTEA,Artea pensija 1975-1981,1.4827,179019229.9007
2021-10-07,ARTEA,Artea pensija 1975-1981,1.5111,183517923.6694
2021-10-08,ARTEA,Artea pensija 1975-1981,1.5054,182834709.1208
2021-10-11,ARTEA,Artea pensija 1975-1981,1.5097,183339751.7424
2021-10-12,ARTEA,Artea pensija 1975-1981,1.5026,182391115.6521
2021-10-13,ARTEA,Artea pensija 1975-1981,1.5006,182237466.453
2021-10-14,ARTEA,Artea pensija 1975-1981,1.5183,184387523.7945
2021-10-15,ARTEA,Artea pensija 1975-1981,1.5299,185822352.1287
2021-10-18,ARTEA,Artea pensija 1975-1981,1.5281,185601754.169
2021-10-19,ARTEA,Artea pensija 1975-1981,1.5347,186405583.7973
2021-10-20,ARTEA,Artea pensija 1975-1981,1.5396,187054040.9438
2021-10-21,ARTEA,Artea pensija 1975-1981,1.535,186498159.268
2021-10-22,ARTEA,Artea pensija 1975-1981,1.5394,187054641.9282
2021-10-25,ARTEA,Artea pensija 1975-1981,1.548,188084346.1269
2021-10-26,ARTEA,Artea pensija 1975-1981,1.5541,188797898.3526
2021-10-27,ARTEA,Artea pensija 1975-1981,1.5448,187658796.0606
2021-10-28,ARTEA,Artea pensija 1975-1981,1.5393,186993196.5932
2021-10-29,ARTEA,Artea pensija 1975-1981,1.5498,188278324.0539
2021-11-03,ARTEA,Artea pensija 1975-1981,1.5567,189095060.6179
2021-11-04,ARTEA,Artea pensija 1975-1981,1.5667,190294546.7731
2021-11-05,ARTEA,Artea pensija 1975-1981,1.5718,190915128.5348
2021-11-08,ARTEA,Artea pensija 1975-1981,1.5707,190818017.0374
2021-11-09,ARTEA,Artea pensija 1975-1981,1.5674,190428554.6121
2021-11-10,ARTEA,Artea pensija 1975-1981,1.5746,191312461.1227
2021-11-11,ARTEA,Artea pensija 1975-1981,1.5798,192992496.4402
2021-11-12,ARTEA,Artea pensija 1975-1981,1.5867,193790980.2192
2021-11-15,ARTEA,Artea pensija 1975-1981,1.5917,194308378.6862
2021-11-16,ARTEA,Artea pensija 1975-1981,1.6022,195620300.9975
2021-11-17,ARTEA,Artea pensija 1975-1981,1.5989,195321318.5435
2021-11-18,ARTEA,Artea pensija 1975-1981,1.5883,194019091.7773
2021-11-19,ARTEA,Artea pensija 1975-1981,1.5918,194482247.7227
2021-11-22,ARTEA,Artea pensija 1975-1981,1.5979,195232727.9247
2021-11-23,ARTEA,Artea pensija 1975-1981,1.583,193424400.7365
2021-11-24,ARTEA,Artea pensija 1975-1981,1.5918,194471089.0894
2021-11-25,ARTEA,Artea pensija 1975-1981,1.5961,194990020.4398
2021-11-26,ARTEA,Artea pensija 1975-1981,1.5461,188925762.4958
2021-11-29,ARTEA,Artea pensija 1975-1981,1.5601,190617204.4794
2021-11-30,ARTEA,Artea pensija 1975-1981,1.5444,188697510.8391
2021-12-01,ARTEA,Artea pensija 1975-1981,1.5609,190747387.1788
2021-12-02,ARTEA,Artea pensija 1975-1981,1.544,188739159.8938
2021-12-03,ARTEA,Artea pensija 1975-1981,1.5401,188250038.8242
2021-12-06,ARTEA,Artea pensija 1975-1981,1.553,189834301.1288
2021-12-07,ARTEA,Artea pensija 1975-1981,1.5847,193701820.9849
2021-12-08,ARTEA,Artea pensija 1975-1981,1.5737,192370762.3975
2021-12-09,ARTEA,Artea pensija 1975-1981,1.5779,193958001.1344
2021-12-10,ARTEA,Artea pensija 1975-1981,1.5716,193189276.3009
2021-12-13,ARTEA,Artea pensija 1975-1981,1.5673,192622220.6255
2021-12-14,ARTEA,Artea pensija 1975-1981,1.559,191627209.8699
2021-12-15,ARTEA,Artea pensija 1975-1981,1.5567,191376028.4389
2021-12-16,ARTEA,Artea pensija 1975-1981,1.5754,193669581.3619
2021-12-17,ARTEA,Artea pensija 1975-1981,1.5661,192521304.8842
2021-12-20,ARTEA,Artea pensija 1975-1981,1.5353,188765951.1605
2021-12-21,ARTEA,Artea pensija 1975-1981,1.5592,191840031.7008
2021-12-22,ARTEA,Artea pensija 1975-1981,1.568,192934287.0449
2021-12-23,ARTEA,Artea pensija 1975-1981,1.5818,194623421.4742
2021-12-27,ARTEA,Artea pensija 1975-1981,1.5882,195443647.38
2021-12-28,ARTEA,Artea pensija 1975-1981,1.5955,196344544.0456
2021-12-29,ARTEA,Artea pensija 1975-1981,1.5893,195611687.8854
2021-12-30,ARTEA,Artea pensija 1975-1981,1.5943,196259061.3168
2021-12-31,ARTEA,Artea pensija 1975-1981,1.5948,196316476.4133
2022-01-03,ARTEA,Artea pensija 1975-1981,1.5954,196414600.0421
2022-01-04,ARTEA,Artea pensija 1975-1981,1.6038,197424784.2982
2022-01-05,ARTEA,Artea pensija 1975-1981,1.5989,196829972.7687
2022-01-06,ARTEA,Artea pensija 1975-1981,1.582,194740324.5869
2022-01-07,ARTEA,Artea pensija 1975-1981,1.5762,194081504.8009
2022-01-10,ARTEA,Artea pensija 1975-1981,1.5632,193518140.0359
2022-01-11,ARTEA,Artea pensija 1975-1981,1.5785,195404985.0251
2022-01-12,ARTEA,Artea pensija 1975-1981,1.5859,196201647.5748
2022-01-13,ARTEA,Artea pensija 1975-1981,1.5839,195999014.011
2022-01-14,ARTEA,Artea pensija 1975-1981,1.568,194116260.4971
2022-01-17,ARTEA,Artea pensija 1975-1981,1.578,195372001.6263
2022-01-18,ARTEA,Artea pensija 1975-1981,1.5641,193651102.9596
2022-01-19,ARTEA,Artea pensija 1975-1981,1.5602,193165164.7973
2022-01-20,ARTEA,Artea pensija 1975-1981,1.5722,194672888.7936
2022-01-21,ARTEA,Artea pensija 1975-1981,1.5436,191152993.9129
2022-01-24,ARTEA,Artea pensija 1975-1981,1.4952,185123985.0236
2022-01-25,ARTEA,Artea pensija 1975-1981,1.5051,186340994.1638
2022-01-26,ARTEA,Artea pensija 1975-1981,1.5278,189134693.5338
2022-01-27,ARTEA,Artea pensija 1975-1981,1.5334,189848317.6986
2022-01-28,ARTEA,Artea pensija 1975-1981,1.5198,188164031.0835
2022-01-31,ARTEA,Artea pensija 1975-1981,1.5419,190904994.3015
2022-02-01,ARTEA,Artea pensija 1975-1981,1.5547,192469634.0653
2022-02-02,ARTEA,Artea pensija 1975-1981,1.556,192638504.9183
2022-02-03,ARTEA,Artea pensija 1975-1981,1.5351,190063561.7592
2022-02-04,ARTEA,Artea pensija 1975-1981,1.5235,188631842.8733
2022-02-07,ARTEA,Artea pensija 1975-1981,1.53,189446227.4654
2022-02-08,ARTEA,Artea pensija 1975-1981,1.5385,190528123.4887
2022-02-09,ARTEA,Artea pensija 1975-1981,1.5562,192759585.5234
2022-02-10,ARTEA,Artea pensija 1975-1981,1.5519,193344606.3444
2022-02-11,ARTEA,Artea pensija 1975-1981,1.5479,192855181.995
2022-02-14,ARTEA,Artea pensija 1975-1981,1.5331,190912380.2866
2022-02-15,ARTEA,Artea pensija 1975-1981,1.5449,192405800.1196
2022-02-17,ARTEA,Artea pensija 1975-1981,1.5366,191450794.8583
2022-02-18,ARTEA,Artea pensija 1975-1981,1.524,189855422.0951
2022-02-21,ARTEA,Artea pensija 1975-1981,1.5101,188122510.6126
2022-02-22,ARTEA,Artea pensija 1975-1981,1.5103,188157310.2981
2022-02-23,ARTEA,Artea pensija 1975-1981,1.5041,187371739.389
2022-02-24,ARTEA,Artea pensija 1975-1981,1.4726,183388045.8886
2022-02-25,ARTEA,Artea pensija 1975-1981,1.5059,187528447.4297
2022-02-28,ARTEA,Artea pensija 1975-1981,1.5086,187782428.1176
2022-03-01,ARTEA,Artea pensija 1975-1981,1.4988,186523894.8677
2022-03-02,ARTEA,Artea pensija 1975-1981,1.5089,187758469.6223
2022-03-03,ARTEA,Artea pensija 1975-1981,1.5052,187297448.6363
2022-03-04,ARTEA,Artea pensija 1975-1981,1.4904,185393239.775
2022-03-07,ARTEA,Artea pensija 1975-1981,1.4814,184245223.6505
2022-03-08,ARTEA,Artea pensija 1975-1981,1.4652,182245265.7276
2022-03-09,ARTEA,Artea pensija 1975-1981,1.4799,184078598.2913
2022-03-10,ARTEA,Artea pensija 1975-1981,1.4709,184148834.4141
2022-03-14,ARTEA,Artea pensija 1975-1981,1.4697,184001140.1839
2022-03-15,ARTEA,Artea pensija 1975-1981,1.4755,184661635.5499
2022-03-16,ARTEA,Artea pensija 1975-1981,1.5025,188062738.3838
2022-03-17,ARTEA,Artea pensija 1975-1981,1.5065,188643775.6212
2022-03-18,ARTEA,Artea pensija 1975-1981,1.5231,190707303.0748
2022-03-21,ARTEA,Artea pensija 1975-1981,1.5256,191066113.6217
2022-03-22,ARTEA,Artea pensija 1975-1981,1.5398,192802814.2916
2022-03-23,ARTEA,Artea pensija 1975-1981,1.5356,192299717.4868
2022-03-24,ARTEA,Artea pensija 1975-1981,1.536,192371479.0232
2022-03-25,ARTEA,Artea pensija 1975-1981,1.5403,192855573.4991
2022-03-28,ARTEA,Artea pensija 1975-1981,1.5411,192993021.2689
2022-03-29,ARTEA,Artea pensija 1975-1981,1.5496,194035080.7101
2022-03-30,ARTEA,Artea pensija 1975-1981,1.5465,193620106.4768
2022-03-31,ARTEA,Artea pensija 1975-1981,1.5431,193161873.5565
2022-04-01,ARTEA,Artea pensija 1975-1981,1.5425,193097057.8166
2022-04-04,ARTEA,Artea pensija 1975-1981,1.5592,195227604.6091
2022-04-05,ARTEA,Artea pensija 1975-1981,1.5632,195707073.6672
2022-04-06,ARTEA,Artea pensija 1975-1981,1.5424,193150526.8745
2022-04-07,ARTEA,Artea pensija 1975-1981,1.5379,193814871.943
2022-04-08,ARTEA,Artea pensija 1975-1981,1.5538,195787163.2062
2022-04-11,ARTEA,Artea pensija 1975-1981,1.5395,193886458.3483
2022-04-12,ARTEA,Artea pensija 1975-1981,1.5439,194483657.2858
2022-04-13,ARTEA,Artea pensija 1975-1981,1.5416,194190527.9106
2022-04-14,ARTEA,Artea pensija 1975-1981,1.5492,195144612.2997
2022-04-15,ARTEA,Artea pensija 1975-1981,1.5504,195326931.6915
2022-04-19,ARTEA,Artea pensija 1975-1981,1.5468,194862405.4983
2022-04-20,ARTEA,Artea pensija 1975-1981,1.5495,195201102.5705
2022-04-21,ARTEA,Artea pensija 1975-1981,1.5463,194841695.8336
2022-04-22,ARTEA,Artea pensija 1975-1981,1.5209,191673113.5169
2022-04-25,ARTEA,Artea pensija 1975-1981,1.4992,188960168.5828
2022-04-26,ARTEA,Artea pensija 1975-1981,1.4987,188893266.6738
2022-04-27,ARTEA,Artea pensija 1975-1981,1.5111,190476932.2343
2022-04-28,ARTEA,Artea pensija 1975-1981,1.5176,191280282.8879
2022-04-29,ARTEA,Artea pensija 1975-1981,1.5278,192562832.6663
2022-05-02,ARTEA,Artea pensija 1975-1981,1.5026,189369022.0744
2022-05-03,ARTEA,Artea pensija 1975-1981,1.5162,191102646.1147
2022-05-04,ARTEA,Artea pensija 1975-1981,1.5026,189427284.4228
2022-05-05,ARTEA,Artea pensija 1975-1981,1.5021,189387044.2925
2022-05-06,ARTEA,Artea pensija 1975-1981,1.4828,186943381.2574
2022-05-09,ARTEA,Artea pensija 1975-1981,1.4555,183533473.0135
2022-05-10,ARTEA,Artea pensija 1975-1981,1.4479,182599974.7935
2022-05-11,ARTEA,Artea pensija 1975-1981,1.4628,184499652.8051
2022-05-12,ARTEA,Artea pensija 1975-1981,1.4546,185050614.408
2022-05-13,ARTEA,Artea pensija 1975-1981,1.4827,188625366.382
2022-05-16,ARTEA,Artea pensija 1975-1981,1.4798,188134018.195
2022-05-17,ARTEA,Artea pensija 1975-1981,1.4882,189171455.2505
2022-05-18,ARTEA,Artea pensija 1975-1981,1.4741,187462245.6186
2022-05-19,ARTEA,Artea pensija 1975-1981,1.4568,185262936.0939
2022-05-20,ARTEA,Artea pensija 1975-1981,1.4591,185536152.4675
2022-05-23,ARTEA,Artea pensija 1975-1981,1.4687,186743520.9938
2022-05-24,ARTEA,Artea pensija 1975-1981,1.4431,183486428.3144
2022-05-25,ARTEA,Artea pensija 1975-1981,1.4593,185513576.8228
2022-05-26,ARTEA,Artea pensija 1975-1981,1.4756,187610042.286
2022-05-27,ARTEA,Artea pensija 1975-1981,1.4961,190239163.357
2022-05-30,ARTEA,Artea pensija 1975-1981,1.5045,191262244.0763
2022-05-31,ARTEA,Artea pensija 1975-1981,1.4984,190516930.0542
2022-06-01,ARTEA,Artea pensija 1975-1981,1.4948,190035174.7042
2022-06-02,ARTEA,Artea pensija 1975-1981,1.4974,190392275.6954
2022-06-03,ARTEA,Artea pensija 1975-1981,1.4928,189816226.4282
2022-06-06,ARTEA,Artea pensija 1975-1981,1.5046,191313936.9736
2022-06-07,ARTEA,Artea pensija 1975-1981,1.4999,190763828.3406
2022-06-08,ARTEA,Artea pensija 1975-1981,1.5024,191068654.356
2022-06-09,ARTEA,Artea pensija 1975-1981,1.4908,190977738.9239
2022-06-10,ARTEA,Artea pensija 1975-1981,1.4608,187164880.8307
2022-06-13,ARTEA,Artea pensija 1975-1981,1.4323,183471465.6859
2022-06-14,ARTEA,Artea pensija 1975-1981,1.4256,182603639.7492
2022-06-15,ARTEA,Artea pensija 1975-1981,1.4344,183778984.8606
2022-06-16,ARTEA,Artea pensija 1975-1981,1.3973,179070875.6886
2022-06-17,ARTEA,Artea pensija 1975-1981,1.3987,179271612.1771
2022-06-20,ARTEA,Artea pensija 1975-1981,1.4035,179941234.8803
2022-06-21,ARTEA,Artea pensija 1975-1981,1.4145,181371039.3176
2022-06-22,ARTEA,Artea pensija 1975-1981,1.4065,180386796.1435
2022-06-23,ARTEA,Artea pensija 1975-1981,1.4081,180511671.3618
2022-06-27,ARTEA,Artea pensija 1975-1981,1.4393,184544972.4973
2022-06-28,ARTEA,Artea pensija 1975-1981,1.4416,184857784.7283
2022-06-29,ARTEA,Artea pensija 1975-1981,1.4338,183880975.5025
2022-06-30,ARTEA,Artea pensija 1975-1981,1.421,182227791.0381
2022-07-01,ARTEA,Artea pensija 1975-1981,1.4265,182951797.021
2022-07-04,ARTEA,Artea pensija 1975-1981,1.4309,183510016.6797
2022-07-05,ARTEA,Artea pensija 1975-1981,1.4261,182936033.1742
2022-07-07,ARTEA,Artea pensija 1975-1981,1.4725,188897477.2162
2022-07-08,ARTEA,Artea pensija 1975-1981,1.4768,189456806.8142
2022-07-11,ARTEA,Artea pensija 1975-1981,1.4688,189748774.8802
2022-07-12,ARTEA,Artea pensija 1975-1981,1.4707,189988119.4403
2022-07-13,ARTEA,Artea pensija 1975-1981,1.4541,187843226.3848
2022-07-14,ARTEA,Artea pensija 1975-1981,1.444,186454687.7528
2022-07-15,ARTEA,Artea pensija 1975-1981,1.4619,188789827.0883
2022-07-18,ARTEA,Artea pensija 1975-1981,1.4695,189804139.682
2022-07-19,ARTEA,Artea pensija 1975-1981,1.4702,189875425.9905
2022-07-20,ARTEA,Artea pensija 1975-1981,1.4834,191587918.5993
2022-07-21,ARTEA,Artea pensija 1975-1981,1.4864,191972070.2907
2022-07-22,ARTEA,Artea pensija 1975-1981,1.4871,192033725.4993
2022-07-25,ARTEA,Artea pensija 1975-1981,1.4892,192293167.2064
2022-07-26,ARTEA,Artea pensija 1975-1981,1.4901,192425148.529
2022-07-27,ARTEA,Artea pensija 1975-1981,1.4989,193567218.9019
2022-07-28,ARTEA,Artea pensija 1975-1981,1.5133,195408524.014
2022-07-29,ARTEA,Artea pensija 1975-1981,1.5199,196324610.9054
2022-08-01,ARTEA,Artea pensija 1975-1981,1.52,196319328.7164
2022-08-02,ARTEA,Artea pensija 1975-1981,1.5214,196561568.1626
2022-08-03,ARTEA,Artea pensija 1975-1981,1.5316,197940918.8693
2022-08-04,ARTEA,Artea pensija 1975-1981,1.5272,197417250.4579
2022-08-05,ARTEA,Artea pensija 1975-1981,1.5278,197527584.0065
2022-08-08,ARTEA,Artea pensija 1975-1981,1.5365,198668583.0233
2022-08-09,ARTEA,Artea pensija 1975-1981,1.5257,198529465.0865
2022-08-10,ARTEA,Artea pensija 1975-1981,1.5337,199576070.1359
2022-08-11,ARTEA,Artea pensija 1975-1981,1.5438,200832615.5103
2022-08-12,ARTEA,Artea pensija 1975-1981,1.5552,202325840.8752
2022-08-16,ARTEA,Artea pensija 1975-1981,1.5729,204742588.2928
2022-08-17,ARTEA,Artea pensija 1975-1981,1.5624,203390932.7737
2022-08-18,ARTEA,Artea pensija 1975-1981,1.5705,204407000.0792
2022-08-19,ARTEA,Artea pensija 1975-1981,1.5621,203208912.5082
2022-08-22,ARTEA,Artea pensija 1975-1981,1.558,202666813.3517
2022-08-23,ARTEA,Artea pensija 1975-1981,1.5508,201783400.9506
2022-08-24,ARTEA,Artea pensija 1975-1981,1.555,202309823.3032
2022-08-25,ARTEA,Artea pensija 1975-1981,1.5624,203286123.0537
2022-08-26,ARTEA,Artea pensija 1975-1981,1.5459,201146169.5522
2022-08-29,ARTEA,Artea pensija 1975-1981,1.5273,198804493.1107
2022-08-30,ARTEA,Artea pensija 1975-1981,1.5131,196950134.1564
2022-08-31,ARTEA,Artea pensija 1975-1981,1.5047,195869997.9071
2022-09-01,ARTEA,Artea pensija 1975-1981,1.4978,194946821.741
2022-09-02,ARTEA,Artea pensija 1975-1981,1.5098,196489697.0575
2022-09-05,ARTEA,Artea pensija 1975-1981,1.5043,195806444.0285
2022-09-06,ARTEA,Artea pensija 1975-1981,1.5008,195327621.949
2022-09-07,ARTEA,Artea pensija 1975-1981,1.4949,194578536.15
2022-09-08,ARTEA,Artea pensija 1975-1981,1.5087,197699688.4088
2022-09-09,ARTEA,Artea pensija 1975-1981,1.5183,198959372.7256
2022-09-12,ARTEA,Artea pensija 1975-1981,1.5263,199900594.1231
2022-09-13,ARTEA,Artea pensija 1975-1981,1.5089,197582121.6679
2022-09-14,ARTEA,Artea pensija 1975-1981,1.4994,196401973.2624
2022-09-15,ARTEA,Artea pensija 1975-1981,1.4925,195495185.2297
2022-09-16,ARTEA,Artea pensija 1975-1981,1.4712,192687331.326
2022-09-19,ARTEA,Artea pensija 1975-1981,1.473,192903479.0275
2022-09-20,ARTEA,Artea pensija 1975-1981,1.4717,192766970.8021
2022-09-21,ARTEA,Artea pensija 1975-1981,1.484,194381732.1508
2022-09-22,ARTEA,Artea pensija 1975-1981,1.461,191374380.3215
2022-09-23,ARTEA,Artea pensija 1975-1981,1.445,189296367.2193
2022-09-26,ARTEA,Artea pensija 1975-1981,1.4468,189531997.393
2022-09-27,ARTEA,Artea pensija 1975-1981,1.4443,189212787.5706
2022-09-28,ARTEA,Artea pensija 1975-1981,1.4456,189397971.2453
2022-09-29,ARTEA,Artea pensija 1975-1981,1.4184,185856628.813
2022-09-30,ARTEA,Artea pensija 1975-1981,1.4256,186798892.9926
2022-10-03,ARTEA,Artea pensija 1975-1981,1.4271,186943971.2087
2022-10-04,ARTEA,Artea pensija 1975-1981,1.4507,190038093.4303
2022-10-05,ARTEA,Artea pensija 1975-1981,1.4504,190007031.8673
2022-10-06,ARTEA,Artea pensija 1975-1981,1.457,190884236.2498
2022-10-07,ARTEA,Artea pensija 1975-1981,1.4372,188289848.8867
2022-10-10,ARTEA,Artea pensija 1975-1981,1.4309,187492062.5449
2022-10-11,ARTEA,Artea pensija 1975-1981,1.4227,186490952.4363
2022-10-12,ARTEA,Artea pensija 1975-1981,1.4179,185911031.5807
2022-10-13,ARTEA,Artea pensija 1975-1981,1.4203,187544663.6806
2022-10-14,ARTEA,Artea pensija 1975-1981,1.4221,187759042.4431
2022-10-17,ARTEA,Artea pensija 1975-1981,1.4338,189221321.5872
2022-10-18,ARTEA,Artea pensija 1975-1981,1.4341,189324807.7255
2022-10-19,ARTEA,Artea pensija 1975-1981,1.434,189369486.6617
2022-10-20,ARTEA,Artea pensija 1975-1981,1.4376,189820361.5122
2022-10-21,ARTEA,Artea pensija 1975-1981,1.4327,189176060.9199
2022-10-24,ARTEA,Artea pensija 1975-1981,1.4353,189497455.3561
2022-10-25,ARTEA,Artea pensija 1975-1981,1.4447,190736504.9101
2022-10-26,ARTEA,Artea pensija 1975-1981,1.4501,191497089.1573
2022-10-27,ARTEA,Artea pensija 1975-1981,1.4515,191694230.029
2022-10-28,ARTEA,Artea pensija 1975-1981,1.4541,192123592.3909
2022-10-31,ARTEA,Artea pensija 1975-1981,1.466,193749180.3152
2022-11-03,ARTEA,Artea pensija 1975-1981,1.4602,192971086.6554
2022-11-04,ARTEA,Artea pensija 1975-1981,1.4569,192560681.451
2022-11-07,ARTEA,Artea pensija 1975-1981,1.4617,193219919.0413
2022-11-08,ARTEA,Artea pensija 1975-1981,1.4707,194377685.9251
2022-11-09,ARTEA,Artea pensija 1975-1981,1.4589,192821884.163
2022-11-10,ARTEA,Artea pensija 1975-1981,1.4819,197178418.2286
2022-11-11,ARTEA,Artea pensija 1975-1981,1.4801,196941466.7065
2022-11-14,ARTEA,Artea pensija 1975-1981,1.4836,197366356.9121
2022-11-15,ARTEA,Artea pensija 1975-1981,1.4946,198800874.6395
2022-11-16,ARTEA,Artea pensija 1975-1981,1.4769,196608505.2686
2022-11-17,ARTEA,Artea pensija 1975-1981,1.4729,196115422.8639
2022-11-18,ARTEA,Artea pensija 1975-1981,1.4813,197245865.3433
2022-11-21,ARTEA,Artea pensija 1975-1981,1.4838,197571047.5315
2022-11-22,ARTEA,Artea pensija 1975-1981,1.4915,198638487.15
2022-11-23,ARTEA,Artea pensija 1975-1981,1.495,199139341.6843
2022-11-24,ARTEA,Artea pensija 1975-1981,1.4983,199637158.1998
2022-11-25,ARTEA,Artea pensija 1975-1981,1.4962,199357282.1104
2022-11-28,ARTEA,Artea pensija 1975-1981,1.4889,198364824.6352
2022-11-29,ARTEA,Artea pensija 1975-1981,1.4902,198531098.0039
2022-11-30,ARTEA,Artea pensija 1975-1981,1.5008,199974024.6551
2022-12-01,ARTEA,Artea pensija 1975-1981,1.506,200664125.5417
2022-12-02,ARTEA,Artea pensija 1975-1981,1.5014,200083011.043
2022-12-05,ARTEA,Artea pensija 1975-1981,1.4917,198789623.4624
2022-12-06,ARTEA,Artea pensija 1975-1981,1.4796,197184927.6427
2022-12-07,ARTEA,Artea pensija 1975-1981,1.4731,196358586.4816
2022-12-08,ARTEA,Artea pensija 1975-1981,1.4753,197960968.9513
2022-12-09,ARTEA,Artea pensija 1975-1981,1.4815,198778128.9603
2022-12-12,ARTEA,Artea pensija 1975-1981,1.4742,197667677.3689
2022-12-13,ARTEA,Artea pensija 1975-1981,1.4882,199459618.742
2022-12-14,ARTEA,Artea pensija 1975-1981,1.4856,199152696.1175
2022-12-15,ARTEA,Artea pensija 1975-1981,1.4494,194416351.5845
2022-12-16,ARTEA,Artea pensija 1975-1981,1.4428,193599367.9678
2022-12-19,ARTEA,Artea pensija 1975-1981,1.4391,193115083.2113
2022-12-20,ARTEA,Artea pensija 1975-1981,1.4353,192636098.5022
2022-12-21,ARTEA,Artea pensija 1975-1981,1.4514,194753089.6025
2022-12-22,ARTEA,Artea pensija 1975-1981,1.4392,193132714.5802
2022-12-23,ARTEA,Artea pensija 1975-1981,1.4407,193345358.0843
2022-12-27,ARTEA,Artea pensija 1975-1981,1.443,193488495.5663
2022-12-28,ARTEA,Artea pensija 1975-1981,1.4367,192648469.1916
2022-12-29,ARTEA,Artea pensija 1975-1981,1.4459,193872590.7238
2022-12-30,ARTEA,Artea pensija 1975-1981,1.4368,192641482.2231
2023-01-02,ARTEA,Artea pensija 1975-1981,1.4556,195148295.0039
2023-01-03,ARTEA,Artea pensija 1975-1981,1.4532,194849395.7185
2023-01-04,ARTEA,Artea pensija 1975-1981,1.4661,196570227.9156
2023-01-05,ARTEA,Artea pensija 1975-1981,1.4626,196087104.7804
2023-01-06,ARTEA,Artea pensija 1975-1981,1.4739,197595921.1234
2023-01-09,ARTEA,Artea pensija 1975-1981,1.4814,198565139.2617
2023-01-10,ARTEA,Artea pensija 1975-1981,1.471,197161778.9513
2023-01-11,ARTEA,Artea pensija 1975-1981,1.4785,198205480.2767
2023-01-12,ARTEA,Artea pensija 1975-1981,1.4825,200055211.1228
2023-01-13,ARTEA,Artea pensija 1975-1981,1.4877,200751949.2108
2023-01-16,ARTEA,Artea pensija 1975-1981,1.4904,200984395.9976
2023-01-17,ARTEA,Artea pensija 1975-1981,1.4952,201619662.6983
2023-01-18,ARTEA,Artea pensija 1975-1981,1.4883,200731587.5706
2023-01-19,ARTEA,Artea pensija 1975-1981,1.4798,199585019.7957
2023-01-20,ARTEA,Artea pensija 1975-1981,1.4878,200667429.7122
2023-01-23,ARTEA,Artea pensija 1975-1981,1.5043,202891515.358
2023-01-24,ARTEA,Artea pensija 1975-1981,1.5009,202363879.811
2023-01-25,ARTEA,Artea pensija 1975-1981,1.4931,201288982.0634
2023-01-26,ARTEA,Artea pensija 1975-1981,1.5058,203008899.4488
2023-01-27,ARTEA,Artea pensija 1975-1981,1.5145,204238841.5686
2023-01-30,ARTEA,Artea pensija 1975-1981,1.5108,203745133.9766
2023-01-31,ARTEA,Artea pensija 1975-1981,1.5086,203440129.1171
2023-02-01,ARTEA,Artea pensija 1975-1981,1.5086,203434876.5829
2023-02-02,ARTEA,Artea pensija 1975-1981,1.5324,206622056.054
2023-02-03,ARTEA,Artea pensija 1975-1981,1.5375,207285903.9195
2023-02-06,ARTEA,Artea pensija 1975-1981,1.5292,206169216.928
2023-02-07,ARTEA,Artea pensija 1975-1981,1.5324,206621726.0131
2023-02-08,ARTEA,Artea pensija 1975-1981,1.5312,206502378.4485
2023-02-09,ARTEA,Artea pensija 1975-1981,1.5344,208324231.6811
2023-02-10,ARTEA,Artea pensija 1975-1981,1.5277,207410885.4571
2023-02-13,ARTEA,Artea pensija 1975-1981,1.5341,208194095.2577
2023-02-14,ARTEA,Artea pensija 1975-1981,1.5347,208283132.8862
2023-02-15,ARTEA,Artea pensija 1975-1981,1.541,209228735.7353
2023-02-17,ARTEA,Artea pensija 1975-1981,1.5299,207755376.9367
2023-02-20,ARTEA,Artea pensija 1975-1981,1.535,208459619.9266
2023-02-21,ARTEA,Artea pensija 1975-1981,1.5221,206704287.6262
2023-02-22,ARTEA,Artea pensija 1975-1981,1.5202,206447761.0112
2023-02-23,ARTEA,Artea pensija 1975-1981,1.5208,206563039.4503
2023-02-24,ARTEA,Artea pensija 1975-1981,1.5124,205405226.1777
2023-02-27,ARTEA,Artea pensija 1975-1981,1.5193,206386871.5202
2023-02-28,ARTEA,Artea pensija 1975-1981,1.5154,205935977.0268
2023-03-01,ARTEA,Artea pensija 1975-1981,1.5076,204868859.3633
2023-03-02,ARTEA,Artea pensija 1975-1981,1.5136,205656250.2006
2023-03-03,ARTEA,Artea pensija 1975-1981,1.5292,207764462.0127
2023-03-06,ARTEA,Artea pensija 1975-1981,1.5302,207915847.3115
2023-03-07,ARTEA,Artea pensija 1975-1981,1.5243,207126074.1344
2023-03-08,ARTEA,Artea pensija 1975-1981,1.5225,206930774.5935
2023-03-09,ARTEA,Artea pensija 1975-1981,1.519,207952753.9473
2023-03-10,ARTEA,Artea pensija 1975-1981,1.4951,204668285.9713
2023-03-13,ARTEA,Artea pensija 1975-1981,1.4677,200884822.5
2023-03-14,ARTEA,Artea pensija 1975-1981,1.4826,202993752.4929
2023-03-15,ARTEA,Artea pensija 1975-1981,1.471,201415219.2268
2023-03-16,ARTEA,Artea pensija 1975-1981,1.4843,203256784.1509
2023-03-17,ARTEA,Artea pensija 1975-1981,1.4752,202015811.3486
2023-03-20,ARTEA,Artea pensija 1975-1981,1.4744,201908801.7208
2023-03-21,ARTEA,Artea pensija 1975-1981,1.4844,203297679.2395
2023-03-22,ARTEA,Artea pensija 1975-1981,1.4875,203751345.5291
2023-03-23,ARTEA,Artea pensija 1975-1981,1.4811,202912482.3642
2023-03-24,ARTEA,Artea pensija 1975-1981,1.4766,202275302.1781
2023-03-27,ARTEA,Artea pensija 1975-1981,1.4832,203164327.2405
2023-03-28,ARTEA,Artea pensija 1975-1981,1.4806,202782371.9706
2023-03-29,ARTEA,Artea pensija 1975-1981,1.4903,204127388.3369
2023-03-30,ARTEA,Artea pensija 1975-1981,1.496,204972149.237
2023-03-31,ARTEA,Artea pensija 1975-1981,1.5074,206569106.3696
2023-04-03,ARTEA,Artea pensija 1975-1981,1.5074,206581411.3006
2023-04-04,ARTEA,Artea pensija 1975-1981,1.5009,205687640.7595
2023-04-05,ARTEA,Artea pensija 1975-1981,1.4978,205285116.866
2023-04-06,ARTEA,Artea pensija 1975-1981,1.5003,207117827.0353
2023-04-07,ARTEA,Artea pensija 1975-1981,1.5003,207097679.8242
2023-04-11,ARTEA,Artea pensija 1975-1981,1.5102,208359319.5304
2023-04-12,ARTEA,Artea pensija 1975-1981,1.5035,207455546.4812
2023-04-13,ARTEA,Artea pensija 1975-1981,1.5032,207500726.0492
2023-04-14,ARTEA,Artea pensija 1975-1981,1.5102,208479662.2782
2023-04-17,ARTEA,Artea pensija 1975-1981,1.5166,209402744.9351
2023-04-18,ARTEA,Artea pensija 1975-1981,1.518,209561305.9869
2023-04-19,ARTEA,Artea pensija 1975-1981,1.5141,208999385.982
2023-04-20,ARTEA,Artea pensija 1975-1981,1.5117,208703218.9094
2023-04-21,ARTEA,Artea pensija 1975-1981,1.5066,208001762.369
2023-04-24,ARTEA,Artea pensija 1975-1981,1.502,207387201.8661
2023-04-25,ARTEA,Artea pensija 1975-1981,1.4972,206740460.0454
2023-04-26,ARTEA,Artea pensija 1975-1981,1.4875,205454568.2839
2023-04-27,ARTEA,Artea pensija 1975-1981,1.4953,206609066.8455
2023-04-28,ARTEA,Artea pensija 1975-1981,1.5044,207851678.9727
2023-05-02,ARTEA,Artea pensija 1975-1981,1.492,206135151.627
2023-05-03,ARTEA,Artea pensija 1975-1981,1.492,206169481.2524
2023-05-04,ARTEA,Artea pensija 1975-1981,1.4877,205591525.6111
2023-05-05,ARTEA,Artea pensija 1975-1981,1.5017,207555793.3161
2023-05-08,ARTEA,Artea pensija 1975-1981,1.5054,208052277.2203
2023-05-09,ARTEA,Artea pensija 1975-1981,1.5072,208342848.0291
2023-05-10,ARTEA,Artea pensija 1975-1981,1.5061,208214201.0788
2023-05-11,ARTEA,Artea pensija 1975-1981,1.5071,210168291.2832
2023-05-12,ARTEA,Artea pensija 1975-1981,1.5104,210624392.3028
2023-05-15,ARTEA,Artea pensija 1975-1981,1.5175,211571787.4893
2023-05-16,ARTEA,Artea pensija 1975-1981,1.5169,211482925.2556
2023-05-17,ARTEA,Artea pensija 1975-1981,1.5202,212077779.4316
2023-05-18,ARTEA,Artea pensija 1975-1981,1.5329,213885767.5556
2023-05-19,ARTEA,Artea pensija 1975-1981,1.5313,213658008.43
2023-05-22,ARTEA,Artea pensija 1975-1981,1.5375,214543852.9844
2023-05-23,ARTEA,Artea pensija 1975-1981,1.5344,214087442.5869
2023-05-24,ARTEA,Artea pensija 1975-1981,1.5154,211453113.6518
2023-05-25,ARTEA,Artea pensija 1975-1981,1.5191,211943405.2155
2023-05-26,ARTEA,Artea pensija 1975-1981,1.5342,214091181.0638
2023-05-29,ARTEA,Artea pensija 1975-1981,1.536,214356264.2148
2023-05-30,ARTEA,Artea pensija 1975-1981,1.5309,213652924.6314
2023-05-31,ARTEA,Artea pensija 1975-1981,1.524,212649871.7751
2023-06-01,ARTEA,Artea pensija 1975-1981,1.5312,213662285.86
2023-06-02,ARTEA,Artea pensija 1975-1981,1.5506,216291327.4188
2023-06-05,ARTEA,Artea pensija 1975-1981,1.5523,216568311.5599
2023-06-06,ARTEA,Artea pensija 1975-1981,1.5585,217434606.9222
2023-06-07,ARTEA,Artea pensija 1975-1981,1.5589,217517253.4734
2023-06-08,ARTEA,Artea pensija 1975-1981,1.5524,218428518.1619
2023-06-09,ARTEA,Artea pensija 1975-1981,1.5579,219173808.0858
2023-06-12,ARTEA,Artea pensija 1975-1981,1.5603,219415050.0854
2023-06-13,ARTEA,Artea pensija 1975-1981,1.5706,220848324.546
2023-06-14,ARTEA,Artea pensija 1975-1981,1.5695,220756355.7269
2023-06-15,ARTEA,Artea pensija 1975-1981,1.5647,220154316.4903
2023-06-16,ARTEA,Artea pensija 1975-1981,1.5692,220794633.8835
2023-06-19,ARTEA,Artea pensija 1975-1981,1.5631,219938826.6633
2023-06-20,ARTEA,Artea pensija 1975-1981,1.5564,219075316.5216
2023-06-21,ARTEA,Artea pensija 1975-1981,1.5493,217998196.8691
2023-06-22,ARTEA,Artea pensija 1975-1981,1.5445,217323802.9802
2023-06-23,ARTEA,Artea pensija 1975-1981,1.5412,216882992.3356
2023-06-26,ARTEA,Artea pensija 1975-1981,1.5393,216652299.9448
2023-06-27,ARTEA,Artea pensija 1975-1981,1.5407,216865250.5111
2023-06-28,ARTEA,Artea pensija 1975-1981,1.5477,217884787.1011
2023-06-29,ARTEA,Artea pensija 1975-1981,1.5516,218494093.0834
2023-06-30,ARTEA,Artea pensija 1975-1981,1.5605,219729030.2818
2023-07-01,ARTEA,Artea pensija 1975-1981,1.5605,219729030.2818
2023-07-02,ARTEA,Artea pensija 1975-1981,1.5605,219729030.2818
2023-07-03,ARTEA,Artea pensija 1975-1981,1.5667,220593865.2847
2023-07-04,ARTEA,Artea pensija 1975-1981,1.5692,220968677.2183
2023-07-05,ARTEA,Artea pensija 1975-1981,1.5654,220455932.5551
2023-07-06,ARTEA,Artea pensija 1975-1981,1.5654,220455932.5551
2023-07-07,ARTEA,Artea pensija 1975-1981,1.5469,217860333.0806
2023-07-08,ARTEA,Artea pensija 1975-1981,1.5469,217860333.0806
2023-07-09,ARTEA,Artea pensija 1975-1981,1.5469,217860333.0806
2023-07-10,ARTEA,Artea pensija 1975-1981,1.5433,218881451.0421
2023-07-11,ARTEA,Artea pensija 1975-1981,1.549,219677829.7385
2023-07-12,ARTEA,Artea pensija 1975-1981,1.5566,220681550.6859
2023-07-13,ARTEA,Artea pensija 1975-1981,1.5577,220781752.9487
2023-07-14,ARTEA,Artea pensija 1975-1981,1.5548,220382264.772
2023-07-15,ARTEA,Artea pensija 1975-1981,1.5548,220382264.772
2023-07-16,ARTEA,Artea pensija 1975-1981,1.5548,220382264.772
2023-07-17,ARTEA,Artea pensija 1975-1981,1.5533,220203191.0893
2023-07-18,ARTEA,Artea pensija 1975-1981,1.5597,221128723.1062
2023-07-19,ARTEA,Artea pensija 1975-1981,1.5682,222375463.0988
2023-07-20,ARTEA,Artea pensija 1975-1981,1.5684,222442315.1007
2023-07-21,ARTEA,Artea pensija 1975-1981,1.5709,222840987.164
2023-07-22,ARTEA,Artea pensija 1975-1981,1.5709,222840987.164
2023-07-23,ARTEA,Artea pensija 1975-1981,1.5709,222840987.164
2023-07-24,ARTEA,Artea pensija 1975-1981,1.5778,223775430.4066
2023-07-25,ARTEA,Artea pensija 1975-1981,1.5847,224774548.8821
2023-07-26,ARTEA,Artea pensija 1975-1981,1.5816,224311834.2035
2023-07-27,ARTEA,Artea pensija 1975-1981,1.5953,226230928.1065
2023-07-28,ARTEA,Artea pensija 1975-1981,1.5968,226446647.4181
2023-07-29,ARTEA,Artea pensija 1975-1981,1.5968,226446647.4181
2023-07-30,ARTEA,Artea pensija 1975-1981,1.5968,226446647.4181
2023-07-31,ARTEA,Artea pensija 1975-1981,1.5975,226599767.2337
2023-08-01,ARTEA,Artea pensija 1975-1981,1.5945,226175320.3703
2023-08-02,ARTEA,Artea pensija 1975-1981,1.5804,224192874.8231
2023-08-03,ARTEA,Artea pensija 1975-1981,1.5761,223540865.3351
2023-08-04,ARTEA,Artea pensija 1975-1981,1.5756,223505968.7397
2023-08-05,ARTEA,Artea pensija 1975-1981,1.5756,223505968.7397
2023-08-06,ARTEA,Artea pensija 1975-1981,1.5756,223505968.7397
2023-08-07,ARTEA,Artea pensija 1975-1981,1.573,223142863.879
2023-08-08,ARTEA,Artea pensija 1975-1981,1.5658,223688481.6828
2023-08-09,ARTEA,Artea pensija 1975-1981,1.5664,223770030.3206
2023-08-10,ARTEA,Artea pensija 1975-1981,1.5729,224601473.0009
2023-08-11,ARTEA,Artea pensija 1975-1981,1.5635,223221088.5576
2023-08-12,ARTEA,Artea pensija 1975-1981,1.5635,223221088.5576
2023-08-13,ARTEA,Artea pensija 1975-1981,1.5635,223221088.5576
2023-08-14,ARTEA,Artea pensija 1975-1981,1.5679,223966475.1024
2023-08-15,ARTEA,Artea pensija 1975-1981,1.5679,223966475.1024
2023-08-16,ARTEA,Artea pensija 1975-1981,1.5566,222405396.2929
2023-08-17,ARTEA,Artea pensija 1975-1981,1.5506,221569827.6402
2023-08-18,ARTEA,Artea pensija 1975-1981,1.542,220323782.8752
2023-08-19,ARTEA,Artea pensija 1975-1981,1.542,220323782.8752
2023-08-20,ARTEA,Artea pensija 1975-1981,1.542,220323782.8752
2023-08-21,ARTEA,Artea pensija 1975-1981,1.5408,220100910.7997
2023-08-22,ARTEA,Artea pensija 1975-1981,1.5496,221333285.9802
2023-08-23,ARTEA,Artea pensija 1975-1981,1.5577,222501995.9468
2023-08-24,ARTEA,Artea pensija 1975-1981,1.5558,222240455.8034
2023-08-25,ARTEA,Artea pensija 1975-1981,1.556,222281781.6648
2023-08-26,ARTEA,Artea pensija 1975-1981,1.556,222281781.6648
2023-08-27,ARTEA,Artea pensija 1975-1981,1.556,222281781.6648
2023-08-28,ARTEA,Artea pensija 1975-1981,1.5656,223628102.8785
2023-08-29,ARTEA,Artea pensija 1975-1981,1.5741,224782136.2308
2023-08-30,ARTEA,Artea pensija 1975-1981,1.5721,224488637.2354
2023-08-31,ARTEA,Artea pensija 1975-1981,1.5761,224978564.7936
2023-09-01,ARTEA,Artea pensija 1975-1981,1.5826,225816741.5527
2023-09-02,ARTEA,Artea pensija 1975-1981,1.5826,225816741.5527
2023-09-03,ARTEA,Artea pensija 1975-1981,1.5826,225816741.5527
2023-09-04,ARTEA,Artea pensija 1975-1981,1.5827,225795893.8894
2023-09-05,ARTEA,Artea pensija 1975-1981,1.5842,225939443.8666
2023-09-06,ARTEA,Artea pensija 1975-1981,1.5747,224647162.1503
2023-09-07,ARTEA,Artea pensija 1975-1981,1.5712,225686304.7642
2023-09-08,ARTEA,Artea pensija 1975-1981,1.5733,225978927.2793
2023-09-09,ARTEA,Artea pensija 1975-1981,1.5733,225978927.2793
2023-09-10,ARTEA,Artea pensija 1975-1981,1.5733,225978927.2793
2023-09-11,ARTEA,Artea pensija 1975-1981,1.5745,226049154.3271
2023-09-12,ARTEA,Artea pensija 1975-1981,1.5755,226165706.7692
2023-09-13,ARTEA,Artea pensija 1975-1981,1.5751,226154545.5482
2023-09-14,ARTEA,Artea pensija 1975-1981,1.5903,228311736.4749
2023-09-15,ARTEA,Artea pensija 1975-1981,1.5847,227461972.9047
2023-09-16,ARTEA,Artea pensija 1975-1981,1.5847,227461972.9047
2023-09-17,ARTEA,Artea pensija 1975-1981,1.5847,227461972.9047
2023-09-18,ARTEA,Artea pensija 1975-1981,1.5794,226715032.3457
2023-09-19,ARTEA,Artea pensija 1975-1981,1.5746,226014050.8681
2023-09-20,ARTEA,Artea pensija 1975-1981,1.5789,226602570.1636
2023-09-21,ARTEA,Artea pensija 1975-1981,1.5603,223903087.1796
2023-09-22,ARTEA,Artea pensija 1975-1981,1.5619,224160642.0604
2023-09-23,ARTEA,Artea pensija 1975-1981,1.5619,224160642.0604
2023-09-24,ARTEA,Artea pensija 1975-1981,1.5619,224160642.0604
2023-09-25,ARTEA,Artea pensija 1975-1981,1.5612,224080360.9157
2023-09-26,ARTEA,Artea pensija 1975-1981,1.5512,222604604.9409
2023-09-27,ARTEA,Artea pensija 1975-1981,1.555,223104979.8195
2023-09-28,ARTEA,Artea pensija 1975-1981,1.5559,223249472.6297
2023-09-29,ARTEA,Artea pensija 1975-1981,1.5581,223518432.2009
2023-09-30,ARTEA,Artea pensija 1975-1981,1.5581,223518432.2009
2023-10-01,ARTEA,Artea pensija 1975-1981,1.5581,223518432.2009
2023-10-02,ARTEA,Artea pensija 1975-1981,1.5555,223086875.6547
2023-10-03,ARTEA,Artea pensija 1975-1981,1.542,221094539.2547
2023-10-04,ARTEA,Artea pensija 1975-1981,1.5364,220338441.7522
2023-10-05,ARTEA,Artea pensija 1975-1981,1.5378,222069566.422
2023-10-06,ARTEA,Artea pensija 1975-1981,1.5451,223112060.3863
2023-10-07,ARTEA,Artea pensija 1975-1981,1.5451,223112060.3863
2023-10-08,ARTEA,Artea pensija 1975-1981,1.5451,223112060.3863
2023-10-09,ARTEA,Artea pensija 1975-1981,1.5478,223345934.7737
2023-10-10,ARTEA,Artea pensija 1975-1981,1.564,225572515.0892
2023-10-11,ARTEA,Artea pensija 1975-1981,1.5615,225225136.3733
2023-10-12,ARTEA,Artea pensija 1975-1981,1.5678,226078675.8965
2023-10-13,ARTEA,Artea pensija 1975-1981,1.5612,225102659.7327
2023-10-14,ARTEA,Artea pensija 1975-1981,1.5612,225102659.7327
2023-10-15,ARTEA,Artea pensija 1975-1981,1.5612,225102659.7327
2023-10-16,ARTEA,Artea pensija 1975-1981,1.5658,225693577.829
2023-10-17,ARTEA,Artea pensija 1975-1981,1.5641,225374914.2882
2023-10-18,ARTEA,Artea pensija 1975-1981,1.5546,223908262.4581
2023-10-19,ARTEA,Artea pensija 1975-1981,1.5421,222105276.9751
2023-10-20,ARTEA,Artea pensija 1975-1981,1.5226,219242085.3129
2023-10-23,ARTEA,Artea pensija 1975-1981,1.5187,218614420.9841
2023-10-24,ARTEA,Artea pensija 1975-1981,1.5254,219512603.0585
2023-10-25,ARTEA,Artea pensija 1975-1981,1.5193,218620024.7356
2023-10-26,ARTEA,Artea pensija 1975-1981,1.5135,217753489.4481
2023-10-27,ARTEA,Artea pensija 1975-1981,1.5057,216624899.3978
2023-10-30,ARTEA,Artea pensija 1975-1981,1.5063,216692336.7805
2023-10-31,ARTEA,Artea pensija 1975-1981,1.5123,217510598.6919
2023-11-03,ARTEA,Artea pensija 1975-1981,1.5493,222744413.4845
2023-11-06,ARTEA,Artea pensija 1975-1981,1.5481,222481124.2525
2023-11-07,ARTEA,Artea pensija 1975-1981,1.5529,223142054.1153
2023-11-08,ARTEA,Artea pensija 1975-1981,1.5482,222510555.2117
2023-11-09,ARTEA,Artea pensija 1975-1981,1.5524,224603469.8424
2023-11-10,ARTEA,Artea pensija 1975-1981,1.5481,223983958.5236
2023-11-13,ARTEA,Artea pensija 1975-1981,1.5579,225208135.8026
2023-11-14,ARTEA,Artea pensija 1975-1981,1.5673,226450028.0105
2023-11-15,ARTEA,Artea pensija 1975-1981,1.5734,227397361.613
2023-11-16,ARTEA,Artea pensija 1975-1981,1.5637,225907060.7365
2023-11-17,ARTEA,Artea pensija 1975-1981,1.5689,226563059.2228
2023-11-20,ARTEA,Artea pensija 1975-1981,1.5707,226850098.631
2023-11-21,ARTEA,Artea pensija 1975-1981,1.5698,226675946.7446
2023-11-22,ARTEA,Artea pensija 1975-1981,1.5779,227779984.1493
2023-11-23,ARTEA,Artea pensija 1975-1981,1.5788,227728720.8131
2023-11-24,ARTEA,Artea pensija 1975-1981,1.5762,227234137.609
2023-11-27,ARTEA,Artea pensija 1975-1981,1.5741,226855078.9548
2023-11-28,ARTEA,Artea pensija 1975-1981,1.5727,226634579.154
2023-11-29,ARTEA,Artea pensija 1975-1981,1.5745,226882318.6919
2023-11-30,ARTEA,Artea pensija 1975-1981,1.5808,227784467.4704
2023-12-01,ARTEA,Artea pensija 1975-1981,1.5926,229479706.1328
2023-12-04,ARTEA,Artea pensija 1975-1981,1.5918,229271059.4636
2023-12-05,ARTEA,Artea pensija 1975-1981,1.5952,229736364.4853
2023-12-06,ARTEA,Artea pensija 1975-1981,1.5999,230362275.718
2023-12-07,ARTEA,Artea pensija 1975-1981,1.5992,231763681.3297
2023-12-08,ARTEA,Artea pensija 1975-1981,1.6052,232645453.7443
2023-12-11,ARTEA,Artea pensija 1975-1981,1.6086,233126313.7866
2023-12-12,ARTEA,Artea pensija 1975-1981,1.6073,232656170.5032
2023-12-13,ARTEA,Artea pensija 1975-1981,1.6093,232952861.3902
2023-12-14,ARTEA,Artea pensija 1975-1981,1.616,233878445.4758
2023-12-15,ARTEA,Artea pensija 1975-1981,1.6233,234867679.1878
2023-12-18,ARTEA,Artea pensija 1975-1981,1.6212,234540580.1118
2023-12-19,ARTEA,Artea pensija 1975-1981,1.6243,234905984.0878
2023-12-20,ARTEA,Artea pensija 1975-1981,1.6283,235438670.9792
2023-12-21,ARTEA,Artea pensija 1975-1981,1.6207,234298945.7306
2023-12-22,ARTEA,Artea pensija 1975-1981,1.625,234917954.1588
2023-12-27,ARTEA,Artea pensija 1975-1981,1.6226,234524752.8921
2023-12-28,ARTEA,Artea pensija 1975-1981,1.6272,235186553.0459
2023-12-29,ARTEA,Artea pensija 1975-1981,1.6282,235304924.6912
2024-01-02,ARTEA,Artea pensija 1975-1981,1.6292,235426201.2618
2024-01-03,ARTEA,Artea pensija 1975-1981,1.6218,234320780.551
2024-01-04,ARTEA,Artea pensija 1975-1981,1.6218,234301045.8601
2024-01-05,ARTEA,Artea pensija 1975-1981,1.6204,234005926.6853
2024-01-08,ARTEA,Artea pensija 1975-1981,1.6236,234402289.9668
2024-01-09,ARTEA,Artea pensija 1975-1981,1.6297,235160784.938
2024-01-10,ARTEA,Artea pensija 1975-1981,1.6278,234898265.7443
2024-01-11,ARTEA,Artea pensija 1975-1981,1.6215,235477975.1415
2024-01-12,ARTEA,Artea pensija 1975-1981,1.6306,236800376.1265
2024-01-15,ARTEA,Artea pensija 1975-1981,1.631,236594839.6863
2024-01-16,ARTEA,Artea pensija 1975-1981,1.6316,236557115.1253
2024-01-17,ARTEA,Artea pensija 1975-1981,1.6209,235001169.5893
2024-01-18,ARTEA,Artea pensija 1975-1981,1.6278,235970127.6051
2024-01-19,ARTEA,Artea pensija 1975-1981,1.6313,236458393.3085
2024-01-22,ARTEA,Artea pensija 1975-1981,1.6447,238399139.8723
2024-01-23,ARTEA,Artea pensija 1975-1981,1.6458,238538970.5001
2024-01-24,ARTEA,Artea pensija 1975-1981,1.6521,239431473.6983
2024-01-25,ARTEA,Artea pensija 1975-1981,1.658,240230565.9064
2024-01-26,ARTEA,Artea pensija 1975-1981,1.6605,240573785.5694
2024-01-29,ARTEA,Artea pensija 1975-1981,1.6657,241238389.2041
2024-01-30,ARTEA,Artea pensija 1975-1981,1.6674,241368467.4955
2024-01-31,ARTEA,Artea pensija 1975-1981,1.6619,240491783.9919
2024-02-01,ARTEA,Artea pensija 1975-1981,1.6549,239446026.954
2024-02-02,ARTEA,Artea pensija 1975-1981,1.6722,241911901.4482
2024-02-05,ARTEA,Artea pensija 1975-1981,1.6729,241939922.3276
2024-02-06,ARTEA,Artea pensija 1975-1981,1.6792,242844561.6485
2024-02-07,ARTEA,Artea pensija 1975-1981,1.6823,243346023.1777
2024-02-08,ARTEA,Artea pensija 1975-1981,1.6818,244840281.6706
2024-02-09,ARTEA,Artea pensija 1975-1981,1.6838,245117831.7627
2024-02-12,ARTEA,Artea pensija 1975-1981,1.6961,246611947.8123
2024-02-13,ARTEA,Artea pensija 1975-1981,1.6817,244380894.234
2024-02-14,ARTEA,Artea pensija 1975-1981,1.6889,245536230.2208
2024-02-15,ARTEA,Artea pensija 1975-1981,1.6963,246587941.4033
2024-02-19,ARTEA,Artea pensija 1975-1981,1.7001,247103818.9825
2024-02-20,ARTEA,Artea pensija 1975-1981,1.6892,245442416.7288
2024-02-21,ARTEA,Artea pensija 1975-1981,1.6865,245026514.877
2024-02-22,ARTEA,Artea pensija 1975-1981,1.7056,247774181.5443
2024-02-23,ARTEA,Artea pensija 1975-1981,1.711,248523255.6325
2024-02-26,ARTEA,Artea pensija 1975-1981,1.7049,247631354.0205
2024-02-27,ARTEA,Artea pensija 1975-1981,1.705,247538089.2535
2024-02-28,ARTEA,Artea pensija 1975-1981,1.7037,247301546.4333
2024-02-29,ARTEA,Artea pensija 1975-1981,1.7094,248106474.1462
2024-03-01,ARTEA,Artea pensija 1975-1981,1.7187,249396951.2496
2024-03-04,ARTEA,Artea pensija 1975-1981,1.7188,249277924.362
2024-03-05,ARTEA,Artea pensija 1975-1981,1.7102,247887183.7929
2024-03-06,ARTEA,Artea pensija 1975-1981,1.7153,248659513.0875
2024-03-07,ARTEA,Artea pensija 1975-1981,1.7204,251002646.3438
2024-03-08,ARTEA,Artea pensija 1975-1981,1.7208,251066755.4548
2024-03-12,ARTEA,Artea pensija 1975-1981,1.723,251209764.23
2024-03-13,ARTEA,Artea pensija 1975-1981,1.7216,250777921.1311
2024-03-14,ARTEA,Artea pensija 1975-1981,1.7218,250939834.4298
2024-03-15,ARTEA,Artea pensija 1975-1981,1.7148,249932666.5077
2024-03-18,ARTEA,Artea pensija 1975-1981,1.7232,251047022.6724
2024-03-19,ARTEA,Artea pensija 1975-1981,1.7249,251301604.9984
2024-03-20,ARTEA,Artea pensija 1975-1981,1.7274,251669902.554
2024-03-21,ARTEA,Artea pensija 1975-1981,1.7477,254545199.011
2024-03-22,ARTEA,Artea pensija 1975-1981,1.7469,254421507.2642
2024-03-25,ARTEA,Artea pensija 1975-1981,1.7434,253922717.8484
2024-03-26,ARTEA,Artea pensija 1975-1981,1.7463,254279958.2785
2024-03-27,ARTEA,Artea pensija 1975-1981,1.7465,254223868.1602
2024-03-28,ARTEA,Artea pensija 1975-1981,1.7561,255598208.4704
2024-03-29,ARTEA,Artea pensija 1975-1981,1.7571,255688353.0948
2024-04-02,ARTEA,Artea pensija 1975-1981,1.7458,254008361.7184
2024-04-03,ARTEA,Artea pensija 1975-1981,1.7466,254066818.5024
2024-04-04,ARTEA,Artea pensija 1975-1981,1.7498,254473930.8342
2024-04-05,ARTEA,Artea pensija 1975-1981,1.7395,252927614.7179
2024-04-08,ARTEA,Artea pensija 1975-1981,1.7437,253467540.6949
2024-04-09,ARTEA,Artea pensija 1975-1981,1.7392,252758240.0421
2024-04-10,ARTEA,Artea pensija 1975-1981,1.7425,253268930.9194
2024-04-11,ARTEA,Artea pensija 1975-1981,1.7431,254969734.0651
2024-04-12,ARTEA,Artea pensija 1975-1981,1.7477,255653745.3949
2024-04-15,ARTEA,Artea pensija 1975-1981,1.7436,254820357.2771
2024-04-16,ARTEA,Artea pensija 1975-1981,1.7217,251457098.091
2024-04-17,ARTEA,Artea pensija 1975-1981,1.7153,250560063.8396
2024-04-18,ARTEA,Artea pensija 1975-1981,1.7192,251141068.4007
2024-04-19,ARTEA,Artea pensija 1975-1981,1.7084,249540493.3303
2024-04-22,ARTEA,Artea pensija 1975-1981,1.7125,250119046.6128
2024-04-23,ARTEA,Artea pensija 1975-1981,1.7261,252022681.7673
2024-04-24,ARTEA,Artea pensija 1975-1981,1.7259,251922613.7644
2024-04-25,ARTEA,Artea pensija 1975-1981,1.7129,249893328.7177
2024-04-26,ARTEA,Artea pensija 1975-1981,1.7356,253081725.7037
2024-04-29,ARTEA,Artea pensija 1975-1981,1.7375,253289807.396
2024-04-30,ARTEA,Artea pensija 1975-1981,1.7347,252781148.9592
2024-05-02,ARTEA,Artea pensija 1975-1981,1.7296,251972894.2818
2024-05-03,ARTEA,Artea pensija 1975-1981,1.7415,253692188.5621
2024-05-06,ARTEA,Artea pensija 1975-1981,1.75,254881733.5072
2024-05-07,ARTEA,Artea pensija 1975-1981,1.7592,256189586.6598
2024-05-08,ARTEA,Artea pensija 1975-1981,1.7587,256156863.4012
2024-05-09,ARTEA,Artea pensija 1975-1981,1.7607,258248359.9131
2024-05-10,ARTEA,Artea pensija 1975-1981,1.7646,258819569.1633
2024-05-13,ARTEA,Artea pensija 1975-1981,1.7646,258572061.7483
2024-05-14,ARTEA,Artea pensija 1975-1981,1.7677,259020136.5491
2024-05-15,ARTEA,Artea pensija 1975-1981,1.7767,260324181.1244
2024-05-16,ARTEA,Artea pensija 1975-1981,1.7803,260817380.531
2024-05-17,ARTEA,Artea pensija 1975-1981,1.777,260290357.6381
2024-05-20,ARTEA,Artea pensija 1975-1981,1.7836,261247597.0187
2024-05-21,ARTEA,Artea pensija 1975-1981,1.7791,260557857.4986
2024-05-22,ARTEA,Artea pensija 1975-1981,1.78,260677819.5262
2024-05-23,ARTEA,Artea pensija 1975-1981,1.7795,260563201.8674
2024-05-24,ARTEA,Artea pensija 1975-1981,1.775,259852975.3986
2024-05-27,ARTEA,Artea pensija 1975-1981,1.7797,260467765.9313
2024-05-28,ARTEA,Artea pensija 1975-1981,1.7732,259498806.5429
2024-05-29,ARTEA,Artea pensija 1975-1981,1.7648,258191893.6348
2024-05-30,ARTEA,Artea pensija 1975-1981,1.7626,257877731.8355
2024-05-31,ARTEA,Artea pensija 1975-1981,1.7556,256780244.922
2024-06-03,ARTEA,Artea pensija 1975-1981,1.7656,258218144.7512
2024-06-04,ARTEA,Artea pensija 1975-1981,1.7575,257009638.3684
2024-06-05,ARTEA,Artea pensija 1975-1981,1.774,259361636.9108
2024-06-06,ARTEA,Artea pensija 1975-1981,1.7805,260265269.4489
2024-06-07,ARTEA,Artea pensija 1975-1981,1.7853,260918978.3535
2024-06-10,ARTEA,Artea pensija 1975-1981,1.7905,261685468.8169
2024-06-11,ARTEA,Artea pensija 1975-1981,1.7868,261145267.1847
2024-06-12,ARTEA,Artea pensija 1975-1981,1.7978,262763920.3282
2024-06-13,ARTEA,Artea pensija 1975-1981,1.7943,264447542.8025
2024-06-14,ARTEA,Artea pensija 1975-1981,1.7976,264932964.8001
2024-06-17,ARTEA,Artea pensija 1975-1981,1.7974,264748375.7024
2024-06-18,ARTEA,Artea pensija 1975-1981,1.8075,265976330.7135
2024-06-19,ARTEA,Artea pensija 1975-1981,1.808,266060547.5531
2024-06-20,ARTEA,Artea pensija 1975-1981,1.813,266787562.3109
2024-06-21,ARTEA,Artea pensija 1975-1981,1.8084,265979454.5174
2024-06-25,ARTEA,Artea pensija 1975-1981,1.8135,266738950.7517
2024-06-26,ARTEA,Artea pensija 1975-1981,1.8079,265871476.5705
2024-06-27,ARTEA,Artea pensija 1975-1981,1.8076,265776237.5648
2024-06-28,ARTEA,Artea pensija 1975-1981,1.814,266685468.1859
2024-07-01,ARTEA,Artea pensija 1975-1981,1.8061,265462735.168
2024-07-02,ARTEA,Artea pensija 1975-1981,1.8071,265569071.6931
2024-07-03,ARTEA,Artea pensija 1975-1981,1.8123,266221909.2931
2024-07-04,ARTEA,Artea pensija 1975-1981,1.8156,266699460.7327
2024-07-05,ARTEA,Artea pensija 1975-1981,1.8152,266607013.8712
2024-07-08,ARTEA,Artea pensija 1975-1981,1.8193,267157578.4352
2024-07-09,ARTEA,Artea pensija 1975-1981,1.819,267090640.1692
2024-07-10,ARTEA,Artea pensija 1975-1981,1.8263,268183851.1846
2024-07-11,ARTEA,Artea pensija 1975-1981,1.829,270293165.6864
2024-07-12,ARTEA,Artea pensija 1975-1981,1.8369,271440312.6236
2024-07-15,ARTEA,Artea pensija 1975-1981,1.8354,270957649.2666
2024-07-16,ARTEA,Artea pensija 1975-1981,1.8392,271557479.9991
2024-07-17,ARTEA,Artea pensija 1975-1981,1.8267,269690618.0137
2024-07-18,ARTEA,Artea pensija 1975-1981,1.8195,268484845.6313
2024-07-19,ARTEA,Artea pensija 1975-1981,1.8086,266834799.2903
2024-07-22,ARTEA,Artea pensija 1975-1981,1.8157,267818759.5992
2024-07-23,ARTEA,Artea pensija 1975-1981,1.8271,269356191.0966
2024-07-24,ARTEA,Artea pensija 1975-1981,1.8073,266387097.0384
2024-07-25,ARTEA,Artea pensija 1975-1981,1.8007,265346179.103
2024-07-26,ARTEA,Artea pensija 1975-1981,1.8072,266280154.8597
2024-07-29,ARTEA,Artea pensija 1975-1981,1.8094,266531333.8281
2024-07-30,ARTEA,Artea pensija 1975-1981,1.811,266693022.8498
2024-07-31,ARTEA,Artea pensija 1975-1981,1.8314,269737968.5423
2024-08-01,ARTEA,Artea pensija 1975-1981,1.815,267250155.1765
2024-08-02,ARTEA,Artea pensija 1975-1981,1.7608,259078797.1223
2024-08-05,ARTEA,Artea pensija 1975-1981,1.7264,253965215.9174
2024-08-06,ARTEA,Artea pensija 1975-1981,1.7376,255576248.4368
2024-08-07,ARTEA,Artea pensija 1975-1981,1.7598,258872032.3688
2024-08-08,ARTEA,Artea pensija 1975-1981,1.7602,260598492.2491
2024-08-09,ARTEA,Artea pensija 1975-1981,1.7661,261472970.5018
2024-08-12,ARTEA,Artea pensija 1975-1981,1.7682,261391663.3483
2024-08-13,ARTEA,Artea pensija 1975-1981,1.7822,263376378.2134
2024-08-14,ARTEA,Artea pensija 1975-1981,1.7843,263475306.4181
2024-08-16,ARTEA,Artea pensija 1975-1981,1.8124,267576337.9879
2024-08-19,ARTEA,Artea pensija 1975-1981,1.8162,268029947.9629
2024-08-20,ARTEA,Artea pensija 1975-1981,1.8103,267062810.971
2024-08-21,ARTEA,Artea pensija 1975-1981,1.814,267487012.5483
2024-08-22,ARTEA,Artea pensija 1975-1981,1.8178,267961959.3838
2024-08-23,ARTEA,Artea pensija 1975-1981,1.8209,268394315.532
2024-08-26,ARTEA,Artea pensija 1975-1981,1.8203,268169168.2352
2024-08-27,ARTEA,Artea pensija 1975-1981,1.8196,267961348.4798
2024-08-28,ARTEA,Artea pensija 1975-1981,1.8213,268133101.2065
2024-08-29,ARTEA,Artea pensija 1975-1981,1.8356,270107358.5234
2024-08-30,ARTEA,Artea pensija 1975-1981,1.8305,269298540.6672
2024-09-02,ARTEA,Artea pensija 1975-1981,1.8381,270316616.3491
2024-09-03,ARTEA,Artea pensija 1975-1981,1.8248,268296091.127
2024-09-04,ARTEA,Artea pensija 1975-1981,1.8095,266024524.6662
2024-09-05,ARTEA,Artea pensija 1975-1981,1.8008,264758645.2625
2024-09-06,ARTEA,Artea pensija 1975-1981,1.7817,261922716.6791
2024-09-09,ARTEA,Artea pensija 1975-1981,1.7974,264198737.9527
2024-09-10,ARTEA,Artea pensija 1975-1981,1.7977,264195960.4528
2024-09-11,ARTEA,Artea pensija 1975-1981,1.793,263534062.4655
2024-09-12,ARTEA,Artea pensija 1975-1981,1.8159,268582755.098
2024-09-13,ARTEA,Artea pensija 1975-1981,1.8277,270318705.7493
2024-09-16,ARTEA,Artea pensija 1975-1981,1.8231,269568887.0546
2024-09-17,ARTEA,Artea pensija 1975-1981,1.8323,270533957.0108
2024-09-18,ARTEA,Artea pensija 1975-1981,1.824,269337391.7854
2024-09-19,ARTEA,Artea pensija 1975-1981,1.8434,272197482.4773
2024-09-20,ARTEA,Artea pensija 1975-1981,1.8333,270683069.1288
2024-09-23,ARTEA,Artea pensija 1975-1981,1.8427,271967326.0922
2024-09-24,ARTEA,Artea pensija 1975-1981,1.8464,272420734.3606
2024-09-25,ARTEA,Artea pensija 1975-1981,1.8456,272210933.7692
2024-09-26,ARTEA,Artea pensija 1975-1981,1.8535,273349013.4895
2024-09-27,ARTEA,Artea pensija 1975-1981,1.8581,273865163.9885
2024-09-30,ARTEA,Artea pensija 1975-1981,1.8486,272428915.1453
2024-10-01,ARTEA,Artea pensija 1975-1981,1.851,272651503.8539
2024-10-02,ARTEA,Artea pensija 1975-1981,1.856,273326026.4628
2024-10-03,ARTEA,Artea pensija 1975-1981,1.8507,272491621.8736
2024-10-04,ARTEA,Artea pensija 1975-1981,1.8594,273768000.1006
2024-10-07,ARTEA,Artea pensija 1975-1981,1.862,274085865.5973
2024-10-08,ARTEA,Artea pensija 1975-1981,1.8615,273998561.4139
2024-10-09,ARTEA,Artea pensija 1975-1981,1.8719,275539499.1554
2024-10-10,ARTEA,Artea pensija 1975-1981,1.8728,277285003.0514
2024-10-11,ARTEA,Artea pensija 1975-1981,1.8806,278445719.1867
2024-10-14,ARTEA,Artea pensija 1975-1981,1.8917,279970497.0891
2024-10-15,ARTEA,Artea pensija 1975-1981,1.8907,279570345.0827
2024-10-16,ARTEA,Artea pensija 1975-1981,1.8921,279761557.7722
2024-10-17,ARTEA,Artea pensija 1975-1981,1.9024,281168615.0388
2024-10-18,ARTEA,Artea pensija 1975-1981,1.9009,280791869.3367
2024-10-21,ARTEA,Artea pensija 1975-1981,1.8917,279419048.9025
2024-10-22,ARTEA,Artea pensija 1975-1981,1.8912,279247158.5339
2024-10-23,ARTEA,Artea pensija 1975-1981,1.8874,278587846.3174
2024-10-24,ARTEA,Artea pensija 1975-1981,1.8857,278338349.7622
2024-10-25,ARTEA,Artea pensija 1975-1981,1.8895,278806822.9398
2024-10-28,ARTEA,Artea pensija 1975-1981,1.8897,278761932.7851
2024-10-29,ARTEA,Artea pensija 1975-1981,1.8903,278744567.9992
2024-10-30,ARTEA,Artea pensija 1975-1981,1.8804,277232121.4109
2024-10-31,ARTEA,Artea pensija 1975-1981,1.857,273710254.9124
2024-11-04,ARTEA,Artea pensija 1975-1981,1.8591,273987298.0829
2024-11-05,ARTEA,Artea pensija 1975-1981,1.8653,274819259.8577
2024-11-06,ARTEA,Artea pensija 1975-1981,1.9025,280267886.8895
2024-11-07,ARTEA,Artea pensija 1975-1981,1.9128,281798115.6815
2024-11-08,ARTEA,Artea pensija 1975-1981,1.9188,284317162.1913
2024-11-11,ARTEA,Artea pensija 1975-1981,1.9337,286524471.0986
2024-11-12,ARTEA,Artea pensija 1975-1981,1.9241,284900178.1013
2024-11-13,ARTEA,Artea pensija 1975-1981,1.927,285429325.623
2024-11-14,ARTEA,Artea pensija 1975-1981,1.9285,285578716.5771
2024-11-15,ARTEA,Artea pensija 1975-1981,1.9118,283108890.025
2024-11-18,ARTEA,Artea pensija 1975-1981,1.917,283824052.9649
2024-11-19,ARTEA,Artea pensija 1975-1981,1.9156,283551902.5133
2024-11-20,ARTEA,Artea pensija 1975-1981,1.9167,283600354.961
2024-11-21,ARTEA,Artea pensija 1975-1981,1.9362,286432026.4045
2024-11-22,ARTEA,Artea pensija 1975-1981,1.9572,289524140.27
2024-11-25,ARTEA,Artea pensija 1975-1981,1.9571,289457955.7173
2024-11-26,ARTEA,Artea pensija 1975-1981,1.9553,288929522.5177
2024-11-27,ARTEA,Artea pensija 1975-1981,1.9427,287023259.3943
2024-11-28,ARTEA,Artea pensija 1975-1981,1.9481,287819596.1847
2024-11-29,ARTEA,Artea pensija 1975-1981,1.9535,288571973.795
2024-12-02,ARTEA,Artea pensija 1975-1981,1.9648,290092626.6675
2024-12-03,ARTEA,Artea pensija 1975-1981,1.9636,289868336.24
2024-12-04,ARTEA,Artea pensija 1975-1981,1.9698,290817132.3415
2024-12-05,ARTEA,Artea pensija 1975-1981,1.9666,290327509.1403
2024-12-06,ARTEA,Artea pensija 1975-1981,1.9673,290359360.6985
2024-12-09,ARTEA,Artea pensija 1975-1981,1.962,289568756.37
2024-12-10,ARTEA,Artea pensija 1975-1981,1.9678,290421806.1141
2024-12-11,ARTEA,Artea pensija 1975-1981,1.9759,291672571.0475
2024-12-12,ARTEA,Artea pensija 1975-1981,1.9727,292841286.987
2024-12-13,ARTEA,Artea pensija 1975-1981,1.9654,291751510.3143
2024-12-16,ARTEA,Artea pensija 1975-1981,1.9656,291218345.5012
2024-12-17,ARTEA,Artea pensija 1975-1981,1.9575,289735979.4548
2024-12-18,ARTEA,Artea pensija 1975-1981,1.9607,290230932.5135
2024-12-19,ARTEA,Artea pensija 1975-1981,1.9355,286338081.036
2024-12-20,ARTEA,Artea pensija 1975-1981,1.9374,286547200.2526
2024-12-23,ARTEA,Artea pensija 1975-1981,1.9341,285942575.5796
2024-12-27,ARTEA,Artea pensija 1975-1981,1.9397,286705187.6684
2024-12-30,ARTEA,Artea pensija 1975-1981,1.9287,284965139.1163
2024-12-31,ARTEA,Artea pensija 1975-1981,1.9291,285032661.4518
2025-01-02,ARTEA,Artea pensija 1975-1981,1.9555,288887868.5395
2025-01-03,ARTEA,Artea pensija 1975-1981,1.9524,288400980.131
2025-01-06,ARTEA,Artea pensija 1975-1981,1.9617,289748372.3192
2025-01-07,ARTEA,Artea pensija 1975-1981,1.9513,288130182.9683
2025-01-08,ARTEA,Artea pensija 1975-1981,1.9509,288102518.6061
2025-01-09,ARTEA,Artea pensija 1975-1981,1.9556,290403777.7838
2025-01-10,ARTEA,Artea pensija 1975-1981,1.9395,288014002.0409
2025-01-13,ARTEA,Artea pensija 1975-1981,1.9365,287113438.2908
2025-01-14,ARTEA,Artea pensija 1975-1981,1.9367,287078696.0393
2025-01-15,ARTEA,Artea pensija 1975-1981,1.9601,290466421.2985
2025-01-16,ARTEA,Artea pensija 1975-1981,1.9665,291305957.0825
2025-01-17,ARTEA,Artea pensija 1975-1981,1.9793,293115697.898
2025-01-20,ARTEA,Artea pensija 1975-1981,1.9725,291958862.2196
2025-01-21,ARTEA,Artea pensija 1975-1981,1.9741,292058268.0498
2025-01-22,ARTEA,Artea pensija 1975-1981,1.9829,293207321.8507
2025-01-23,ARTEA,Artea pensija 1975-1981,1.9861,293625489.5314
2025-01-24,ARTEA,Artea pensija 1975-1981,1.9788,292372913.6065
2025-01-27,ARTEA,Artea pensija 1975-1981,1.9535,288556293.4288
2025-01-28,ARTEA,Artea pensija 1975-1981,1.9696,290846618.8858
2025-01-29,ARTEA,Artea pensija 1975-1981,1.9773,291943829.0224
2025-01-30,ARTEA,Artea pensija 1975-1981,1.9842,292911873.6103
2025-01-31,ARTEA,Artea pensija 1975-1981,1.9952,294429192.6903
2025-02-03,ARTEA,Artea pensija 1975-1981,1.9848,292703914.9282
2025-02-04,ARTEA,Artea pensija 1975-1981,1.9833,292394596.3123
2025-02-05,ARTEA,Artea pensija 1975-1981,1.9799,291772761.773
2025-02-06,ARTEA,Artea pensija 1975-1981,1.9946,293792223.3953
2025-02-07,ARTEA,Artea pensija 1975-1981,1.9908,293172150.6719
2025-02-10,ARTEA,Artea pensija 1975-1981,1.9993,294176922.9746
2025-02-11,ARTEA,Artea pensija 1975-1981,1.9947,293436551.2803
2025-02-12,ARTEA,Artea pensija 1975-1981,1.9826,291695690.4498
2025-02-13,ARTEA,Artea pensija 1975-1981,1.9914,294675912.0705
2025-02-14,ARTEA,Artea pensija 1975-1981,1.9885,294245878.7697
2025-02-17,ARTEA,Artea pensija 1975-1981,1.9972,295285168.2277
2025-02-18,ARTEA,Artea pensija 1975-1981,1.9996,295435537.159
2025-02-19,ARTEA,Artea pensija 1975-1981,2.0054,296269172.664
2025-02-20,ARTEA,Artea pensija 1975-1981,1.9915,294061446.7299
2025-02-21,ARTEA,Artea pensija 1975-1981,1.992,294123538.5712
2025-02-24,ARTEA,Artea pensija 1975-1981,1.9756,291618081.0878
2025-02-25,ARTEA,Artea pensija 1975-1981,1.9557,288601717.2699
2025-02-26,ARTEA,Artea pensija 1975-1981,1.9737,291233394.0419
2025-02-27,ARTEA,Artea pensija 1975-1981,1.9737,291191392.0844
2025-02-28,ARTEA,Artea pensija 1975-1981,1.9573,288682896.3085
2025-03-03,ARTEA,Artea pensija 1975-1981,1.9604,289114326.6388
2025-03-04,ARTEA,Artea pensija 1975-1981,1.909,281429930.1103
2025-03-05,ARTEA,Artea pensija 1975-1981,1.8926,279068349.03
2025-03-06,ARTEA,Artea pensija 1975-1981,1.8946,281068354.2854
2025-03-07,ARTEA,Artea pensija 1975-1981,1.8715,277625155.8816
2025-03-10,ARTEA,Artea pensija 1975-1981,1.865,276250161.5869
2025-03-12,ARTEA,Artea pensija 1975-1981,1.8485,273790457.4178
2025-03-13,ARTEA,Artea pensija 1975-1981,1.8395,272404052.0012
2025-03-14,ARTEA,Artea pensija 1975-1981,1.8546,274573821.6833
2025-03-17,ARTEA,Artea pensija 1975-1981,1.8622,275644020.7892
2025-03-18,ARTEA,Artea pensija 1975-1981,1.8575,274868469.3691
2025-03-19,ARTEA,Artea pensija 1975-1981,1.871,276817894.7873
2025-03-20,ARTEA,Artea pensija 1975-1981,1.8759,277515898.2861
2025-03-21,ARTEA,Artea pensija 1975-1981,1.8718,276838034.6625
2025-03-24,ARTEA,Artea pensija 1975-1981,1.8954,280166600.8691
2025-03-25,ARTEA,Artea pensija 1975-1981,1.8986,280553756.9859
2025-03-26,ARTEA,Artea pensija 1975-1981,1.8917,279429870.0171
2025-03-27,ARTEA,Artea pensija 1975-1981,1.8867,278555419.0496
2025-03-28,ARTEA,Artea pensija 1975-1981,1.8575,274140303.7262
2025-03-31,ARTEA,Artea pensija 1975-1981,1.8485,272735773.029
2025-04-01,ARTEA,Artea pensija 1975-1981,1.8644,274961063.2385
2025-04-02,ARTEA,Artea pensija 1975-1981,1.8639,274795253.3766
2025-04-03,ARTEA,Artea pensija 1975-1981,1.7943,264434808.7387
2025-04-04,ARTEA,Artea pensija 1975-1981,1.7349,255561922.5278
2025-04-07,ARTEA,Artea pensija 1975-1981,1.6987,250157857.9807
2025-04-08,ARTEA,Artea pensija 1975-1981,1.7387,255967835.8169
2025-04-09,ARTEA,Artea pensija 1975-1981,1.6753,246526557.6185
2025-04-10,ARTEA,Artea pensija 1975-1981,1.7298,254571793.5602
2025-04-11,ARTEA,Artea pensija 1975-1981,1.7208,254928929.0098
2025-04-14,ARTEA,Artea pensija 1975-1981,1.7501,259230873.8498
2025-04-15,ARTEA,Artea pensija 1975-1981,1.765,261137043.8438
2025-04-16,ARTEA,Artea pensija 1975-1981,1.7504,259002946.1603
2025-04-17,ARTEA,Artea pensija 1975-1981,1.74,257397946.5444
2025-04-18,ARTEA,Artea pensija 1975-1981,1.7399,257347964.5126
2025-04-22,ARTEA,Artea pensija 1975-1981,1.7318,256120666.437
2025-04-23,ARTEA,Artea pensija 1975-1981,1.7689,261561070.601
2025-04-24,ARTEA,Artea pensija 1975-1981,1.7799,263177032.2675
2025-04-25,ARTEA,Artea pensija 1975-1981,1.7843,263747160.1643
2025-04-28,ARTEA,Artea pensija 1975-1981,1.7872,264093624.5162
2025-04-29,ARTEA,Artea pensija 1975-1981,1.7939,265051433.2249
2025-04-30,ARTEA,Artea pensija 1975-1981,1.7981,265584844.6372
2025-05-02,ARTEA,Artea pensija 1975-1981,1.8322,270595485.0676
2025-05-05,ARTEA,Artea pensija 1975-1981,1.8383,271433632.3713
2025-05-06,ARTEA,Artea pensija 1975-1981,1.8294,270073965.9516
2025-05-07,ARTEA,Artea pensija 1975-1981,1.8234,269086723.9294
2025-05-08,ARTEA,Artea pensija 1975-1981,1.843,273855616.1757
2025-05-09,ARTEA,Artea pensija 1975-1981,1.844,273999686.8202
2025-05-12,ARTEA,Artea pensija 1975-1981,1.8899,280692064.2014
2025-05-13,ARTEA,Artea pensija 1975-1981,1.8982,281877117.4043
2025-05-14,ARTEA,Artea pensija 1975-1981,1.8949,281400187.1724
2025-05-15,ARTEA,Artea pensija 1975-1981,1.9008,282280790.9274
2025-05-16,ARTEA,Artea pensija 1975-1981,1.9106,283711307.261
2025-05-19,ARTEA,Artea pensija 1975-1981,1.9021,282401449.1037
2025-05-20,ARTEA,Artea pensija 1975-1981,1.9042,282672454.894
2025-05-21,ARTEA,Artea pensija 1975-1981,1.893,280984332.6939
2025-05-22,ARTEA,Artea pensija 1975-1981,1.8838,279554671.4842
2025-05-23,ARTEA,Artea pensija 1975-1981,1.8695,277426580.5806
2025-05-26,ARTEA,Artea pensija 1975-1981,1.8819,279230081.3589
2025-05-27,ARTEA,Artea pensija 1975-1981,1.8919,280688269.8525
2025-05-28,ARTEA,Artea pensija 1975-1981,1.8936,280912747.5274
2025-05-29,ARTEA,Artea pensija 1975-1981,1.8871,279859416.119
2025-05-30,ARTEA,Artea pensija 1975-1981,1.8847,279475828.1687
2025-06-02,ARTEA,Artea pensija 1975-1981,1.8782,278399002.0417
2025-06-03,ARTEA,Artea pensija 1975-1981,1.8947,280854287.7227
2025-06-04,ARTEA,Artea pensija 1975-1981,1.8967,281098137.1009
2025-06-05,ARTEA,Artea pensija 1975-1981,1.897,281080323.5188
2025-06-06,ARTEA,Artea pensija 1975-1981,1.9028,281829282.3955
2025-06-09,ARTEA,Artea pensija 1975-1981,1.904,281993893.344
2025-06-10,ARTEA,Artea pensija 1975-1981,1.9058,282325682.2178
2025-06-11,ARTEA,Artea pensija 1975-1981,1.9059,282401734.7657
2025-06-12,ARTEA,Artea pensija 1975-1981,1.892,282619359.4227
2025-06-13,ARTEA,Artea pensija 1975-1981,1.884,281400207.5939
2025-06-16,ARTEA,Artea pensija 1975-1981,1.8908,282131930.9499
2025-06-17,ARTEA,Artea pensija 1975-1981,1.8861,281196663.5257
2025-06-18,ARTEA,Artea pensija 1975-1981,1.8861,281110352.2203
2025-06-19,ARTEA,Artea pensija 1975-1981,1.8738,279214022.732
2025-06-20,ARTEA,Artea pensija 1975-1981,1.8791,279939308.4393
2025-06-23,ARTEA,Artea pensija 1975-1981,1.8759,279357172.853
2025-06-25,ARTEA,Artea pensija 1975-1981,1.8915,281525692.2834
2025-06-26,ARTEA,Artea pensija 1975-1981,1.8926,281733000.0077
2025-06-27,ARTEA,Artea pensija 1975-1981,1.9037,283349496.5055
2025-06-30,ARTEA,Artea pensija 1975-1981,1.9005,282811501.3213
2025-07-01,ARTEA,Artea pensija 1975-1981,1.8995,282561738.73
2025-07-02,ARTEA,Artea pensija 1975-1981,1.9029,283017417.72999996
2025-07-03,ARTEA,Artea pensija 1975-1981,1.9175,285080104.17
2025-07-04,ARTEA,Artea pensija 1975-1981,1.9066,283506348.26
2025-07-07,ARTEA,Artea pensija 1975-1981,1.9108,283976262.32
2025-07-08,ARTEA,Artea pensija 1975-1981,1.9114,284065490.53000003
2025-07-09,ARTEA,Artea pensija 1975-1981,1.9153,284658444.17
2025-07-10,ARTEA,Artea pensija 1975-1981,1.9257,287976686.04999995
2025-07-11,ARTEA,Artea pensija 1975-1981,1.9164,286598090.21999997
2025-07-14,ARTEA,Artea pensija 1975-1981,1.9174,286479217.68
2025-07-15,ARTEA,Artea pensija 1975-1981,1.9257,287658103.47
2025-07-16,ARTEA,Artea pensija 1975-1981,1.9057,284678286.44
2025-07-17,ARTEA,Artea pensija 1975-1981,1.9342,288931857.15
2025-07-18,ARTEA,Artea pensija 1975-1981,1.9279,287935396.25
2025-07-21,ARTEA,Artea pensija 1975-1981,1.9296,288077220.76000005
2025-07-22,ARTEA,Artea pensija 1975-1981,1.9197,286549788.90999997
2025-07-23,ARTEA,Artea pensija 1975-1981,1.9324,288450397.37
2025-07-24,ARTEA,Artea pensija 1975-1981,1.9343,288629667.34
2025-07-25,ARTEA,Artea pensija 1975-1981,1.936,288740599.26
2025-07-28,ARTEA,Artea pensija 1975-1981,1.9477,290401515.75
2025-07-29,ARTEA,Artea pensija 1975-1981,1.9537,291143849.60999995
2025-07-30,ARTEA,Artea pensija 1975-1981,1.9607,292112898.51
2025-07-31,ARTEA,Artea pensija 1975-1981,1.9629,292380043.68
2025-08-01,ARTEA,Artea pensija 1975-1981,1.9202,285956187.96
2025-08-04,ARTEA,Artea pensija 1975-1981,1.9354,288163698.36
2025-08-05,ARTEA,Artea pensija 1975-1981,1.9327,287607921.22999996
2025-08-06,ARTEA,Artea pensija 1975-1981,1.935,287987643.52
2025-08-07,ARTEA,Artea pensija 1975-1981,1.9401,290504488.05
2025-08-08,ARTEA,Artea pensija 1975-1981,1.9438,291033582.75
2025-08-11,ARTEA,Artea pensija 1975-1981,1.9521,291895894.46
2025-08-12,ARTEA,Artea pensija 1975-1981,1.953,291961998.28999996
2025-08-13,ARTEA,Artea pensija 1975-1981,1.957,292617183.42
2025-08-14,ARTEA,Artea pensija 1975-1981,1.9625,293379132.13
2025-08-18,ARTEA,Artea pensija 1975-1981,1.9617,293223373.72999996
2025-08-19,ARTEA,Artea pensija 1975-1981,1.9628,293333800.78
2025-08-20,ARTEA,Artea pensija 1975-1981,1.9548,292063487.27
2025-08-21,ARTEA,Artea pensija 1975-1981,1.9598,292785560.04
2025-08-22,ARTEA,Artea pensija 1975-1981,1.97,294279608.07
2025-08-25,ARTEA,Artea pensija 1975-1981,1.9676,293841752.84999996
2025-08-26,ARTEA,Artea pensija 1975-1981,1.9633,293135821.95
2025-08-27,ARTEA,Artea pensija 1975-1981,1.9738,294619908.35
2025-08-28,ARTEA,Artea pensija 1975-1981,1.9699,293931775.3
2025-08-29,ARTEA,Artea pensija 1975-1981,1.9588,292134542.16
2025-09-01,ARTEA,Artea pensija 1975-1981,1.9624,292700520.98
2025-09-02,ARTEA,Artea pensija 1975-1981,1.9486,290593501.84000003
2025-09-03,ARTEA,Artea pensija 1975-1981,1.958,291910706
2025-09-04,ARTEA,Artea pensija 1975-1981,1.9705,293623174.91
2025-09-05,ARTEA,Artea pensija 1975-1981,1.9633,292504944.29
2025-09-08,ARTEA,Artea pensija 1975-1981,1.972,293632854.07
2025-09-09,ARTEA,Artea pensija 1975-1981,1.9736,293865353.2
2025-09-10,ARTEA,Artea pensija 1975-1981,1.9812,295007990.08000004
2025-09-11,ARTEA,Artea pensija 1975-1981,1.9912,298285634.2
2025-09-12,ARTEA,Artea pensija 1975-1981,1.9913,298279689.9
2025-09-15,ARTEA,Artea pensija 1975-1981,1.9923,297875248.55
2025-09-16,ARTEA,Artea pensija 1975-1981,1.9806,296132554.34000003
2025-09-17,ARTEA,Artea pensija 1975-1981,1.9821,296376774.40000004
2025-09-18,ARTEA,Artea pensija 1975-1981,1.9978,298676753.82
2025-09-19,ARTEA,Artea pensija 1975-1981,1.9984,298684686.11999995
2025-09-22,ARTEA,Artea pensija 1975-1981,2.0007,298936008.6
2025-09-23,ARTEA,Artea pensija 1975-1981,2.0044,299254864.32
2025-09-24,ARTEA,Artea pensija 1975-1981,2.0007,298701747.21000004
2025-09-25,ARTEA,Artea pensija 1975-1981,1.9974,298121006.59999996
2025-09-26,ARTEA,Artea pensija 1975-1981,1.9977,298039884.97999996
2025-09-29,ARTEA,Artea pensija 1975-1981,2.0028,298783201.3
2025-09-30,ARTEA,Artea pensija 1975-1981,2.0009,298465437.32
2025-10-01,ARTEA,Artea pensija 1975-1981,2.0131,300200197.2
2025-10-02,ARTEA,Artea pensija 1975-1981,2.0179,300851400.90999997
2025-10-03,ARTEA,Artea pensija 1975-1981,2.0272,302146345.45
2025-10-06,ARTEA,Artea pensija 1975-1981,2.0332,303011809.64
2025-10-07,ARTEA,Artea pensija 1975-1981,2.031,302620852.28000003
2025-10-08,ARTEA,Artea pensija 1975-1981,2.0454,304789786.88
2025-10-09,ARTEA,Artea pensija 1975-1981,2.0466,306619097.83
2025-10-10,ARTEA,Artea pensija 1975-1981,2.0177,302302443.23
2025-10-13,ARTEA,Artea pensija 1975-1981,2.0316,304081392.17999995
2025-10-14,ARTEA,Artea pensija 1975-1981,2.0245,302835987.05
2025-10-15,ARTEA,Artea pensija 1975-1981,2.0358,304576185.22
2025-10-16,ARTEA,Artea pensija 1975-1981,2.0346,304299029.59
2025-10-17,ARTEA,Artea pensija 1975-1981,2.0188,301817501.15999997
2025-10-20,ARTEA,Artea pensija 1975-1981,2.0453,305724916.71
2025-10-21,ARTEA,Artea pensija 1975-1981,2.0503,306478765.53999996
2025-10-22,ARTEA,Artea pensija 1975-1981,2.0422,305156319.92
2025-10-23,ARTEA,Artea pensija 1975-1981,2.0471,305792911.79999995
2025-10-24,ARTEA,Artea pensija 1975-1981,2.0591,307532178.19
2025-10-27,ARTEA,Artea pensija 1975-1981,2.0675,308683672.45
2025-10-28,ARTEA,Artea pensija 1975-1981,2.0692,308793098.43
2025-10-29,ARTEA,Artea pensija 1975-1981,2.0723,309255683.01
2025-10-30,ARTEA,Artea pensija 1975-1981,2.0742,309492908.66
2025-10-31,ARTEA,Artea pensija 1975-1981,2.0722,309031995.31
2025-11-03,ARTEA,Artea pensija 1975-1981,2.0757,309491944.71
2025-11-04,ARTEA,Artea pensija 1975-1981,2.0698,308453973.45
2025-11-05,ARTEA,Artea pensija 1975-1981,2.0713,308633539.5
2025-11-06,ARTEA,Artea pensija 1975-1981,2.0486,305209600.9
2025-11-07,ARTEA,Artea pensija 1975-1981,2.0289,302156114.76000005
2025-11-10,ARTEA,Artea pensija 1975-1981,2.0603,306749671.32
2025-11-11,ARTEA,Artea pensija 1975-1981,2.0657,307471326.66
2025-11-12,ARTEA,Artea pensija 1975-1981,2.0745,308787456.33
2025-11-13,ARTEA,Artea pensija 1975-1981,2.0532,307308604.11
2025-11-14,ARTEA,Artea pensija 1975-1981,2.0518,307065510.32
2025-11-17,ARTEA,Artea pensija 1975-1981,2.0455,305863237.58
2025-11-18,ARTEA,Artea pensija 1975-1981,2.0255,302724704.77000004
2025-11-19,ARTEA,Artea pensija 1975-1981,2.0296,303396260.43
2025-11-20,ARTEA,Artea pensija 1975-1981,2.038,304550671.79
2025-11-21,ARTEA,Artea pensija 1975-1981,2.0234,302320016.16999996
2025-11-24,ARTEA,Artea pensija 1975-1981,2.0416,305015526.17
2025-11-25,ARTEA,Artea pensija 1975-1981,2.0446,305336732.23999995
2025-11-26,ARTEA,Artea pensija 1975-1981,2.0638,308129318.10999995
2025-11-27,ARTEA,Artea pensija 1975-1981,2.0628,307923359.48999995
2025-11-28,ARTEA,Artea pensija 1975-1981,2.0685,308691253.6
2025-12-01,ARTEA,Artea pensija 1975-1981,2.0618,307623666.14
2025-12-02,ARTEA,Artea pensija 1975-1981,2.0618,307520953.81
2025-12-03,ARTEA,Artea pensija 1975-1981,2.0618,307523422.04
2025-12-04,ARTEA,Artea pensija 1975-1981,2.0669,308280699.68
2025-12-05,ARTEA,Artea pensija 1975-1981,2.074,309326097.72
2025-12-08,ARTEA,Artea pensija 1975-1981,2.0711,308924755.12
2025-12-09,ARTEA,Artea pensija 1975-1981,2.0724,309059712.85
2025-12-10,ARTEA,Artea pensija 1975-1981,2.0703,308787222.63
2025-12-11,ARTEA,Artea pensija 1975-1981,2.0666,309912831.94
2025-12-12,ARTEA,Artea pensija 1975-1981,2.0562,308286748.72
2025-12-15,ARTEA,Artea pensija 1975-1981,2.0581,308369943.55
2025-12-16,ARTEA,Artea pensija 1975-1981,2.0472,306563068.90999997
2025-12-17,ARTEA,Artea pensija 1975-1981,2.0403,305581918.89000005
2025-12-18,ARTEA,Artea pensija 1975-1981,2.0572,308054185.25
2025-12-19,ARTEA,Artea pensija 1975-1981,2.0642,309103834.68
2025-12-22,ARTEA,Artea pensija 1975-1981,2.0684,309690014.65
2025-12-23,ARTEA,Artea pensija 1975-1981,2.0714,310036300.64
2025-12-29,ARTEA,Artea pensija 1975-1981,2.0763,310783511.67
2025-12-30,ARTEA,Artea pensija 1975-1981,2.0801,311249747.38
2025-12-31,ARTEA,Artea pensija 1975-1981,2.0805,311223154.38
2026-01-02,ARTEA,Artea pensija 1975-1981,2.0784,310773751.63
2026-01-05,ARTEA,Artea pensija 1975-1981,2.1002,313758901.88
2026-01-06,ARTEA,Artea pensija 1975-1981,2.1079,314553786.88
2026-01-07,ARTEA,Artea pensija 1975-1981,2.1123,315029256.62
2026-01-08,ARTEA,Artea pensija 1975-1981,2.1085,316049131.67
2026-01-09,ARTEA,Artea pensija 1975-1981,2.1221,317958120.46
2026-01-12,ARTEA,Artea pensija 1975-1981,2.1212,316978253.83
2026-01-13,ARTEA,Artea pensija 1975-1981,2.1237,317361707.05
2026-01-14,ARTEA,Artea pensija 1975-1981,2.1159,316121480.9
2026-01-15,ARTEA,Artea pensija 1975-1981,2.1371,319162026.71
2026-01-16,ARTEA,Artea pensija 1975-1981,2.134,318604992.15000004
2026-01-19,ARTEA,Artea pensija 1975-1981,2.1145,315530241.56
2026-01-20,ARTEA,Artea pensija 1975-1981,2.0999,313265049.08
2026-01-21,ARTEA,Artea pensija 1975-1981,2.1039,313771505.28000003
2026-01-22,ARTEA,Artea pensija 1975-1981,2.1167,315456000.61
2026-01-23,ARTEA,Artea pensija 1975-1981,2.1121,314778368.02
2026-01-26,ARTEA,Artea pensija 1975-1981,2.1064,313867959.06
2026-01-27,ARTEA,Artea pensija 1975-1981,2.1054,313575878.66999996
2026-01-28,ARTEA,Artea pensija 1975-1981,2.1077,313902963.65
2026-01-29,ARTEA,Artea pensija 1975-1981,2.0942,311828365.08
2026-01-30,ARTEA,Artea pensija 1975-1981,2.1031,313093480.74
2026-02-02,ARTEA,Artea pensija 1975-1981,2.1177,315071610.96
2026-02-03,ARTEA,Artea pensija 1975-1981,2.1166,314863851.81
2026-02-04,ARTEA,Artea pensija 1975-1981,2.1116,314105384.83
2026-02-05,ARTEA,Artea pensija 1975-1981,2.0985,312191601.84999996
2026-02-06,ARTEA,Artea pensija 1975-1981,2.1142,316219065.69
2026-02-09,ARTEA,Artea pensija 1975-1981,2.1242,317492381.39
2026-02-10,ARTEA,Artea pensija 1975-1981,2.1286,317975522.62
2026-02-11,ARTEA,Artea pensija 1975-1981,2.1316,318311841.3
2026-02-12,ARTEA,Artea pensija 1975-1981,2.1189,316468051.8
2026-02-13,ARTEA,Artea pensija 1975-1981,2.1221,316869702.09
2026-02-17,ARTEA,Artea pensija 1975-1981,2.1231,316843892.52
2026-02-18,ARTEA,Artea pensija 1975-1981,2.1398,319193958.04
2026-02-19,ARTEA,Artea pensija 1975-1981,2.1355,318536097.94
2026-02-20,ARTEA,Artea pensija 1975-1981,2.1454,319974265.70000005
2026-02-23,ARTEA,Artea pensija 1975-1981,2.1323,317972439.43
2026-02-24,ARTEA,Artea pensija 1975-1981,2.1459,319935369.14
2026-02-25,ARTEA,Artea pensija 1975-1981,2.1573,321623229.88
2026-02-26,ARTEA,Artea pensija 1975-1981,2.1532,320922897.45
2026-02-27,ARTEA,Artea pensija 1975-1981,2.1472,319870479.99
2026-03-02,ARTEA,Artea pensija 1975-1981,2.1466,319618698.86
2026-03-03,ARTEA,Artea pensija 1975-1981,2.119,315449173.96
2026-03-04,ARTEA,Artea pensija 1975-1981,2.137,318082597.1
2026-03-05,ARTEA,Artea pensija 1975-1981,2.1269,316474381.45
2026-03-06,ARTEA,Artea pensija 1975-1981,2.1104,313950017.48999995
2026-03-09,ARTEA,Artea pensija 1975-1981,2.1028,312606242.83
2026-03-10,ARTEA,Artea pensija 1975-1981,2.1266,316077940.65
2026-03-12,ARTEA,Artea pensija 1975-1981,2.1071,313192736.31
2026-03-13,ARTEA,Artea pensija 1975-1981,2.107,314890152.23
2026-03-16,ARTEA,Artea pensija 1975-1981,2.111,315379532.24
2026-03-17,ARTEA,Artea pensija 1975-1981,2.1161,315991208.57
2026-03-18,ARTEA,Artea pensija 1975-1981,2.1087,314849895.34000003
2026-03-19,ARTEA,Artea pensija 1975-1981,2.0858,311367773.38
2026-03-20,ARTEA,Artea pensija 1975-1981,2.0719,309274396.46999997
2026-03-23,ARTEA,Artea pensija 1975-1981,2.0798,310196501.91
2026-03-24,ARTEA,Artea pensija 1975-1981,2.0784,309833495.51
2026-03-25,ARTEA,Artea pensija 1975-1981,2.0906,311577972.97
2026-03-26,ARTEA,Artea pensija 1975-1981,2.0746,309110998.21000004
2026-03-27,ARTEA,Artea pensija 1975-1981,2.0556,306241664.08
2026-03-30,ARTEA,Artea pensija 1975-1981,2.0617,307029990.17
2026-03-31,ARTEA,Artea pensija 1975-1981,2.0617,306965473.84
2026-04-01,ARTEA,Artea pensija 1975-1981,2.0908,311208944.98
2026-04-02,ARTEA,Artea pensija 1975-1981,2.0896,311039022.52
2026-04-03,ARTEA,Artea pensija 1975-1981,2.0889,310908968.69
2026-04-07,ARTEA,Artea pensija 1975-1981,2.0845,207295131.07999998
2026-04-08,ARTEA,Artea pensija 1975-1981,2.1268,211454024.84
2026-04-09,ARTEA,Artea pensija 1975-1981,2.1285,211529055.84
2026-04-10,ARTEA,Artea pensija 1975-1981,2.1344,212010631.74
2026-04-13,ARTEA,Artea pensija 1975-1981,2.1332,211888458.39000002
2026-04-14,ARTEA,Artea pensija 1975-1981,2.1513,213692387.63
2026-04-15,ARTEA,Artea pensija 1975-1981,2.1566,215343800.73
2026-04-16,ARTEA,Artea pensija 1975-1981,2.1648,216135718.70999998
2026-04-17,ARTEA,Artea pensija 1975-1981,2.1851,217918899.18
2026-04-20,ARTEA,Artea pensija 1975-1981,2.1784,217208354.19
2026-04-21,ARTEA,Artea pensija 1975-1981,2.1766,217014941.70999998
2026-04-22,ARTEA,Artea pensija 1975-1981,2.1831,217633610.56
2026-04-23,ARTEA,Artea pensija 1975-1981,2.1858,217902173.27
2026-04-24,ARTEA,Artea pensija 1975-1981,2.1853,217774723.21
2026-04-27,ARTEA,Artea pensija 1975-1981,2.1852,217676165.8
2026-04-28,ARTEA,Artea pensija 1975-1981,2.1764,216762167.49
2026-04-29,ARTEA,Artea pensija 1975-1981,2.1778,216864598.48
2026-04-30,ARTEA,Artea pensija 1975-1981,2.1864,217672608.07
2026-05-04,ARTEA,Artea pensija 1975-1981,2.1925,218277809.04
2026-05-05,ARTEA,Artea pensija 1975-1981,2.2067,219653049.29
2026-05-06,ARTEA,Artea pensija 1975-1981,2.2274,221696925.54
2026-05-07,ARTEA,Artea pensija 1975-1981,2.2267,221541848.23
2026-05-08,ARTEA,Artea pensija 1975-1981,2.2279,221666610.76
2026-05-11,ARTEA,Artea pensija 1975-1981,2.2328,222166178.05
2026-05-12,ARTEA,Artea pensija 1975-1981,2.2138,220293033.60999998
2026-05-13,ARTEA,Artea pensija 1975-1981,2.2326,222164758.22
2026-05-14,ARTEA,Artea pensija 1975-1981,2.2536,225781920.2
2026-05-15,ARTEA,Artea pensija 1975-1981,2.2357,223990566.70999998
2026-05-18,ARTEA,Artea pensija 1975-1981,2.227,223051460.99
2026-05-19,ARTEA,Artea pensija 1975-1981,2.2196,222292810.29000002
2026-05-20,ARTEA,Artea pensija 1975-1981,2.2351,223931651.61999997
2026-05-21,ARTEA,Artea pensija 1975-1981,2.2381,224230407.23999998
2026-05-22,ARTEA,Artea pensija 1975-1981,2.2559,225995853.95
2026-05-25,ARTEA,Artea pensija 1975-1981,2.2675,227149327.37
2026-05-26,ARTEA,Artea pensija 1975-1981,2.2644,226854539.95
2026-05-27,ARTEA,Artea pensija 1975-1981,2.2619,226598381.25
2026-05-28,ARTEA,Artea pensija 1975-1981,2.2659,227006880.25
2026-05-29,ARTEA,Artea pensija 1975-1981,2.2712,227541092.12
2026-06-01,ARTEA,Artea pensija 1975-1981,2.2774,228093353.60000002
2026-06-02,ARTEA,Artea pensija 1975-1981,2.2845,228764648.92000002
2026-06-03,ARTEA,Artea pensija 1975-1981,2.2797,228317318.39000002
2026-06-04,ARTEA,Artea pensija 1975-1981,2.2782,228191611.64000002
2026-06-05,ARTEA,Artea pensija 1975-1981,2.2662,226958917.72
2026-06-08,ARTEA,Artea pensija 1975-1981,2.2596,226266873.56
2026-06-09,ARTEA,Artea pensija 1975-1981,2.2408,224371443.59
2026-06-10,ARTEA,Artea pensija 1975-1981,2.2379,224083453.22
2026-06-11,ARTEA,Artea pensija 1975-1981,2.2411,225665916.19
2026-06-12,ARTEA,Artea pensija 1975-1981,2.2691,228483947.14
2026-06-15,ARTEA,Artea pensija 1975-1981,2.2876,230270388.01
2026-06-16,ARTEA,Artea pensija 1975-1981,2.2848,229922578.29
2026-06-17,ARTEA,Artea pensija 1975-1981,2.2892,230384057.76999998
2026-06-18,ARTEA,Artea pensija 1975-1981,2.2996,231466313.98
2026-06-19,ARTEA,Artea pensija 1975-1981,2.2991,231381520.69
2026-06-22,ARTEA,Artea pensija 1975-1981,2.3071,232157492.94
2026-06-23,ARTEA,Artea pensija 1975-1981,2.2859,229985281.71
2026-06-25,ARTEA,Artea pensija 1975-1981,2.2895,230329933.43
2026-06-26,ARTEA,Artea pensija 1975-1981,2.2827,229577390.17999998
2026-06-29,ARTEA,Artea pensija 1975-1981,2.2813,229405764.29999998
2026-06-30,ARTEA,Artea pensija 1975-1981,2.299,231138785.05
2026-07-01,ARTEA,Artea pensija 1975-1981,2.3038,231616884.55
2026-07-02,ARTEA,Artea pensija 1975-1981,2.2922,230457455.67
2026-07-03,ARTEA,Artea pensija 1975-1981,2.3022,231316850.77
2026-07-07,ARTEA,Artea pensija 1975-1981,2.2892,203837684.49
2026-07-08,ARTEA,Artea pensija 1975-1981,2.2774,200984086.07
2026-07-09,ARTEA,Artea pensija 1975-1981,2.2965,202267050.44
2026-07-10,ARTEA,Artea pensija 1975-1981,2.2994,202586514.27
2026-07-13,ARTEA,Artea pensija 1975-1981,2.2956,202225362.75
2026-07-14,ARTEA,Artea pensija 1975-1981,2.2953,202170816.42000002
2026-07-15,ARTEA,Artea pensija 1975-1981,2.2958,203197241.56
2026-07-16,ARTEA,Artea pensija 1975-1981,2.2922,202857777.55
2026-07-17,ARTEA,Artea pensija 1975-1981,2.2756,201287550.03
2026-07-20,ARTEA,Artea pensija 1975-1981,2.2808,201697066.85
2026-07-21,ARTEA,Artea pensija 1975-1981,2.2907,202593311.10999998
2026-07-22,ARTEA,Artea pensija 1975-1981,2.2928,202749780.18
2026-07-23,ARTEA,Artea pensija 1975-1981,2.2741,201055230.07
2026-07-24,ARTEA,Artea pensija 1975-1981,2.282,201744136.1
2026-07-27,ARTEA,Artea pensija 1975-1981,2.2734,200982193.51
2026-07-28,ARTEA,Artea pensija 1975-1981,2.2758,201189093.51
2026-07-29,ARTEA,Artea pensija 1975-1981,2.2617,199975221.68
2026-07-30,ARTEA,Artea pensija 1975-1981,2.2577,199538528.49
2026-07-31,ARTEA,Artea pensija 1975-1981,2.2661,200275499.69
2026-08-03,ARTEA,Artea pensija 1975-1981,2.284,201813489.36
2026-08-04,ARTEA,Artea pensija 1975-1981,2.3071,203824733.67
2026-08-05,ARTEA,Artea pensija 1975-1981,2.3121,204250365.91
2026-08-06,ARTEA,Artea pensija 1975-1981,2.3098,204015612.2
2026-08-07,ARTEA,Artea pensija 1975-1981,2.3145,204415892.85
2026-08-10,ARTEA,Artea pensija 1975-1981,2.3143,204405563.33
2026-08-11,ARTEA,Artea pensija 1975-1981,2.316,204544297.66
2026-08-12,ARTEA,Artea pensija 1975-1981,2.3232,205149912.42000002
2026-08-13,ARTEA,Artea pensija 1975-1981,2.3316,206988015.61999997
2026-08-14,ARTEA,Artea pensija 1975-1981,2.326,206475212.77999997
2026-08-17,ARTEA,Artea pensija 1975-1981,2.3284,206670615.20000002
2026-08-18,ARTEA,Artea pensija 1975-1981,2.3086,204828284.12
2026-08-19,ARTEA,Artea pensija 1975-1981,2.3044,204454197.53
2026-08-20,ARTEA,Artea pensija 1975-1981,2.2956,203637503.16
2026-08-21,ARTEA,Artea pensija 1975-1981,2.3014,204209530.79
2026-08-24,ARTEA,Artea pensija 1975-1981,2.2964,203784114.89
2026-08-25,ARTEA,Artea pensija 1975-1981,2.3027,204315346.59
2026-08-26,ARTEA,Artea pensija 1975-1981,2.3052,204508630.81
2026-08-27,ARTEA,Artea pensija 1975-1981,2.3108,205006768.31
2026-08-28,ARTEA,Artea pensija 1975-1981,2.3229,206094242.52
2026-08-31,ARTEA,Artea pensija 1975-1981,2.3071,204688111.15
2026-09-01,ARTEA,Artea pensija 1975-1981,2.305,204483072.89
2026-09-02,ARTEA,Artea pensija 1975-1981,2.306,204585509.93
2026-09-03,ARTEA,Artea pensija 1975-1981,2.3172,205569034.38
2026-09-04,ARTEA,Artea pensija 1975-1981,2.3181,205646475.24
2026-09-07,ARTEA,Artea pensija 1975-1981,2.3176,205587661.59
2026-09-08,ARTEA,Artea pensija 1975-1981,2.318,205619046.5
2026-09-09,ARTEA,Artea pensija 1975-1981,2.3056,204527462.57000002
2026-09-10,ARTEA,Artea pensija 1975-1981,2.2959,204686921.48
2026-09-11,ARTEA,Artea pensija 1975-1981,2.3095,205900698.51000002
2026-09-14,ARTEA,Artea pensija 1975-1981,2.3031,205193090.42999998
2026-09-15,ARTEA,Artea pensija 1975-1981,2.2965,204616285.92
2026-09-16,ARTEA,Artea pensija 1975-1981,2.3061,205464346.83
2026-09-17,ARTEA,Artea pensija 1975-1981,2.3184,206560792.73000002
2026-09-18,ARTEA,Artea pensija 1975-1981,2.3127,206041418.36
2026-09-21,ARTEA,Artea pensija 1975-1981,2.3333,207871734.10999998
2026-09-22,ARTEA,Artea pensija 1975-1981,2.3425,208606833.17999998
2026-09-23,ARTEA,Artea pensija 1975-1981,2.3388,208224879.54999998
2026-09-24,ARTEA,Artea pensija 1975-1981,2.3281,207253568.09
2026-09-25,ARTEA,Artea pensija 1975-1981,2.3353,207838895.16
2026-09-28,ARTEA,Artea pensija 1975-1981,2.3291,207275516.70000002
2026-09-29,ARTEA,Artea pensija 1975-1981,2.3328,207662620.08999997
2026-09-30,ARTEA,Artea pensija 1975-1981,2.3345,207779762.27
2026-10-01,ARTEA,Artea pensija 1975-1981,2.3315,207492133.14
2019-01-02,ARTEA,Artea pensija 1982-1988,1,0
2019-01-03,ARTEA,Artea pensija 1982-1988,1,0
2019-01-04,ARTEA,Artea pensija 1982-1988,1,0
2019-01-07,ARTEA,Artea pensija 1982-1988,1,52974.54
2019-01-08,ARTEA,Artea pensija 1982-1988,1.0048,94558.6423
2019-01-09,ARTEA,Artea pensija 1982-1988,1.0064,103227.7403
2019-01-10,ARTEA,Artea pensija 1982-1988,1.0107,115528.729
2019-01-11,ARTEA,Artea pensija 1982-1988,1.0133,120173.8214
2019-01-14,ARTEA,Artea pensija 1982-1988,1.0104,119828.8973
2019-01-15,ARTEA,Artea pensija 1982-1988,1.0218,205736.3109
2019-01-16,ARTEA,Artea pensija 1982-1988,1.0261,271050.7368
2019-01-17,ARTEA,Artea pensija 1982-1988,1.0286,301661.2655
2019-01-18,ARTEA,Artea pensija 1982-1988,1.046,312093.6525
2019-01-21,ARTEA,Artea pensija 1982-1988,1.042,330349.6777
2019-01-22,ARTEA,Artea pensija 1982-1988,1.0373,380037.1689
2019-01-23,ARTEA,Artea pensija 1982-1988,1.0307,404607.5005
2019-01-24,ARTEA,Artea pensija 1982-1988,1.0372,442479.284
2019-01-25,ARTEA,Artea pensija 1982-1988,1.0433,499901.6327
2019-01-28,ARTEA,Artea pensija 1982-1988,1.0305,493807.8205
2019-01-29,ARTEA,Artea pensija 1982-1988,1.0344,546970.6869
2019-01-30,ARTEA,Artea pensija 1982-1988,1.0413,612979.1646
2019-01-31,ARTEA,Artea pensija 1982-1988,1.0517,77536654.8502
2019-02-01,ARTEA,Artea pensija 1982-1988,1.0523,77630517.5661
2019-02-04,ARTEA,Artea pensija 1982-1988,1.0563,77650028.7129
2019-02-05,ARTEA,Artea pensija 1982-1988,1.0649,78319580.4674
2019-02-06,ARTEA,Artea pensija 1982-1988,1.0647,78322326.3101
2019-02-07,ARTEA,Artea pensija 1982-1988,1.0526,77443527.4809
2019-02-08,ARTEA,Artea pensija 1982-1988,1.0518,77393923.4403
2019-02-11,ARTEA,Artea pensija 1982-1988,1.0607,77897353.543
2019-02-12,ARTEA,Artea pensija 1982-1988,1.0681,78296549.469
2019-02-13,ARTEA,Artea pensija 1982-1988,1.071,78573225.8942
2019-02-14,ARTEA,Artea pensija 1982-1988,1.069,78651755.2222
2019-02-15,ARTEA,Artea pensija 1982-1988,1.0783,79434569.8809
2019-02-18,ARTEA,Artea pensija 1982-1988,1.0785,79425178.4529
2019-02-19,ARTEA,Artea pensija 1982-1988,1.078,79440825.7218
2019-02-20,ARTEA,Artea pensija 1982-1988,1.0808,79699403.4511
2019-02-21,ARTEA,Artea pensija 1982-1988,1.0791,80621953.7536
2019-02-22,ARTEA,Artea pensija 1982-1988,1.0853,80966697.9102
2019-02-25,ARTEA,Artea pensija 1982-1988,1.0904,81353997.8985
2019-02-26,ARTEA,Artea pensija 1982-1988,1.087,81077535.2405
2019-02-27,ARTEA,Artea pensija 1982-1988,1.0836,80907202.8636
2019-02-28,ARTEA,Artea pensija 1982-1988,1.0812,80768523.7684
2019-03-01,ARTEA,Artea pensija 1982-1988,1.0819,80875654.4042
2019-03-04,ARTEA,Artea pensija 1982-1988,1.0865,81239385.71
2019-03-05,ARTEA,Artea pensija 1982-1988,1.0896,81560983.6835
2019-03-06,ARTEA,Artea pensija 1982-1988,1.0845,81209260.6533
2019-03-07,ARTEA,Artea pensija 1982-1988,1.0829,81113870.2853
2019-03-08,ARTEA,Artea pensija 1982-1988,1.0728,81393597.938
2019-03-12,ARTEA,Artea pensija 1982-1988,1.0867,82223304.8986
2019-03-13,ARTEA,Artea pensija 1982-1988,1.09,82588432.1076
2019-03-14,ARTEA,Artea pensija 1982-1988,1.0899,82631742.9151
2019-03-15,ARTEA,Artea pensija 1982-1988,1.0957,83209301.0512
2019-03-18,ARTEA,Artea pensija 1982-1988,1.0963,83232357.6224
2019-03-19,ARTEA,Artea pensija 1982-1988,1.101,83640317.1404
2019-03-20,ARTEA,Artea pensija 1982-1988,1.091,82890414.1243
2019-03-21,ARTEA,Artea pensija 1982-1988,1.097,83387772.0222
2019-03-22,ARTEA,Artea pensija 1982-1988,1.0881,82766927.9717
2019-03-25,ARTEA,Artea pensija 1982-1988,1.0821,82317432.1519
2019-03-26,ARTEA,Artea pensija 1982-1988,1.0916,83106644.5961
2019-03-27,ARTEA,Artea pensija 1982-1988,1.0898,83029099.0172
2019-03-28,ARTEA,Artea pensija 1982-1988,1.0924,83273620.6825
2019-03-29,ARTEA,Artea pensija 1982-1988,1.1003,83898500.0863
2019-04-01,ARTEA,Artea pensija 1982-1988,1.1113,84791703.7285
2019-04-02,ARTEA,Artea pensija 1982-1988,1.1143,85049581.7795
2019-04-03,ARTEA,Artea pensija 1982-1988,1.1194,85514415.1986
2019-04-04,ARTEA,Artea pensija 1982-1988,1.1181,85449797.1515
2019-04-05,ARTEA,Artea pensija 1982-1988,1.1227,86834761.4308
2019-04-08,ARTEA,Artea pensija 1982-1988,1.1194,86467920.9634
2019-04-09,ARTEA,Artea pensija 1982-1988,1.1154,86097750.1431
2019-04-10,ARTEA,Artea pensija 1982-1988,1.1189,86597721.8139
2019-04-11,ARTEA,Artea pensija 1982-1988,1.1179,86548823.2929
2019-04-12,ARTEA,Artea pensija 1982-1988,1.1188,86632981.5567
2019-04-15,ARTEA,Artea pensija 1982-1988,1.1189,86671767.3526
2019-04-16,ARTEA,Artea pensija 1982-1988,1.1229,86993797.2007
2019-04-17,ARTEA,Artea pensija 1982-1988,1.1207,86806633.2943
2019-04-18,ARTEA,Artea pensija 1982-1988,1.125,87166266.0971
2019-04-19,ARTEA,Artea pensija 1982-1988,1.1249,87125311.9414
2019-04-23,ARTEA,Artea pensija 1982-1988,1.1323,87835791.5765
2019-04-24,ARTEA,Artea pensija 1982-1988,1.1321,87867711.6479
2019-04-25,ARTEA,Artea pensija 1982-1988,1.1329,88035685.5321
2019-04-26,ARTEA,Artea pensija 1982-1988,1.1337,88120482.4375
2019-04-29,ARTEA,Artea pensija 1982-1988,1.1366,88391317.7746
2019-04-30,ARTEA,Artea pensija 1982-1988,1.1313,87989776.6424
2019-05-02,ARTEA,Artea pensija 1982-1988,1.127,87690972.0722
2019-05-03,ARTEA,Artea pensija 1982-1988,1.1355,88389072.2561
2019-05-06,ARTEA,Artea pensija 1982-1988,1.126,87728937.7725
2019-05-07,ARTEA,Artea pensija 1982-1988,1.1158,87003442.4934
2019-05-08,ARTEA,Artea pensija 1982-1988,1.1128,86830953.9753
2019-05-09,ARTEA,Artea pensija 1982-1988,1.0949,86523870.0014
2019-05-10,ARTEA,Artea pensija 1982-1988,1.0943,86387963.2245
2019-05-13,ARTEA,Artea pensija 1982-1988,1.0834,85538579.7287
2019-05-14,ARTEA,Artea pensija 1982-1988,1.0959,86561558.1874
2019-05-15,ARTEA,Artea pensija 1982-1988,1.098,86713211.9843
2019-05-16,ARTEA,Artea pensija 1982-1988,1.1091,87590930.5264
2019-05-17,ARTEA,Artea pensija 1982-1988,1.1037,87154626.8141
2019-05-20,ARTEA,Artea pensija 1982-1988,1.0936,86350194.2887
2019-05-21,ARTEA,Artea pensija 1982-1988,1.1009,87275642.0943
2019-05-22,ARTEA,Artea pensija 1982-1988,1.0996,87324421.1384
2019-05-23,ARTEA,Artea pensija 1982-1988,1.0874,86382498.9244
2019-05-24,ARTEA,Artea pensija 1982-1988,1.0874,86416138.2307
2019-05-27,ARTEA,Artea pensija 1982-1988,1.0904,86704772.1493
2019-05-28,ARTEA,Artea pensija 1982-1988,1.0899,86768147.4965
2019-05-29,ARTEA,Artea pensija 1982-1988,1.0817,86158682.3058
2019-05-30,ARTEA,Artea pensija 1982-1988,1.0862,86573418.9794
2019-05-31,ARTEA,Artea pensija 1982-1988,1.0801,86122334.3103
2019-06-03,ARTEA,Artea pensija 1982-1988,1.0775,85993372.4033
2019-06-04,ARTEA,Artea pensija 1982-1988,1.0833,86578083.8191
2019-06-05,ARTEA,Artea pensija 1982-1988,1.0872,86947037.4359
2019-06-06,ARTEA,Artea pensija 1982-1988,1.0873,88334187.1999
2019-06-07,ARTEA,Artea pensija 1982-1988,1.0944,88863126.2493
2019-06-10,ARTEA,Artea pensija 1982-1988,1.096,89014259.7797
2019-06-11,ARTEA,Artea pensija 1982-1988,1.1033,89881964.8367
2019-06-12,ARTEA,Artea pensija 1982-1988,1.0992,89546148.1262
2019-06-13,ARTEA,Artea pensija 1982-1988,1.1029,89877162.4837
2019-06-14,ARTEA,Artea pensija 1982-1988,1.1051,90263526.4491
2019-06-17,ARTEA,Artea pensija 1982-1988,1.1044,90172147.775
2019-06-18,ARTEA,Artea pensija 1982-1988,1.1199,91588532.7385
2019-06-19,ARTEA,Artea pensija 1982-1988,1.1191,91628624.6395
2019-06-20,ARTEA,Artea pensija 1982-1988,1.1245,92138808.5391
2019-06-21,ARTEA,Artea pensija 1982-1988,1.1221,92052678.8218
2019-06-25,ARTEA,Artea pensija 1982-1988,1.1105,91203646.1413
2019-06-26,ARTEA,Artea pensija 1982-1988,1.1087,91108295.111
2019-06-27,ARTEA,Artea pensija 1982-1988,1.1115,91421232.7669
2019-06-28,ARTEA,Artea pensija 1982-1988,1.1152,91930357.0449
2019-07-01,ARTEA,Artea pensija 1982-1988,1.1293,93145163.7186
2019-07-02,ARTEA,Artea pensija 1982-1988,1.1304,93278412.0762
2019-07-03,ARTEA,Artea pensija 1982-1988,1.1377,94065929.29
2019-07-04,ARTEA,Artea pensija 1982-1988,1.1404,94385458.1001
2019-07-05,ARTEA,Artea pensija 1982-1988,1.1383,95374815.0119
2019-07-08,ARTEA,Artea pensija 1982-1988,1.1356,95181796.9311
2019-07-09,ARTEA,Artea pensija 1982-1988,1.1339,95039612.0652
2019-07-10,ARTEA,Artea pensija 1982-1988,1.1353,95247098.0395
2019-07-11,ARTEA,Artea pensija 1982-1988,1.1367,95439004.252
2019-07-12,ARTEA,Artea pensija 1982-1988,1.1398,95716237.0023
2019-07-15,ARTEA,Artea pensija 1982-1988,1.1408,95962942.5581
2019-07-16,ARTEA,Artea pensija 1982-1988,1.1441,96253205.8827
2019-07-17,ARTEA,Artea pensija 1982-1988,1.1387,95812682.6291
2019-07-18,ARTEA,Artea pensija 1982-1988,1.1348,95517437.4101
2019-07-19,ARTEA,Artea pensija 1982-1988,1.1404,96021754.9832
2019-07-22,ARTEA,Artea pensija 1982-1988,1.1375,95789015.1694
2019-07-23,ARTEA,Artea pensija 1982-1988,1.1452,96460919.5282
2019-07-24,ARTEA,Artea pensija 1982-1988,1.1495,96826394.7848
2019-07-25,ARTEA,Artea pensija 1982-1988,1.1459,96526066.8429
2019-07-26,ARTEA,Artea pensija 1982-1988,1.1512,97020738.0829
2019-07-29,ARTEA,Artea pensija 1982-1988,1.1482,96763334.352
2019-07-30,ARTEA,Artea pensija 1982-1988,1.143,96337078.6412
2019-07-31,ARTEA,Artea pensija 1982-1988,1.1439,96432188.73
2019-08-01,ARTEA,Artea pensija 1982-1988,1.1477,96788206.8409
2019-08-02,ARTEA,Artea pensija 1982-1988,1.1176,94259799.9283
2019-08-05,ARTEA,Artea pensija 1982-1988,1.0909,92014088.0975
2019-08-06,ARTEA,Artea pensija 1982-1988,1.0876,91773810.1707
2019-08-07,ARTEA,Artea pensija 1982-1988,1.088,91810424.233
2019-08-08,ARTEA,Artea pensija 1982-1988,1.1069,94389278.8054
2019-08-09,ARTEA,Artea pensija 1982-1988,1.1,93756381.8008
2019-08-12,ARTEA,Artea pensija 1982-1988,1.0936,93202837.6587
2019-08-13,ARTEA,Artea pensija 1982-1988,1.1039,94124258.163
2019-08-14,ARTEA,Artea pensija 1982-1988,1.0886,92814290.9676
2019-08-16,ARTEA,Artea pensija 1982-1988,1.1015,93936131.7864
2019-08-19,ARTEA,Artea pensija 1982-1988,1.1118,94841209.6962
2019-08-20,ARTEA,Artea pensija 1982-1988,1.109,94587066.6503
2019-08-21,ARTEA,Artea pensija 1982-1988,1.114,95000595.6328
2019-08-22,ARTEA,Artea pensija 1982-1988,1.1103,94688612.4578
2019-08-23,ARTEA,Artea pensija 1982-1988,1.0951,93406391.6384
2019-08-26,ARTEA,Artea pensija 1982-1988,1.0972,93595773.9202
2019-08-27,ARTEA,Artea pensija 1982-1988,1.1008,93904541.1611
2019-08-28,ARTEA,Artea pensija 1982-1988,1.1022,94016948.0386
2019-08-29,ARTEA,Artea pensija 1982-1988,1.1142,95045583.3856
2019-08-30,ARTEA,Artea pensija 1982-1988,1.1213,95673624.9738
2019-09-02,ARTEA,Artea pensija 1982-1988,1.1223,95724394.2791
2019-09-03,ARTEA,Artea pensija 1982-1988,1.1191,95475692.6499
2019-09-04,ARTEA,Artea pensija 1982-1988,1.1248,95979724.6573
2019-09-05,ARTEA,Artea pensija 1982-1988,1.1367,98000915.1833
2019-09-06,ARTEA,Artea pensija 1982-1988,1.1386,98169992.0677
2019-09-09,ARTEA,Artea pensija 1982-1988,1.1403,98209817.0729
2019-09-10,ARTEA,Artea pensija 1982-1988,1.1377,98003811.6359
2019-09-11,ARTEA,Artea pensija 1982-1988,1.151,99170736.8944
2019-09-12,ARTEA,Artea pensija 1982-1988,1.1534,99395384.1525
2019-09-13,ARTEA,Artea pensija 1982-1988,1.1546,99497968.699
2019-09-16,ARTEA,Artea pensija 1982-1988,1.1563,99647908.8158
2019-09-17,ARTEA,Artea pensija 1982-1988,1.1513,99209217.448
2019-09-18,ARTEA,Artea pensija 1982-1988,1.1494,99055170.6462
2019-09-19,ARTEA,Artea pensija 1982-1988,1.1563,99664960.9342
2019-09-20,ARTEA,Artea pensija 1982-1988,1.1574,99779206.1117
2019-09-23,ARTEA,Artea pensija 1982-1988,1.153,99413766.5712
2019-09-24,ARTEA,Artea pensija 1982-1988,1.1496,99145978.1815
2019-09-25,ARTEA,Artea pensija 1982-1988,1.1489,99104575.0276
2019-09-26,ARTEA,Artea pensija 1982-1988,1.1513,99307163.2676
2019-09-27,ARTEA,Artea pensija 1982-1988,1.1523,99398166.1863
2019-09-30,ARTEA,Artea pensija 1982-1988,1.1542,99576110.0237
2019-10-01,ARTEA,Artea pensija 1982-1988,1.1448,98770354.1297
2019-10-02,ARTEA,Artea pensija 1982-1988,1.1213,96749049.7591
2019-10-03,ARTEA,Artea pensija 1982-1988,1.1213,96748937.125
2019-10-04,ARTEA,Artea pensija 1982-1988,1.1335,97801110.0262
2019-10-07,ARTEA,Artea pensija 1982-1988,1.1362,98042198.8625
2019-10-08,ARTEA,Artea pensija 1982-1988,1.1255,97137470.8751
2019-10-09,ARTEA,Artea pensija 1982-1988,1.1286,97429042.2825
2019-10-10,ARTEA,Artea pensija 1982-1988,1.1347,98952901.7158
2019-10-11,ARTEA,Artea pensija 1982-1988,1.1494,100171860.0541
2019-10-14,ARTEA,Artea pensija 1982-1988,1.1449,99789366.6154
2019-10-15,ARTEA,Artea pensija 1982-1988,1.1522,100477508.53
2019-10-16,ARTEA,Artea pensija 1982-1988,1.1503,100332848.1824
2019-10-17,ARTEA,Artea pensija 1982-1988,1.148,100133196.4859
2019-10-18,ARTEA,Artea pensija 1982-1988,1.1442,99806798.4088
2019-10-21,ARTEA,Artea pensija 1982-1988,1.1491,100254243.0456
2019-10-22,ARTEA,Artea pensija 1982-1988,1.1518,100514625.5156
2019-10-23,ARTEA,Artea pensija 1982-1988,1.1524,100588589.4735
2019-10-24,ARTEA,Artea pensija 1982-1988,1.1573,101030501.3672
2019-10-25,ARTEA,Artea pensija 1982-1988,1.1616,101394280.5935
2019-10-28,ARTEA,Artea pensija 1982-1988,1.1656,101763407.565
2019-10-29,ARTEA,Artea pensija 1982-1988,1.1647,101669554.7287
2019-10-30,ARTEA,Artea pensija 1982-1988,1.1619,101442980.6391
2019-10-31,ARTEA,Artea pensija 1982-1988,1.157,101051112.6788
2019-11-04,ARTEA,Artea pensija 1982-1988,1.1757,102683954.6273
2019-11-05,ARTEA,Artea pensija 1982-1988,1.1839,103431594.0016
2019-11-06,ARTEA,Artea pensija 1982-1988,1.1834,103399564.1007
2019-11-07,ARTEA,Artea pensija 1982-1988,1.1912,105064883.1947
2019-11-08,ARTEA,Artea pensija 1982-1988,1.1891,104835789.619
2019-11-11,ARTEA,Artea pensija 1982-1988,1.1851,104509611.5781
2019-11-12,ARTEA,Artea pensija 1982-1988,1.1906,105038337.0511
2019-11-13,ARTEA,Artea pensija 1982-1988,1.1868,104721144.2172
2019-11-14,ARTEA,Artea pensija 1982-1988,1.1852,104554728.0108
2019-11-15,ARTEA,Artea pensija 1982-1988,1.19,104990750.8279
2019-11-18,ARTEA,Artea pensija 1982-1988,1.1881,104794975.1663
2019-11-19,ARTEA,Artea pensija 1982-1988,1.1879,104814863.4303
2019-11-20,ARTEA,Artea pensija 1982-1988,1.1876,104829243.6216
2019-11-21,ARTEA,Artea pensija 1982-1988,1.1813,104276614.7356
2019-11-22,ARTEA,Artea pensija 1982-1988,1.1863,104710123.3442
2019-11-25,ARTEA,Artea pensija 1982-1988,1.1969,105621178.4843
2019-11-26,ARTEA,Artea pensija 1982-1988,1.1972,105679477.4088
2019-11-27,ARTEA,Artea pensija 1982-1988,1.2023,106140447.6089
2019-11-28,ARTEA,Artea pensija 1982-1988,1.2016,106128598.7091
2019-11-29,ARTEA,Artea pensija 1982-1988,1.1959,105622695.534
2019-12-02,ARTEA,Artea pensija 1982-1988,1.1824,104456951.0576
2019-12-03,ARTEA,Artea pensija 1982-1988,1.1744,103779197.4295
2019-12-04,ARTEA,Artea pensija 1982-1988,1.186,104817550.4479
2019-12-05,ARTEA,Artea pensija 1982-1988,1.1841,105679053.8442
2019-12-06,ARTEA,Artea pensija 1982-1988,1.1995,106966932.3492
2019-12-09,ARTEA,Artea pensija 1982-1988,1.1956,106619181.4669
2019-12-10,ARTEA,Artea pensija 1982-1988,1.1924,106345202.4442
2019-12-11,ARTEA,Artea pensija 1982-1988,1.1945,106528411.3096
2019-12-12,ARTEA,Artea pensija 1982-1988,1.2017,107200572.0493
2019-12-13,ARTEA,Artea pensija 1982-1988,1.2036,107395153.3924
2019-12-16,ARTEA,Artea pensija 1982-1988,1.2139,108312914.7939
2019-12-17,ARTEA,Artea pensija 1982-1988,1.212,108184379.838
2019-12-18,ARTEA,Artea pensija 1982-1988,1.2157,108497240.4889
2019-12-19,ARTEA,Artea pensija 1982-1988,1.2172,108631377.029
2019-12-20,ARTEA,Artea pensija 1982-1988,1.2265,109502059.7322
2019-12-23,ARTEA,Artea pensija 1982-1988,1.2254,109371763.6623
2019-12-27,ARTEA,Artea pensija 1982-1988,1.2255,109375384.4388
2019-12-30,ARTEA,Artea pensija 1982-1988,1.2215,109013083.4266
2019-12-31,ARTEA,Artea pensija 1982-1988,1.2213,109017977.4222
2020-01-02,ARTEA,Artea pensija 1982-1988,1.2252,109369014.9261
2020-01-03,ARTEA,Artea pensija 1982-1988,1.2241,109282009.9176
2020-01-06,ARTEA,Artea pensija 1982-1988,1.2201,108922411.6718
2020-01-07,ARTEA,Artea pensija 1982-1988,1.2256,109434541.0871
2020-01-08,ARTEA,Artea pensija 1982-1988,1.2309,109918807.1043
2020-01-09,ARTEA,Artea pensija 1982-1988,1.2391,111680897.1518
2020-01-10,ARTEA,Artea pensija 1982-1988,1.2389,111552862.8495
2020-01-13,ARTEA,Artea pensija 1982-1988,1.2403,111680717.028
2020-01-14,ARTEA,Artea pensija 1982-1988,1.2433,111976303.3213
2020-01-15,ARTEA,Artea pensija 1982-1988,1.2424,111893101.1628
2020-01-16,ARTEA,Artea pensija 1982-1988,1.2478,112372115.4866
2020-01-17,ARTEA,Artea pensija 1982-1988,1.2561,113165123.7552
2020-01-20,ARTEA,Artea pensija 1982-1988,1.2574,113297450.8173
2020-01-21,ARTEA,Artea pensija 1982-1988,1.2516,112823446.4684
2020-01-22,ARTEA,Artea pensija 1982-1988,1.2543,113068578.0675
2020-01-23,ARTEA,Artea pensija 1982-1988,1.2495,112650533.7233
2020-01-24,ARTEA,Artea pensija 1982-1988,1.2532,112998655.4577
2020-01-27,ARTEA,Artea pensija 1982-1988,1.2292,110836353.0908
2020-01-28,ARTEA,Artea pensija 1982-1988,1.2381,111649905.6018
2020-01-29,ARTEA,Artea pensija 1982-1988,1.2409,111917036.6356
2020-01-30,ARTEA,Artea pensija 1982-1988,1.2272,110694002.2951
2020-01-31,ARTEA,Artea pensija 1982-1988,1.2127,109390023.9065
2020-02-03,ARTEA,Artea pensija 1982-1988,1.2192,109956788.6566
2020-02-04,ARTEA,Artea pensija 1982-1988,1.2411,111932771.5913
2020-02-05,ARTEA,Artea pensija 1982-1988,1.2514,112899606.7936
2020-02-06,ARTEA,Artea pensija 1982-1988,1.2592,113610257.611
2020-02-07,ARTEA,Artea pensija 1982-1988,1.2553,113218667.2122
2020-02-10,ARTEA,Artea pensija 1982-1988,1.2596,113596871.2941
2020-02-11,ARTEA,Artea pensija 1982-1988,1.2687,114439029.792
2020-02-12,ARTEA,Artea pensija 1982-1988,1.2771,115212796.0617
2020-02-13,ARTEA,Artea pensija 1982-1988,1.2795,116485084.5276
2020-02-14,ARTEA,Artea pensija 1982-1988,1.2794,116370302.6488
2020-02-17,ARTEA,Artea pensija 1982-1988,1.2825,116664946.5853
2020-02-18,ARTEA,Artea pensija 1982-1988,1.2746,115944431.7373
2020-02-19,ARTEA,Artea pensija 1982-1988,1.2851,116899925.9413
2020-02-20,ARTEA,Artea pensija 1982-1988,1.272,115733479.0829
2020-02-21,ARTEA,Artea pensija 1982-1988,1.2646,115076449.1823
2020-02-24,ARTEA,Artea pensija 1982-1988,1.227,111699794.6827
2020-02-25,ARTEA,Artea pensija 1982-1988,1.2123,110323154.0852
2020-02-26,ARTEA,Artea pensija 1982-1988,1.2085,109960408.0598
2020-02-27,ARTEA,Artea pensija 1982-1988,1.1698,106437745.0206
2020-02-28,ARTEA,Artea pensija 1982-1988,1.1392,103614317.6935
2020-03-02,ARTEA,Artea pensija 1982-1988,1.1515,104735779.1531
2020-03-03,ARTEA,Artea pensija 1982-1988,1.1573,105292642.5708
2020-03-04,ARTEA,Artea pensija 1982-1988,1.1695,106424457.4363
2020-03-05,ARTEA,Artea pensija 1982-1988,1.1586,105457927.0994
2020-03-06,ARTEA,Artea pensija 1982-1988,1.1171,102802096.6202
2020-03-09,ARTEA,Artea pensija 1982-1988,1.0468,96155422.9648
2020-03-10,ARTEA,Artea pensija 1982-1988,1.0557,96937756.4607
2020-03-12,ARTEA,Artea pensija 1982-1988,0.9715,89187088.2485
2020-03-13,ARTEA,Artea pensija 1982-1988,0.9964,91461221.0674
2020-03-16,ARTEA,Artea pensija 1982-1988,0.9559,87635490.213
2020-03-17,ARTEA,Artea pensija 1982-1988,0.9716,89057920.2563
2020-03-18,ARTEA,Artea pensija 1982-1988,0.9348,85662296.1528
2020-03-19,ARTEA,Artea pensija 1982-1988,0.9497,87033657.079
2020-03-20,ARTEA,Artea pensija 1982-1988,0.956,87610050.9568
2020-03-23,ARTEA,Artea pensija 1982-1988,0.9137,83693521.7701
2020-03-24,ARTEA,Artea pensija 1982-1988,0.9691,88795315.3685
2020-03-25,ARTEA,Artea pensija 1982-1988,0.9876,90492734.3671
2020-03-26,ARTEA,Artea pensija 1982-1988,1.0048,92091044.8272
2020-03-27,ARTEA,Artea pensija 1982-1988,0.9818,89982454.7173
2020-03-30,ARTEA,Artea pensija 1982-1988,0.995,91186454.108
2020-03-31,ARTEA,Artea pensija 1982-1988,1.006,92204876.354
2020-04-01,ARTEA,Artea pensija 1982-1988,0.9769,89540703.4421
2020-04-02,ARTEA,Artea pensija 1982-1988,0.9857,90340790.3315
2020-04-03,ARTEA,Artea pensija 1982-1988,0.9801,89813970.3561
2020-04-06,ARTEA,Artea pensija 1982-1988,1.0152,93037600.1421
2020-04-07,ARTEA,Artea pensija 1982-1988,1.0354,94890252.9176
2020-04-08,ARTEA,Artea pensija 1982-1988,1.0378,95112490.2161
2020-04-09,ARTEA,Artea pensija 1982-1988,1.0528,97615951.7675
2020-04-10,ARTEA,Artea pensija 1982-1988,1.053,97636228.0145
2020-04-14,ARTEA,Artea pensija 1982-1988,1.0611,98296313.0727
2020-04-15,ARTEA,Artea pensija 1982-1988,1.0449,96846706.0567
2020-04-16,ARTEA,Artea pensija 1982-1988,1.0541,97787502.4027
2020-04-17,ARTEA,Artea pensija 1982-1988,1.0685,99138087.3152
2020-04-20,ARTEA,Artea pensija 1982-1988,1.0725,99495130.5867
2020-04-21,ARTEA,Artea pensija 1982-1988,1.038,96289738.9405
2020-04-22,ARTEA,Artea pensija 1982-1988,1.0587,98184899.1686
2020-04-23,ARTEA,Artea pensija 1982-1988,1.0689,99124213.8698
2020-04-24,ARTEA,Artea pensija 1982-1988,1.063,98594151.0601
2020-04-27,ARTEA,Artea pensija 1982-1988,1.0818,100342947.7416
2020-04-28,ARTEA,Artea pensija 1982-1988,1.0892,101057110.8349
2020-04-29,ARTEA,Artea pensija 1982-1988,1.1063,102681983.0555
2020-04-30,ARTEA,Artea pensija 1982-1988,1.0906,101224076.6921
2020-05-04,ARTEA,Artea pensija 1982-1988,1.0604,98428625.7555
2020-05-05,ARTEA,Artea pensija 1982-1988,1.0824,100535117.9827
2020-05-06,ARTEA,Artea pensija 1982-1988,1.0784,100182949.7895
2020-05-07,ARTEA,Artea pensija 1982-1988,1.0878,101055932.9711
2020-05-08,ARTEA,Artea pensija 1982-1988,1.096,103149157.2534
2020-05-11,ARTEA,Artea pensija 1982-1988,1.098,103343796.4773
2020-05-12,ARTEA,Artea pensija 1982-1988,1.0954,103043512.0938
2020-05-13,ARTEA,Artea pensija 1982-1988,1.0761,101244327.0597
2020-05-14,ARTEA,Artea pensija 1982-1988,1.0671,100409856.0403
2020-05-15,ARTEA,Artea pensija 1982-1988,1.0711,100767409.8281
2020-05-18,ARTEA,Artea pensija 1982-1988,1.103,103780265.669
2020-05-19,ARTEA,Artea pensija 1982-1988,1.0989,103389664.6624
2020-05-20,ARTEA,Artea pensija 1982-1988,1.1047,103949657.6201
2020-05-21,ARTEA,Artea pensija 1982-1988,1.0968,103182748.258
2020-05-22,ARTEA,Artea pensija 1982-1988,1.0962,103150878.5889
2020-05-25,ARTEA,Artea pensija 1982-1988,1.1121,104639267.4066
2020-05-26,ARTEA,Artea pensija 1982-1988,1.1148,104908897.7214
2020-05-27,ARTEA,Artea pensija 1982-1988,1.1138,104816384.7438
2020-05-28,ARTEA,Artea pensija 1982-1988,1.1214,105537832.9436
2020-05-29,ARTEA,Artea pensija 1982-1988,1.1045,103952909.765
2020-06-01,ARTEA,Artea pensija 1982-1988,1.1053,104013841.4212
2020-06-02,ARTEA,Artea pensija 1982-1988,1.1259,105942823.1746
2020-06-03,ARTEA,Artea pensija 1982-1988,1.1433,107612492.3894
2020-06-04,ARTEA,Artea pensija 1982-1988,1.1317,106527257.9424
2020-06-05,ARTEA,Artea pensija 1982-1988,1.1598,109176841.8494
2020-06-08,ARTEA,Artea pensija 1982-1988,1.1608,110319754.3624
2020-06-09,ARTEA,Artea pensija 1982-1988,1.1524,109481480.3634
2020-06-10,ARTEA,Artea pensija 1982-1988,1.1483,109011146.0623
2020-06-11,ARTEA,Artea pensija 1982-1988,1.1098,105402355.6522
2020-06-12,ARTEA,Artea pensija 1982-1988,1.1155,105988385.2943
2020-06-15,ARTEA,Artea pensija 1982-1988,1.1075,105224189.986
2020-06-16,ARTEA,Artea pensija 1982-1988,1.1372,108027601.1224
2020-06-17,ARTEA,Artea pensija 1982-1988,1.1423,108552964.4102
2020-06-18,ARTEA,Artea pensija 1982-1988,1.1389,108212823.4474
2020-06-19,ARTEA,Artea pensija 1982-1988,1.1465,108941917.5044
2020-06-22,ARTEA,Artea pensija 1982-1988,1.1371,108046099.9619
2020-06-23,ARTEA,Artea pensija 1982-1988,1.1448,108773296.4344
2020-06-25,ARTEA,Artea pensija 1982-1988,1.127,107082929.9894
2020-06-26,ARTEA,Artea pensija 1982-1988,1.1212,106522695.0413
2020-06-29,ARTEA,Artea pensija 1982-1988,1.1229,106699117.56
2020-06-30,ARTEA,Artea pensija 1982-1988,1.13,107374267.6032
2020-07-01,ARTEA,Artea pensija 1982-1988,1.134,107732481.445
2020-07-02,ARTEA,Artea pensija 1982-1988,1.1512,109344990.9181
2020-07-03,ARTEA,Artea pensija 1982-1988,1.1476,109040371.9888
2020-07-07,ARTEA,Artea pensija 1982-1988,1.1591,110118787.1161
2020-07-08,ARTEA,Artea pensija 1982-1988,1.153,109507202.4012
2020-07-09,ARTEA,Artea pensija 1982-1988,1.1513,109351772.3856
2020-07-10,ARTEA,Artea pensija 1982-1988,1.1565,110985852.8456
2020-07-13,ARTEA,Artea pensija 1982-1988,1.1667,111949715.4377
2020-07-14,ARTEA,Artea pensija 1982-1988,1.1507,110344794.6677
2020-07-15,ARTEA,Artea pensija 1982-1988,1.1641,111622125.7312
2020-07-16,ARTEA,Artea pensija 1982-1988,1.1563,110896273.3773
2020-07-17,ARTEA,Artea pensija 1982-1988,1.1599,111236704.3152
2020-07-20,ARTEA,Artea pensija 1982-1988,1.1656,111793714.2109
2020-07-21,ARTEA,Artea pensija 1982-1988,1.1729,112483869.4626
2020-07-22,ARTEA,Artea pensija 1982-1988,1.1615,111363770.1932
2020-07-23,ARTEA,Artea pensija 1982-1988,1.1617,111400383.6389
2020-07-24,ARTEA,Artea pensija 1982-1988,1.1443,109718554.9321
2020-07-27,ARTEA,Artea pensija 1982-1988,1.1391,109216651.6204
2020-07-28,ARTEA,Artea pensija 1982-1988,1.1451,109786016.9455
2020-07-29,ARTEA,Artea pensija 1982-1988,1.1453,109807760.6809
2020-07-30,ARTEA,Artea pensija 1982-1988,1.1352,108832726.3717
2020-07-31,ARTEA,Artea pensija 1982-1988,1.1308,108401460.2176
2020-08-03,ARTEA,Artea pensija 1982-1988,1.1507,110311431.3944
2020-08-04,ARTEA,Artea pensija 1982-1988,1.1526,110488932.4042
2020-08-05,ARTEA,Artea pensija 1982-1988,1.1539,110599454.8118
2020-08-06,ARTEA,Artea pensija 1982-1988,1.1547,110687478.3905
2020-08-07,ARTEA,Artea pensija 1982-1988,1.1603,111232816.3808
2020-08-10,ARTEA,Artea pensija 1982-1988,1.1636,112796608.7802
2020-08-11,ARTEA,Artea pensija 1982-1988,1.1716,113566278.0706
2020-08-12,ARTEA,Artea pensija 1982-1988,1.1755,113876019.062
2020-08-13,ARTEA,Artea pensija 1982-1988,1.172,113516841.6051
2020-08-14,ARTEA,Artea pensija 1982-1988,1.1687,113249676.6685
2020-08-17,ARTEA,Artea pensija 1982-1988,1.1705,113413468.7843
2020-08-18,ARTEA,Artea pensija 1982-1988,1.1659,112965901.2779
2020-08-19,ARTEA,Artea pensija 1982-1988,1.1701,113373704.3072
2020-08-20,ARTEA,Artea pensija 1982-1988,1.1646,112859564.7363
2020-08-21,ARTEA,Artea pensija 1982-1988,1.1716,113540917.6429
2020-08-24,ARTEA,Artea pensija 1982-1988,1.181,114451853.7151
2020-08-25,ARTEA,Artea pensija 1982-1988,1.1824,114577615.9514
2020-08-26,ARTEA,Artea pensija 1982-1988,1.1903,115322610.4285
2020-08-27,ARTEA,Artea pensija 1982-1988,1.1942,115673856.0769
2020-08-28,ARTEA,Artea pensija 1982-1988,1.1878,115053109.7587
2020-08-31,ARTEA,Artea pensija 1982-1988,1.1794,114258184.0484
2020-09-01,ARTEA,Artea pensija 1982-1988,1.1863,114932362.4657
2020-09-02,ARTEA,Artea pensija 1982-1988,1.1995,116241608.9584
2020-09-03,ARTEA,Artea pensija 1982-1988,1.1818,114534948.5456
2020-09-04,ARTEA,Artea pensija 1982-1988,1.1668,113069017.6679
2020-09-07,ARTEA,Artea pensija 1982-1988,1.1779,114152639.037
2020-09-08,ARTEA,Artea pensija 1982-1988,1.1604,112451733.8895
2020-09-09,ARTEA,Artea pensija 1982-1988,1.1707,113463880.876
2020-09-10,ARTEA,Artea pensija 1982-1988,1.1645,114080279.3879
2020-09-11,ARTEA,Artea pensija 1982-1988,1.162,113836958.6165
2020-09-14,ARTEA,Artea pensija 1982-1988,1.1708,114611815.4545
2020-09-15,ARTEA,Artea pensija 1982-1988,1.1801,115522947.2032
2020-09-16,ARTEA,Artea pensija 1982-1988,1.1837,115916869.0232
2020-09-17,ARTEA,Artea pensija 1982-1988,1.173,114861309.1251
2020-09-18,ARTEA,Artea pensija 1982-1988,1.1657,114141544.1258
2020-09-21,ARTEA,Artea pensija 1982-1988,1.1452,112144403.7086
2020-09-22,ARTEA,Artea pensija 1982-1988,1.1524,112862168.6389
2020-09-23,ARTEA,Artea pensija 1982-1988,1.1558,113190223.7793
2020-09-24,ARTEA,Artea pensija 1982-1988,1.1451,112166197.4762
2020-09-25,ARTEA,Artea pensija 1982-1988,1.1509,112724634.4023
2020-09-28,ARTEA,Artea pensija 1982-1988,1.1698,114573067.5019
2020-09-29,ARTEA,Artea pensija 1982-1988,1.1607,113688170.4784
2020-09-30,ARTEA,Artea pensija 1982-1988,1.1688,114487219.7926
2020-10-01,ARTEA,Artea pensija 1982-1988,1.1716,114747684.1806
2020-10-02,ARTEA,Artea pensija 1982-1988,1.1707,114676205.4073
2020-10-05,ARTEA,Artea pensija 1982-1988,1.1776,115354128.1502
2020-10-06,ARTEA,Artea pensija 1982-1988,1.1816,115734035.9641
2020-10-07,ARTEA,Artea pensija 1982-1988,1.186,116176883.798
2020-10-08,ARTEA,Artea pensija 1982-1988,1.1939,118151568.6263
2020-10-09,ARTEA,Artea pensija 1982-1988,1.1979,118540128.9058
2020-10-12,ARTEA,Artea pensija 1982-1988,1.2095,119587868.4516
2020-10-13,ARTEA,Artea pensija 1982-1988,1.2097,119653916.5109
2020-10-14,ARTEA,Artea pensija 1982-1988,1.2075,119436170.1822
2020-10-15,ARTEA,Artea pensija 1982-1988,1.1973,118432795.1249
2020-10-16,ARTEA,Artea pensija 1982-1988,1.205,119197441.4961
2020-10-19,ARTEA,Artea pensija 1982-1988,1.196,118300671.4941
2020-10-20,ARTEA,Artea pensija 1982-1988,1.1887,117575802.741
2020-10-21,ARTEA,Artea pensija 1982-1988,1.1848,117165084.8849
2020-10-22,ARTEA,Artea pensija 1982-1988,1.1862,117281513.0077
2020-10-23,ARTEA,Artea pensija 1982-1988,1.19,117648535.3679
2020-10-26,ARTEA,Artea pensija 1982-1988,1.1743,116105795.0988
2020-10-27,ARTEA,Artea pensija 1982-1988,1.173,115986809.2698
2020-10-28,ARTEA,Artea pensija 1982-1988,1.1524,113940076.4832
2020-10-29,ARTEA,Artea pensija 1982-1988,1.1596,114684240.4045
2020-10-30,ARTEA,Artea pensija 1982-1988,1.1526,113990453.2459
2020-11-03,ARTEA,Artea pensija 1982-1988,1.1811,116796004.4496
2020-11-04,ARTEA,Artea pensija 1982-1988,1.2022,118861245.8641
2020-11-05,ARTEA,Artea pensija 1982-1988,1.2093,119561414.035
2020-11-06,ARTEA,Artea pensija 1982-1988,1.2051,119155972.2369
2020-11-09,ARTEA,Artea pensija 1982-1988,1.241,122696169.1441
2020-11-10,ARTEA,Artea pensija 1982-1988,1.2318,121795191.4802
2020-11-11,ARTEA,Artea pensija 1982-1988,1.244,123021625.2807
2020-11-12,ARTEA,Artea pensija 1982-1988,1.2356,123389025.1354
2020-11-13,ARTEA,Artea pensija 1982-1988,1.2371,123536825.2713
2020-11-16,ARTEA,Artea pensija 1982-1988,1.2546,125213745.047
2020-11-17,ARTEA,Artea pensija 1982-1988,1.25,124740906.1083
2020-11-18,ARTEA,Artea pensija 1982-1988,1.2534,125083647.8572
2020-11-19,ARTEA,Artea pensija 1982-1988,1.2447,124238225.7359
2020-11-20,ARTEA,Artea pensija 1982-1988,1.2492,124688255.5447
2020-11-23,ARTEA,Artea pensija 1982-1988,1.2535,125114929.3139
2020-11-24,ARTEA,Artea pensija 1982-1988,1.2671,126475768.6985
2020-11-25,ARTEA,Artea pensija 1982-1988,1.2617,125939627.0324
2020-11-26,ARTEA,Artea pensija 1982-1988,1.2639,126179647.9557
2020-11-27,ARTEA,Artea pensija 1982-1988,1.2641,126203555.8257
2020-11-30,ARTEA,Artea pensija 1982-1988,1.251,124900084.7508
2020-12-01,ARTEA,Artea pensija 1982-1988,1.2601,125809991.5465
2020-12-02,ARTEA,Artea pensija 1982-1988,1.2555,125353868.8946
2020-12-03,ARTEA,Artea pensija 1982-1988,1.2582,125605828.0878
2020-12-04,ARTEA,Artea pensija 1982-1988,1.2661,126399416.3698
2020-12-07,ARTEA,Artea pensija 1982-1988,1.2658,126361810.0244
2020-12-08,ARTEA,Artea pensija 1982-1988,1.2689,126682898.0114
2020-12-09,ARTEA,Artea pensija 1982-1988,1.271,126904701.1507
2020-12-10,ARTEA,Artea pensija 1982-1988,1.2663,127641941.1338
2020-12-11,ARTEA,Artea pensija 1982-1988,1.2609,127090689.0893
2020-12-14,ARTEA,Artea pensija 1982-1988,1.2639,127323318.0424
2020-12-15,ARTEA,Artea pensija 1982-1988,1.264,127307504.7672
2020-12-16,ARTEA,Artea pensija 1982-1988,1.2713,128090305.748
2020-12-17,ARTEA,Artea pensija 1982-1988,1.2716,128109480.7728
2020-12-18,ARTEA,Artea pensija 1982-1988,1.2706,128025128.8409
2020-12-21,ARTEA,Artea pensija 1982-1988,1.2559,126546354.6673
2020-12-22,ARTEA,Artea pensija 1982-1988,1.2639,127349598.6777
2020-12-23,ARTEA,Artea pensija 1982-1988,1.2717,128129717.8642
2020-12-28,ARTEA,Artea pensija 1982-1988,1.2763,128611775.2946
2020-12-29,ARTEA,Artea pensija 1982-1988,1.2778,128766891.4919
2020-12-30,ARTEA,Artea pensija 1982-1988,1.2792,128897123.6398
2020-12-31,ARTEA,Artea pensija 1982-1988,1.2794,128924981.0556
2021-01-04,ARTEA,Artea pensija 1982-1988,1.2775,128744813.1107
2021-01-05,ARTEA,Artea pensija 1982-1988,1.2827,129267019.6478
2021-01-06,ARTEA,Artea pensija 1982-1988,1.2996,130966228.8264
2021-01-07,ARTEA,Artea pensija 1982-1988,1.3074,131738092.0132
2021-01-08,ARTEA,Artea pensija 1982-1988,1.3193,132951110.2204
2021-01-11,ARTEA,Artea pensija 1982-1988,1.323,134517364.914
2021-01-12,ARTEA,Artea pensija 1982-1988,1.326,134823120.6698
2021-01-13,ARTEA,Artea pensija 1982-1988,1.3273,134849566.4265
2021-01-14,ARTEA,Artea pensija 1982-1988,1.3356,135698623.6069
2021-01-15,ARTEA,Artea pensija 1982-1988,1.3269,134812224.2754
2021-01-18,ARTEA,Artea pensija 1982-1988,1.3301,135176832.0858
2021-01-19,ARTEA,Artea pensija 1982-1988,1.3308,135267801.4472
2021-01-20,ARTEA,Artea pensija 1982-1988,1.3439,136586026.5236
2021-01-21,ARTEA,Artea pensija 1982-1988,1.3417,136358782.3004
2021-01-22,ARTEA,Artea pensija 1982-1988,1.3324,135405060.4813
2021-01-25,ARTEA,Artea pensija 1982-1988,1.3342,135581115.1638
2021-01-26,ARTEA,Artea pensija 1982-1988,1.3355,135700572.6058
2021-01-27,ARTEA,Artea pensija 1982-1988,1.3218,134315522.5061
2021-01-28,ARTEA,Artea pensija 1982-1988,1.3218,134317042.4999
2021-01-29,ARTEA,Artea pensija 1982-1988,1.3014,132255807.2687
2021-02-01,ARTEA,Artea pensija 1982-1988,1.3137,133520764.6585
2021-02-02,ARTEA,Artea pensija 1982-1988,1.3403,136224577.4453
2021-02-03,ARTEA,Artea pensija 1982-1988,1.3411,136331224.279
2021-02-04,ARTEA,Artea pensija 1982-1988,1.3512,137370850.3237
2021-02-05,ARTEA,Artea pensija 1982-1988,1.3565,137891464.0149
2021-02-08,ARTEA,Artea pensija 1982-1988,1.3609,138359769.5384
2021-02-09,ARTEA,Artea pensija 1982-1988,1.3606,138326915.2906
2021-02-10,ARTEA,Artea pensija 1982-1988,1.3594,138232853.2232
2021-02-11,ARTEA,Artea pensija 1982-1988,1.3668,140293431.1315
2021-02-12,ARTEA,Artea pensija 1982-1988,1.3697,140589468.2864
2021-02-15,ARTEA,Artea pensija 1982-1988,1.3798,141548066.0311
2021-02-17,ARTEA,Artea pensija 1982-1988,1.3726,140812795.0868
2021-02-18,ARTEA,Artea pensija 1982-1988,1.3631,139917917.4225
2021-02-19,ARTEA,Artea pensija 1982-1988,1.3697,140623490.44
2021-02-22,ARTEA,Artea pensija 1982-1988,1.3561,139178437.8074
2021-02-23,ARTEA,Artea pensija 1982-1988,1.349,138410041.5802
2021-02-24,ARTEA,Artea pensija 1982-1988,1.3567,139202871.2678
2021-02-25,ARTEA,Artea pensija 1982-1988,1.3466,138183569.1499
2021-02-26,ARTEA,Artea pensija 1982-1988,1.3354,137050456.2313
2021-03-01,ARTEA,Artea pensija 1982-1988,1.3591,139493025.5504
2021-03-02,ARTEA,Artea pensija 1982-1988,1.351,138703973.8426
2021-03-03,ARTEA,Artea pensija 1982-1988,1.353,138924732.293
2021-03-04,ARTEA,Artea pensija 1982-1988,1.3452,138155614.2168
2021-03-05,ARTEA,Artea pensija 1982-1988,1.3341,138305916.9795
2021-03-08,ARTEA,Artea pensija 1982-1988,1.3628,141280702.532
2021-03-09,ARTEA,Artea pensija 1982-1988,1.3691,141841800.8318
2021-03-10,ARTEA,Artea pensija 1982-1988,1.3709,142026349.1655
2021-03-12,ARTEA,Artea pensija 1982-1988,1.3775,142745141.3202
2021-03-15,ARTEA,Artea pensija 1982-1988,1.3828,143250485.9332
2021-03-16,ARTEA,Artea pensija 1982-1988,1.393,144287106.003
2021-03-17,ARTEA,Artea pensija 1982-1988,1.3848,143440755.5746
2021-03-18,ARTEA,Artea pensija 1982-1988,1.3892,143897733.7761
2021-03-19,ARTEA,Artea pensija 1982-1988,1.3822,143162627.9631
2021-03-22,ARTEA,Artea pensija 1982-1988,1.3812,143057120.6394
2021-03-23,ARTEA,Artea pensija 1982-1988,1.3816,143136672.8261
2021-03-24,ARTEA,Artea pensija 1982-1988,1.3772,142673664.3036
2021-03-25,ARTEA,Artea pensija 1982-1988,1.3742,142369412.592
2021-03-26,ARTEA,Artea pensija 1982-1988,1.3865,143629887.3624
2021-03-29,ARTEA,Artea pensija 1982-1988,1.3915,144150079.5018
2021-03-30,ARTEA,Artea pensija 1982-1988,1.3987,144895031.4819
2021-03-31,ARTEA,Artea pensija 1982-1988,1.4006,145078524.7209
2021-04-01,ARTEA,Artea pensija 1982-1988,1.4073,145752607.3649
2021-04-02,ARTEA,Artea pensija 1982-1988,1.4072,145743653.7109
2021-04-06,ARTEA,Artea pensija 1982-1988,1.4153,146599280.333
2021-04-07,ARTEA,Artea pensija 1982-1988,1.4055,145581220.5741
2021-04-08,ARTEA,Artea pensija 1982-1988,1.4103,146070885.0373
2021-04-09,ARTEA,Artea pensija 1982-1988,1.412,146252155.947
2021-04-12,ARTEA,Artea pensija 1982-1988,1.4097,146039140.4544
2021-04-13,ARTEA,Artea pensija 1982-1988,1.4104,146155031.8749
2021-04-14,ARTEA,Artea pensija 1982-1988,1.4141,148177172.7435
2021-04-15,ARTEA,Artea pensija 1982-1988,1.4189,148710400.7339
2021-04-16,ARTEA,Artea pensija 1982-1988,1.4233,149168086.9278
2021-04-19,ARTEA,Artea pensija 1982-1988,1.4154,148244607.0386
2021-04-20,ARTEA,Artea pensija 1982-1988,1.4007,146769944.7577
2021-04-21,ARTEA,Artea pensija 1982-1988,1.4085,147655332.6007
2021-04-22,ARTEA,Artea pensija 1982-1988,1.4183,148715601.8892
2021-04-23,ARTEA,Artea pensija 1982-1988,1.4162,148490526.8745
2021-04-26,ARTEA,Artea pensija 1982-1988,1.4191,148859566.2047
2021-04-27,ARTEA,Artea pensija 1982-1988,1.4185,148837388.0549
2021-04-28,ARTEA,Artea pensija 1982-1988,1.4187,148866697.9484
2021-04-29,ARTEA,Artea pensija 1982-1988,1.4153,148540994.7388
2021-04-30,ARTEA,Artea pensija 1982-1988,1.4164,148667258.0665
2021-05-03,ARTEA,Artea pensija 1982-1988,1.4201,149035798.6615
2021-05-04,ARTEA,Artea pensija 1982-1988,1.4086,147870109.1179
2021-05-05,ARTEA,Artea pensija 1982-1988,1.4231,149417490.1314
2021-05-06,ARTEA,Artea pensija 1982-1988,1.4187,150491961.4678
2021-05-07,ARTEA,Artea pensija 1982-1988,1.4266,151323077.4944
2021-05-10,ARTEA,Artea pensija 1982-1988,1.4264,151238805.1912
2021-05-11,ARTEA,Artea pensija 1982-1988,1.4027,148690009.6121
2021-05-12,ARTEA,Artea pensija 1982-1988,1.3985,148261732.4134
2021-05-13,ARTEA,Artea pensija 1982-1988,1.3976,148200195.1605
2021-05-14,ARTEA,Artea pensija 1982-1988,1.4088,149368927.9396
2021-05-17,ARTEA,Artea pensija 1982-1988,1.4043,148906791.5111
2021-05-18,ARTEA,Artea pensija 1982-1988,1.407,149190544.1077
2021-05-19,ARTEA,Artea pensija 1982-1988,1.3883,147215014.5576
2021-05-20,ARTEA,Artea pensija 1982-1988,1.4062,149132194.5644
2021-05-21,ARTEA,Artea pensija 1982-1988,1.4106,149600829.2645
2021-05-24,ARTEA,Artea pensija 1982-1988,1.4113,149664164.6024
2021-05-25,ARTEA,Artea pensija 1982-1988,1.4129,149821875.0884
2021-05-26,ARTEA,Artea pensija 1982-1988,1.4178,150345446.8234
2021-05-27,ARTEA,Artea pensija 1982-1988,1.4237,150984965.1009
2021-05-28,ARTEA,Artea pensija 1982-1988,1.4289,151556900.0517
2021-05-31,ARTEA,Artea pensija 1982-1988,1.4244,151093241.8808
2021-06-01,ARTEA,Artea pensija 1982-1988,1.4311,151828969.3915
2021-06-02,ARTEA,Artea pensija 1982-1988,1.4362,152369450.2334
2021-06-03,ARTEA,Artea pensija 1982-1988,1.4385,152637557.3272
2021-06-04,ARTEA,Artea pensija 1982-1988,1.441,152929633.6708
2021-06-07,ARTEA,Artea pensija 1982-1988,1.4383,152617596.4583
2021-06-08,ARTEA,Artea pensija 1982-1988,1.4388,152706671.5453
2021-06-09,ARTEA,Artea pensija 1982-1988,1.4405,152900706.2272
2021-06-10,ARTEA,Artea pensija 1982-1988,1.4444,154919419.2351
2021-06-11,ARTEA,Artea pensija 1982-1988,1.4508,155604641.4111
2021-06-14,ARTEA,Artea pensija 1982-1988,1.4497,155422199.3205
2021-06-15,ARTEA,Artea pensija 1982-1988,1.4474,155217726.1504
2021-06-16,ARTEA,Artea pensija 1982-1988,1.4499,155550089.2215
2021-06-17,ARTEA,Artea pensija 1982-1988,1.4594,156576662.161
2021-06-18,ARTEA,Artea pensija 1982-1988,1.4488,155439854.4502
2021-06-21,ARTEA,Artea pensija 1982-1988,1.4527,155860725.3921
2021-06-22,ARTEA,Artea pensija 1982-1988,1.4561,156244955.3165
2021-06-23,ARTEA,Artea pensija 1982-1988,1.4541,156034849.6414
2021-06-25,ARTEA,Artea pensija 1982-1988,1.467,157437332.1832
2021-06-28,ARTEA,Artea pensija 1982-1988,1.4662,157365183.21
2021-06-29,ARTEA,Artea pensija 1982-1988,1.4709,157893903.0963
2021-06-30,ARTEA,Artea pensija 1982-1988,1.4719,157995431.3131
2021-07-01,ARTEA,Artea pensija 1982-1988,1.4742,158251442.9925
2021-07-02,ARTEA,Artea pensija 1982-1988,1.4782,158689896.5663
2021-07-05,ARTEA,Artea pensija 1982-1988,1.4799,158845595.0971
2021-07-07,ARTEA,Artea pensija 1982-1988,1.4813,158991026.361
2021-07-08,ARTEA,Artea pensija 1982-1988,1.4607,156832441.9048
2021-07-09,ARTEA,Artea pensija 1982-1988,1.4751,159821062.8143
2021-07-12,ARTEA,Artea pensija 1982-1988,1.4808,160436666.1682
2021-07-13,ARTEA,Artea pensija 1982-1988,1.4892,161281011.0137
2021-07-14,ARTEA,Artea pensija 1982-1988,1.4842,160777286.8822
2021-07-15,ARTEA,Artea pensija 1982-1988,1.4823,160576770.2879
2021-07-16,ARTEA,Artea pensija 1982-1988,1.478,160110310.5828
2021-07-19,ARTEA,Artea pensija 1982-1988,1.4529,157388383.271
2021-07-20,ARTEA,Artea pensija 1982-1988,1.4661,158824855.3029
2021-07-21,ARTEA,Artea pensija 1982-1988,1.4747,159753406.3188
2021-07-22,ARTEA,Artea pensija 1982-1988,1.4804,160355378.8536
2021-07-23,ARTEA,Artea pensija 1982-1988,1.4879,161164395.0826
2021-07-26,ARTEA,Artea pensija 1982-1988,1.481,160416109.6195
2021-07-27,ARTEA,Artea pensija 1982-1988,1.4658,158779120.9269
2021-07-28,ARTEA,Artea pensija 1982-1988,1.4784,160158056.5836
2021-07-29,ARTEA,Artea pensija 1982-1988,1.4818,160522419.753
2021-07-30,ARTEA,Artea pensija 1982-1988,1.4782,160120587.6456
2021-08-02,ARTEA,Artea pensija 1982-1988,1.4833,160712016.5879
2021-08-03,ARTEA,Artea pensija 1982-1988,1.4823,160593424.1344
2021-08-04,ARTEA,Artea pensija 1982-1988,1.4878,161200034.506
2021-08-05,ARTEA,Artea pensija 1982-1988,1.4912,161594122.1087
2021-08-06,ARTEA,Artea pensija 1982-1988,1.4978,163778594.6921
2021-08-09,ARTEA,Artea pensija 1982-1988,1.4997,163992492.5371
2021-08-10,ARTEA,Artea pensija 1982-1988,1.5051,164491334.1367
2021-08-11,ARTEA,Artea pensija 1982-1988,1.5066,164650515.814
2021-08-12,ARTEA,Artea pensija 1982-1988,1.5077,164779566.1335
2021-08-13,ARTEA,Artea pensija 1982-1988,1.5047,164458918.2222
2021-08-16,ARTEA,Artea pensija 1982-1988,1.5009,164058773.5312
2021-08-17,ARTEA,Artea pensija 1982-1988,1.5005,163989010.2123
2021-08-18,ARTEA,Artea pensija 1982-1988,1.5023,164187593.4471
2021-08-19,ARTEA,Artea pensija 1982-1988,1.4845,162244692.1668
2021-08-20,ARTEA,Artea pensija 1982-1988,1.4912,162978165.2388
2021-08-23,ARTEA,Artea pensija 1982-1988,1.4994,163852804.8662
2021-08-24,ARTEA,Artea pensija 1982-1988,1.5066,164617952.9208
2021-08-25,ARTEA,Artea pensija 1982-1988,1.509,164920415.2181
2021-08-26,ARTEA,Artea pensija 1982-1988,1.503,164276720.6343
2021-08-27,ARTEA,Artea pensija 1982-1988,1.5092,164954617.4068
2021-08-30,ARTEA,Artea pensija 1982-1988,1.5142,165518950.8618
2021-08-31,ARTEA,Artea pensija 1982-1988,1.5157,165697026.299
2021-09-01,ARTEA,Artea pensija 1982-1988,1.5162,165782594.0156
2021-09-02,ARTEA,Artea pensija 1982-1988,1.5212,166348999.3005
2021-09-03,ARTEA,Artea pensija 1982-1988,1.5205,166289439.0561
2021-09-06,ARTEA,Artea pensija 1982-1988,1.529,167212682.4107
2021-09-07,ARTEA,Artea pensija 1982-1988,1.5215,166384655.4774
2021-09-08,ARTEA,Artea pensija 1982-1988,1.5149,165702230.4594
2021-09-09,ARTEA,Artea pensija 1982-1988,1.5148,167138982.6097
2021-09-10,ARTEA,Artea pensija 1982-1988,1.5107,166688185.6411
2021-09-13,ARTEA,Artea pensija 1982-1988,1.5107,166622591.875
2021-09-14,ARTEA,Artea pensija 1982-1988,1.5067,166256693.377
2021-09-15,ARTEA,Artea pensija 1982-1988,1.5028,165858641.1122
2021-09-16,ARTEA,Artea pensija 1982-1988,1.5064,166265228.6658
2021-09-17,ARTEA,Artea pensija 1982-1988,1.5036,165941121.9343
2021-09-20,ARTEA,Artea pensija 1982-1988,1.4786,163179573.4831
2021-09-21,ARTEA,Artea pensija 1982-1988,1.4872,164110482.271
2021-09-22,ARTEA,Artea pensija 1982-1988,1.4955,165029581.4989
2021-09-23,ARTEA,Artea pensija 1982-1988,1.5055,166152228.397
2021-09-24,ARTEA,Artea pensija 1982-1988,1.5005,165608094.962
2021-09-27,ARTEA,Artea pensija 1982-1988,1.5045,166042444.6083
2021-09-28,ARTEA,Artea pensija 1982-1988,1.4828,163652904.3185
2021-09-29,ARTEA,Artea pensija 1982-1988,1.4905,164511661.2136
2021-09-30,ARTEA,Artea pensija 1982-1988,1.491,164561757.0506
2021-10-01,ARTEA,Artea pensija 1982-1988,1.483,163704379.3338
2021-10-04,ARTEA,Artea pensija 1982-1988,1.4684,162097328.1516
2021-10-05,ARTEA,Artea pensija 1982-1988,1.4876,164216680.2109
2021-10-06,ARTEA,Artea pensija 1982-1988,1.4761,162965037.0807
2021-10-07,ARTEA,Artea pensija 1982-1988,1.5045,167562742.5666
2021-10-08,ARTEA,Artea pensija 1982-1988,1.4988,166899866.2068
2021-10-11,ARTEA,Artea pensija 1982-1988,1.5031,167329600.6097
2021-10-12,ARTEA,Artea pensija 1982-1988,1.496,166510803.3769
2021-10-13,ARTEA,Artea pensija 1982-1988,1.494,166412863.6868
2021-10-14,ARTEA,Artea pensija 1982-1988,1.5117,168398254.1472
2021-10-15,ARTEA,Artea pensija 1982-1988,1.5232,169706698.6725
2021-10-18,ARTEA,Artea pensija 1982-1988,1.5214,169492869.6212
2021-10-19,ARTEA,Artea pensija 1982-1988,1.528,170258370.8935
2021-10-20,ARTEA,Artea pensija 1982-1988,1.5329,170802393.2191
2021-10-21,ARTEA,Artea pensija 1982-1988,1.5283,170306264.5129
2021-10-22,ARTEA,Artea pensija 1982-1988,1.5327,170781617.372
2021-10-25,ARTEA,Artea pensija 1982-1988,1.5413,171695998.767
2021-10-26,ARTEA,Artea pensija 1982-1988,1.5474,172356594.9296
2021-10-27,ARTEA,Artea pensija 1982-1988,1.5381,171301170.0961
2021-10-28,ARTEA,Artea pensija 1982-1988,1.5325,170690132.1363
2021-10-29,ARTEA,Artea pensija 1982-1988,1.5431,171842622.985
2021-11-03,ARTEA,Artea pensija 1982-1988,1.55,172596228.7008
2021-11-04,ARTEA,Artea pensija 1982-1988,1.5601,173744072.1215
2021-11-05,ARTEA,Artea pensija 1982-1988,1.5652,174277393.4131
2021-11-08,ARTEA,Artea pensija 1982-1988,1.5641,174154538.7591
2021-11-09,ARTEA,Artea pensija 1982-1988,1.5608,173794084.2801
2021-11-10,ARTEA,Artea pensija 1982-1988,1.568,174606656.7746
2021-11-11,ARTEA,Artea pensija 1982-1988,1.5733,176657413.7303
2021-11-12,ARTEA,Artea pensija 1982-1988,1.5802,177387758.7249
2021-11-15,ARTEA,Artea pensija 1982-1988,1.5851,177903036.4692
2021-11-16,ARTEA,Artea pensija 1982-1988,1.5956,179120732.7075
2021-11-17,ARTEA,Artea pensija 1982-1988,1.5923,178832726.9853
2021-11-18,ARTEA,Artea pensija 1982-1988,1.5816,177658673.9613
2021-11-19,ARTEA,Artea pensija 1982-1988,1.5852,178079998.9829
2021-11-22,ARTEA,Artea pensija 1982-1988,1.5913,178749192.1374
2021-11-23,ARTEA,Artea pensija 1982-1988,1.5763,177053625.5609
2021-11-24,ARTEA,Artea pensija 1982-1988,1.5852,178048715.0522
2021-11-25,ARTEA,Artea pensija 1982-1988,1.5894,178566598.0992
2021-11-26,ARTEA,Artea pensija 1982-1988,1.5396,172974257.246
2021-11-29,ARTEA,Artea pensija 1982-1988,1.5537,174594202.4263
2021-11-30,ARTEA,Artea pensija 1982-1988,1.5379,172851297.0491
2021-12-01,ARTEA,Artea pensija 1982-1988,1.5544,174702901.4511
2021-12-02,ARTEA,Artea pensija 1982-1988,1.5374,172788016.5194
2021-12-03,ARTEA,Artea pensija 1982-1988,1.5334,172301256.7591
2021-12-06,ARTEA,Artea pensija 1982-1988,1.5464,173764834.0278
2021-12-07,ARTEA,Artea pensija 1982-1988,1.5781,177314327.5711
2021-12-08,ARTEA,Artea pensija 1982-1988,1.5671,176115524.4393
2021-12-09,ARTEA,Artea pensija 1982-1988,1.5713,178076373.8907
2021-12-10,ARTEA,Artea pensija 1982-1988,1.565,177359637.2799
2021-12-13,ARTEA,Artea pensija 1982-1988,1.5606,176819368.9717
2021-12-14,ARTEA,Artea pensija 1982-1988,1.5523,175915108.7513
2021-12-15,ARTEA,Artea pensija 1982-1988,1.55,175665498.8592
2021-12-16,ARTEA,Artea pensija 1982-1988,1.5687,177831813.225
2021-12-17,ARTEA,Artea pensija 1982-1988,1.5594,176762210.6373
2021-12-20,ARTEA,Artea pensija 1982-1988,1.5286,173262865.4573
2021-12-21,ARTEA,Artea pensija 1982-1988,1.5526,175974400.6487
2021-12-22,ARTEA,Artea pensija 1982-1988,1.5614,177002778.1008
2021-12-23,ARTEA,Artea pensija 1982-1988,1.5752,178568359.4081
2021-12-27,ARTEA,Artea pensija 1982-1988,1.5816,179298049.3491
2021-12-28,ARTEA,Artea pensija 1982-1988,1.5888,180145245.3152
2021-12-29,ARTEA,Artea pensija 1982-1988,1.5827,179453336.6149
2021-12-30,ARTEA,Artea pensija 1982-1988,1.5877,180018613.5578
2021-12-31,ARTEA,Artea pensija 1982-1988,1.5881,180070137.0534
2022-01-03,ARTEA,Artea pensija 1982-1988,1.5888,180178189.5419
2022-01-04,ARTEA,Artea pensija 1982-1988,1.597,181108292.3939
2022-01-05,ARTEA,Artea pensija 1982-1988,1.592,180537784.7173
2022-01-06,ARTEA,Artea pensija 1982-1988,1.575,178594233.5446
2022-01-07,ARTEA,Artea pensija 1982-1988,1.5692,177948210.3663
2022-01-10,ARTEA,Artea pensija 1982-1988,1.556,177910973.5523
2022-01-11,ARTEA,Artea pensija 1982-1988,1.5714,179666380.5345
2022-01-12,ARTEA,Artea pensija 1982-1988,1.5787,180422563.5977
2022-01-13,ARTEA,Artea pensija 1982-1988,1.5765,180182057.0226
2022-01-14,ARTEA,Artea pensija 1982-1988,1.5606,178386578.3833
2022-01-17,ARTEA,Artea pensija 1982-1988,1.5705,179515685.8966
2022-01-18,ARTEA,Artea pensija 1982-1988,1.5567,177967581.3536
2022-01-19,ARTEA,Artea pensija 1982-1988,1.5528,177519871.4316
2022-01-20,ARTEA,Artea pensija 1982-1988,1.5649,178907954.3878
2022-01-21,ARTEA,Artea pensija 1982-1988,1.5363,175648735.2926
2022-01-24,ARTEA,Artea pensija 1982-1988,1.488,170155129.2484
2022-01-25,ARTEA,Artea pensija 1982-1988,1.4979,171280766.3142
2022-01-26,ARTEA,Artea pensija 1982-1988,1.5205,173862741.5336
2022-01-27,ARTEA,Artea pensija 1982-1988,1.5262,174514293.7861
2022-01-28,ARTEA,Artea pensija 1982-1988,1.5127,172979513.3289
2022-01-31,ARTEA,Artea pensija 1982-1988,1.535,175514925.078
2022-02-01,ARTEA,Artea pensija 1982-1988,1.5477,176965297.1485
2022-02-02,ARTEA,Artea pensija 1982-1988,1.549,177096706.51
2022-02-03,ARTEA,Artea pensija 1982-1988,1.528,174702249.4224
2022-02-04,ARTEA,Artea pensija 1982-1988,1.5164,173367565.1527
2022-02-07,ARTEA,Artea pensija 1982-1988,1.5229,174127511.3375
2022-02-08,ARTEA,Artea pensija 1982-1988,1.5314,175070632.4946
2022-02-09,ARTEA,Artea pensija 1982-1988,1.5491,177138286.1787
2022-02-10,ARTEA,Artea pensija 1982-1988,1.5448,178213671.4796
2022-02-11,ARTEA,Artea pensija 1982-1988,1.5408,177750560.8024
2022-02-14,ARTEA,Artea pensija 1982-1988,1.526,175965458.9308
2022-02-15,ARTEA,Artea pensija 1982-1988,1.5378,177341885.5798
2022-02-17,ARTEA,Artea pensija 1982-1988,1.5295,176366733.2011
2022-02-18,ARTEA,Artea pensija 1982-1988,1.5168,174909648.8919
2022-02-21,ARTEA,Artea pensija 1982-1988,1.503,173294448.7164
2022-02-22,ARTEA,Artea pensija 1982-1988,1.5032,173299465.4926
2022-02-23,ARTEA,Artea pensija 1982-1988,1.497,172566830.126
2022-02-24,ARTEA,Artea pensija 1982-1988,1.4655,168865704.5548
2022-02-25,ARTEA,Artea pensija 1982-1988,1.499,172687220.4167
2022-02-28,ARTEA,Artea pensija 1982-1988,1.5017,173005670.8834
2022-03-01,ARTEA,Artea pensija 1982-1988,1.492,171820322.1919
2022-03-02,ARTEA,Artea pensija 1982-1988,1.5021,173006150.2712
2022-03-03,ARTEA,Artea pensija 1982-1988,1.4983,172624111.7529
2022-03-04,ARTEA,Artea pensija 1982-1988,1.4836,170904551.4812
2022-03-07,ARTEA,Artea pensija 1982-1988,1.4747,169891182.7568
2022-03-08,ARTEA,Artea pensija 1982-1988,1.4583,168018675.6332
2022-03-09,ARTEA,Artea pensija 1982-1988,1.473,169739608.9773
2022-03-10,ARTEA,Artea pensija 1982-1988,1.4638,170336374.8414
2022-03-14,ARTEA,Artea pensija 1982-1988,1.4626,170165932.9999
2022-03-15,ARTEA,Artea pensija 1982-1988,1.4685,170772898.7573
2022-03-16,ARTEA,Artea pensija 1982-1988,1.4955,173886785.0161
2022-03-17,ARTEA,Artea pensija 1982-1988,1.4994,174415938.9309
2022-03-18,ARTEA,Artea pensija 1982-1988,1.5161,176355732.2232
2022-03-21,ARTEA,Artea pensija 1982-1988,1.5185,176639610.1652
2022-03-22,ARTEA,Artea pensija 1982-1988,1.5328,178271337.4882
2022-03-23,ARTEA,Artea pensija 1982-1988,1.5286,177774977.1078
2022-03-24,ARTEA,Artea pensija 1982-1988,1.5289,177851537.9524
2022-03-25,ARTEA,Artea pensija 1982-1988,1.5331,178326355.9775
2022-03-28,ARTEA,Artea pensija 1982-1988,1.534,178450653.8746
2022-03-29,ARTEA,Artea pensija 1982-1988,1.5426,179477556.9818
2022-03-30,ARTEA,Artea pensija 1982-1988,1.5395,179119710.0067
2022-03-31,ARTEA,Artea pensija 1982-1988,1.5361,178702055.2548
2022-04-01,ARTEA,Artea pensija 1982-1988,1.5354,178626559.891
2022-04-04,ARTEA,Artea pensija 1982-1988,1.5522,180603734.4241
2022-04-05,ARTEA,Artea pensija 1982-1988,1.5561,181053736.4663
2022-04-06,ARTEA,Artea pensija 1982-1988,1.5353,178666567.3595
2022-04-07,ARTEA,Artea pensija 1982-1988,1.5308,179885136.0228
2022-04-08,ARTEA,Artea pensija 1982-1988,1.5465,181729263.7553
2022-04-11,ARTEA,Artea pensija 1982-1988,1.5321,179942618.7017
2022-04-12,ARTEA,Artea pensija 1982-1988,1.5367,180526900.9107
2022-04-13,ARTEA,Artea pensija 1982-1988,1.5343,180296564.4258
2022-04-14,ARTEA,Artea pensija 1982-1988,1.5418,181190998.0709
2022-04-15,ARTEA,Artea pensija 1982-1988,1.543,181331399.8166
2022-04-19,ARTEA,Artea pensija 1982-1988,1.5394,180914744.1316
2022-04-20,ARTEA,Artea pensija 1982-1988,1.542,181202964.3464
2022-04-21,ARTEA,Artea pensija 1982-1988,1.5388,180867640.1656
2022-04-22,ARTEA,Artea pensija 1982-1988,1.5135,177893583.1355
2022-04-25,ARTEA,Artea pensija 1982-1988,1.4918,175405118.9386
2022-04-26,ARTEA,Artea pensija 1982-1988,1.4912,175345857.0551
2022-04-27,ARTEA,Artea pensija 1982-1988,1.5037,176814612.953
2022-04-28,ARTEA,Artea pensija 1982-1988,1.5102,177619619.7593
2022-04-29,ARTEA,Artea pensija 1982-1988,1.5204,178849789.4136
2022-05-02,ARTEA,Artea pensija 1982-1988,1.495,175920924.7001
2022-05-03,ARTEA,Artea pensija 1982-1988,1.5087,177574671.1573
2022-05-04,ARTEA,Artea pensija 1982-1988,1.4949,175998695.6301
2022-05-05,ARTEA,Artea pensija 1982-1988,1.4945,175972225.8875
2022-05-06,ARTEA,Artea pensija 1982-1988,1.4752,173718834.0468
2022-05-09,ARTEA,Artea pensija 1982-1988,1.4477,170493041.3327
2022-05-10,ARTEA,Artea pensija 1982-1988,1.4401,169596826.9384
2022-05-11,ARTEA,Artea pensija 1982-1988,1.455,171369504.0734
2022-05-12,ARTEA,Artea pensija 1982-1988,1.4468,172776334.258
2022-05-13,ARTEA,Artea pensija 1982-1988,1.4749,176130875.5186
2022-05-16,ARTEA,Artea pensija 1982-1988,1.4719,175740228.1757
2022-05-17,ARTEA,Artea pensija 1982-1988,1.4802,176696718.0915
2022-05-18,ARTEA,Artea pensija 1982-1988,1.466,175117747.3153
2022-05-19,ARTEA,Artea pensija 1982-1988,1.4488,173087135.2183
2022-05-20,ARTEA,Artea pensija 1982-1988,1.4511,173328322.4936
2022-05-23,ARTEA,Artea pensija 1982-1988,1.4606,174471541.2278
2022-05-24,ARTEA,Artea pensija 1982-1988,1.435,171414407.2537
2022-05-25,ARTEA,Artea pensija 1982-1988,1.4512,173315999.2581
2022-05-26,ARTEA,Artea pensija 1982-1988,1.4676,175278447.2623
2022-05-27,ARTEA,Artea pensija 1982-1988,1.4881,177742614.8462
2022-05-30,ARTEA,Artea pensija 1982-1988,1.4965,178738195.1579
2022-05-31,ARTEA,Artea pensija 1982-1988,1.4904,177974567.2713
2022-06-01,ARTEA,Artea pensija 1982-1988,1.4867,177523348.5461
2022-06-02,ARTEA,Artea pensija 1982-1988,1.4894,177847610.0999
2022-06-03,ARTEA,Artea pensija 1982-1988,1.4847,177303884.3227
2022-06-06,ARTEA,Artea pensija 1982-1988,1.4966,178731345.7178
2022-06-07,ARTEA,Artea pensija 1982-1988,1.4919,178186266.1271
2022-06-08,ARTEA,Artea pensija 1982-1988,1.4945,178498655.8981
2022-06-09,ARTEA,Artea pensija 1982-1988,1.4828,179095733.6301
2022-06-10,ARTEA,Artea pensija 1982-1988,1.4527,175476540.3119
2022-06-13,ARTEA,Artea pensija 1982-1988,1.4242,172014461.9368
2022-06-14,ARTEA,Artea pensija 1982-1988,1.4176,171219311.8357
2022-06-15,ARTEA,Artea pensija 1982-1988,1.4265,172345932.546
2022-06-16,ARTEA,Artea pensija 1982-1988,1.3893,167844418.9083
2022-06-17,ARTEA,Artea pensija 1982-1988,1.3909,168020727.227
2022-06-20,ARTEA,Artea pensija 1982-1988,1.3956,168597771.0592
2022-06-21,ARTEA,Artea pensija 1982-1988,1.4067,169913744.425
2022-06-22,ARTEA,Artea pensija 1982-1988,1.3988,168957987.1955
2022-06-23,ARTEA,Artea pensija 1982-1988,1.4003,169144777.253
2022-06-27,ARTEA,Artea pensija 1982-1988,1.4316,172913661.0856
2022-06-28,ARTEA,Artea pensija 1982-1988,1.4337,173181093.0007
2022-06-29,ARTEA,Artea pensija 1982-1988,1.4259,172239614.3398
2022-06-30,ARTEA,Artea pensija 1982-1988,1.4131,170678979.6668
2022-07-01,ARTEA,Artea pensija 1982-1988,1.4186,171363150.7242
2022-07-04,ARTEA,Artea pensija 1982-1988,1.423,171893091.2787
2022-07-05,ARTEA,Artea pensija 1982-1988,1.4182,171349013.906
2022-07-07,ARTEA,Artea pensija 1982-1988,1.4648,177004354.2847
2022-07-08,ARTEA,Artea pensija 1982-1988,1.469,177550020.4193
2022-07-11,ARTEA,Artea pensija 1982-1988,1.461,178386778.2241
2022-07-12,ARTEA,Artea pensija 1982-1988,1.4629,178613877.9985
2022-07-13,ARTEA,Artea pensija 1982-1988,1.4463,176586522.7434
2022-07-14,ARTEA,Artea pensija 1982-1988,1.436,175248355.4467
2022-07-15,ARTEA,Artea pensija 1982-1988,1.454,177501960.432
2022-07-18,ARTEA,Artea pensija 1982-1988,1.4615,178488331.5868
2022-07-19,ARTEA,Artea pensija 1982-1988,1.4622,178578591.4643
2022-07-20,ARTEA,Artea pensija 1982-1988,1.4754,180187654.5019
2022-07-21,ARTEA,Artea pensija 1982-1988,1.4784,180550827.0135
2022-07-22,ARTEA,Artea pensija 1982-1988,1.4791,180631621.663
2022-07-25,ARTEA,Artea pensija 1982-1988,1.4811,180887142.9158
2022-07-26,ARTEA,Artea pensija 1982-1988,1.4818,180951631.7643
2022-07-27,ARTEA,Artea pensija 1982-1988,1.4908,182078648.737
2022-07-28,ARTEA,Artea pensija 1982-1988,1.5052,183831119.51
2022-07-29,ARTEA,Artea pensija 1982-1988,1.5118,184650463.5018
2022-08-01,ARTEA,Artea pensija 1982-1988,1.5119,184657900.3435
2022-08-02,ARTEA,Artea pensija 1982-1988,1.5134,184818125.8471
2022-08-03,ARTEA,Artea pensija 1982-1988,1.5236,186076996.3615
2022-08-04,ARTEA,Artea pensija 1982-1988,1.5192,185552522.7073
2022-08-05,ARTEA,Artea pensija 1982-1988,1.5198,185667576.9007
2022-08-08,ARTEA,Artea pensija 1982-1988,1.5285,186736557.1887
2022-08-09,ARTEA,Artea pensija 1982-1988,1.5176,187152020.8793
2022-08-10,ARTEA,Artea pensija 1982-1988,1.5257,188121264.5192
2022-08-11,ARTEA,Artea pensija 1982-1988,1.5357,189307664.9127
2022-08-12,ARTEA,Artea pensija 1982-1988,1.5471,190708965.5967
2022-08-16,ARTEA,Artea pensija 1982-1988,1.5647,192913302.3401
2022-08-17,ARTEA,Artea pensija 1982-1988,1.5542,191609533.5491
2022-08-18,ARTEA,Artea pensija 1982-1988,1.5623,192663895.7171
2022-08-19,ARTEA,Artea pensija 1982-1988,1.5538,191501902.7789
2022-08-22,ARTEA,Artea pensija 1982-1988,1.5497,191020160.6784
2022-08-23,ARTEA,Artea pensija 1982-1988,1.5425,190129937.301
2022-08-24,ARTEA,Artea pensija 1982-1988,1.5468,190662781.2818
2022-08-25,ARTEA,Artea pensija 1982-1988,1.5541,191605465.1375
2022-08-26,ARTEA,Artea pensija 1982-1988,1.5376,189594120.0048
2022-08-29,ARTEA,Artea pensija 1982-1988,1.5191,187392778.9274
2022-08-30,ARTEA,Artea pensija 1982-1988,1.5048,185642773.6088
2022-08-31,ARTEA,Artea pensija 1982-1988,1.4966,184612416.167
2022-09-01,ARTEA,Artea pensija 1982-1988,1.4896,183752854.5929
2022-09-02,ARTEA,Artea pensija 1982-1988,1.5016,185218540.876
2022-09-05,ARTEA,Artea pensija 1982-1988,1.4961,184564921.5375
2022-09-06,ARTEA,Artea pensija 1982-1988,1.4926,184147346.8466
2022-09-07,ARTEA,Artea pensija 1982-1988,1.4867,183448850.3161
2022-09-08,ARTEA,Artea pensija 1982-1988,1.5005,187001485.3357
2022-09-09,ARTEA,Artea pensija 1982-1988,1.51,188172208.6457
2022-09-12,ARTEA,Artea pensija 1982-1988,1.518,189109496.9882
2022-09-13,ARTEA,Artea pensija 1982-1988,1.5005,186912113.2172
2022-09-14,ARTEA,Artea pensija 1982-1988,1.4911,185805330.1971
2022-09-15,ARTEA,Artea pensija 1982-1988,1.4843,184973556.6141
2022-09-16,ARTEA,Artea pensija 1982-1988,1.463,182295486.7335
2022-09-19,ARTEA,Artea pensija 1982-1988,1.4648,182531172.3089
2022-09-20,ARTEA,Artea pensija 1982-1988,1.4635,182359367.189
2022-09-21,ARTEA,Artea pensija 1982-1988,1.4758,183898318.2653
2022-09-22,ARTEA,Artea pensija 1982-1988,1.4529,181032327.1408
2022-09-23,ARTEA,Artea pensija 1982-1988,1.437,179066233.4017
2022-09-26,ARTEA,Artea pensija 1982-1988,1.4389,179333197.7107
2022-09-27,ARTEA,Artea pensija 1982-1988,1.4363,179032498.9355
2022-09-28,ARTEA,Artea pensija 1982-1988,1.4377,179214355.758
2022-09-29,ARTEA,Artea pensija 1982-1988,1.4105,175877848.4857
2022-09-30,ARTEA,Artea pensija 1982-1988,1.4177,176772598.9496
2022-10-03,ARTEA,Artea pensija 1982-1988,1.4191,176938935.4084
2022-10-04,ARTEA,Artea pensija 1982-1988,1.4428,179934164.0011
2022-10-05,ARTEA,Artea pensija 1982-1988,1.4423,179898372.4802
2022-10-06,ARTEA,Artea pensija 1982-1988,1.449,180725954.6162
2022-10-07,ARTEA,Artea pensija 1982-1988,1.4291,178229441.5312
2022-10-10,ARTEA,Artea pensija 1982-1988,1.4228,177459303.5878
2022-10-11,ARTEA,Artea pensija 1982-1988,1.4147,176440768.9176
2022-10-12,ARTEA,Artea pensija 1982-1988,1.4099,175850916.3779
2022-10-13,ARTEA,Artea pensija 1982-1988,1.4123,178037647.8403
2022-10-14,ARTEA,Artea pensija 1982-1988,1.414,178239389.6805
2022-10-17,ARTEA,Artea pensija 1982-1988,1.4258,179617282.9831
2022-10-18,ARTEA,Artea pensija 1982-1988,1.426,179669812.2254
2022-10-19,ARTEA,Artea pensija 1982-1988,1.426,179692573.753
2022-10-20,ARTEA,Artea pensija 1982-1988,1.4297,180124688.6581
2022-10-21,ARTEA,Artea pensija 1982-1988,1.4247,179506659.8995
2022-10-24,ARTEA,Artea pensija 1982-1988,1.4273,179831565.4617
2022-10-25,ARTEA,Artea pensija 1982-1988,1.4368,181021610.5055
2022-10-26,ARTEA,Artea pensija 1982-1988,1.4421,181694979.4141
2022-10-27,ARTEA,Artea pensija 1982-1988,1.4434,181850581.2948
2022-10-28,ARTEA,Artea pensija 1982-1988,1.4461,182219771.8678
2022-10-31,ARTEA,Artea pensija 1982-1988,1.4581,183717623.3289
2022-11-03,ARTEA,Artea pensija 1982-1988,1.4522,182964935.8616
2022-11-04,ARTEA,Artea pensija 1982-1988,1.4488,182569840.5033
2022-11-07,ARTEA,Artea pensija 1982-1988,1.4536,183182315.5872
2022-11-08,ARTEA,Artea pensija 1982-1988,1.4626,184293610.909
2022-11-09,ARTEA,Artea pensija 1982-1988,1.4508,182814324.4679
2022-11-10,ARTEA,Artea pensija 1982-1988,1.474,187609931.4413
2022-11-11,ARTEA,Artea pensija 1982-1988,1.4721,187365553.9601
2022-11-14,ARTEA,Artea pensija 1982-1988,1.4756,187714236.4726
2022-11-15,ARTEA,Artea pensija 1982-1988,1.4869,189136742.4932
2022-11-16,ARTEA,Artea pensija 1982-1988,1.469,186975489.3094
2022-11-17,ARTEA,Artea pensija 1982-1988,1.4651,186471935.7588
2022-11-18,ARTEA,Artea pensija 1982-1988,1.4733,187511511.1652
2022-11-21,ARTEA,Artea pensija 1982-1988,1.4759,187864058.2063
2022-11-22,ARTEA,Artea pensija 1982-1988,1.4834,188843752.3866
2022-11-23,ARTEA,Artea pensija 1982-1988,1.487,189315583.7695
2022-11-24,ARTEA,Artea pensija 1982-1988,1.4903,189779140.4004
2022-11-25,ARTEA,Artea pensija 1982-1988,1.4881,189550912.7703
2022-11-28,ARTEA,Artea pensija 1982-1988,1.4809,188616463.5575
2022-11-29,ARTEA,Artea pensija 1982-1988,1.4821,188729618.7653
2022-11-30,ARTEA,Artea pensija 1982-1988,1.4927,190090184.8267
2022-12-01,ARTEA,Artea pensija 1982-1988,1.498,190759720.6998
2022-12-02,ARTEA,Artea pensija 1982-1988,1.4934,190189827.9752
2022-12-05,ARTEA,Artea pensija 1982-1988,1.4837,188934895.8871
2022-12-06,ARTEA,Artea pensija 1982-1988,1.4717,187447254.5086
2022-12-07,ARTEA,Artea pensija 1982-1988,1.4652,186662809.3919
2022-12-08,ARTEA,Artea pensija 1982-1988,1.4675,188826370.879
2022-12-09,ARTEA,Artea pensija 1982-1988,1.4735,189606233.6169
2022-12-12,ARTEA,Artea pensija 1982-1988,1.4662,188634739.1003
2022-12-13,ARTEA,Artea pensija 1982-1988,1.4803,190401200.3676
2022-12-14,ARTEA,Artea pensija 1982-1988,1.4776,190077700.3817
2022-12-15,ARTEA,Artea pensija 1982-1988,1.4415,185475069.2734
2022-12-16,ARTEA,Artea pensija 1982-1988,1.4349,184637407.6343
2022-12-19,ARTEA,Artea pensija 1982-1988,1.4311,184151376.338
2022-12-20,ARTEA,Artea pensija 1982-1988,1.4274,183676424.1599
2022-12-21,ARTEA,Artea pensija 1982-1988,1.4435,185766083.0751
2022-12-22,ARTEA,Artea pensija 1982-1988,1.4312,184157858.0912
2022-12-23,ARTEA,Artea pensija 1982-1988,1.4326,184375782.4752
2022-12-27,ARTEA,Artea pensija 1982-1988,1.4349,184688527.4238
2022-12-28,ARTEA,Artea pensija 1982-1988,1.4286,183838374.5508
2022-12-29,ARTEA,Artea pensija 1982-1988,1.4378,185039388.1334
2022-12-30,ARTEA,Artea pensija 1982-1988,1.4288,183849777.0616
2023-01-02,ARTEA,Artea pensija 1982-1988,1.4474,186262523.9454
2023-01-03,ARTEA,Artea pensija 1982-1988,1.4449,185949844.8181
2023-01-04,ARTEA,Artea pensija 1982-1988,1.4578,187591645.2352
2023-01-05,ARTEA,Artea pensija 1982-1988,1.4542,187118763.6346
2023-01-06,ARTEA,Artea pensija 1982-1988,1.4654,188548513.51
2023-01-09,ARTEA,Artea pensija 1982-1988,1.473,189493313.3959
2023-01-10,ARTEA,Artea pensija 1982-1988,1.4626,188139079.7876
2023-01-11,ARTEA,Artea pensija 1982-1988,1.4702,189133741.4271
2023-01-12,ARTEA,Artea pensija 1982-1988,1.4741,191498358.0933
2023-01-13,ARTEA,Artea pensija 1982-1988,1.4793,192167679.2477
2023-01-16,ARTEA,Artea pensija 1982-1988,1.4821,192426442.427
2023-01-17,ARTEA,Artea pensija 1982-1988,1.4868,193055412.1241
2023-01-18,ARTEA,Artea pensija 1982-1988,1.4798,192202785.1005
2023-01-19,ARTEA,Artea pensija 1982-1988,1.4707,191018802.9329
2023-01-20,ARTEA,Artea pensija 1982-1988,1.4787,192051807.2142
2023-01-23,ARTEA,Artea pensija 1982-1988,1.4953,194195998.2892
2023-01-24,ARTEA,Artea pensija 1982-1988,1.4919,193753099.8567
2023-01-25,ARTEA,Artea pensija 1982-1988,1.4841,192681490.69
2023-01-26,ARTEA,Artea pensija 1982-1988,1.4968,194327730.1642
2023-01-27,ARTEA,Artea pensija 1982-1988,1.5056,195521036.4132
2023-01-30,ARTEA,Artea pensija 1982-1988,1.5019,195049377.2853
2023-01-31,ARTEA,Artea pensija 1982-1988,1.4997,194761453.3725
2023-02-01,ARTEA,Artea pensija 1982-1988,1.4997,194761318.653
2023-02-02,ARTEA,Artea pensija 1982-1988,1.5237,197862373.0868
2023-02-03,ARTEA,Artea pensija 1982-1988,1.5287,198489569.5642
2023-02-06,ARTEA,Artea pensija 1982-1988,1.5205,197395043.8998
2023-02-07,ARTEA,Artea pensija 1982-1988,1.5237,197816283.7754
2023-02-08,ARTEA,Artea pensija 1982-1988,1.5224,197756149.7116
2023-02-09,ARTEA,Artea pensija 1982-1988,1.5256,200110327.1341
2023-02-10,ARTEA,Artea pensija 1982-1988,1.5188,199222041.7506
2023-02-13,ARTEA,Artea pensija 1982-1988,1.5253,199972275.8754
2023-02-14,ARTEA,Artea pensija 1982-1988,1.5256,200028854.4634
2023-02-15,ARTEA,Artea pensija 1982-1988,1.5321,200910192.6153
2023-02-17,ARTEA,Artea pensija 1982-1988,1.5208,199497211.9943
2023-02-20,ARTEA,Artea pensija 1982-1988,1.5259,200204159.8621
2023-02-21,ARTEA,Artea pensija 1982-1988,1.513,198474792.0184
2023-02-22,ARTEA,Artea pensija 1982-1988,1.5111,198222831.5653
2023-02-23,ARTEA,Artea pensija 1982-1988,1.5118,198318566.0347
2023-02-24,ARTEA,Artea pensija 1982-1988,1.5034,197254626.0484
2023-02-27,ARTEA,Artea pensija 1982-1988,1.5103,198177396.3296
2023-02-28,ARTEA,Artea pensija 1982-1988,1.5065,197659372.3993
2023-03-01,ARTEA,Artea pensija 1982-1988,1.4986,196643171.8391
2023-03-02,ARTEA,Artea pensija 1982-1988,1.5045,197411135.7931
2023-03-03,ARTEA,Artea pensija 1982-1988,1.5202,199435829.5038
2023-03-06,ARTEA,Artea pensija 1982-1988,1.5213,199582278.1041
2023-03-07,ARTEA,Artea pensija 1982-1988,1.5154,198817666.5232
2023-03-08,ARTEA,Artea pensija 1982-1988,1.5135,198611180.6634
2023-03-09,ARTEA,Artea pensija 1982-1988,1.5101,200286345.839
2023-03-10,ARTEA,Artea pensija 1982-1988,1.4862,197058128.8542
2023-03-13,ARTEA,Artea pensija 1982-1988,1.459,193399483.3444
2023-03-14,ARTEA,Artea pensija 1982-1988,1.4738,195363519.3797
2023-03-15,ARTEA,Artea pensija 1982-1988,1.4624,193865462.5741
2023-03-16,ARTEA,Artea pensija 1982-1988,1.4755,195614973.9444
2023-03-17,ARTEA,Artea pensija 1982-1988,1.4663,194380613.6813
2023-03-20,ARTEA,Artea pensija 1982-1988,1.4655,194237730.9239
2023-03-21,ARTEA,Artea pensija 1982-1988,1.4757,195587309.4646
2023-03-22,ARTEA,Artea pensija 1982-1988,1.4787,195977066.2632
2023-03-23,ARTEA,Artea pensija 1982-1988,1.472,195119454.1111
2023-03-24,ARTEA,Artea pensija 1982-1988,1.4673,194507408.2922
2023-03-27,ARTEA,Artea pensija 1982-1988,1.474,195400429.8942
2023-03-28,ARTEA,Artea pensija 1982-1988,1.4714,195074170.7268
2023-03-29,ARTEA,Artea pensija 1982-1988,1.4812,196400086.1527
2023-03-30,ARTEA,Artea pensija 1982-1988,1.487,197186815.4065
2023-03-31,ARTEA,Artea pensija 1982-1988,1.4982,198693735.4368
2023-04-03,ARTEA,Artea pensija 1982-1988,1.4984,198668215.6643
2023-04-04,ARTEA,Artea pensija 1982-1988,1.4918,197809399.5681
2023-04-05,ARTEA,Artea pensija 1982-1988,1.4886,197438070.6369
2023-04-06,ARTEA,Artea pensija 1982-1988,1.4912,199892924.259
2023-04-07,ARTEA,Artea pensija 1982-1988,1.4912,199892323.451
2023-04-11,ARTEA,Artea pensija 1982-1988,1.501,201102357.7937
2023-04-12,ARTEA,Artea pensija 1982-1988,1.4945,200228791.5814
2023-04-13,ARTEA,Artea pensija 1982-1988,1.4941,200255165.1721
2023-04-14,ARTEA,Artea pensija 1982-1988,1.5013,201264238.9357
2023-04-17,ARTEA,Artea pensija 1982-1988,1.5075,202074018.203
2023-04-18,ARTEA,Artea pensija 1982-1988,1.509,202242702.9487
2023-04-19,ARTEA,Artea pensija 1982-1988,1.5053,201762777.6797
2023-04-20,ARTEA,Artea pensija 1982-1988,1.5028,201427569.8085
2023-04-21,ARTEA,Artea pensija 1982-1988,1.4977,200774529.6745
2023-04-24,ARTEA,Artea pensija 1982-1988,1.4931,200179006.7109
2023-04-25,ARTEA,Artea pensija 1982-1988,1.4881,199504156.1283
2023-04-26,ARTEA,Artea pensija 1982-1988,1.4786,198228536.744
2023-04-27,ARTEA,Artea pensija 1982-1988,1.4864,199318380.1339
2023-04-28,ARTEA,Artea pensija 1982-1988,1.4954,200511913.6141
2023-05-02,ARTEA,Artea pensija 1982-1988,1.4829,198819452.4087
2023-05-03,ARTEA,Artea pensija 1982-1988,1.4829,198821903.2125
2023-05-04,ARTEA,Artea pensija 1982-1988,1.4783,198260167.6254
2023-05-05,ARTEA,Artea pensija 1982-1988,1.4926,200203415.2847
2023-05-08,ARTEA,Artea pensija 1982-1988,1.4963,200651726.1959
2023-05-09,ARTEA,Artea pensija 1982-1988,1.4982,200932102.8598
2023-05-10,ARTEA,Artea pensija 1982-1988,1.4969,200787689.5773
2023-05-11,ARTEA,Artea pensija 1982-1988,1.498,203695976.3184
2023-05-12,ARTEA,Artea pensija 1982-1988,1.5013,204146381.4925
2023-05-15,ARTEA,Artea pensija 1982-1988,1.5084,205067778.6182
2023-05-16,ARTEA,Artea pensija 1982-1988,1.5079,205003555.8655
2023-05-17,ARTEA,Artea pensija 1982-1988,1.5113,205466751.762
2023-05-18,ARTEA,Artea pensija 1982-1988,1.524,207184278.8245
2023-05-19,ARTEA,Artea pensija 1982-1988,1.5224,206949488.5677
2023-05-22,ARTEA,Artea pensija 1982-1988,1.5287,207816542.3341
2023-05-23,ARTEA,Artea pensija 1982-1988,1.5258,207463193.4215
2023-05-24,ARTEA,Artea pensija 1982-1988,1.5065,204871105.5057
2023-05-25,ARTEA,Artea pensija 1982-1988,1.5103,205398262.3208
2023-05-26,ARTEA,Artea pensija 1982-1988,1.5254,207446118.1648
2023-05-29,ARTEA,Artea pensija 1982-1988,1.5271,207698582.5968
2023-05-30,ARTEA,Artea pensija 1982-1988,1.5218,206985481.4747
2023-05-31,ARTEA,Artea pensija 1982-1988,1.5149,206053245.2795
2023-06-01,ARTEA,Artea pensija 1982-1988,1.5224,207070272.2605
2023-06-02,ARTEA,Artea pensija 1982-1988,1.542,209739678.4594
2023-06-05,ARTEA,Artea pensija 1982-1988,1.5437,209927357.4703
2023-06-06,ARTEA,Artea pensija 1982-1988,1.5499,210724006.9407
2023-06-07,ARTEA,Artea pensija 1982-1988,1.5504,210847794.9474
2023-06-08,ARTEA,Artea pensija 1982-1988,1.5439,212633279.6276
2023-06-09,ARTEA,Artea pensija 1982-1988,1.5493,213378263.4462
2023-06-12,ARTEA,Artea pensija 1982-1988,1.5516,213594289.7011
2023-06-13,ARTEA,Artea pensija 1982-1988,1.562,214963895.7196
2023-06-14,ARTEA,Artea pensija 1982-1988,1.561,214940303.5169
2023-06-15,ARTEA,Artea pensija 1982-1988,1.5562,214267073.7422
2023-06-16,ARTEA,Artea pensija 1982-1988,1.5606,214916612.7365
2023-06-19,ARTEA,Artea pensija 1982-1988,1.5546,214064889.0204
2023-06-20,ARTEA,Artea pensija 1982-1988,1.548,213133311.7136
2023-06-21,ARTEA,Artea pensija 1982-1988,1.541,212179948.0767
2023-06-22,ARTEA,Artea pensija 1982-1988,1.536,211501465.4736
2023-06-23,ARTEA,Artea pensija 1982-1988,1.5326,211056700.4901
2023-06-26,ARTEA,Artea pensija 1982-1988,1.5309,210861279.6471
2023-06-27,ARTEA,Artea pensija 1982-1988,1.5323,211052545.107
2023-06-28,ARTEA,Artea pensija 1982-1988,1.5392,212002480.843
2023-06-29,ARTEA,Artea pensija 1982-1988,1.5434,212604360.0491
2023-06-30,ARTEA,Artea pensija 1982-1988,1.5522,213821318.0049
2023-07-01,ARTEA,Artea pensija 1982-1988,1.5522,213821318.0049
2023-07-02,ARTEA,Artea pensija 1982-1988,1.5522,213821318.0049
2023-07-03,ARTEA,Artea pensija 1982-1988,1.5586,214729745.5318
2023-07-04,ARTEA,Artea pensija 1982-1988,1.561,215087002.3853
2023-07-05,ARTEA,Artea pensija 1982-1988,1.5573,214607349.5376
2023-07-06,ARTEA,Artea pensija 1982-1988,1.5573,214607349.5376
2023-07-07,ARTEA,Artea pensija 1982-1988,1.5388,212071531.2953
2023-07-08,ARTEA,Artea pensija 1982-1988,1.5388,212071531.2953
2023-07-09,ARTEA,Artea pensija 1982-1988,1.5388,212071531.2953
2023-07-10,ARTEA,Artea pensija 1982-1988,1.5352,213753155.8993
2023-07-11,ARTEA,Artea pensija 1982-1988,1.541,214551622.0698
2023-07-12,ARTEA,Artea pensija 1982-1988,1.5486,215595556.7532
2023-07-13,ARTEA,Artea pensija 1982-1988,1.5498,215637657.258
2023-07-14,ARTEA,Artea pensija 1982-1988,1.5468,215237386.8139
2023-07-15,ARTEA,Artea pensija 1982-1988,1.5468,215237386.8139
2023-07-16,ARTEA,Artea pensija 1982-1988,1.5468,215237386.8139
2023-07-17,ARTEA,Artea pensija 1982-1988,1.5454,215070705.0214
2023-07-18,ARTEA,Artea pensija 1982-1988,1.5519,215948679.5578
2023-07-19,ARTEA,Artea pensija 1982-1988,1.5604,217113380.7718
2023-07-20,ARTEA,Artea pensija 1982-1988,1.5606,217105429.2527
2023-07-21,ARTEA,Artea pensija 1982-1988,1.5632,217416913.546
2023-07-22,ARTEA,Artea pensija 1982-1988,1.5632,217416913.546
2023-07-23,ARTEA,Artea pensija 1982-1988,1.5632,217416913.546
2023-07-24,ARTEA,Artea pensija 1982-1988,1.5701,218372596.5277
2023-07-25,ARTEA,Artea pensija 1982-1988,1.5771,219346663.1791
2023-07-26,ARTEA,Artea pensija 1982-1988,1.5741,218881430.883
2023-07-27,ARTEA,Artea pensija 1982-1988,1.5877,220792823.9886
2023-07-28,ARTEA,Artea pensija 1982-1988,1.5892,220981683.5277
2023-07-29,ARTEA,Artea pensija 1982-1988,1.5892,220981683.5277
2023-07-30,ARTEA,Artea pensija 1982-1988,1.5892,220981683.5277
2023-07-31,ARTEA,Artea pensija 1982-1988,1.5899,221032688.9707
2023-08-01,ARTEA,Artea pensija 1982-1988,1.587,220614983.034
2023-08-02,ARTEA,Artea pensija 1982-1988,1.5727,218657249.0018
2023-08-03,ARTEA,Artea pensija 1982-1988,1.5686,218083806.3512
2023-08-04,ARTEA,Artea pensija 1982-1988,1.5681,218027634.5437
2023-08-05,ARTEA,Artea pensija 1982-1988,1.5681,218027634.5437
2023-08-06,ARTEA,Artea pensija 1982-1988,1.5681,218027634.5437
2023-08-07,ARTEA,Artea pensija 1982-1988,1.5655,217690610.3669
2023-08-08,ARTEA,Artea pensija 1982-1988,1.5581,218846079.6843
2023-08-09,ARTEA,Artea pensija 1982-1988,1.5587,218928376.6544
2023-08-10,ARTEA,Artea pensija 1982-1988,1.5651,219728980.5496
2023-08-11,ARTEA,Artea pensija 1982-1988,1.5557,218380971.8739
2023-08-12,ARTEA,Artea pensija 1982-1988,1.5557,218380971.8739
2023-08-13,ARTEA,Artea pensija 1982-1988,1.5557,218380971.8739
2023-08-14,ARTEA,Artea pensija 1982-1988,1.5601,219068731.1494
2023-08-15,ARTEA,Artea pensija 1982-1988,1.5601,219068731.1494
2023-08-16,ARTEA,Artea pensija 1982-1988,1.5487,217447165.3078
2023-08-17,ARTEA,Artea pensija 1982-1988,1.5429,216593578.825
2023-08-18,ARTEA,Artea pensija 1982-1988,1.5341,215329389.0819
2023-08-19,ARTEA,Artea pensija 1982-1988,1.5341,215329389.0819
2023-08-20,ARTEA,Artea pensija 1982-1988,1.5341,215329389.0819
2023-08-21,ARTEA,Artea pensija 1982-1988,1.533,215190486.3781
2023-08-22,ARTEA,Artea pensija 1982-1988,1.5418,216426515.2436
2023-08-23,ARTEA,Artea pensija 1982-1988,1.5499,217529034.1478
2023-08-24,ARTEA,Artea pensija 1982-1988,1.548,217225245.5329
2023-08-25,ARTEA,Artea pensija 1982-1988,1.5482,217234049.3595
2023-08-26,ARTEA,Artea pensija 1982-1988,1.5482,217234049.3595
2023-08-27,ARTEA,Artea pensija 1982-1988,1.5482,217234049.3595
2023-08-28,ARTEA,Artea pensija 1982-1988,1.5579,218551950.8052
2023-08-29,ARTEA,Artea pensija 1982-1988,1.5664,219726037.6308
2023-08-30,ARTEA,Artea pensija 1982-1988,1.5644,219408801.2152
2023-08-31,ARTEA,Artea pensija 1982-1988,1.5684,219896664.5267
2023-09-01,ARTEA,Artea pensija 1982-1988,1.575,220791513.6714
2023-09-02,ARTEA,Artea pensija 1982-1988,1.575,220791513.6714
2023-09-03,ARTEA,Artea pensija 1982-1988,1.575,220791513.6714
2023-09-04,ARTEA,Artea pensija 1982-1988,1.5751,220809750.8661
2023-09-05,ARTEA,Artea pensija 1982-1988,1.5766,220995947.2756
2023-09-06,ARTEA,Artea pensija 1982-1988,1.567,219674331.1339
2023-09-07,ARTEA,Artea pensija 1982-1988,1.5634,221411954.2668
2023-09-08,ARTEA,Artea pensija 1982-1988,1.5655,221700722.7156
2023-09-09,ARTEA,Artea pensija 1982-1988,1.5655,221700722.7156
2023-09-10,ARTEA,Artea pensija 1982-1988,1.5655,221700722.7156
2023-09-11,ARTEA,Artea pensija 1982-1988,1.5668,221723541.4294
2023-09-12,ARTEA,Artea pensija 1982-1988,1.5679,221762200.8162
2023-09-13,ARTEA,Artea pensija 1982-1988,1.5675,221641363.0284
2023-09-14,ARTEA,Artea pensija 1982-1988,1.5828,223804182.0189
2023-09-15,ARTEA,Artea pensija 1982-1988,1.5771,222951308.424
2023-09-16,ARTEA,Artea pensija 1982-1988,1.5771,222951308.424
2023-09-17,ARTEA,Artea pensija 1982-1988,1.5771,222951308.424
2023-09-18,ARTEA,Artea pensija 1982-1988,1.5718,222155053.5986
2023-09-19,ARTEA,Artea pensija 1982-1988,1.567,221449488.9456
2023-09-20,ARTEA,Artea pensija 1982-1988,1.5714,222004079.3625
2023-09-21,ARTEA,Artea pensija 1982-1988,1.5529,219344523.4814
2023-09-22,ARTEA,Artea pensija 1982-1988,1.5545,219533094.1892
2023-09-23,ARTEA,Artea pensija 1982-1988,1.5545,219533094.1892
2023-09-24,ARTEA,Artea pensija 1982-1988,1.5545,219533094.1892
2023-09-25,ARTEA,Artea pensija 1982-1988,1.5538,219388288.536
2023-09-26,ARTEA,Artea pensija 1982-1988,1.5439,217963764.9433
2023-09-27,ARTEA,Artea pensija 1982-1988,1.5477,218463233.4525
2023-09-28,ARTEA,Artea pensija 1982-1988,1.5488,218561474.8873
2023-09-29,ARTEA,Artea pensija 1982-1988,1.5509,218819103.3382
2023-09-30,ARTEA,Artea pensija 1982-1988,1.5509,218819103.3382
2023-10-01,ARTEA,Artea pensija 1982-1988,1.5509,218819103.3382
2023-10-02,ARTEA,Artea pensija 1982-1988,1.5484,218428868.3864
2023-10-03,ARTEA,Artea pensija 1982-1988,1.5348,216491876.6704
2023-10-04,ARTEA,Artea pensija 1982-1988,1.5292,215707627.6163
2023-10-05,ARTEA,Artea pensija 1982-1988,1.5305,218130407.3446
2023-10-06,ARTEA,Artea pensija 1982-1988,1.5379,219171160.3553
2023-10-07,ARTEA,Artea pensija 1982-1988,1.5379,219171160.3553
2023-10-08,ARTEA,Artea pensija 1982-1988,1.5379,219171160.3553
2023-10-09,ARTEA,Artea pensija 1982-1988,1.5405,219372444.7161
2023-10-10,ARTEA,Artea pensija 1982-1988,1.5569,221621381.6417
2023-10-11,ARTEA,Artea pensija 1982-1988,1.5544,221289628.6558
2023-10-12,ARTEA,Artea pensija 1982-1988,1.5607,222145851.1841
2023-10-13,ARTEA,Artea pensija 1982-1988,1.5539,221165484.5965
2023-10-14,ARTEA,Artea pensija 1982-1988,1.5539,221165484.5965
2023-10-15,ARTEA,Artea pensija 1982-1988,1.5539,221165484.5965
2023-10-16,ARTEA,Artea pensija 1982-1988,1.5587,221747911.291
2023-10-17,ARTEA,Artea pensija 1982-1988,1.557,221442531.263
2023-10-18,ARTEA,Artea pensija 1982-1988,1.5476,220056560.3847
2023-10-19,ARTEA,Artea pensija 1982-1988,1.535,218204463.9359
2023-10-20,ARTEA,Artea pensija 1982-1988,1.5154,215373246.1978
2023-10-23,ARTEA,Artea pensija 1982-1988,1.5114,214755488.7486
2023-10-24,ARTEA,Artea pensija 1982-1988,1.518,215643972.8996
2023-10-25,ARTEA,Artea pensija 1982-1988,1.5118,214706805.0683
2023-10-26,ARTEA,Artea pensija 1982-1988,1.506,213834437.9792
2023-10-27,ARTEA,Artea pensija 1982-1988,1.4983,212658070.0554
2023-10-30,ARTEA,Artea pensija 1982-1988,1.4989,212684379.9883
2023-10-31,ARTEA,Artea pensija 1982-1988,1.5049,213515867.4505
2023-11-03,ARTEA,Artea pensija 1982-1988,1.542,218702448.4318
2023-11-06,ARTEA,Artea pensija 1982-1988,1.5408,218484288.5301
2023-11-07,ARTEA,Artea pensija 1982-1988,1.5457,219112717.5961
2023-11-08,ARTEA,Artea pensija 1982-1988,1.541,218476185.2184
2023-11-09,ARTEA,Artea pensija 1982-1988,1.5451,221235136.2084
2023-11-10,ARTEA,Artea pensija 1982-1988,1.5409,220635937.1647
2023-11-13,ARTEA,Artea pensija 1982-1988,1.5506,221823079.3406
2023-11-14,ARTEA,Artea pensija 1982-1988,1.5599,223060542.2739
2023-11-15,ARTEA,Artea pensija 1982-1988,1.5662,223950354.1543
2023-11-16,ARTEA,Artea pensija 1982-1988,1.5564,222516807.6152
2023-11-17,ARTEA,Artea pensija 1982-1988,1.5617,223254858.1395
2023-11-20,ARTEA,Artea pensija 1982-1988,1.5636,223472939.6016
2023-11-21,ARTEA,Artea pensija 1982-1988,1.5626,223264265.4307
2023-11-22,ARTEA,Artea pensija 1982-1988,1.5707,224341830.256
2023-11-23,ARTEA,Artea pensija 1982-1988,1.5716,224451613.3104
2023-11-24,ARTEA,Artea pensija 1982-1988,1.569,223983799.394
2023-11-27,ARTEA,Artea pensija 1982-1988,1.5668,223618274.7674
2023-11-28,ARTEA,Artea pensija 1982-1988,1.5655,223359725.7994
2023-11-29,ARTEA,Artea pensija 1982-1988,1.5673,223577777.8883
2023-11-30,ARTEA,Artea pensija 1982-1988,1.5736,224435252.9812
2023-12-01,ARTEA,Artea pensija 1982-1988,1.5854,226087620.8587
2023-12-04,ARTEA,Artea pensija 1982-1988,1.5846,225910338.8322
2023-12-05,ARTEA,Artea pensija 1982-1988,1.5881,226380722.5005
2023-12-06,ARTEA,Artea pensija 1982-1988,1.5927,226993814.3092
2023-12-07,ARTEA,Artea pensija 1982-1988,1.5921,229083049.262
2023-12-08,ARTEA,Artea pensija 1982-1988,1.5981,229955825.3734
2023-12-11,ARTEA,Artea pensija 1982-1988,1.6015,230445121.0756
2023-12-12,ARTEA,Artea pensija 1982-1988,1.6002,229975661.5497
2023-12-13,ARTEA,Artea pensija 1982-1988,1.6021,230241167.7907
2023-12-14,ARTEA,Artea pensija 1982-1988,1.6086,231123302.1859
2023-12-15,ARTEA,Artea pensija 1982-1988,1.6159,232112958.8147
2023-12-18,ARTEA,Artea pensija 1982-1988,1.6138,231790610.863
2023-12-19,ARTEA,Artea pensija 1982-1988,1.6169,232133069.2081
2023-12-20,ARTEA,Artea pensija 1982-1988,1.6209,232595887.4875
2023-12-21,ARTEA,Artea pensija 1982-1988,1.6133,231421940.4
2023-12-22,ARTEA,Artea pensija 1982-1988,1.6176,232040718.0709
2023-12-27,ARTEA,Artea pensija 1982-1988,1.6153,231697229.5511
2023-12-28,ARTEA,Artea pensija 1982-1988,1.6198,232289570.3994
2023-12-29,ARTEA,Artea pensija 1982-1988,1.6208,232346640.8304
2024-01-02,ARTEA,Artea pensija 1982-1988,1.6219,232438759.9122
2024-01-03,ARTEA,Artea pensija 1982-1988,1.6144,231312127.4858
2024-01-04,ARTEA,Artea pensija 1982-1988,1.6145,231286167.9898
2024-01-05,ARTEA,Artea pensija 1982-1988,1.6132,231072920.2825
2024-01-08,ARTEA,Artea pensija 1982-1988,1.6164,231500330.1488
2024-01-09,ARTEA,Artea pensija 1982-1988,1.6225,232316295.2215
2024-01-10,ARTEA,Artea pensija 1982-1988,1.6205,232064494.3714
2024-01-11,ARTEA,Artea pensija 1982-1988,1.6142,233334935.62
2024-01-12,ARTEA,Artea pensija 1982-1988,1.6234,234664312.2028
2024-01-15,ARTEA,Artea pensija 1982-1988,1.6237,234505426.9263
2024-01-16,ARTEA,Artea pensija 1982-1988,1.6242,234560391.4421
2024-01-17,ARTEA,Artea pensija 1982-1988,1.6135,233010556.2857
2024-01-18,ARTEA,Artea pensija 1982-1988,1.6203,233897852.2935
2024-01-19,ARTEA,Artea pensija 1982-1988,1.6239,234327797.41
2024-01-22,ARTEA,Artea pensija 1982-1988,1.6375,236177122.6379
2024-01-23,ARTEA,Artea pensija 1982-1988,1.6386,236275596.1551
2024-01-24,ARTEA,Artea pensija 1982-1988,1.6449,237153169.6028
2024-01-25,ARTEA,Artea pensija 1982-1988,1.6508,237945650.4353
2024-01-26,ARTEA,Artea pensija 1982-1988,1.6532,238218603.0609
2024-01-29,ARTEA,Artea pensija 1982-1988,1.6584,238843861.5993
2024-01-30,ARTEA,Artea pensija 1982-1988,1.6603,239024266.2189
2024-01-31,ARTEA,Artea pensija 1982-1988,1.6548,238088608.578
2024-02-01,ARTEA,Artea pensija 1982-1988,1.6475,237011948.0378
2024-02-02,ARTEA,Artea pensija 1982-1988,1.6651,239517200.934
2024-02-05,ARTEA,Artea pensija 1982-1988,1.6657,239582761.4765
2024-02-06,ARTEA,Artea pensija 1982-1988,1.672,240445876.9671
2024-02-07,ARTEA,Artea pensija 1982-1988,1.6749,240927200.4279
2024-02-08,ARTEA,Artea pensija 1982-1988,1.6744,243095565.4333
2024-02-09,ARTEA,Artea pensija 1982-1988,1.6764,243382391.8506
2024-02-12,ARTEA,Artea pensija 1982-1988,1.6889,244922506.4211
2024-02-13,ARTEA,Artea pensija 1982-1988,1.6745,242716498.0949
2024-02-14,ARTEA,Artea pensija 1982-1988,1.6814,243674454.532
2024-02-15,ARTEA,Artea pensija 1982-1988,1.689,244718164.4305
2024-02-19,ARTEA,Artea pensija 1982-1988,1.6928,245188578.2043
2024-02-20,ARTEA,Artea pensija 1982-1988,1.682,243538451.9111
2024-02-21,ARTEA,Artea pensija 1982-1988,1.6791,242948984.8058
2024-02-22,ARTEA,Artea pensija 1982-1988,1.6984,245664362.3403
2024-02-23,ARTEA,Artea pensija 1982-1988,1.7041,246409807.6545
2024-02-26,ARTEA,Artea pensija 1982-1988,1.698,245488477.0762
2024-02-27,ARTEA,Artea pensija 1982-1988,1.6981,245471545.5262
2024-02-28,ARTEA,Artea pensija 1982-1988,1.6968,245241883.5812
2024-02-29,ARTEA,Artea pensija 1982-1988,1.7022,245922775.593
2024-03-01,ARTEA,Artea pensija 1982-1988,1.7118,247254057.8666
2024-03-04,ARTEA,Artea pensija 1982-1988,1.7118,247195671.3516
2024-03-05,ARTEA,Artea pensija 1982-1988,1.7032,245886543.2616
2024-03-06,ARTEA,Artea pensija 1982-1988,1.7085,246679281.9232
2024-03-07,ARTEA,Artea pensija 1982-1988,1.7135,249702616.8694
2024-03-08,ARTEA,Artea pensija 1982-1988,1.714,249766403.8281
2024-03-12,ARTEA,Artea pensija 1982-1988,1.7163,249755765.1159
2024-03-13,ARTEA,Artea pensija 1982-1988,1.7149,249403082.8124
2024-03-14,ARTEA,Artea pensija 1982-1988,1.715,249448967.5905
2024-03-15,ARTEA,Artea pensija 1982-1988,1.7083,248461570.0597
2024-03-18,ARTEA,Artea pensija 1982-1988,1.7167,249574951.6778
2024-03-19,ARTEA,Artea pensija 1982-1988,1.7187,249783598.2279
2024-03-20,ARTEA,Artea pensija 1982-1988,1.7212,250083380.786
2024-03-21,ARTEA,Artea pensija 1982-1988,1.7417,252902929.2132
2024-03-22,ARTEA,Artea pensija 1982-1988,1.7409,252738078.8782
2024-03-25,ARTEA,Artea pensija 1982-1988,1.7373,252134205.965
2024-03-26,ARTEA,Artea pensija 1982-1988,1.7404,252460058.7897
2024-03-27,ARTEA,Artea pensija 1982-1988,1.7405,252410458.2209
2024-03-28,ARTEA,Artea pensija 1982-1988,1.7504,253748688.0737
2024-03-29,ARTEA,Artea pensija 1982-1988,1.7514,253846209.6536
2024-04-02,ARTEA,Artea pensija 1982-1988,1.7401,252130955.253
2024-04-03,ARTEA,Artea pensija 1982-1988,1.7411,252201790.0324
2024-04-04,ARTEA,Artea pensija 1982-1988,1.7443,252676756.1584
2024-04-05,ARTEA,Artea pensija 1982-1988,1.734,251040525.871
2024-04-08,ARTEA,Artea pensija 1982-1988,1.7383,251544001.216
2024-04-09,ARTEA,Artea pensija 1982-1988,1.7336,250843133.7851
2024-04-10,ARTEA,Artea pensija 1982-1988,1.737,251396783.9611
2024-04-11,ARTEA,Artea pensija 1982-1988,1.7374,253770347.9678
2024-04-12,ARTEA,Artea pensija 1982-1988,1.742,254447573.8757
2024-04-15,ARTEA,Artea pensija 1982-1988,1.738,253697087.8523
2024-04-16,ARTEA,Artea pensija 1982-1988,1.7158,250230990.3526
2024-04-17,ARTEA,Artea pensija 1982-1988,1.7094,249255333.7573
2024-04-18,ARTEA,Artea pensija 1982-1988,1.7136,249779598.7198
2024-04-19,ARTEA,Artea pensija 1982-1988,1.7028,248111202.6005
2024-04-22,ARTEA,Artea pensija 1982-1988,1.707,248711310.4143
2024-04-23,ARTEA,Artea pensija 1982-1988,1.7207,250661255.7639
2024-04-24,ARTEA,Artea pensija 1982-1988,1.7204,250543023.9701
2024-04-25,ARTEA,Artea pensija 1982-1988,1.7073,248577613.6041
2024-04-26,ARTEA,Artea pensija 1982-1988,1.7303,251906760.1023
2024-04-29,ARTEA,Artea pensija 1982-1988,1.7321,252114062.4088
2024-04-30,ARTEA,Artea pensija 1982-1988,1.7292,251600300.8447
2024-05-02,ARTEA,Artea pensija 1982-1988,1.7241,250789388.1311
2024-05-03,ARTEA,Artea pensija 1982-1988,1.7359,252506876.4147
2024-05-06,ARTEA,Artea pensija 1982-1988,1.7448,253769482.4115
2024-05-07,ARTEA,Artea pensija 1982-1988,1.7539,254865982.7445
2024-05-08,ARTEA,Artea pensija 1982-1988,1.7533,254832948.2266
2024-05-09,ARTEA,Artea pensija 1982-1988,1.7552,257839999.654
2024-05-10,ARTEA,Artea pensija 1982-1988,1.7591,258403463.9924
2024-05-13,ARTEA,Artea pensija 1982-1988,1.7591,258194026.0375
2024-05-14,ARTEA,Artea pensija 1982-1988,1.7621,258545893.397
2024-05-15,ARTEA,Artea pensija 1982-1988,1.7712,259828908.7277
2024-05-16,ARTEA,Artea pensija 1982-1988,1.7749,260347403.2668
2024-05-17,ARTEA,Artea pensija 1982-1988,1.7718,259880952.3678
2024-05-20,ARTEA,Artea pensija 1982-1988,1.7783,260819544.2184
2024-05-21,ARTEA,Artea pensija 1982-1988,1.7737,260121689.4346
2024-05-22,ARTEA,Artea pensija 1982-1988,1.7746,260240659.7698
2024-05-23,ARTEA,Artea pensija 1982-1988,1.7742,260164023.6935
2024-05-24,ARTEA,Artea pensija 1982-1988,1.7696,259489001.0597
2024-05-27,ARTEA,Artea pensija 1982-1988,1.7743,260081573.8803
2024-05-28,ARTEA,Artea pensija 1982-1988,1.7678,259070742.6145
2024-05-29,ARTEA,Artea pensija 1982-1988,1.7592,257761727.1344
2024-05-30,ARTEA,Artea pensija 1982-1988,1.757,257402048.9651
2024-05-31,ARTEA,Artea pensija 1982-1988,1.7499,256306279.1615
2024-06-03,ARTEA,Artea pensija 1982-1988,1.7599,257762633.4128
2024-06-04,ARTEA,Artea pensija 1982-1988,1.7515,256467037.7743
2024-06-05,ARTEA,Artea pensija 1982-1988,1.7679,258820551.5697
2024-06-06,ARTEA,Artea pensija 1982-1988,1.7743,259696808.4876
2024-06-07,ARTEA,Artea pensija 1982-1988,1.7793,260409574.3392
2024-06-10,ARTEA,Artea pensija 1982-1988,1.7846,261124056.3602
2024-06-11,ARTEA,Artea pensija 1982-1988,1.7807,260544066.3122
2024-06-12,ARTEA,Artea pensija 1982-1988,1.7917,262174889.8214
2024-06-13,ARTEA,Artea pensija 1982-1988,1.788,264853649.131
2024-06-14,ARTEA,Artea pensija 1982-1988,1.7912,265326332.7699
2024-06-17,ARTEA,Artea pensija 1982-1988,1.791,265080980.2944
2024-06-18,ARTEA,Artea pensija 1982-1988,1.8012,266488549.7105
2024-06-19,ARTEA,Artea pensija 1982-1988,1.8016,266535667.7137
2024-06-20,ARTEA,Artea pensija 1982-1988,1.8067,267228093.1469
2024-06-21,ARTEA,Artea pensija 1982-1988,1.802,266475933.0236
2024-06-25,ARTEA,Artea pensija 1982-1988,1.8072,267223396.8802
2024-06-26,ARTEA,Artea pensija 1982-1988,1.8015,266241920.3039
2024-06-27,ARTEA,Artea pensija 1982-1988,1.8013,266200170.519
2024-06-28,ARTEA,Artea pensija 1982-1988,1.8078,267086198.4904
2024-07-01,ARTEA,Artea pensija 1982-1988,1.7998,265847359.96
2024-07-02,ARTEA,Artea pensija 1982-1988,1.8008,265880924.6584
2024-07-03,ARTEA,Artea pensija 1982-1988,1.8061,266604011.861
2024-07-04,ARTEA,Artea pensija 1982-1988,1.8094,267028673.9782
2024-07-05,ARTEA,Artea pensija 1982-1988,1.809,266918751.1589
2024-07-08,ARTEA,Artea pensija 1982-1988,1.8132,267463629.8126
2024-07-09,ARTEA,Artea pensija 1982-1988,1.8129,267367455.0052
2024-07-10,ARTEA,Artea pensija 1982-1988,1.8201,268462664.4857
2024-07-11,ARTEA,Artea pensija 1982-1988,1.8228,271333014.9886
2024-07-12,ARTEA,Artea pensija 1982-1988,1.8308,272521392.8312
2024-07-15,ARTEA,Artea pensija 1982-1988,1.8294,271916298.3812
2024-07-16,ARTEA,Artea pensija 1982-1988,1.8331,272448592.7205
2024-07-17,ARTEA,Artea pensija 1982-1988,1.8205,270516449.8922
2024-07-18,ARTEA,Artea pensija 1982-1988,1.8131,269345101.17
2024-07-19,ARTEA,Artea pensija 1982-1988,1.8023,267661073.7779
2024-07-22,ARTEA,Artea pensija 1982-1988,1.8094,268640222.7305
2024-07-23,ARTEA,Artea pensija 1982-1988,1.821,270319896.1593
2024-07-24,ARTEA,Artea pensija 1982-1988,1.8011,267228929.9216
2024-07-25,ARTEA,Artea pensija 1982-1988,1.7943,266148558.3702
2024-07-26,ARTEA,Artea pensija 1982-1988,1.8009,267009417.2714
2024-07-29,ARTEA,Artea pensija 1982-1988,1.803,267183588.9448
2024-07-30,ARTEA,Artea pensija 1982-1988,1.8045,267311841.6946
2024-07-31,ARTEA,Artea pensija 1982-1988,1.8251,270334695.6294
2024-08-01,ARTEA,Artea pensija 1982-1988,1.8086,267828268.8393
2024-08-02,ARTEA,Artea pensija 1982-1988,1.7539,259642956.3098
2024-08-05,ARTEA,Artea pensija 1982-1988,1.7196,254504031.1032
2024-08-06,ARTEA,Artea pensija 1982-1988,1.7307,256093919.7691
2024-08-07,ARTEA,Artea pensija 1982-1988,1.7531,259404979.7734
2024-08-08,ARTEA,Artea pensija 1982-1988,1.7535,261851645.3091
2024-08-09,ARTEA,Artea pensija 1982-1988,1.7596,262760966.0952
2024-08-12,ARTEA,Artea pensija 1982-1988,1.7614,262720046.4391
2024-08-13,ARTEA,Artea pensija 1982-1988,1.7756,264824410.1856
2024-08-14,ARTEA,Artea pensija 1982-1988,1.7778,265087241.7677
2024-08-16,ARTEA,Artea pensija 1982-1988,1.8063,269290482.2521
2024-08-19,ARTEA,Artea pensija 1982-1988,1.8101,269733629.5049
2024-08-20,ARTEA,Artea pensija 1982-1988,1.8042,268802872.6864
2024-08-21,ARTEA,Artea pensija 1982-1988,1.8076,269313453.9162
2024-08-22,ARTEA,Artea pensija 1982-1988,1.8115,269852264.9056
2024-08-23,ARTEA,Artea pensija 1982-1988,1.8148,270284835.122
2024-08-26,ARTEA,Artea pensija 1982-1988,1.8143,270087128.0888
2024-08-27,ARTEA,Artea pensija 1982-1988,1.8135,269939269.8
2024-08-28,ARTEA,Artea pensija 1982-1988,1.8154,270120409.8031
2024-08-29,ARTEA,Artea pensija 1982-1988,1.8296,272194758.7123
2024-08-30,ARTEA,Artea pensija 1982-1988,1.8247,271414301.2544
2024-09-02,ARTEA,Artea pensija 1982-1988,1.8323,272485663.5308
2024-09-03,ARTEA,Artea pensija 1982-1988,1.8189,270371010.9355
2024-09-04,ARTEA,Artea pensija 1982-1988,1.8035,268018167.7874
2024-09-05,ARTEA,Artea pensija 1982-1988,1.7948,266681555.1075
2024-09-06,ARTEA,Artea pensija 1982-1988,1.7756,263806385.0032
2024-09-09,ARTEA,Artea pensija 1982-1988,1.7914,266123440.035
2024-09-10,ARTEA,Artea pensija 1982-1988,1.7918,266049538.3937
2024-09-11,ARTEA,Artea pensija 1982-1988,1.7871,265378662.013
2024-09-12,ARTEA,Artea pensija 1982-1988,1.8102,271350552.8491
2024-09-13,ARTEA,Artea pensija 1982-1988,1.822,273112023.2545
2024-09-16,ARTEA,Artea pensija 1982-1988,1.8173,272187290.7467
2024-09-17,ARTEA,Artea pensija 1982-1988,1.8268,273395062.7361
2024-09-18,ARTEA,Artea pensija 1982-1988,1.8183,272076331.4148
2024-09-19,ARTEA,Artea pensija 1982-1988,1.8378,274941396.807
2024-09-20,ARTEA,Artea pensija 1982-1988,1.8278,273379722.4239
2024-09-23,ARTEA,Artea pensija 1982-1988,1.8374,274728736.4509
2024-09-24,ARTEA,Artea pensija 1982-1988,1.841,275212354.0707
2024-09-25,ARTEA,Artea pensija 1982-1988,1.8403,275063705.444
2024-09-26,ARTEA,Artea pensija 1982-1988,1.8481,276159863.8898
2024-09-27,ARTEA,Artea pensija 1982-1988,1.8526,276742781.9809
2024-09-30,ARTEA,Artea pensija 1982-1988,1.8432,275284504.5696
2024-10-01,ARTEA,Artea pensija 1982-1988,1.8456,275524737.8045
2024-10-02,ARTEA,Artea pensija 1982-1988,1.8506,276167908.9361
2024-10-03,ARTEA,Artea pensija 1982-1988,1.8454,275294325.1706
2024-10-04,ARTEA,Artea pensija 1982-1988,1.8541,276495041.3012
2024-10-07,ARTEA,Artea pensija 1982-1988,1.8566,276738116.3983
2024-10-08,ARTEA,Artea pensija 1982-1988,1.8562,276578737.476
2024-10-09,ARTEA,Artea pensija 1982-1988,1.8667,278160370.3519
2024-10-10,ARTEA,Artea pensija 1982-1988,1.8674,280653166.6538
2024-10-11,ARTEA,Artea pensija 1982-1988,1.8753,281841957.8797
2024-10-14,ARTEA,Artea pensija 1982-1988,1.8864,283347991.9258
2024-10-15,ARTEA,Artea pensija 1982-1988,1.8855,282907725.9533
2024-10-16,ARTEA,Artea pensija 1982-1988,1.8869,283149285.8293
2024-10-17,ARTEA,Artea pensija 1982-1988,1.8972,284656190.8609
2024-10-18,ARTEA,Artea pensija 1982-1988,1.8958,284326088.1867
2024-10-21,ARTEA,Artea pensija 1982-1988,1.8864,282861846.7888
2024-10-22,ARTEA,Artea pensija 1982-1988,1.886,282677290.3799
2024-10-23,ARTEA,Artea pensija 1982-1988,1.8822,282013810.1899
2024-10-24,ARTEA,Artea pensija 1982-1988,1.8804,281697518.4952
2024-10-25,ARTEA,Artea pensija 1982-1988,1.8841,282177599.5953
2024-10-28,ARTEA,Artea pensija 1982-1988,1.8844,282010900.8029
2024-10-29,ARTEA,Artea pensija 1982-1988,1.885,281999603.585
2024-10-30,ARTEA,Artea pensija 1982-1988,1.875,280458325.5678
2024-10-31,ARTEA,Artea pensija 1982-1988,1.8514,276813740.1343
2024-11-04,ARTEA,Artea pensija 1982-1988,1.8534,276981358.8729
2024-11-05,ARTEA,Artea pensija 1982-1988,1.8598,277817607.2202
2024-11-06,ARTEA,Artea pensija 1982-1988,1.8975,283376218.2194
2024-11-07,ARTEA,Artea pensija 1982-1988,1.9079,284962406.4943
2024-11-08,ARTEA,Artea pensija 1982-1988,1.9142,288278313.4458
2024-11-11,ARTEA,Artea pensija 1982-1988,1.9293,290552343.6954
2024-11-12,ARTEA,Artea pensija 1982-1988,1.9197,288687650.7158
2024-11-13,ARTEA,Artea pensija 1982-1988,1.9227,289117106.1571
2024-11-14,ARTEA,Artea pensija 1982-1988,1.9239,289209348.4414
2024-11-15,ARTEA,Artea pensija 1982-1988,1.9069,286596083.5544
2024-11-18,ARTEA,Artea pensija 1982-1988,1.9121,287313903.994
2024-11-19,ARTEA,Artea pensija 1982-1988,1.9108,287010031.3164
2024-11-20,ARTEA,Artea pensija 1982-1988,1.9118,287029581.662
2024-11-21,ARTEA,Artea pensija 1982-1988,1.9316,289892642.8547
2024-11-22,ARTEA,Artea pensija 1982-1988,1.9529,292925250.7126
2024-11-25,ARTEA,Artea pensija 1982-1988,1.9527,292823319.3617
2024-11-26,ARTEA,Artea pensija 1982-1988,1.951,292451125.6831
2024-11-27,ARTEA,Artea pensija 1982-1988,1.9382,290471443.8136
2024-11-28,ARTEA,Artea pensija 1982-1988,1.9436,291207407.355
2024-11-29,ARTEA,Artea pensija 1982-1988,1.9491,291968361.9379
2024-12-02,ARTEA,Artea pensija 1982-1988,1.9605,293567543.7839
2024-12-03,ARTEA,Artea pensija 1982-1988,1.9592,293231448.7149
2024-12-04,ARTEA,Artea pensija 1982-1988,1.9656,294110678.8142
2024-12-05,ARTEA,Artea pensija 1982-1988,1.9624,293476374.8962
2024-12-06,ARTEA,Artea pensija 1982-1988,1.9631,293495583.9123
2024-12-09,ARTEA,Artea pensija 1982-1988,1.9577,292624575.949
2024-12-10,ARTEA,Artea pensija 1982-1988,1.9637,293441572.686
2024-12-11,ARTEA,Artea pensija 1982-1988,1.9719,294623174.75
2024-12-12,ARTEA,Artea pensija 1982-1988,1.9684,296494606.9369
2024-12-13,ARTEA,Artea pensija 1982-1988,1.9611,295392776.6718
2024-12-16,ARTEA,Artea pensija 1982-1988,1.9612,294905351.1913
2024-12-17,ARTEA,Artea pensija 1982-1988,1.9531,293564450.4693
2024-12-18,ARTEA,Artea pensija 1982-1988,1.9564,294123588.5822
2024-12-19,ARTEA,Artea pensija 1982-1988,1.9311,290216543.8058
2024-12-20,ARTEA,Artea pensija 1982-1988,1.9329,290450155.7062
2024-12-23,ARTEA,Artea pensija 1982-1988,1.9298,289879742.5332
2024-12-27,ARTEA,Artea pensija 1982-1988,1.9353,290722484.2065
2024-12-30,ARTEA,Artea pensija 1982-1988,1.9242,288894694.5374
2024-12-31,ARTEA,Artea pensija 1982-1988,1.9247,288903043.9811
2025-01-02,ARTEA,Artea pensija 1982-1988,1.9511,292809451.3213
2025-01-03,ARTEA,Artea pensija 1982-1988,1.9479,292296937.8003
2025-01-06,ARTEA,Artea pensija 1982-1988,1.9573,293690039.0757
2025-01-07,ARTEA,Artea pensija 1982-1988,1.9469,292019588.4317
2025-01-08,ARTEA,Artea pensija 1982-1988,1.9465,291954659.9118
2025-01-09,ARTEA,Artea pensija 1982-1988,1.9511,294976356.1566
2025-01-10,ARTEA,Artea pensija 1982-1988,1.9348,292506134.5176
2025-01-13,ARTEA,Artea pensija 1982-1988,1.9316,291516481.3937
2025-01-14,ARTEA,Artea pensija 1982-1988,1.9318,291511231.05
2025-01-15,ARTEA,Artea pensija 1982-1988,1.9555,294996344.6808
2025-01-16,ARTEA,Artea pensija 1982-1988,1.9619,295881979.3801
2025-01-17,ARTEA,Artea pensija 1982-1988,1.9748,297655567.8188
2025-01-20,ARTEA,Artea pensija 1982-1988,1.9677,296526110.8258
2025-01-21,ARTEA,Artea pensija 1982-1988,1.9693,296571944.6319
2025-01-22,ARTEA,Artea pensija 1982-1988,1.9783,297924750.3802
2025-01-23,ARTEA,Artea pensija 1982-1988,1.9813,298313060.862
2025-01-24,ARTEA,Artea pensija 1982-1988,1.9739,297034129.0966
2025-01-27,ARTEA,Artea pensija 1982-1988,1.9486,292954645.6606
2025-01-28,ARTEA,Artea pensija 1982-1988,1.9648,295277378.4057
2025-01-29,ARTEA,Artea pensija 1982-1988,1.9726,296383695.9242
2025-01-30,ARTEA,Artea pensija 1982-1988,1.9796,297222025.6503
2025-01-31,ARTEA,Artea pensija 1982-1988,1.9908,298738035.7109
2025-02-03,ARTEA,Artea pensija 1982-1988,1.9801,297097147.9452
2025-02-04,ARTEA,Artea pensija 1982-1988,1.9785,296729128.8069
2025-02-05,ARTEA,Artea pensija 1982-1988,1.9751,296139322.5033
2025-02-06,ARTEA,Artea pensija 1982-1988,1.9901,298326671.92
2025-02-07,ARTEA,Artea pensija 1982-1988,1.9861,297649107.1831
2025-02-10,ARTEA,Artea pensija 1982-1988,1.9947,298821514.8348
2025-02-11,ARTEA,Artea pensija 1982-1988,1.9901,298076014.8748
2025-02-12,ARTEA,Artea pensija 1982-1988,1.9778,296288807.2062
2025-02-13,ARTEA,Artea pensija 1982-1988,1.9867,300092320.8132
2025-02-14,ARTEA,Artea pensija 1982-1988,1.9837,299644019.1586
2025-02-17,ARTEA,Artea pensija 1982-1988,1.9924,300680852.1083
2025-02-18,ARTEA,Artea pensija 1982-1988,1.9949,300842011.6375
2025-02-19,ARTEA,Artea pensija 1982-1988,2.0008,301667869.8989
2025-02-20,ARTEA,Artea pensija 1982-1988,1.9864,299405766.5563
2025-02-21,ARTEA,Artea pensija 1982-1988,1.9871,299398782.5341
2025-02-24,ARTEA,Artea pensija 1982-1988,1.9705,296756371.0576
2025-02-25,ARTEA,Artea pensija 1982-1988,1.9503,293651438.7086
2025-02-26,ARTEA,Artea pensija 1982-1988,1.9685,296327266.513
2025-02-27,ARTEA,Artea pensija 1982-1988,1.9685,296185585.5893
2025-02-28,ARTEA,Artea pensija 1982-1988,1.952,293617246.7397
2025-03-03,ARTEA,Artea pensija 1982-1988,1.9552,293960023.0351
2025-03-04,ARTEA,Artea pensija 1982-1988,1.9035,285985169.3724
2025-03-05,ARTEA,Artea pensija 1982-1988,1.8868,283496799.2181
2025-03-06,ARTEA,Artea pensija 1982-1988,1.889,286284961.3097
2025-03-07,ARTEA,Artea pensija 1982-1988,1.8654,282698684.0259
2025-03-10,ARTEA,Artea pensija 1982-1988,1.8586,281243903.0078
2025-03-12,ARTEA,Artea pensija 1982-1988,1.8417,278568962.5912
2025-03-13,ARTEA,Artea pensija 1982-1988,1.8325,277082966.6625
2025-03-14,ARTEA,Artea pensija 1982-1988,1.8482,279340642.383
2025-03-17,ARTEA,Artea pensija 1982-1988,1.8557,280420914.2059
2025-03-18,ARTEA,Artea pensija 1982-1988,1.8509,279500401.596
2025-03-19,ARTEA,Artea pensija 1982-1988,1.8647,281496144.6169
2025-03-20,ARTEA,Artea pensija 1982-1988,1.8697,282141930.2477
2025-03-21,ARTEA,Artea pensija 1982-1988,1.8655,281402922.1056
2025-03-24,ARTEA,Artea pensija 1982-1988,1.8896,284927232.7796
2025-03-25,ARTEA,Artea pensija 1982-1988,1.8928,285258929.4911
2025-03-26,ARTEA,Artea pensija 1982-1988,1.8858,284057399.5659
2025-03-27,ARTEA,Artea pensija 1982-1988,1.8807,283035520.3819
2025-03-28,ARTEA,Artea pensija 1982-1988,1.8507,278458167.0558
2025-03-31,ARTEA,Artea pensija 1982-1988,1.8415,276998765.1513
2025-04-01,ARTEA,Artea pensija 1982-1988,1.8579,279266987.5944
2025-04-02,ARTEA,Artea pensija 1982-1988,1.8572,279000691.7613
2025-04-03,ARTEA,Artea pensija 1982-1988,1.786,268195027.6012
2025-04-04,ARTEA,Artea pensija 1982-1988,1.7252,258932817.1166
2025-04-07,ARTEA,Artea pensija 1982-1988,1.6882,253320169.1136
2025-04-08,ARTEA,Artea pensija 1982-1988,1.7292,259376790.4712
2025-04-09,ARTEA,Artea pensija 1982-1988,1.6645,249590940.6254
2025-04-10,ARTEA,Artea pensija 1982-1988,1.7193,257835454.9904
2025-04-11,ARTEA,Artea pensija 1982-1988,1.7098,258899468.9919
2025-04-14,ARTEA,Artea pensija 1982-1988,1.7403,263477837.3029
2025-04-15,ARTEA,Artea pensija 1982-1988,1.7554,265321065.2393
2025-04-16,ARTEA,Artea pensija 1982-1988,1.7404,263128694.7599
2025-04-17,ARTEA,Artea pensija 1982-1988,1.7295,261383092.6903
2025-04-18,ARTEA,Artea pensija 1982-1988,1.7294,261301693.0514
2025-04-22,ARTEA,Artea pensija 1982-1988,1.721,259923652.8889
2025-04-23,ARTEA,Artea pensija 1982-1988,1.7593,265599468.5224
2025-04-24,ARTEA,Artea pensija 1982-1988,1.7705,267272528.8525
2025-04-25,ARTEA,Artea pensija 1982-1988,1.7749,267851947.6772
2025-04-28,ARTEA,Artea pensija 1982-1988,1.7779,268247447.2853
2025-04-29,ARTEA,Artea pensija 1982-1988,1.7848,269127378.3828
2025-04-30,ARTEA,Artea pensija 1982-1988,1.7893,269736898.5451
2025-05-02,ARTEA,Artea pensija 1982-1988,1.8247,274950504.2382
2025-05-05,ARTEA,Artea pensija 1982-1988,1.8311,275841097.3509
2025-05-06,ARTEA,Artea pensija 1982-1988,1.8217,274349927.526
2025-05-07,ARTEA,Artea pensija 1982-1988,1.8154,273310860.8192
2025-05-08,ARTEA,Artea pensija 1982-1988,1.8358,279232969.6678
2025-05-09,ARTEA,Artea pensija 1982-1988,1.8367,279384608.6494
2025-05-12,ARTEA,Artea pensija 1982-1988,1.8841,286418959.9448
2025-05-13,ARTEA,Artea pensija 1982-1988,1.8928,287572036.3974
2025-05-14,ARTEA,Artea pensija 1982-1988,1.8893,286985932.7101
2025-05-15,ARTEA,Artea pensija 1982-1988,1.8954,287828717.709
2025-05-16,ARTEA,Artea pensija 1982-1988,1.9055,289346240.9037
2025-05-19,ARTEA,Artea pensija 1982-1988,1.8965,287820923.8233
2025-05-20,ARTEA,Artea pensija 1982-1988,1.8985,288050556.2561
2025-05-21,ARTEA,Artea pensija 1982-1988,1.8872,286314467.1199
2025-05-22,ARTEA,Artea pensija 1982-1988,1.8773,284687818.8583
2025-05-23,ARTEA,Artea pensija 1982-1988,1.8626,282299926.8707
2025-05-26,ARTEA,Artea pensija 1982-1988,1.8752,284131518.613
2025-05-27,ARTEA,Artea pensija 1982-1988,1.8855,285622867.3379
2025-05-28,ARTEA,Artea pensija 1982-1988,1.8874,285851284.3628
2025-05-29,ARTEA,Artea pensija 1982-1988,1.8807,284794977.7614
2025-05-30,ARTEA,Artea pensija 1982-1988,1.8779,284362346.6313
2025-06-02,ARTEA,Artea pensija 1982-1988,1.8713,283302218.6859
2025-06-03,ARTEA,Artea pensija 1982-1988,1.8884,285789128.8631
2025-06-04,ARTEA,Artea pensija 1982-1988,1.8903,286029082.7057
2025-06-05,ARTEA,Artea pensija 1982-1988,1.891,285995358.1704
2025-06-06,ARTEA,Artea pensija 1982-1988,1.897,286896650.2788
2025-06-09,ARTEA,Artea pensija 1982-1988,1.8981,287004825.7392
2025-06-10,ARTEA,Artea pensija 1982-1988,1.8997,287173269.683
2025-06-11,ARTEA,Artea pensija 1982-1988,1.8998,287204724.8443
2025-06-12,ARTEA,Artea pensija 1982-1988,1.8854,288348185.7688
2025-06-13,ARTEA,Artea pensija 1982-1988,1.8772,287090759.7403
2025-06-16,ARTEA,Artea pensija 1982-1988,1.8842,287822024.1769
2025-06-17,ARTEA,Artea pensija 1982-1988,1.8793,286867929.3635
2025-06-18,ARTEA,Artea pensija 1982-1988,1.8793,286831084.5838
2025-06-19,ARTEA,Artea pensija 1982-1988,1.8666,284815152.8831
2025-06-20,ARTEA,Artea pensija 1982-1988,1.872,285558506.3136
2025-06-23,ARTEA,Artea pensija 1982-1988,1.8686,284975684.0049
2025-06-25,ARTEA,Artea pensija 1982-1988,1.8848,287431144.6106
2025-06-26,ARTEA,Artea pensija 1982-1988,1.8859,287601323.5594
2025-06-27,ARTEA,Artea pensija 1982-1988,1.8975,289217454.384
2025-06-30,ARTEA,Artea pensija 1982-1988,1.894,288569711.4084
2025-07-01,ARTEA,Artea pensija 1982-1988,1.8928,288286878.52
2025-07-02,ARTEA,Artea pensija 1982-1988,1.8964,288697830.59
2025-07-03,ARTEA,Artea pensija 1982-1988,1.9116,290944551.49
2025-07-04,ARTEA,Artea pensija 1982-1988,1.9002,289181516.46
2025-07-07,ARTEA,Artea pensija 1982-1988,1.9046,289772532.35
2025-07-08,ARTEA,Artea pensija 1982-1988,1.9053,289803061.01
2025-07-09,ARTEA,Artea pensija 1982-1988,1.9092,290443341.99
2025-07-10,ARTEA,Artea pensija 1982-1988,1.92,294663568.49
2025-07-11,ARTEA,Artea pensija 1982-1988,1.9104,293193397.25
2025-07-14,ARTEA,Artea pensija 1982-1988,1.9114,292870915.44
2025-07-15,ARTEA,Artea pensija 1982-1988,1.9202,294023082.32
2025-07-16,ARTEA,Artea pensija 1982-1988,1.8991,290788991.57
2025-07-17,ARTEA,Artea pensija 1982-1988,1.9289,295239128.29999995
2025-07-18,ARTEA,Artea pensija 1982-1988,1.9224,294158069.68
2025-07-21,ARTEA,Artea pensija 1982-1988,1.924,294381431.83
2025-07-22,ARTEA,Artea pensija 1982-1988,1.9135,292731510.33
2025-07-23,ARTEA,Artea pensija 1982-1988,1.9269,294672521.69
2025-07-24,ARTEA,Artea pensija 1982-1988,1.9289,294923029.51
2025-07-25,ARTEA,Artea pensija 1982-1988,1.9307,295019692.61
2025-07-28,ARTEA,Artea pensija 1982-1988,1.9428,296829670.79
2025-07-29,ARTEA,Artea pensija 1982-1988,1.949,297658377.55
2025-07-30,ARTEA,Artea pensija 1982-1988,1.9563,298689955.36
2025-07-31,ARTEA,Artea pensija 1982-1988,1.9587,298936754.44
2025-08-01,ARTEA,Artea pensija 1982-1988,1.9139,291927894.14000005
2025-08-04,ARTEA,Artea pensija 1982-1988,1.9298,294244776.53000003
2025-08-05,ARTEA,Artea pensija 1982-1988,1.927,293752904.24
2025-08-06,ARTEA,Artea pensija 1982-1988,1.9294,294170630.03
2025-08-07,ARTEA,Artea pensija 1982-1988,1.9347,297472178.69
2025-08-08,ARTEA,Artea pensija 1982-1988,1.9385,298056147.83
2025-08-11,ARTEA,Artea pensija 1982-1988,1.9472,298843587.34999996
2025-08-12,ARTEA,Artea pensija 1982-1988,1.9483,298878227.59999996
2025-08-13,ARTEA,Artea pensija 1982-1988,1.9523,299497891.48
2025-08-14,ARTEA,Artea pensija 1982-1988,1.958,300271889.41
2025-08-18,ARTEA,Artea pensija 1982-1988,1.9571,300076051.2
2025-08-19,ARTEA,Artea pensija 1982-1988,1.9581,300189887.27000004
2025-08-20,ARTEA,Artea pensija 1982-1988,1.9496,298860960.65999997
2025-08-21,ARTEA,Artea pensija 1982-1988,1.9549,299583164.96000004
2025-08-22,ARTEA,Artea pensija 1982-1988,1.9656,301133974.04
2025-08-25,ARTEA,Artea pensija 1982-1988,1.9631,300658303.47
2025-08-26,ARTEA,Artea pensija 1982-1988,1.9586,299786681.19
2025-08-27,ARTEA,Artea pensija 1982-1988,1.9697,301428244.34999996
2025-08-28,ARTEA,Artea pensija 1982-1988,1.9654,300732233.66
2025-08-29,ARTEA,Artea pensija 1982-1988,1.9537,298724247.01
2025-09-01,ARTEA,Artea pensija 1982-1988,1.9575,299265705
2025-09-02,ARTEA,Artea pensija 1982-1988,1.9427,296914761.86
2025-09-03,ARTEA,Artea pensija 1982-1988,1.9527,298446428.67
2025-09-04,ARTEA,Artea pensija 1982-1988,1.9656,300370519.13
2025-09-05,ARTEA,Artea pensija 1982-1988,1.9578,299109502.26
2025-09-08,ARTEA,Artea pensija 1982-1988,1.9668,300391106.91
2025-09-09,ARTEA,Artea pensija 1982-1988,1.9684,300604267.39000005
2025-09-10,ARTEA,Artea pensija 1982-1988,1.9765,301858465.9
2025-09-11,ARTEA,Artea pensija 1982-1988,1.9869,306124656.25
2025-09-12,ARTEA,Artea pensija 1982-1988,1.987,306092555.47
2025-09-15,ARTEA,Artea pensija 1982-1988,1.9881,305819272
2025-09-16,ARTEA,Artea pensija 1982-1988,1.9757,303858390.19
2025-09-17,ARTEA,Artea pensija 1982-1988,1.977,304045998.67
2025-09-18,ARTEA,Artea pensija 1982-1988,1.9937,306461234.53000003
2025-09-19,ARTEA,Artea pensija 1982-1988,1.9945,306515784.08
2025-09-22,ARTEA,Artea pensija 1982-1988,1.9969,306817184.3
2025-09-23,ARTEA,Artea pensija 1982-1988,2.0007,307322756.95
2025-09-24,ARTEA,Artea pensija 1982-1988,1.9968,306638261.28
2025-09-25,ARTEA,Artea pensija 1982-1988,1.9934,305878658.95
2025-09-26,ARTEA,Artea pensija 1982-1988,1.9937,305843566.88
2025-09-29,ARTEA,Artea pensija 1982-1988,1.999,306620860.53
2025-09-30,ARTEA,Artea pensija 1982-1988,1.9969,306139809.1
2025-10-01,ARTEA,Artea pensija 1982-1988,2.0099,308012478.29999995
2025-10-02,ARTEA,Artea pensija 1982-1988,2.0149,308766416.17
2025-10-03,ARTEA,Artea pensija 1982-1988,2.0245,310119432.12
2025-10-06,ARTEA,Artea pensija 1982-1988,2.0308,310991776.18
2025-10-07,ARTEA,Artea pensija 1982-1988,2.0286,310612243.73999995
2025-10-08,ARTEA,Artea pensija 1982-1988,2.0435,312916673.25
2025-10-09,ARTEA,Artea pensija 1982-1988,2.0447,315599823.94
2025-10-10,ARTEA,Artea pensija 1982-1988,2.014,310809090.72
2025-10-13,ARTEA,Artea pensija 1982-1988,2.0287,312708676.37
2025-10-14,ARTEA,Artea pensija 1982-1988,2.0211,311430967.92
2025-10-15,ARTEA,Artea pensija 1982-1988,2.0327,313235897.97999996
2025-10-16,ARTEA,Artea pensija 1982-1988,2.0315,312962924.82
2025-10-17,ARTEA,Artea pensija 1982-1988,2.0147,310238954.51
2025-10-20,ARTEA,Artea pensija 1982-1988,2.0428,314384991.25
2025-10-21,ARTEA,Artea pensija 1982-1988,2.048,314987769.28
2025-10-22,ARTEA,Artea pensija 1982-1988,2.0394,313532597.19
2025-10-23,ARTEA,Artea pensija 1982-1988,2.0446,314191299.43
2025-10-24,ARTEA,Artea pensija 1982-1988,2.0575,316022428.53000003
2025-10-27,ARTEA,Artea pensija 1982-1988,2.0663,317343090.91
2025-10-28,ARTEA,Artea pensija 1982-1988,2.0683,317514491.25
2025-10-29,ARTEA,Artea pensija 1982-1988,2.0714,317959537.96999997
2025-10-30,ARTEA,Artea pensija 1982-1988,2.0735,318114584.69
2025-10-31,ARTEA,Artea pensija 1982-1988,2.0713,317614781.03999996
2025-11-03,ARTEA,Artea pensija 1982-1988,2.0751,318092169.19
2025-11-04,ARTEA,Artea pensija 1982-1988,2.0688,317089249.96000004
2025-11-05,ARTEA,Artea pensija 1982-1988,2.0699,317180568.75
2025-11-06,ARTEA,Artea pensija 1982-1988,2.0483,313745857.17
2025-11-07,ARTEA,Artea pensija 1982-1988,2.0296,310860534.21999997
2025-11-10,ARTEA,Artea pensija 1982-1988,2.0596,315365883.78
2025-11-11,ARTEA,Artea pensija 1982-1988,2.0646,316136299.45
2025-11-12,ARTEA,Artea pensija 1982-1988,2.073,317429980.95
2025-11-13,ARTEA,Artea pensija 1982-1988,2.0528,316900596.81
2025-11-14,ARTEA,Artea pensija 1982-1988,2.0518,316731566.64
2025-11-17,ARTEA,Artea pensija 1982-1988,2.0457,315375218.37
2025-11-18,ARTEA,Artea pensija 1982-1988,2.0265,312336009.33000004
2025-11-19,ARTEA,Artea pensija 1982-1988,2.0305,312938660.74
2025-11-20,ARTEA,Artea pensija 1982-1988,2.0384,314098169.15999997
2025-11-21,ARTEA,Artea pensija 1982-1988,2.0243,311785408.04999995
2025-11-24,ARTEA,Artea pensija 1982-1988,2.0416,314370777.08
2025-11-25,ARTEA,Artea pensija 1982-1988,2.0443,314749581.58000004
2025-11-26,ARTEA,Artea pensija 1982-1988,2.0633,317642480.53999996
2025-11-27,ARTEA,Artea pensija 1982-1988,2.0623,317434596.26
2025-11-28,ARTEA,Artea pensija 1982-1988,2.0683,318383549.11
2025-12-01,ARTEA,Artea pensija 1982-1988,2.0615,317145440.07
2025-12-02,ARTEA,Artea pensija 1982-1988,2.0616,317108196.15
2025-12-03,ARTEA,Artea pensija 1982-1988,2.0613,317024814.83000004
2025-12-04,ARTEA,Artea pensija 1982-1988,2.0666,317696185.90000004
2025-12-05,ARTEA,Artea pensija 1982-1988,2.0743,318849743.49
2025-12-08,ARTEA,Artea pensija 1982-1988,2.0715,318325553.40000004
2025-12-09,ARTEA,Artea pensija 1982-1988,2.073,318488226.21
2025-12-10,ARTEA,Artea pensija 1982-1988,2.0707,318165958.37
2025-12-11,ARTEA,Artea pensija 1982-1988,2.0665,320019611.88
2025-12-12,ARTEA,Artea pensija 1982-1988,2.0552,318237574.66
2025-12-15,ARTEA,Artea pensija 1982-1988,2.0572,318282067.38000005
2025-12-16,ARTEA,Artea pensija 1982-1988,2.0453,316288434.38
2025-12-17,ARTEA,Artea pensija 1982-1988,2.0381,315153246.9
2025-12-18,ARTEA,Artea pensija 1982-1988,2.0563,317970388.63
2025-12-19,ARTEA,Artea pensija 1982-1988,2.064,319160184.33
2025-12-22,ARTEA,Artea pensija 1982-1988,2.0685,319766824.53000003
2025-12-23,ARTEA,Artea pensija 1982-1988,2.0715,320195427.13
2025-12-29,ARTEA,Artea pensija 1982-1988,2.0766,320918448.28
2025-12-30,ARTEA,Artea pensija 1982-1988,2.0808,321560767.78
2025-12-31,ARTEA,Artea pensija 1982-1988,2.0812,321587749.90000004
2026-01-02,ARTEA,Artea pensija 1982-1988,2.0789,320898309.99
2026-01-05,ARTEA,Artea pensija 1982-1988,2.1025,324245963.52
2026-01-06,ARTEA,Artea pensija 1982-1988,2.1107,325359139.39
2026-01-07,ARTEA,Artea pensija 1982-1988,2.1154,326005923.84
2026-01-08,ARTEA,Artea pensija 1982-1988,2.1113,327820010.97
2026-01-09,ARTEA,Artea pensija 1982-1988,2.126,329914623.03999996
2026-01-12,ARTEA,Artea pensija 1982-1988,2.1248,329214695.71
2026-01-13,ARTEA,Artea pensija 1982-1988,2.1276,329557080.39
2026-01-14,ARTEA,Artea pensija 1982-1988,2.1189,328170373.63
2026-01-15,ARTEA,Artea pensija 1982-1988,2.1418,331572252.96
2026-01-16,ARTEA,Artea pensija 1982-1988,2.1385,330988450.54
2026-01-19,ARTEA,Artea pensija 1982-1988,2.1174,327619370.03999996
2026-01-20,ARTEA,Artea pensija 1982-1988,2.1018,325035091.64000005
2026-01-21,ARTEA,Artea pensija 1982-1988,2.1063,325653207.15
2026-01-22,ARTEA,Artea pensija 1982-1988,2.12,327715940.36
2026-01-23,ARTEA,Artea pensija 1982-1988,2.115,326883447.75
2026-01-26,ARTEA,Artea pensija 1982-1988,2.1087,325805431.86999995
2026-01-27,ARTEA,Artea pensija 1982-1988,2.1077,325563526.26
2026-01-28,ARTEA,Artea pensija 1982-1988,2.1103,325865600.82
2026-01-29,ARTEA,Artea pensija 1982-1988,2.0956,323479408.65000004
2026-01-30,ARTEA,Artea pensija 1982-1988,2.1051,324811878.53000003
2026-02-02,ARTEA,Artea pensija 1982-1988,2.1209,327117274.79999995
2026-02-03,ARTEA,Artea pensija 1982-1988,2.1196,326911186.4
2026-02-04,ARTEA,Artea pensija 1982-1988,2.114,325996197.76
2026-02-05,ARTEA,Artea pensija 1982-1988,2.1,323843588.21
2026-02-06,ARTEA,Artea pensija 1982-1988,2.117,328937732.84
2026-02-09,ARTEA,Artea pensija 1982-1988,2.1274,330471176.17999995
2026-02-10,ARTEA,Artea pensija 1982-1988,2.1318,330906192.63
2026-02-11,ARTEA,Artea pensija 1982-1988,2.135,331207459.12
2026-02-12,ARTEA,Artea pensija 1982-1988,2.1211,329064837.64
2026-02-13,ARTEA,Artea pensija 1982-1988,2.1237,329467502.61
2026-02-17,ARTEA,Artea pensija 1982-1988,2.1247,329574729.5
2026-02-18,ARTEA,Artea pensija 1982-1988,2.1431,332385788.44
2026-02-19,ARTEA,Artea pensija 1982-1988,2.1385,331577956.86
2026-02-20,ARTEA,Artea pensija 1982-1988,2.1493,333184937.93
2026-02-23,ARTEA,Artea pensija 1982-1988,2.1348,330861223.95
2026-02-24,ARTEA,Artea pensija 1982-1988,2.1497,333023603.65999997
2026-02-25,ARTEA,Artea pensija 1982-1988,2.1621,334954868.21
2026-02-26,ARTEA,Artea pensija 1982-1988,2.1577,334190545.72999996
2026-02-27,ARTEA,Artea pensija 1982-1988,2.1509,333117452.73
2026-03-02,ARTEA,Artea pensija 1982-1988,2.1509,332934777.07000005
2026-03-03,ARTEA,Artea pensija 1982-1988,2.122,328318278.8
2026-03-04,ARTEA,Artea pensija 1982-1988,2.1414,331311427.77
2026-03-05,ARTEA,Artea pensija 1982-1988,2.1306,329600219.84000003
2026-03-06,ARTEA,Artea pensija 1982-1988,2.1128,326761468.53
2026-03-09,ARTEA,Artea pensija 1982-1988,2.1048,325466633.68
2026-03-10,ARTEA,Artea pensija 1982-1988,2.1303,329332913.73
2026-03-12,ARTEA,Artea pensija 1982-1988,2.1099,326079665.56
2026-03-13,ARTEA,Artea pensija 1982-1988,2.1102,328702594.97
2026-03-16,ARTEA,Artea pensija 1982-1988,2.1151,329228183.62
2026-03-17,ARTEA,Artea pensija 1982-1988,2.1204,329953822.62
2026-03-18,ARTEA,Artea pensija 1982-1988,2.1122,328541742.25
2026-03-19,ARTEA,Artea pensija 1982-1988,2.0878,324765861.15999997
2026-03-20,ARTEA,Artea pensija 1982-1988,2.0731,322373347.84000003
2026-03-23,ARTEA,Artea pensija 1982-1988,2.0817,323618777.88
2026-03-24,ARTEA,Artea pensija 1982-1988,2.0802,323344159.26000005
2026-03-25,ARTEA,Artea pensija 1982-1988,2.0932,325262849.68
2026-03-26,ARTEA,Artea pensija 1982-1988,2.0761,322564462.85
2026-03-27,ARTEA,Artea pensija 1982-1988,2.0559,319371783.48999995
2026-03-30,ARTEA,Artea pensija 1982-1988,2.0624,320359930.59
2026-03-31,ARTEA,Artea pensija 1982-1988,2.0622,320187873.05
2026-04-01,ARTEA,Artea pensija 1982-1988,2.0936,325003417.37
2026-04-02,ARTEA,Artea pensija 1982-1988,2.0922,324747404.59000003
2026-04-03,ARTEA,Artea pensija 1982-1988,2.0916,324647399.95
2026-04-07,ARTEA,Artea pensija 1982-1988,2.0869,208989618.93
2026-04-08,ARTEA,Artea pensija 1982-1988,2.1325,213476595.84
2026-04-09,ARTEA,Artea pensija 1982-1988,2.1345,213627351.83999997
2026-04-10,ARTEA,Artea pensija 1982-1988,2.1407,214142337.8
2026-04-13,ARTEA,Artea pensija 1982-1988,2.1396,213997299.20000002
2026-04-14,ARTEA,Artea pensija 1982-1988,2.1589,215947352.67
2026-04-15,ARTEA,Artea pensija 1982-1988,2.1646,218154319.11
2026-04-16,ARTEA,Artea pensija 1982-1988,2.1737,219032664.63
2026-04-17,ARTEA,Artea pensija 1982-1988,2.1957,221154817.82000002
2026-04-20,ARTEA,Artea pensija 1982-1988,2.1882,220333639.10000002
2026-04-21,ARTEA,Artea pensija 1982-1988,2.1863,220075672.07
2026-04-22,ARTEA,Artea pensija 1982-1988,2.1936,220826820.92
2026-04-23,ARTEA,Artea pensija 1982-1988,2.197,221217869.07999998
2026-04-24,ARTEA,Artea pensija 1982-1988,2.1963,221110898.85
2026-04-27,ARTEA,Artea pensija 1982-1988,2.1961,221089290.39000002
2026-04-28,ARTEA,Artea pensija 1982-1988,2.1869,220179505.27
2026-04-29,ARTEA,Artea pensija 1982-1988,2.1885,220326974.86
2026-04-30,ARTEA,Artea pensija 1982-1988,2.198,221286398.51999998
2026-05-04,ARTEA,Artea pensija 1982-1988,2.205,222009918.14000002
2026-05-05,ARTEA,Artea pensija 1982-1988,2.2208,223546170.51
2026-05-06,ARTEA,Artea pensija 1982-1988,2.2431,225703717.47
2026-05-07,ARTEA,Artea pensija 1982-1988,2.2422,225592923.60000002
2026-05-08,ARTEA,Artea pensija 1982-1988,2.2435,225749762.27
2026-05-11,ARTEA,Artea pensija 1982-1988,2.2491,226318684.55
2026-05-12,ARTEA,Artea pensija 1982-1988,2.2283,224202584.94000003
2026-05-13,ARTEA,Artea pensija 1982-1988,2.2493,226333638.77
2026-05-14,ARTEA,Artea pensija 1982-1988,2.2725,231039000.85
2026-05-15,ARTEA,Artea pensija 1982-1988,2.2534,229100394.64
2026-05-18,ARTEA,Artea pensija 1982-1988,2.2438,228070431.08
2026-05-19,ARTEA,Artea pensija 1982-1988,2.236,227121989.60000002
2026-05-20,ARTEA,Artea pensija 1982-1988,2.2532,228903896.02
2026-05-21,ARTEA,Artea pensija 1982-1988,2.2567,229263525.11
2026-05-22,ARTEA,Artea pensija 1982-1988,2.2763,231227864.16
2026-05-25,ARTEA,Artea pensija 1982-1988,2.2889,232516720.16
2026-05-26,ARTEA,Artea pensija 1982-1988,2.2852,232123022.41
2026-05-27,ARTEA,Artea pensija 1982-1988,2.2823,231800567.7
2026-05-28,ARTEA,Artea pensija 1982-1988,2.2868,232302229.72
2026-05-29,ARTEA,Artea pensija 1982-1988,2.2921,232839529.11
2026-06-01,ARTEA,Artea pensija 1982-1988,2.2992,233545845.26
2026-06-02,ARTEA,Artea pensija 1982-1988,2.307,234277824.20999998
2026-06-03,ARTEA,Artea pensija 1982-1988,2.3019,233747915.41
2026-06-04,ARTEA,Artea pensija 1982-1988,2.3,233548440.99
2026-06-05,ARTEA,Artea pensija 1982-1988,2.2866,232191217.72
2026-06-08,ARTEA,Artea pensija 1982-1988,2.2794,231455055.7
2026-06-09,ARTEA,Artea pensija 1982-1988,2.2579,229285494.47
2026-06-10,ARTEA,Artea pensija 1982-1988,2.2548,228971610.64000002
2026-06-11,ARTEA,Artea pensija 1982-1988,2.2584,231238457.41
2026-06-12,ARTEA,Artea pensija 1982-1988,2.2895,234337760.48
2026-06-15,ARTEA,Artea pensija 1982-1988,2.3099,236383221.61
2026-06-16,ARTEA,Artea pensija 1982-1988,2.3064,235957105.67999998
2026-06-17,ARTEA,Artea pensija 1982-1988,2.3117,236454243.38000003
2026-06-18,ARTEA,Artea pensija 1982-1988,2.3236,237669776.76
2026-06-19,ARTEA,Artea pensija 1982-1988,2.3233,237611711.94
2026-06-22,ARTEA,Artea pensija 1982-1988,2.3321,238509132.55
2026-06-23,ARTEA,Artea pensija 1982-1988,2.3078,236055643.35999998
2026-06-25,ARTEA,Artea pensija 1982-1988,2.3121,236492423.59
2026-06-26,ARTEA,Artea pensija 1982-1988,2.3048,235704094.44
2026-06-29,ARTEA,Artea pensija 1982-1988,2.3034,235553823.54000002
2026-06-30,ARTEA,Artea pensija 1982-1988,2.3245,237659859.88000003
2026-07-01,ARTEA,Artea pensija 1982-1988,2.3305,238245938.1
2026-07-02,ARTEA,Artea pensija 1982-1988,2.3162,236750659.1
2026-07-03,ARTEA,Artea pensija 1982-1988,2.3275,237916780.59
2026-07-07,ARTEA,Artea pensija 1982-1988,2.3129,209140402.6
2026-07-08,ARTEA,Artea pensija 1982-1988,2.3,204925045.77
2026-07-09,ARTEA,Artea pensija 1982-1988,2.3219,206598984.23999998
2026-07-10,ARTEA,Artea pensija 1982-1988,2.3256,206935337.85
2026-07-13,ARTEA,Artea pensija 1982-1988,2.3213,206542699.63
2026-07-14,ARTEA,Artea pensija 1982-1988,2.3208,206534871.29
2026-07-15,ARTEA,Artea pensija 1982-1988,2.3214,208009253.4
2026-07-16,ARTEA,Artea pensija 1982-1988,2.3175,207659495.61999997
2026-07-17,ARTEA,Artea pensija 1982-1988,2.2984,205891685.48
2026-07-20,ARTEA,Artea pensija 1982-1988,2.3044,206429135.98
2026-07-21,ARTEA,Artea pensija 1982-1988,2.3161,207481579.19
2026-07-22,ARTEA,Artea pensija 1982-1988,2.3187,207691931.29
2026-07-23,ARTEA,Artea pensija 1982-1988,2.2978,205766940.96
2026-07-24,ARTEA,Artea pensija 1982-1988,2.3069,206573519.63
2026-07-27,ARTEA,Artea pensija 1982-1988,2.2966,205623947.54
2026-07-28,ARTEA,Artea pensija 1982-1988,2.2991,205847562.3
2026-07-29,ARTEA,Artea pensija 1982-1988,2.2833,204399175.69
2026-07-30,ARTEA,Artea pensija 1982-1988,2.2794,204037925.10999998
2026-07-31,ARTEA,Artea pensija 1982-1988,2.289,204858372.87
2026-08-03,ARTEA,Artea pensija 1982-1988,2.3091,206674622.41
2026-08-04,ARTEA,Artea pensija 1982-1988,2.3355,209031793.60999998
2026-08-05,ARTEA,Artea pensija 1982-1988,2.3409,209506012.67000002
2026-08-06,ARTEA,Artea pensija 1982-1988,2.3385,209249110.37
2026-08-07,ARTEA,Artea pensija 1982-1988,2.3437,209657399.79000002
2026-08-10,ARTEA,Artea pensija 1982-1988,2.3435,209614858.5
2026-08-11,ARTEA,Artea pensija 1982-1988,2.3456,209816475.4
2026-08-12,ARTEA,Artea pensija 1982-1988,2.3533,210553516.62
2026-08-13,ARTEA,Artea pensija 1982-1988,2.3626,213005523.98
2026-08-14,ARTEA,Artea pensija 1982-1988,2.3561,212412646.04999998
2026-08-17,ARTEA,Artea pensija 1982-1988,2.3593,212655339.75
2026-08-18,ARTEA,Artea pensija 1982-1988,2.3362,210501916.79999998
2026-08-19,ARTEA,Artea pensija 1982-1988,2.3312,210052179.05
2026-08-20,ARTEA,Artea pensija 1982-1988,2.3212,209147951.1
2026-08-21,ARTEA,Artea pensija 1982-1988,2.3279,209710814.43
2026-08-24,ARTEA,Artea pensija 1982-1988,2.3216,209155181.76999998
2026-08-25,ARTEA,Artea pensija 1982-1988,2.3286,209752971.22
2026-08-26,ARTEA,Artea pensija 1982-1988,2.3315,209989437.69
2026-08-27,ARTEA,Artea pensija 1982-1988,2.338,210570843.54999998
2026-08-28,ARTEA,Artea pensija 1982-1988,2.3521,211815669.53
2026-08-31,ARTEA,Artea pensija 1982-1988,2.3338,210155072.81
2026-09-01,ARTEA,Artea pensija 1982-1988,2.3319,209950028.63
2026-09-02,ARTEA,Artea pensija 1982-1988,2.3334,210086641.45000002
2026-09-03,ARTEA,Artea pensija 1982-1988,2.3461,211209953.36
2026-09-04,ARTEA,Artea pensija 1982-1988,2.3468,211282193.14000002
2026-09-07,ARTEA,Artea pensija 1982-1988,2.3467,211251908.9
2026-09-08,ARTEA,Artea pensija 1982-1988,2.3469,211242397.92999998
2026-09-09,ARTEA,Artea pensija 1982-1988,2.3328,209975329.66
2026-09-10,ARTEA,Artea pensija 1982-1988,2.3224,210512628.98
2026-09-11,ARTEA,Artea pensija 1982-1988,2.3386,211909155.28
2026-09-14,ARTEA,Artea pensija 1982-1988,2.331,211191081.38
2026-09-15,ARTEA,Artea pensija 1982-1988,2.3236,210567993.81
2026-09-16,ARTEA,Artea pensija 1982-1988,2.3348,211601018.36
2026-09-17,ARTEA,Artea pensija 1982-1988,2.3488,212811944.2
2026-09-18,ARTEA,Artea pensija 1982-1988,2.3428,212254238.48999998
2026-09-21,ARTEA,Artea pensija 1982-1988,2.3665,214407659.9
2026-09-22,ARTEA,Artea pensija 1982-1988,2.3772,215366918
2026-09-23,ARTEA,Artea pensija 1982-1988,2.3736,214974306.45999998
2026-09-24,ARTEA,Artea pensija 1982-1988,2.3619,213906225.13
2026-09-25,ARTEA,Artea pensija 1982-1988,2.3708,214705403.88
2026-09-28,ARTEA,Artea pensija 1982-1988,2.3643,214112818.76
2026-09-29,ARTEA,Artea pensija 1982-1988,2.3689,214525887.13
2026-09-30,ARTEA,Artea pensija 1982-1988,2.3709,214675753.3
2026-10-01,ARTEA,Artea pensija 1982-1988,2.368,214391258.59
2019-01-02,ARTEA,Artea pensija 1989-1995,1,0
2019-01-03,ARTEA,Artea pensija 1989-1995,1,0
2019-01-04,ARTEA,Artea pensija 1989-1995,1,0
2019-01-07,ARTEA,Artea pensija 1989-1995,1,14997.52
2019-01-08,ARTEA,Artea pensija 1989-1995,1.0112,45447.978
2019-01-09,ARTEA,Artea pensija 1989-1995,1.0113,46349.8332
2019-01-10,ARTEA,Artea pensija 1989-1995,1.0154,46537.1639
2019-01-11,ARTEA,Artea pensija 1989-1995,1.0182,49491.8577
2019-01-14,ARTEA,Artea pensija 1989-1995,1.0153,49351.2796
2019-01-15,ARTEA,Artea pensija 1989-1995,1.0267,86116.4669
2019-01-16,ARTEA,Artea pensija 1989-1995,1.0309,108491.6455
2019-01-17,ARTEA,Artea pensija 1989-1995,1.0332,135140.0077
2019-01-18,ARTEA,Artea pensija 1989-1995,1.0497,139796.6046
2019-01-21,ARTEA,Artea pensija 1989-1995,1.0457,141708.5017
2019-01-22,ARTEA,Artea pensija 1989-1995,1.0409,177338.7871
2019-01-23,ARTEA,Artea pensija 1989-1995,1.0343,190597.3991
2019-01-24,ARTEA,Artea pensija 1989-1995,1.0408,208070.0866
2019-01-25,ARTEA,Artea pensija 1989-1995,1.0469,223995.0799
2019-01-28,ARTEA,Artea pensija 1989-1995,1.0338,230130.8753
2019-01-29,ARTEA,Artea pensija 1989-1995,1.0374,245812.9013
2019-01-30,ARTEA,Artea pensija 1989-1995,1.0444,270191.1175
2019-01-31,ARTEA,Artea pensija 1989-1995,1.0549,29302781.1584
2019-02-01,ARTEA,Artea pensija 1989-1995,1.0555,29337542.4426
2019-02-04,ARTEA,Artea pensija 1989-1995,1.0595,29320099.0183
2019-02-05,ARTEA,Artea pensija 1989-1995,1.0682,29583490.0643
2019-02-06,ARTEA,Artea pensija 1989-1995,1.068,29579984.6917
2019-02-07,ARTEA,Artea pensija 1989-1995,1.0558,29250267.4933
2019-02-08,ARTEA,Artea pensija 1989-1995,1.055,29237163.6776
2019-02-11,ARTEA,Artea pensija 1989-1995,1.0639,29394917.9771
2019-02-12,ARTEA,Artea pensija 1989-1995,1.0714,29556628.4328
2019-02-13,ARTEA,Artea pensija 1989-1995,1.0743,29692259.0093
2019-02-14,ARTEA,Artea pensija 1989-1995,1.0723,29701447.0336
2019-02-15,ARTEA,Artea pensija 1989-1995,1.0816,30002431.3502
2019-02-18,ARTEA,Artea pensija 1989-1995,1.0818,29984073.818
2019-02-19,ARTEA,Artea pensija 1989-1995,1.0813,29985857.5772
2019-02-20,ARTEA,Artea pensija 1989-1995,1.0841,30080395.7729
2019-02-21,ARTEA,Artea pensija 1989-1995,1.0824,30878078.2319
2019-02-22,ARTEA,Artea pensija 1989-1995,1.0885,30996673.7686
2019-02-25,ARTEA,Artea pensija 1989-1995,1.0937,31144775.1633
2019-02-26,ARTEA,Artea pensija 1989-1995,1.0902,31045010.6281
2019-02-27,ARTEA,Artea pensija 1989-1995,1.0868,30983616.1838
2019-02-28,ARTEA,Artea pensija 1989-1995,1.0844,30926734.3871
2019-03-01,ARTEA,Artea pensija 1989-1995,1.0852,30942053.8296
2019-03-04,ARTEA,Artea pensija 1989-1995,1.0898,31099371.4239
2019-03-05,ARTEA,Artea pensija 1989-1995,1.0929,31227378.5018
2019-03-06,ARTEA,Artea pensija 1989-1995,1.0877,31100086.4462
2019-03-07,ARTEA,Artea pensija 1989-1995,1.0861,31057715.1782
2019-03-08,ARTEA,Artea pensija 1989-1995,1.076,31575761.1893
2019-03-12,ARTEA,Artea pensija 1989-1995,1.0898,31890290.0118
2019-03-13,ARTEA,Artea pensija 1989-1995,1.0931,31992102.4255
2019-03-14,ARTEA,Artea pensija 1989-1995,1.093,32006193.3786
2019-03-15,ARTEA,Artea pensija 1989-1995,1.0988,32197992.5334
2019-03-18,ARTEA,Artea pensija 1989-1995,1.0995,32200172.7689
2019-03-19,ARTEA,Artea pensija 1989-1995,1.1042,32355331.862
2019-03-20,ARTEA,Artea pensija 1989-1995,1.0941,32071591.0329
2019-03-21,ARTEA,Artea pensija 1989-1995,1.1002,32245325.9965
2019-03-22,ARTEA,Artea pensija 1989-1995,1.0912,31991760.2957
2019-03-25,ARTEA,Artea pensija 1989-1995,1.0851,31816585.6545
2019-03-26,ARTEA,Artea pensija 1989-1995,1.0948,32125180.8913
2019-03-27,ARTEA,Artea pensija 1989-1995,1.0929,32080244.3221
2019-03-28,ARTEA,Artea pensija 1989-1995,1.0955,32165767.8387
2019-03-29,ARTEA,Artea pensija 1989-1995,1.1035,32401510.4798
2019-04-01,ARTEA,Artea pensija 1989-1995,1.1146,32728276.1745
2019-04-02,ARTEA,Artea pensija 1989-1995,1.1177,32842082.3055
2019-04-03,ARTEA,Artea pensija 1989-1995,1.1229,33027352.9918
2019-04-04,ARTEA,Artea pensija 1989-1995,1.1216,33002275.3409
2019-04-05,ARTEA,Artea pensija 1989-1995,1.1262,33950231.4856
2019-04-08,ARTEA,Artea pensija 1989-1995,1.1229,33793808.0031
2019-04-09,ARTEA,Artea pensija 1989-1995,1.1189,33672917.0614
2019-04-10,ARTEA,Artea pensija 1989-1995,1.1224,33889981.4266
2019-04-11,ARTEA,Artea pensija 1989-1995,1.1214,33864502.725
2019-04-12,ARTEA,Artea pensija 1989-1995,1.1224,33902412.3474
2019-04-15,ARTEA,Artea pensija 1989-1995,1.1224,33905542.2588
2019-04-16,ARTEA,Artea pensija 1989-1995,1.1265,34007257.2106
2019-04-17,ARTEA,Artea pensija 1989-1995,1.1243,33965228.4516
2019-04-18,ARTEA,Artea pensija 1989-1995,1.1286,34092712.0915
2019-04-19,ARTEA,Artea pensija 1989-1995,1.1285,34094335.7412
2019-04-23,ARTEA,Artea pensija 1989-1995,1.1359,34325069.3625
2019-04-24,ARTEA,Artea pensija 1989-1995,1.1357,34319977.1221
2019-04-25,ARTEA,Artea pensija 1989-1995,1.1365,34399993.3249
2019-04-26,ARTEA,Artea pensija 1989-1995,1.1373,34448138.7883
2019-04-29,ARTEA,Artea pensija 1989-1995,1.1402,34552328.7379
2019-04-30,ARTEA,Artea pensija 1989-1995,1.1349,34393211.9587
2019-05-02,ARTEA,Artea pensija 1989-1995,1.1306,34284824.9091
2019-05-03,ARTEA,Artea pensija 1989-1995,1.1391,34585819.3008
2019-05-06,ARTEA,Artea pensija 1989-1995,1.1296,34310816.5819
2019-05-07,ARTEA,Artea pensija 1989-1995,1.1193,34033931.1129
2019-05-08,ARTEA,Artea pensija 1989-1995,1.1163,33947176.0367
2019-05-09,ARTEA,Artea pensija 1989-1995,1.0983,34240226.486
2019-05-10,ARTEA,Artea pensija 1989-1995,1.0978,34205412.1844
2019-05-13,ARTEA,Artea pensija 1989-1995,1.0868,33858221.1866
2019-05-14,ARTEA,Artea pensija 1989-1995,1.0994,34280945.2988
2019-05-15,ARTEA,Artea pensija 1989-1995,1.1014,34336946.4645
2019-05-16,ARTEA,Artea pensija 1989-1995,1.1126,34677109.0839
2019-05-17,ARTEA,Artea pensija 1989-1995,1.1072,34458415.3828
2019-05-20,ARTEA,Artea pensija 1989-1995,1.097,34151484.0648
2019-05-21,ARTEA,Artea pensija 1989-1995,1.1043,34502596.5705
2019-05-22,ARTEA,Artea pensija 1989-1995,1.103,34514736.2576
2019-05-23,ARTEA,Artea pensija 1989-1995,1.0907,34151233.6129
2019-05-24,ARTEA,Artea pensija 1989-1995,1.0907,34183643.3523
2019-05-27,ARTEA,Artea pensija 1989-1995,1.0938,34310464.7528
2019-05-28,ARTEA,Artea pensija 1989-1995,1.0932,34316157.9196
2019-05-29,ARTEA,Artea pensija 1989-1995,1.085,34095208.8502
2019-05-30,ARTEA,Artea pensija 1989-1995,1.0895,34240521.8705
2019-05-31,ARTEA,Artea pensija 1989-1995,1.0834,34090365.6629
2019-06-03,ARTEA,Artea pensija 1989-1995,1.0807,34043399.3212
2019-06-04,ARTEA,Artea pensija 1989-1995,1.0866,34260956.214
2019-06-05,ARTEA,Artea pensija 1989-1995,1.0905,34396452.494
2019-06-06,ARTEA,Artea pensija 1989-1995,1.0906,35402087.7178
2019-06-07,ARTEA,Artea pensija 1989-1995,1.0976,35607097.1425
2019-06-10,ARTEA,Artea pensija 1989-1995,1.0991,35620170.9012
2019-06-11,ARTEA,Artea pensija 1989-1995,1.1065,35954416.9643
2019-06-12,ARTEA,Artea pensija 1989-1995,1.1023,35817790.4141
2019-06-13,ARTEA,Artea pensija 1989-1995,1.106,35949801.229
2019-06-14,ARTEA,Artea pensija 1989-1995,1.1082,36069668.41
2019-06-17,ARTEA,Artea pensija 1989-1995,1.1075,36031870.353
2019-06-18,ARTEA,Artea pensija 1989-1995,1.1232,36598480.4749
2019-06-19,ARTEA,Artea pensija 1989-1995,1.1224,36600937.0421
2019-06-20,ARTEA,Artea pensija 1989-1995,1.1279,36795888.398
2019-06-21,ARTEA,Artea pensija 1989-1995,1.1255,36765181.9843
2019-06-25,ARTEA,Artea pensija 1989-1995,1.1137,36423464.8273
2019-06-26,ARTEA,Artea pensija 1989-1995,1.112,36405569.0079
2019-06-27,ARTEA,Artea pensija 1989-1995,1.1147,36472719.3487
2019-06-28,ARTEA,Artea pensija 1989-1995,1.1185,36573120.2384
2019-07-01,ARTEA,Artea pensija 1989-1995,1.1328,37044842.8538
2019-07-02,ARTEA,Artea pensija 1989-1995,1.1339,37035962.8142
2019-07-03,ARTEA,Artea pensija 1989-1995,1.1413,37333955.3338
2019-07-04,ARTEA,Artea pensija 1989-1995,1.144,37438927.4926
2019-07-05,ARTEA,Artea pensija 1989-1995,1.142,38228139.6936
2019-07-08,ARTEA,Artea pensija 1989-1995,1.1392,38147026.3084
2019-07-09,ARTEA,Artea pensija 1989-1995,1.1375,38090062.6584
2019-07-10,ARTEA,Artea pensija 1989-1995,1.1389,38166745.86
2019-07-11,ARTEA,Artea pensija 1989-1995,1.1403,38225503.3247
2019-07-12,ARTEA,Artea pensija 1989-1995,1.1434,38328860.1919
2019-07-15,ARTEA,Artea pensija 1989-1995,1.1444,38380234.861
2019-07-16,ARTEA,Artea pensija 1989-1995,1.1476,38495044.8727
2019-07-17,ARTEA,Artea pensija 1989-1995,1.1422,38313471.1271
2019-07-18,ARTEA,Artea pensija 1989-1995,1.1384,38191911.1523
2019-07-19,ARTEA,Artea pensija 1989-1995,1.1439,38377418.7225
2019-07-22,ARTEA,Artea pensija 1989-1995,1.1411,38281606.9227
2019-07-23,ARTEA,Artea pensija 1989-1995,1.149,38549701.762
2019-07-24,ARTEA,Artea pensija 1989-1995,1.1533,38693300.8117
2019-07-25,ARTEA,Artea pensija 1989-1995,1.1496,38569409.5093
2019-07-26,ARTEA,Artea pensija 1989-1995,1.1549,38748516.9577
2019-07-29,ARTEA,Artea pensija 1989-1995,1.152,38642687.2807
2019-07-30,ARTEA,Artea pensija 1989-1995,1.1467,38473607.8357
2019-07-31,ARTEA,Artea pensija 1989-1995,1.1475,38508317.5652
2019-08-01,ARTEA,Artea pensija 1989-1995,1.1513,38652194.4119
2019-08-02,ARTEA,Artea pensija 1989-1995,1.1211,37634193.7236
2019-08-05,ARTEA,Artea pensija 1989-1995,1.094,36718690.6487
2019-08-06,ARTEA,Artea pensija 1989-1995,1.0909,36634491.6308
2019-08-07,ARTEA,Artea pensija 1989-1995,1.0912,36650807.5944
2019-08-08,ARTEA,Artea pensija 1989-1995,1.1104,38025195.6635
2019-08-09,ARTEA,Artea pensija 1989-1995,1.1034,37773583.5764
2019-08-12,ARTEA,Artea pensija 1989-1995,1.0969,37536929.1573
2019-08-13,ARTEA,Artea pensija 1989-1995,1.1073,37909830.9979
2019-08-14,ARTEA,Artea pensija 1989-1995,1.0918,37375874.0816
2019-08-16,ARTEA,Artea pensija 1989-1995,1.1049,37846422.6903
2019-08-19,ARTEA,Artea pensija 1989-1995,1.1152,38196190.4362
2019-08-20,ARTEA,Artea pensija 1989-1995,1.1123,38107450.9439
2019-08-21,ARTEA,Artea pensija 1989-1995,1.1174,38297395.9105
2019-08-22,ARTEA,Artea pensija 1989-1995,1.1137,38172761.1572
2019-08-23,ARTEA,Artea pensija 1989-1995,1.0983,37654415.8634
2019-08-26,ARTEA,Artea pensija 1989-1995,1.1007,37726973.5419
2019-08-27,ARTEA,Artea pensija 1989-1995,1.1042,37849027.86
2019-08-28,ARTEA,Artea pensija 1989-1995,1.1056,37898330.7885
2019-08-29,ARTEA,Artea pensija 1989-1995,1.1177,38308548.7785
2019-08-30,ARTEA,Artea pensija 1989-1995,1.1248,38553300.9714
2019-09-02,ARTEA,Artea pensija 1989-1995,1.1258,38576976.4009
2019-09-03,ARTEA,Artea pensija 1989-1995,1.1226,38472665.0055
2019-09-04,ARTEA,Artea pensija 1989-1995,1.1283,38672862.1095
2019-09-05,ARTEA,Artea pensija 1989-1995,1.1403,39878488.0778
2019-09-06,ARTEA,Artea pensija 1989-1995,1.1422,39946249.2298
2019-09-09,ARTEA,Artea pensija 1989-1995,1.1437,39945602.975
2019-09-10,ARTEA,Artea pensija 1989-1995,1.1412,39873712.2123
2019-09-11,ARTEA,Artea pensija 1989-1995,1.1546,40347795.7417
2019-09-12,ARTEA,Artea pensija 1989-1995,1.157,40437568.2871
2019-09-13,ARTEA,Artea pensija 1989-1995,1.1582,40481818.4269
2019-09-16,ARTEA,Artea pensija 1989-1995,1.1598,40544436.7304
2019-09-17,ARTEA,Artea pensija 1989-1995,1.1548,40384897.6869
2019-09-18,ARTEA,Artea pensija 1989-1995,1.1529,40325367.3372
2019-09-19,ARTEA,Artea pensija 1989-1995,1.1598,40564774.9959
2019-09-20,ARTEA,Artea pensija 1989-1995,1.1609,40594424.4472
2019-09-23,ARTEA,Artea pensija 1989-1995,1.1566,40444522.6191
2019-09-24,ARTEA,Artea pensija 1989-1995,1.153,40331678.3023
2019-09-25,ARTEA,Artea pensija 1989-1995,1.1524,40319484.5797
2019-09-26,ARTEA,Artea pensija 1989-1995,1.1548,40397677.869
2019-09-27,ARTEA,Artea pensija 1989-1995,1.1558,40430999.1389
2019-09-30,ARTEA,Artea pensija 1989-1995,1.1577,40496962.2342
2019-10-01,ARTEA,Artea pensija 1989-1995,1.1482,40158188.8662
2019-10-02,ARTEA,Artea pensija 1989-1995,1.1245,39318188.6042
2019-10-03,ARTEA,Artea pensija 1989-1995,1.1246,39323672.5369
2019-10-04,ARTEA,Artea pensija 1989-1995,1.1369,39756509.0216
2019-10-07,ARTEA,Artea pensija 1989-1995,1.1396,39849173.9266
2019-10-08,ARTEA,Artea pensija 1989-1995,1.1288,39482085.22
2019-10-09,ARTEA,Artea pensija 1989-1995,1.1319,39598472.5105
2019-10-10,ARTEA,Artea pensija 1989-1995,1.138,40597498.063
2019-10-11,ARTEA,Artea pensija 1989-1995,1.1528,41079845.5732
2019-10-14,ARTEA,Artea pensija 1989-1995,1.1482,40900086.8175
2019-10-15,ARTEA,Artea pensija 1989-1995,1.1555,41197739.1433
2019-10-16,ARTEA,Artea pensija 1989-1995,1.1536,41133474.0148
2019-10-17,ARTEA,Artea pensija 1989-1995,1.1514,41042385.4646
2019-10-18,ARTEA,Artea pensija 1989-1995,1.1475,40903159.0576
2019-10-21,ARTEA,Artea pensija 1989-1995,1.1525,41091577.0618
2019-10-22,ARTEA,Artea pensija 1989-1995,1.1552,41181347.9628
2019-10-23,ARTEA,Artea pensija 1989-1995,1.1558,41209039.2858
2019-10-24,ARTEA,Artea pensija 1989-1995,1.1607,41394622.9545
2019-10-25,ARTEA,Artea pensija 1989-1995,1.165,41546144.5087
2019-10-28,ARTEA,Artea pensija 1989-1995,1.1692,41687889.6266
2019-10-29,ARTEA,Artea pensija 1989-1995,1.1681,41651115.9202
2019-10-30,ARTEA,Artea pensija 1989-1995,1.1654,41576745.2291
2019-10-31,ARTEA,Artea pensija 1989-1995,1.1604,41413837.9806
2019-11-04,ARTEA,Artea pensija 1989-1995,1.1793,42101426.865
2019-11-05,ARTEA,Artea pensija 1989-1995,1.1876,42408773.5158
2019-11-06,ARTEA,Artea pensija 1989-1995,1.1871,42395151.2185
2019-11-07,ARTEA,Artea pensija 1989-1995,1.1949,43456409.0581
2019-11-08,ARTEA,Artea pensija 1989-1995,1.1929,43350290.865
2019-11-11,ARTEA,Artea pensija 1989-1995,1.1889,43219774.7414
2019-11-12,ARTEA,Artea pensija 1989-1995,1.1943,43450478.2767
2019-11-13,ARTEA,Artea pensija 1989-1995,1.1905,43317679.1055
2019-11-14,ARTEA,Artea pensija 1989-1995,1.1889,43244614.9225
2019-11-15,ARTEA,Artea pensija 1989-1995,1.1937,43431403.5556
2019-11-18,ARTEA,Artea pensija 1989-1995,1.1918,43358264.9053
2019-11-19,ARTEA,Artea pensija 1989-1995,1.1916,43373589.3492
2019-11-20,ARTEA,Artea pensija 1989-1995,1.1912,43368562.7568
2019-11-21,ARTEA,Artea pensija 1989-1995,1.1849,43134008.1022
2019-11-22,ARTEA,Artea pensija 1989-1995,1.1901,43331395.5609
2019-11-25,ARTEA,Artea pensija 1989-1995,1.2007,43724379.1167
2019-11-26,ARTEA,Artea pensija 1989-1995,1.2011,43740048.5545
2019-11-27,ARTEA,Artea pensija 1989-1995,1.2063,43934782.4909
2019-11-28,ARTEA,Artea pensija 1989-1995,1.2056,43914081.6686
2019-11-29,ARTEA,Artea pensija 1989-1995,1.1997,43699166.0538
2019-12-02,ARTEA,Artea pensija 1989-1995,1.1861,43189014.1279
2019-12-03,ARTEA,Artea pensija 1989-1995,1.178,42917564.7726
2019-12-04,ARTEA,Artea pensija 1989-1995,1.1897,43347543.0417
2019-12-05,ARTEA,Artea pensija 1989-1995,1.1878,44086447.0021
2019-12-06,ARTEA,Artea pensija 1989-1995,1.2032,44618301.5664
2019-12-09,ARTEA,Artea pensija 1989-1995,1.1993,44478983.6425
2019-12-10,ARTEA,Artea pensija 1989-1995,1.196,44366356.2642
2019-12-11,ARTEA,Artea pensija 1989-1995,1.1982,44448638.2582
2019-12-12,ARTEA,Artea pensija 1989-1995,1.2054,44720311.5667
2019-12-13,ARTEA,Artea pensija 1989-1995,1.2072,44788582.0216
2019-12-16,ARTEA,Artea pensija 1989-1995,1.2176,45163381.3152
2019-12-17,ARTEA,Artea pensija 1989-1995,1.2157,45090083.6411
2019-12-18,ARTEA,Artea pensija 1989-1995,1.2194,45240053.2961
2019-12-19,ARTEA,Artea pensija 1989-1995,1.221,45304965.0729
2019-12-20,ARTEA,Artea pensija 1989-1995,1.2304,45652722.9948
2019-12-23,ARTEA,Artea pensija 1989-1995,1.2292,45608496.6113
2019-12-27,ARTEA,Artea pensija 1989-1995,1.2294,45619428.3301
2019-12-30,ARTEA,Artea pensija 1989-1995,1.2253,45471895.6902
2019-12-31,ARTEA,Artea pensija 1989-1995,1.2252,45465633.984
2020-01-02,ARTEA,Artea pensija 1989-1995,1.2291,45606890.4454
2020-01-03,ARTEA,Artea pensija 1989-1995,1.2279,45565250.5246
2020-01-06,ARTEA,Artea pensija 1989-1995,1.2239,45400912.0321
2020-01-07,ARTEA,Artea pensija 1989-1995,1.2294,45620324.5599
2020-01-08,ARTEA,Artea pensija 1989-1995,1.2348,45826503.5337
2020-01-09,ARTEA,Artea pensija 1989-1995,1.243,46945312.7131
2020-01-10,ARTEA,Artea pensija 1989-1995,1.2428,46880408.4614
2020-01-13,ARTEA,Artea pensija 1989-1995,1.2443,46937782.1078
2020-01-14,ARTEA,Artea pensija 1989-1995,1.2473,47042982.6731
2020-01-15,ARTEA,Artea pensija 1989-1995,1.2463,46997890.8975
2020-01-16,ARTEA,Artea pensija 1989-1995,1.2518,47210212.2335
2020-01-17,ARTEA,Artea pensija 1989-1995,1.2602,47517786.8256
2020-01-20,ARTEA,Artea pensija 1989-1995,1.2615,47570734.7734
2020-01-21,ARTEA,Artea pensija 1989-1995,1.2556,47342528.179
2020-01-22,ARTEA,Artea pensija 1989-1995,1.2583,47445088.4441
2020-01-23,ARTEA,Artea pensija 1989-1995,1.2535,47274440.4184
2020-01-24,ARTEA,Artea pensija 1989-1995,1.257,47405826.765
2020-01-27,ARTEA,Artea pensija 1989-1995,1.2328,46476977.6529
2020-01-28,ARTEA,Artea pensija 1989-1995,1.2418,46828654.2985
2020-01-29,ARTEA,Artea pensija 1989-1995,1.2447,46940237.9234
2020-01-30,ARTEA,Artea pensija 1989-1995,1.2309,46422755.5167
2020-01-31,ARTEA,Artea pensija 1989-1995,1.2161,45874014.918
2020-02-03,ARTEA,Artea pensija 1989-1995,1.2228,46117092.3004
2020-02-04,ARTEA,Artea pensija 1989-1995,1.245,46951814.2341
2020-02-05,ARTEA,Artea pensija 1989-1995,1.2555,47351082.9162
2020-02-06,ARTEA,Artea pensija 1989-1995,1.2633,47631300.8806
2020-02-07,ARTEA,Artea pensija 1989-1995,1.2593,47466415.4637
2020-02-10,ARTEA,Artea pensija 1989-1995,1.2637,47637598.1082
2020-02-11,ARTEA,Artea pensija 1989-1995,1.2728,48015779.3728
2020-02-12,ARTEA,Artea pensija 1989-1995,1.2814,48341390.2657
2020-02-13,ARTEA,Artea pensija 1989-1995,1.2837,49251313.8132
2020-02-14,ARTEA,Artea pensija 1989-1995,1.2836,49196022.962
2020-02-17,ARTEA,Artea pensija 1989-1995,1.2868,49316480.5823
2020-02-18,ARTEA,Artea pensija 1989-1995,1.2789,49027346.2752
2020-02-19,ARTEA,Artea pensija 1989-1995,1.2894,49421568.5463
2020-02-20,ARTEA,Artea pensija 1989-1995,1.2762,48922989.0626
2020-02-21,ARTEA,Artea pensija 1989-1995,1.2686,48632171.1153
2020-02-24,ARTEA,Artea pensija 1989-1995,1.2303,47155697.8116
2020-02-25,ARTEA,Artea pensija 1989-1995,1.2153,46597919.2075
2020-02-26,ARTEA,Artea pensija 1989-1995,1.2117,46428600.2681
2020-02-27,ARTEA,Artea pensija 1989-1995,1.1722,44937123.7049
2020-02-28,ARTEA,Artea pensija 1989-1995,1.1415,43745579.162
2020-03-02,ARTEA,Artea pensija 1989-1995,1.1542,44226078.7727
2020-03-03,ARTEA,Artea pensija 1989-1995,1.1597,44447791.774
2020-03-04,ARTEA,Artea pensija 1989-1995,1.1723,44947416.2688
2020-03-05,ARTEA,Artea pensija 1989-1995,1.1609,44520578.9009
2020-03-06,ARTEA,Artea pensija 1989-1995,1.1191,43778775.4404
2020-03-09,ARTEA,Artea pensija 1989-1995,1.0487,40998858.5252
2020-03-10,ARTEA,Artea pensija 1989-1995,1.0581,41368261.9143
2020-03-12,ARTEA,Artea pensija 1989-1995,0.9726,38033867.201
2020-03-13,ARTEA,Artea pensija 1989-1995,0.9988,39047716.8911
2020-03-16,ARTEA,Artea pensija 1989-1995,0.9569,37401576.5401
2020-03-17,ARTEA,Artea pensija 1989-1995,0.9733,38028174.9665
2020-03-18,ARTEA,Artea pensija 1989-1995,0.9362,36562062.0705
2020-03-19,ARTEA,Artea pensija 1989-1995,0.9511,37133743.791
2020-03-20,ARTEA,Artea pensija 1989-1995,0.9572,37377677.9682
2020-03-23,ARTEA,Artea pensija 1989-1995,0.9146,35718365.5874
2020-03-24,ARTEA,Artea pensija 1989-1995,0.9709,37912490.4708
2020-03-25,ARTEA,Artea pensija 1989-1995,0.9894,38635392.028
2020-03-26,ARTEA,Artea pensija 1989-1995,1.0071,39336556.0716
2020-03-27,ARTEA,Artea pensija 1989-1995,0.9835,38406179.0005
2020-03-30,ARTEA,Artea pensija 1989-1995,0.9971,38967637.4719
2020-03-31,ARTEA,Artea pensija 1989-1995,1.008,39392853.6444
2020-04-01,ARTEA,Artea pensija 1989-1995,0.9785,38238358.5505
2020-04-02,ARTEA,Artea pensija 1989-1995,0.9877,38604186.8722
2020-04-03,ARTEA,Artea pensija 1989-1995,0.9819,38376408.2227
2020-04-06,ARTEA,Artea pensija 1989-1995,1.0178,39775852.7304
2020-04-07,ARTEA,Artea pensija 1989-1995,1.0378,40576096.2607
2020-04-08,ARTEA,Artea pensija 1989-1995,1.0404,40681401.5786
2020-04-09,ARTEA,Artea pensija 1989-1995,1.0554,42133361.1638
2020-04-10,ARTEA,Artea pensija 1989-1995,1.0556,42141159.0112
2020-04-14,ARTEA,Artea pensija 1989-1995,1.0638,42454272.7499
2020-04-15,ARTEA,Artea pensija 1989-1995,1.0474,41810580.2001
2020-04-16,ARTEA,Artea pensija 1989-1995,1.0567,42195337.8823
2020-04-17,ARTEA,Artea pensija 1989-1995,1.0712,42769712.1115
2020-04-20,ARTEA,Artea pensija 1989-1995,1.075,42911291.4397
2020-04-21,ARTEA,Artea pensija 1989-1995,1.0405,41511070.7882
2020-04-22,ARTEA,Artea pensija 1989-1995,1.0614,42360984.304
2020-04-23,ARTEA,Artea pensija 1989-1995,1.0715,42769482.9108
2020-04-24,ARTEA,Artea pensija 1989-1995,1.0657,42543111.6014
2020-04-27,ARTEA,Artea pensija 1989-1995,1.0845,43294933.163
2020-04-28,ARTEA,Artea pensija 1989-1995,1.0918,43578230.2372
2020-04-29,ARTEA,Artea pensija 1989-1995,1.1091,44273928.7486
2020-04-30,ARTEA,Artea pensija 1989-1995,1.0932,43631088.8322
2020-05-04,ARTEA,Artea pensija 1989-1995,1.063,42452577.3875
2020-05-05,ARTEA,Artea pensija 1989-1995,1.0853,43352097.5739
2020-05-06,ARTEA,Artea pensija 1989-1995,1.0813,43193630.5632
2020-05-07,ARTEA,Artea pensija 1989-1995,1.0908,43576816.6721
2020-05-08,ARTEA,Artea pensija 1989-1995,1.099,44931452.9151
2020-05-11,ARTEA,Artea pensija 1989-1995,1.101,45013112.6411
2020-05-12,ARTEA,Artea pensija 1989-1995,1.0982,44858167.8669
2020-05-13,ARTEA,Artea pensija 1989-1995,1.0791,44092871.8795
2020-05-14,ARTEA,Artea pensija 1989-1995,1.07,43727553.4807
2020-05-15,ARTEA,Artea pensija 1989-1995,1.0739,43883486.4767
2020-05-18,ARTEA,Artea pensija 1989-1995,1.1063,45205249.1263
2020-05-19,ARTEA,Artea pensija 1989-1995,1.102,45036012.6082
2020-05-20,ARTEA,Artea pensija 1989-1995,1.1079,45278779.7181
2020-05-21,ARTEA,Artea pensija 1989-1995,1.0998,44956504.7497
2020-05-22,ARTEA,Artea pensija 1989-1995,1.0993,44938808.4092
2020-05-25,ARTEA,Artea pensija 1989-1995,1.1153,45584719.3138
2020-05-26,ARTEA,Artea pensija 1989-1995,1.1181,45677182.0568
2020-05-27,ARTEA,Artea pensija 1989-1995,1.1172,45659569.163
2020-05-28,ARTEA,Artea pensija 1989-1995,1.1247,45974726.6846
2020-05-29,ARTEA,Artea pensija 1989-1995,1.1079,45286620.5854
2020-06-01,ARTEA,Artea pensija 1989-1995,1.1086,45330163.0416
2020-06-02,ARTEA,Artea pensija 1989-1995,1.1296,46194652.013
2020-06-03,ARTEA,Artea pensija 1989-1995,1.1472,46929600.3076
2020-06-04,ARTEA,Artea pensija 1989-1995,1.1353,46448731.2237
2020-06-05,ARTEA,Artea pensija 1989-1995,1.164,47619585.5059
2020-06-08,ARTEA,Artea pensija 1989-1995,1.1649,48486643.6354
2020-06-09,ARTEA,Artea pensija 1989-1995,1.1564,48115634.6384
2020-06-10,ARTEA,Artea pensija 1989-1995,1.1523,47901326.9989
2020-06-11,ARTEA,Artea pensija 1989-1995,1.113,46314281.7738
2020-06-12,ARTEA,Artea pensija 1989-1995,1.1191,46593110.9916
2020-06-15,ARTEA,Artea pensija 1989-1995,1.1111,46255106.5408
2020-06-16,ARTEA,Artea pensija 1989-1995,1.1409,47504363.1448
2020-06-17,ARTEA,Artea pensija 1989-1995,1.1461,47718528.5578
2020-06-18,ARTEA,Artea pensija 1989-1995,1.1427,47595665.2281
2020-06-19,ARTEA,Artea pensija 1989-1995,1.1502,47903613.0335
2020-06-22,ARTEA,Artea pensija 1989-1995,1.1408,47512827.3271
2020-06-23,ARTEA,Artea pensija 1989-1995,1.1485,47841884.8509
2020-06-25,ARTEA,Artea pensija 1989-1995,1.1305,47103617.8645
2020-06-26,ARTEA,Artea pensija 1989-1995,1.1248,46870534.3499
2020-06-29,ARTEA,Artea pensija 1989-1995,1.1266,46960119.3383
2020-06-30,ARTEA,Artea pensija 1989-1995,1.1338,47264231.7433
2020-07-01,ARTEA,Artea pensija 1989-1995,1.1378,47425176.8242
2020-07-02,ARTEA,Artea pensija 1989-1995,1.1552,48171319.123
2020-07-03,ARTEA,Artea pensija 1989-1995,1.1516,48045496.9087
2020-07-07,ARTEA,Artea pensija 1989-1995,1.1632,48537841.1201
2020-07-08,ARTEA,Artea pensija 1989-1995,1.157,48277325.3717
2020-07-09,ARTEA,Artea pensija 1989-1995,1.1553,48217256.7759
2020-07-10,ARTEA,Artea pensija 1989-1995,1.1607,49363600.7716
2020-07-13,ARTEA,Artea pensija 1989-1995,1.1708,49790945.4634
2020-07-14,ARTEA,Artea pensija 1989-1995,1.1548,49065074.1507
2020-07-15,ARTEA,Artea pensija 1989-1995,1.1682,49624004.8741
2020-07-16,ARTEA,Artea pensija 1989-1995,1.1604,49338009.0388
2020-07-17,ARTEA,Artea pensija 1989-1995,1.164,49499872.7253
2020-07-20,ARTEA,Artea pensija 1989-1995,1.1698,49750903.9746
2020-07-21,ARTEA,Artea pensija 1989-1995,1.1771,50051630.8733
2020-07-22,ARTEA,Artea pensija 1989-1995,1.1656,49557048.703
2020-07-23,ARTEA,Artea pensija 1989-1995,1.1657,49567068.539
2020-07-24,ARTEA,Artea pensija 1989-1995,1.1483,48830229.5194
2020-07-27,ARTEA,Artea pensija 1989-1995,1.1432,48607196.4851
2020-07-28,ARTEA,Artea pensija 1989-1995,1.1491,48866123.3833
2020-07-29,ARTEA,Artea pensija 1989-1995,1.1494,48880105.4661
2020-07-30,ARTEA,Artea pensija 1989-1995,1.1391,48448283.868
2020-07-31,ARTEA,Artea pensija 1989-1995,1.1347,48263310.64
2020-08-03,ARTEA,Artea pensija 1989-1995,1.1547,49115503.8481
2020-08-04,ARTEA,Artea pensija 1989-1995,1.1566,49208382.5537
2020-08-05,ARTEA,Artea pensija 1989-1995,1.158,49265613.7051
2020-08-06,ARTEA,Artea pensija 1989-1995,1.1587,49309077.6768
2020-08-07,ARTEA,Artea pensija 1989-1995,1.1643,49546832.6871
2020-08-10,ARTEA,Artea pensija 1989-1995,1.1676,50642005.4355
2020-08-11,ARTEA,Artea pensija 1989-1995,1.1755,50985426.5091
2020-08-12,ARTEA,Artea pensija 1989-1995,1.1796,51136540.0271
2020-08-13,ARTEA,Artea pensija 1989-1995,1.176,50918851.5184
2020-08-14,ARTEA,Artea pensija 1989-1995,1.1726,50813144.3551
2020-08-17,ARTEA,Artea pensija 1989-1995,1.1745,50894613.7263
2020-08-18,ARTEA,Artea pensija 1989-1995,1.1698,50693724.954
2020-08-19,ARTEA,Artea pensija 1989-1995,1.174,50866662.1052
2020-08-20,ARTEA,Artea pensija 1989-1995,1.1685,50625340.3541
2020-08-21,ARTEA,Artea pensija 1989-1995,1.1756,50940294.5011
2020-08-24,ARTEA,Artea pensija 1989-1995,1.1852,51356395.4644
2020-08-25,ARTEA,Artea pensija 1989-1995,1.1866,51420714.4157
2020-08-26,ARTEA,Artea pensija 1989-1995,1.1946,51764682.0558
2020-08-27,ARTEA,Artea pensija 1989-1995,1.1985,51948748.1526
2020-08-28,ARTEA,Artea pensija 1989-1995,1.1921,51681894.2662
2020-08-31,ARTEA,Artea pensija 1989-1995,1.1835,51314207.9454
2020-09-01,ARTEA,Artea pensija 1989-1995,1.1905,51618752.6473
2020-09-02,ARTEA,Artea pensija 1989-1995,1.2038,52209228.7938
2020-09-03,ARTEA,Artea pensija 1989-1995,1.1859,51435211.0633
2020-09-04,ARTEA,Artea pensija 1989-1995,1.1706,50780705.7328
2020-09-07,ARTEA,Artea pensija 1989-1995,1.1819,51266931.7633
2020-09-08,ARTEA,Artea pensija 1989-1995,1.1643,50505309.7886
2020-09-09,ARTEA,Artea pensija 1989-1995,1.1749,50983822.3044
2020-09-10,ARTEA,Artea pensija 1989-1995,1.1684,51674269.0333
2020-09-11,ARTEA,Artea pensija 1989-1995,1.1659,51564804.1646
2020-09-14,ARTEA,Artea pensija 1989-1995,1.1748,51927909.6547
2020-09-15,ARTEA,Artea pensija 1989-1995,1.1842,52338759.5979
2020-09-16,ARTEA,Artea pensija 1989-1995,1.1878,52532676.2968
2020-09-17,ARTEA,Artea pensija 1989-1995,1.177,52057184.9712
2020-09-18,ARTEA,Artea pensija 1989-1995,1.1695,51726058.6886
2020-09-21,ARTEA,Artea pensija 1989-1995,1.1488,50803356.2478
2020-09-22,ARTEA,Artea pensija 1989-1995,1.1562,51130883.9012
2020-09-23,ARTEA,Artea pensija 1989-1995,1.1596,51270831.678
2020-09-24,ARTEA,Artea pensija 1989-1995,1.1488,50795597.897
2020-09-25,ARTEA,Artea pensija 1989-1995,1.1547,51044418.7317
2020-09-28,ARTEA,Artea pensija 1989-1995,1.1738,51883801.4121
2020-09-29,ARTEA,Artea pensija 1989-1995,1.1646,51486421.8432
2020-09-30,ARTEA,Artea pensija 1989-1995,1.1728,51860682.6228
2020-10-01,ARTEA,Artea pensija 1989-1995,1.1755,51979410.2714
2020-10-02,ARTEA,Artea pensija 1989-1995,1.1746,51936968.6108
2020-10-05,ARTEA,Artea pensija 1989-1995,1.1815,52244835.4949
2020-10-06,ARTEA,Artea pensija 1989-1995,1.1854,52410408.3797
2020-10-07,ARTEA,Artea pensija 1989-1995,1.1899,52619805.0661
2020-10-08,ARTEA,Artea pensija 1989-1995,1.1979,53924024.2807
2020-10-09,ARTEA,Artea pensija 1989-1995,1.2019,54103273.8975
2020-10-12,ARTEA,Artea pensija 1989-1995,1.2137,54592073.9063
2020-10-13,ARTEA,Artea pensija 1989-1995,1.2138,54599184.4694
2020-10-14,ARTEA,Artea pensija 1989-1995,1.2116,54505037.6715
2020-10-15,ARTEA,Artea pensija 1989-1995,1.2013,54034006.3653
2020-10-16,ARTEA,Artea pensija 1989-1995,1.209,54384997.5944
2020-10-19,ARTEA,Artea pensija 1989-1995,1.1999,53986040.1616
2020-10-20,ARTEA,Artea pensija 1989-1995,1.1924,53645813.7868
2020-10-21,ARTEA,Artea pensija 1989-1995,1.1885,53481345.3968
2020-10-22,ARTEA,Artea pensija 1989-1995,1.19,53532323.9362
2020-10-23,ARTEA,Artea pensija 1989-1995,1.1937,53695771.8612
2020-10-26,ARTEA,Artea pensija 1989-1995,1.1778,52989705.6837
2020-10-27,ARTEA,Artea pensija 1989-1995,1.1766,52948995.9309
2020-10-28,ARTEA,Artea pensija 1989-1995,1.1555,52003323.0489
2020-10-29,ARTEA,Artea pensija 1989-1995,1.1629,52319599.9679
2020-10-30,ARTEA,Artea pensija 1989-1995,1.1557,52001648.0843
2020-11-03,ARTEA,Artea pensija 1989-1995,1.1845,53294624.5244
2020-11-04,ARTEA,Artea pensija 1989-1995,1.206,54259492.2371
2020-11-05,ARTEA,Artea pensija 1989-1995,1.2131,54558774.6318
2020-11-06,ARTEA,Artea pensija 1989-1995,1.2088,54357921.3869
2020-11-09,ARTEA,Artea pensija 1989-1995,1.2452,56000500.2526
2020-11-10,ARTEA,Artea pensija 1989-1995,1.2357,55578102.7396
2020-11-11,ARTEA,Artea pensija 1989-1995,1.248,56142697.7859
2020-11-12,ARTEA,Artea pensija 1989-1995,1.2395,56727998.8362
2020-11-13,ARTEA,Artea pensija 1989-1995,1.2409,56797213.039
2020-11-16,ARTEA,Artea pensija 1989-1995,1.2587,57554412.9283
2020-11-17,ARTEA,Artea pensija 1989-1995,1.2541,57346780.3865
2020-11-18,ARTEA,Artea pensija 1989-1995,1.2575,57513818.742
2020-11-19,ARTEA,Artea pensija 1989-1995,1.2488,57132093.0019
2020-11-20,ARTEA,Artea pensija 1989-1995,1.2534,57352015.7335
2020-11-23,ARTEA,Artea pensija 1989-1995,1.2577,57542112.2139
2020-11-24,ARTEA,Artea pensija 1989-1995,1.2714,58174183.8967
2020-11-25,ARTEA,Artea pensija 1989-1995,1.266,57911014.1437
2020-11-26,ARTEA,Artea pensija 1989-1995,1.2682,58021961.7862
2020-11-27,ARTEA,Artea pensija 1989-1995,1.2683,58014119.4013
2020-11-30,ARTEA,Artea pensija 1989-1995,1.255,57417410.303
2020-12-01,ARTEA,Artea pensija 1989-1995,1.2642,57839431.3054
2020-12-02,ARTEA,Artea pensija 1989-1995,1.2595,57634160.29
2020-12-03,ARTEA,Artea pensija 1989-1995,1.2622,57758817.5223
2020-12-04,ARTEA,Artea pensija 1989-1995,1.2702,58129662.7256
2020-12-07,ARTEA,Artea pensija 1989-1995,1.27,58132188.0931
2020-12-08,ARTEA,Artea pensija 1989-1995,1.2731,58258482.7259
2020-12-09,ARTEA,Artea pensija 1989-1995,1.2751,58359914.4239
2020-12-10,ARTEA,Artea pensija 1989-1995,1.2705,59126536.427
2020-12-11,ARTEA,Artea pensija 1989-1995,1.2649,58863499.595
2020-12-14,ARTEA,Artea pensija 1989-1995,1.268,58963959.0148
2020-12-15,ARTEA,Artea pensija 1989-1995,1.2681,58990980.8157
2020-12-16,ARTEA,Artea pensija 1989-1995,1.2755,59358538.5108
2020-12-17,ARTEA,Artea pensija 1989-1995,1.2758,59360130.5065
2020-12-18,ARTEA,Artea pensija 1989-1995,1.2748,59311395.2144
2020-12-21,ARTEA,Artea pensija 1989-1995,1.2598,58614816.2174
2020-12-22,ARTEA,Artea pensija 1989-1995,1.2679,58987144.4779
2020-12-23,ARTEA,Artea pensija 1989-1995,1.2757,59354685.8555
2020-12-28,ARTEA,Artea pensija 1989-1995,1.2804,59592006.1651
2020-12-29,ARTEA,Artea pensija 1989-1995,1.2819,59675717.105
2020-12-30,ARTEA,Artea pensija 1989-1995,1.2834,59746504.6556
2020-12-31,ARTEA,Artea pensija 1989-1995,1.2836,59760929.1922
2021-01-04,ARTEA,Artea pensija 1989-1995,1.2817,59659071.4862
2021-01-05,ARTEA,Artea pensija 1989-1995,1.2868,59897674.3071
2021-01-06,ARTEA,Artea pensija 1989-1995,1.3037,60688912.0308
2021-01-07,ARTEA,Artea pensija 1989-1995,1.3116,61051320.4398
2021-01-08,ARTEA,Artea pensija 1989-1995,1.3238,61629809.988
2021-01-11,ARTEA,Artea pensija 1989-1995,1.3276,62765615.0541
2021-01-12,ARTEA,Artea pensija 1989-1995,1.3306,62904031.9683
2021-01-13,ARTEA,Artea pensija 1989-1995,1.3318,62928503.0063
2021-01-14,ARTEA,Artea pensija 1989-1995,1.3406,63343872.5668
2021-01-15,ARTEA,Artea pensija 1989-1995,1.3316,62932195.1783
2021-01-18,ARTEA,Artea pensija 1989-1995,1.3347,63111395.2598
2021-01-19,ARTEA,Artea pensija 1989-1995,1.3355,63170911.318
2021-01-20,ARTEA,Artea pensija 1989-1995,1.3488,63811281.7607
2021-01-21,ARTEA,Artea pensija 1989-1995,1.3466,63709958.2641
2021-01-22,ARTEA,Artea pensija 1989-1995,1.3371,63262544.1961
2021-01-25,ARTEA,Artea pensija 1989-1995,1.3389,63340716.7757
2021-01-26,ARTEA,Artea pensija 1989-1995,1.3404,63412947.5742
2021-01-27,ARTEA,Artea pensija 1989-1995,1.3265,62760586.1081
2021-01-28,ARTEA,Artea pensija 1989-1995,1.3266,62774173.3198
2021-01-29,ARTEA,Artea pensija 1989-1995,1.3059,61796513.0349
2021-02-01,ARTEA,Artea pensija 1989-1995,1.3185,62387189.5177
2021-02-02,ARTEA,Artea pensija 1989-1995,1.3452,63645475.2094
2021-02-03,ARTEA,Artea pensija 1989-1995,1.3459,63696720.5353
2021-02-04,ARTEA,Artea pensija 1989-1995,1.3561,64193682.4387
2021-02-05,ARTEA,Artea pensija 1989-1995,1.3615,64439191.5932
2021-02-08,ARTEA,Artea pensija 1989-1995,1.3658,64645279.5113
2021-02-09,ARTEA,Artea pensija 1989-1995,1.3655,64611648.5929
2021-02-10,ARTEA,Artea pensija 1989-1995,1.3642,64562947.9235
2021-02-11,ARTEA,Artea pensija 1989-1995,1.372,65962646.5288
2021-02-12,ARTEA,Artea pensija 1989-1995,1.3748,66098237.2735
2021-02-15,ARTEA,Artea pensija 1989-1995,1.3851,66528639.9725
2021-02-17,ARTEA,Artea pensija 1989-1995,1.3776,66176175.2815
2021-02-18,ARTEA,Artea pensija 1989-1995,1.3679,65749041.5039
2021-02-19,ARTEA,Artea pensija 1989-1995,1.3746,66087707.7769
2021-02-22,ARTEA,Artea pensija 1989-1995,1.3606,65417767.9991
2021-02-23,ARTEA,Artea pensija 1989-1995,1.3533,65092516.4107
2021-02-24,ARTEA,Artea pensija 1989-1995,1.3612,65480016.1483
2021-02-25,ARTEA,Artea pensija 1989-1995,1.3508,64989594.2619
2021-02-26,ARTEA,Artea pensija 1989-1995,1.3397,64454801.7321
2021-03-01,ARTEA,Artea pensija 1989-1995,1.3637,65630790.3019
2021-03-02,ARTEA,Artea pensija 1989-1995,1.3554,65227945.0868
2021-03-03,ARTEA,Artea pensija 1989-1995,1.3573,65324802.181
2021-03-04,ARTEA,Artea pensija 1989-1995,1.3495,64974773.2096
2021-03-05,ARTEA,Artea pensija 1989-1995,1.3381,65443650.36
2021-03-08,ARTEA,Artea pensija 1989-1995,1.3671,66863765.9034
2021-03-09,ARTEA,Artea pensija 1989-1995,1.3736,67127910.0974
2021-03-10,ARTEA,Artea pensija 1989-1995,1.3753,67249882.7133
2021-03-12,ARTEA,Artea pensija 1989-1995,1.3818,67573048.1601
2021-03-15,ARTEA,Artea pensija 1989-1995,1.3872,67818119.6011
2021-03-16,ARTEA,Artea pensija 1989-1995,1.3976,68327223.3315
2021-03-17,ARTEA,Artea pensija 1989-1995,1.3892,67923204.403
2021-03-18,ARTEA,Artea pensija 1989-1995,1.3936,68133320.7244
2021-03-19,ARTEA,Artea pensija 1989-1995,1.3867,67791174.2079
2021-03-22,ARTEA,Artea pensija 1989-1995,1.3858,67758444.3794
2021-03-23,ARTEA,Artea pensija 1989-1995,1.3861,67795718.8889
2021-03-24,ARTEA,Artea pensija 1989-1995,1.3816,67571886.894
2021-03-25,ARTEA,Artea pensija 1989-1995,1.3787,67438506.4841
2021-03-26,ARTEA,Artea pensija 1989-1995,1.3911,68047184.8002
2021-03-29,ARTEA,Artea pensija 1989-1995,1.3962,68298818.0282
2021-03-30,ARTEA,Artea pensija 1989-1995,1.4034,68685532.1652
2021-03-31,ARTEA,Artea pensija 1989-1995,1.4054,68817419.5371
2021-04-01,ARTEA,Artea pensija 1989-1995,1.4121,69143829.7095
2021-04-02,ARTEA,Artea pensija 1989-1995,1.4121,69138637.411
2021-04-06,ARTEA,Artea pensija 1989-1995,1.4202,69539277.6273
2021-04-07,ARTEA,Artea pensija 1989-1995,1.4103,69056332.0081
2021-04-08,ARTEA,Artea pensija 1989-1995,1.4152,69309603.5072
2021-04-09,ARTEA,Artea pensija 1989-1995,1.4168,69387108.4433
2021-04-12,ARTEA,Artea pensija 1989-1995,1.4144,69269509.1198
2021-04-13,ARTEA,Artea pensija 1989-1995,1.4152,69326124.6871
2021-04-14,ARTEA,Artea pensija 1989-1995,1.4189,70873430.3186
2021-04-15,ARTEA,Artea pensija 1989-1995,1.4238,71128045.4153
2021-04-16,ARTEA,Artea pensija 1989-1995,1.4282,71347904.8445
2021-04-19,ARTEA,Artea pensija 1989-1995,1.4202,70924615.863
2021-04-20,ARTEA,Artea pensija 1989-1995,1.4053,70230666.9454
2021-04-21,ARTEA,Artea pensija 1989-1995,1.4132,70695419.083
2021-04-22,ARTEA,Artea pensija 1989-1995,1.4232,71197489.5679
2021-04-23,ARTEA,Artea pensija 1989-1995,1.421,71101448.8251
2021-04-26,ARTEA,Artea pensija 1989-1995,1.4238,71277128.7722
2021-04-27,ARTEA,Artea pensija 1989-1995,1.4231,71254478.4823
2021-04-28,ARTEA,Artea pensija 1989-1995,1.4233,71266876.1135
2021-04-29,ARTEA,Artea pensija 1989-1995,1.4199,71112243.5085
2021-04-30,ARTEA,Artea pensija 1989-1995,1.421,71185986.1446
2021-05-03,ARTEA,Artea pensija 1989-1995,1.4248,71378258.1524
2021-05-04,ARTEA,Artea pensija 1989-1995,1.4129,70810522.643
2021-05-05,ARTEA,Artea pensija 1989-1995,1.4277,71564393.8788
2021-05-06,ARTEA,Artea pensija 1989-1995,1.4232,72565955.7058
2021-05-07,ARTEA,Artea pensija 1989-1995,1.4311,72971324.6069
2021-05-10,ARTEA,Artea pensija 1989-1995,1.4306,72899460.9473
2021-05-11,ARTEA,Artea pensija 1989-1995,1.407,71680491.2533
2021-05-12,ARTEA,Artea pensija 1989-1995,1.4026,71505719.6226
2021-05-13,ARTEA,Artea pensija 1989-1995,1.4018,71501718.6296
2021-05-14,ARTEA,Artea pensija 1989-1995,1.4136,72091847.4268
2021-05-17,ARTEA,Artea pensija 1989-1995,1.409,71863667.6824
2021-05-18,ARTEA,Artea pensija 1989-1995,1.4118,72005006.4975
2021-05-19,ARTEA,Artea pensija 1989-1995,1.3928,71050035.7115
2021-05-20,ARTEA,Artea pensija 1989-1995,1.4111,71984430.8525
2021-05-21,ARTEA,Artea pensija 1989-1995,1.4155,72218003.7996
2021-05-24,ARTEA,Artea pensija 1989-1995,1.4162,72273256.9953
2021-05-25,ARTEA,Artea pensija 1989-1995,1.4179,72362965.875
2021-05-26,ARTEA,Artea pensija 1989-1995,1.4229,72630647.9828
2021-05-27,ARTEA,Artea pensija 1989-1995,1.4286,72940867.9666
2021-05-28,ARTEA,Artea pensija 1989-1995,1.434,73222039.4671
2021-05-31,ARTEA,Artea pensija 1989-1995,1.4295,72984692.6788
2021-06-01,ARTEA,Artea pensija 1989-1995,1.436,73330440.6103
2021-06-02,ARTEA,Artea pensija 1989-1995,1.4412,73593105.7728
2021-06-03,ARTEA,Artea pensija 1989-1995,1.4433,73695513.8535
2021-06-04,ARTEA,Artea pensija 1989-1995,1.446,73824291.1617
2021-06-07,ARTEA,Artea pensija 1989-1995,1.4432,73691610.6415
2021-06-08,ARTEA,Artea pensija 1989-1995,1.4437,73732787.7193
2021-06-09,ARTEA,Artea pensija 1989-1995,1.4455,73835505.1535
2021-06-10,ARTEA,Artea pensija 1989-1995,1.4494,75297486.6123
2021-06-11,ARTEA,Artea pensija 1989-1995,1.4558,75629040.4063
2021-06-14,ARTEA,Artea pensija 1989-1995,1.4548,75510602.9578
2021-06-15,ARTEA,Artea pensija 1989-1995,1.4524,75413604.4433
2021-06-16,ARTEA,Artea pensija 1989-1995,1.455,75561600.6412
2021-06-17,ARTEA,Artea pensija 1989-1995,1.4647,76076439.1239
2021-06-18,ARTEA,Artea pensija 1989-1995,1.4539,75502632.2146
2021-06-21,ARTEA,Artea pensija 1989-1995,1.458,75730727.9791
2021-06-22,ARTEA,Artea pensija 1989-1995,1.4613,75912850.1155
2021-06-23,ARTEA,Artea pensija 1989-1995,1.4593,75829723.0709
2021-06-25,ARTEA,Artea pensija 1989-1995,1.4724,76519421.8774
2021-06-28,ARTEA,Artea pensija 1989-1995,1.4716,76485121.1661
2021-06-29,ARTEA,Artea pensija 1989-1995,1.4764,76745879.2941
2021-06-30,ARTEA,Artea pensija 1989-1995,1.4774,76809666.1914
2021-07-01,ARTEA,Artea pensija 1989-1995,1.4798,76940013.4553
2021-07-02,ARTEA,Artea pensija 1989-1995,1.4839,77143723.3481
2021-07-05,ARTEA,Artea pensija 1989-1995,1.4855,77241285.8385
2021-07-07,ARTEA,Artea pensija 1989-1995,1.487,77321262.827
2021-07-08,ARTEA,Artea pensija 1989-1995,1.4663,76258325.1339
2021-07-09,ARTEA,Artea pensija 1989-1995,1.4809,78173923.3834
2021-07-12,ARTEA,Artea pensija 1989-1995,1.4865,78468088.529
2021-07-13,ARTEA,Artea pensija 1989-1995,1.4951,78893163.623
2021-07-14,ARTEA,Artea pensija 1989-1995,1.49,78643364.2204
2021-07-15,ARTEA,Artea pensija 1989-1995,1.488,78546640.1104
2021-07-16,ARTEA,Artea pensija 1989-1995,1.4836,78317841.9941
2021-07-19,ARTEA,Artea pensija 1989-1995,1.4583,76980275.4774
2021-07-20,ARTEA,Artea pensija 1989-1995,1.4718,77690418.4598
2021-07-21,ARTEA,Artea pensija 1989-1995,1.4804,78159345.7323
2021-07-22,ARTEA,Artea pensija 1989-1995,1.4862,78448639.0842
2021-07-23,ARTEA,Artea pensija 1989-1995,1.4937,78851629.3992
2021-07-26,ARTEA,Artea pensija 1989-1995,1.4869,78489126.7317
2021-07-27,ARTEA,Artea pensija 1989-1995,1.4711,77679616.7249
2021-07-28,ARTEA,Artea pensija 1989-1995,1.4841,78372026.4312
2021-07-29,ARTEA,Artea pensija 1989-1995,1.4874,78556003.0774
2021-07-30,ARTEA,Artea pensija 1989-1995,1.4835,78348842.1987
2021-08-02,ARTEA,Artea pensija 1989-1995,1.4886,78622632.0737
2021-08-03,ARTEA,Artea pensija 1989-1995,1.4875,78559994.5164
2021-08-04,ARTEA,Artea pensija 1989-1995,1.4932,78854242.6924
2021-08-05,ARTEA,Artea pensija 1989-1995,1.4967,79048442.1946
2021-08-06,ARTEA,Artea pensija 1989-1995,1.5031,80544708.3235
2021-08-09,ARTEA,Artea pensija 1989-1995,1.5052,80654982.7655
2021-08-10,ARTEA,Artea pensija 1989-1995,1.5105,80903130.9159
2021-08-11,ARTEA,Artea pensija 1989-1995,1.5119,81006870.1566
2021-08-12,ARTEA,Artea pensija 1989-1995,1.513,81101433.6284
2021-08-13,ARTEA,Artea pensija 1989-1995,1.5101,80951934.1684
2021-08-16,ARTEA,Artea pensija 1989-1995,1.5063,80754583.4836
2021-08-17,ARTEA,Artea pensija 1989-1995,1.5059,80728995.3454
2021-08-18,ARTEA,Artea pensija 1989-1995,1.5077,80811710.1332
2021-08-19,ARTEA,Artea pensija 1989-1995,1.4898,79850131.814
2021-08-20,ARTEA,Artea pensija 1989-1995,1.4967,80231366.3413
2021-08-23,ARTEA,Artea pensija 1989-1995,1.505,80693459.3113
2021-08-24,ARTEA,Artea pensija 1989-1995,1.5123,81063539.0584
2021-08-25,ARTEA,Artea pensija 1989-1995,1.5146,81213519.8036
2021-08-26,ARTEA,Artea pensija 1989-1995,1.5085,80900021.8365
2021-08-27,ARTEA,Artea pensija 1989-1995,1.5148,81251005.8941
2021-08-30,ARTEA,Artea pensija 1989-1995,1.5199,81529959.5045
2021-08-31,ARTEA,Artea pensija 1989-1995,1.5215,81641855.8428
2021-09-01,ARTEA,Artea pensija 1989-1995,1.5221,81671820.8584
2021-09-02,ARTEA,Artea pensija 1989-1995,1.5271,81946728.4429
2021-09-03,ARTEA,Artea pensija 1989-1995,1.5266,81937082.0487
2021-09-06,ARTEA,Artea pensija 1989-1995,1.5352,82391674.3867
2021-09-07,ARTEA,Artea pensija 1989-1995,1.5275,81977686.4536
2021-09-08,ARTEA,Artea pensija 1989-1995,1.5208,81625885.7028
2021-09-09,ARTEA,Artea pensija 1989-1995,1.5206,82806799.727
2021-09-10,ARTEA,Artea pensija 1989-1995,1.5165,82583225.7583
2021-09-13,ARTEA,Artea pensija 1989-1995,1.5164,82540408.2304
2021-09-14,ARTEA,Artea pensija 1989-1995,1.5124,82336458.2833
2021-09-15,ARTEA,Artea pensija 1989-1995,1.5083,82119641.4317
2021-09-16,ARTEA,Artea pensija 1989-1995,1.5121,82332557.1994
2021-09-17,ARTEA,Artea pensija 1989-1995,1.5091,82151240.86
2021-09-20,ARTEA,Artea pensija 1989-1995,1.4836,80752305.5233
2021-09-21,ARTEA,Artea pensija 1989-1995,1.4925,81230995.0636
2021-09-22,ARTEA,Artea pensija 1989-1995,1.5009,81699327.6355
2021-09-23,ARTEA,Artea pensija 1989-1995,1.5109,82275373.1954
2021-09-24,ARTEA,Artea pensija 1989-1995,1.5058,81997347.5095
2021-09-27,ARTEA,Artea pensija 1989-1995,1.5097,82201857.2822
2021-09-28,ARTEA,Artea pensija 1989-1995,1.4875,80997993.8926
2021-09-29,ARTEA,Artea pensija 1989-1995,1.4954,81412655.2367
2021-09-30,ARTEA,Artea pensija 1989-1995,1.496,81458003.1151
2021-10-01,ARTEA,Artea pensija 1989-1995,1.4879,81031505.7305
2021-10-04,ARTEA,Artea pensija 1989-1995,1.4729,80220655.1658
2021-10-05,ARTEA,Artea pensija 1989-1995,1.4925,81277027.9627
2021-10-06,ARTEA,Artea pensija 1989-1995,1.4809,80661051.2991
2021-10-07,ARTEA,Artea pensija 1989-1995,1.5097,83429919.5012
2021-10-08,ARTEA,Artea pensija 1989-1995,1.5038,83074641.7218
2021-10-11,ARTEA,Artea pensija 1989-1995,1.5081,83297012.1012
2021-10-12,ARTEA,Artea pensija 1989-1995,1.5009,82867561.7642
2021-10-13,ARTEA,Artea pensija 1989-1995,1.499,82796910.3221
2021-10-14,ARTEA,Artea pensija 1989-1995,1.5168,83788790.6046
2021-10-15,ARTEA,Artea pensija 1989-1995,1.5284,84441018.4956
2021-10-18,ARTEA,Artea pensija 1989-1995,1.5267,84373907.9643
2021-10-19,ARTEA,Artea pensija 1989-1995,1.5335,84751030.851
2021-10-20,ARTEA,Artea pensija 1989-1995,1.5383,85040896.8303
2021-10-21,ARTEA,Artea pensija 1989-1995,1.5336,84779786.9726
2021-10-22,ARTEA,Artea pensija 1989-1995,1.5381,85020846.8063
2021-10-25,ARTEA,Artea pensija 1989-1995,1.5468,85526201.1784
2021-10-26,ARTEA,Artea pensija 1989-1995,1.5529,85886864.6492
2021-10-27,ARTEA,Artea pensija 1989-1995,1.5437,85381982.5196
2021-10-28,ARTEA,Artea pensija 1989-1995,1.5381,85068461.051
2021-10-29,ARTEA,Artea pensija 1989-1995,1.5489,85661855.1494
2021-11-03,ARTEA,Artea pensija 1989-1995,1.5557,86053917.411
2021-11-04,ARTEA,Artea pensija 1989-1995,1.566,86640330.0122
2021-11-05,ARTEA,Artea pensija 1989-1995,1.5711,86929655.3574
2021-11-08,ARTEA,Artea pensija 1989-1995,1.57,86897831.8068
2021-11-09,ARTEA,Artea pensija 1989-1995,1.5666,86702632.1637
2021-11-10,ARTEA,Artea pensija 1989-1995,1.5738,87114528.9535
2021-11-11,ARTEA,Artea pensija 1989-1995,1.5793,88626757.353
2021-11-12,ARTEA,Artea pensija 1989-1995,1.5862,89017582.7585
2021-11-15,ARTEA,Artea pensija 1989-1995,1.591,89209313.8004
2021-11-16,ARTEA,Artea pensija 1989-1995,1.6015,89834376.6988
2021-11-17,ARTEA,Artea pensija 1989-1995,1.5982,89715488.1698
2021-11-18,ARTEA,Artea pensija 1989-1995,1.5873,89103277.5064
2021-11-19,ARTEA,Artea pensija 1989-1995,1.591,89321248.5726
2021-11-22,ARTEA,Artea pensija 1989-1995,1.5971,89679477.8084
2021-11-23,ARTEA,Artea pensija 1989-1995,1.5818,88834290.5656
2021-11-24,ARTEA,Artea pensija 1989-1995,1.591,89361851.7248
2021-11-25,ARTEA,Artea pensija 1989-1995,1.5952,89626176.9223
2021-11-26,ARTEA,Artea pensija 1989-1995,1.5447,86804359.2146
2021-11-29,ARTEA,Artea pensija 1989-1995,1.5592,87627751.7492
2021-11-30,ARTEA,Artea pensija 1989-1995,1.5433,86739565.8179
2021-12-01,ARTEA,Artea pensija 1989-1995,1.56,87680872.4282
2021-12-02,ARTEA,Artea pensija 1989-1995,1.5425,86715415.0834
2021-12-03,ARTEA,Artea pensija 1989-1995,1.5383,86473195.6509
2021-12-06,ARTEA,Artea pensija 1989-1995,1.5516,87239852.4618
2021-12-07,ARTEA,Artea pensija 1989-1995,1.5836,89041858.9191
2021-12-08,ARTEA,Artea pensija 1989-1995,1.5727,88435218.2306
2021-12-09,ARTEA,Artea pensija 1989-1995,1.5768,89892321.5646
2021-12-10,ARTEA,Artea pensija 1989-1995,1.5703,89540606.5425
2021-12-13,ARTEA,Artea pensija 1989-1995,1.5659,89244328.4301
2021-12-14,ARTEA,Artea pensija 1989-1995,1.5574,88764318.8826
2021-12-15,ARTEA,Artea pensija 1989-1995,1.555,88687585.4138
2021-12-16,ARTEA,Artea pensija 1989-1995,1.5739,89769672.3544
2021-12-17,ARTEA,Artea pensija 1989-1995,1.5645,89252558.8055
2021-12-20,ARTEA,Artea pensija 1989-1995,1.5335,87496262.9887
2021-12-21,ARTEA,Artea pensija 1989-1995,1.5577,88904580.4234
2021-12-22,ARTEA,Artea pensija 1989-1995,1.5668,89434690.1977
2021-12-23,ARTEA,Artea pensija 1989-1995,1.5807,90239310.5334
2021-12-27,ARTEA,Artea pensija 1989-1995,1.5872,90620895.8223
2021-12-28,ARTEA,Artea pensija 1989-1995,1.5943,91047334.0464
2021-12-29,ARTEA,Artea pensija 1989-1995,1.5881,90701554.6218
2021-12-30,ARTEA,Artea pensija 1989-1995,1.5932,90995018.9599
2021-12-31,ARTEA,Artea pensija 1989-1995,1.5935,91015653.5731
2022-01-03,ARTEA,Artea pensija 1989-1995,1.5944,91095668.8836
2022-01-04,ARTEA,Artea pensija 1989-1995,1.6025,91564225.0858
2022-01-05,ARTEA,Artea pensija 1989-1995,1.5974,91278045.4644
2022-01-06,ARTEA,Artea pensija 1989-1995,1.5799,90286015.9161
2022-01-07,ARTEA,Artea pensija 1989-1995,1.5739,89960791.261
2022-01-10,ARTEA,Artea pensija 1989-1995,1.5605,90405638.0902
2022-01-11,ARTEA,Artea pensija 1989-1995,1.5761,91306224.7191
2022-01-12,ARTEA,Artea pensija 1989-1995,1.5836,91666690.3638
2022-01-13,ARTEA,Artea pensija 1989-1995,1.5808,91528686.4951
2022-01-14,ARTEA,Artea pensija 1989-1995,1.5648,90650893.8868
2022-01-17,ARTEA,Artea pensija 1989-1995,1.5746,91226752.0277
2022-01-18,ARTEA,Artea pensija 1989-1995,1.5607,90422450.9924
2022-01-19,ARTEA,Artea pensija 1989-1995,1.5571,90229280.3635
2022-01-20,ARTEA,Artea pensija 1989-1995,1.5696,90968444.9764
2022-01-21,ARTEA,Artea pensija 1989-1995,1.5404,89289754.1672
2022-01-24,ARTEA,Artea pensija 1989-1995,1.4914,86435976.7483
2022-01-25,ARTEA,Artea pensija 1989-1995,1.5017,87049558.0487
2022-01-26,ARTEA,Artea pensija 1989-1995,1.5244,88358913.3767
2022-01-27,ARTEA,Artea pensija 1989-1995,1.5303,88728005.9524
2022-01-28,ARTEA,Artea pensija 1989-1995,1.5168,87955675.7555
2022-01-31,ARTEA,Artea pensija 1989-1995,1.5396,89287338.2344
2022-02-01,ARTEA,Artea pensija 1989-1995,1.5526,90046998.5351
2022-02-02,ARTEA,Artea pensija 1989-1995,1.5537,90105955.4844
2022-02-03,ARTEA,Artea pensija 1989-1995,1.5324,88870723.5448
2022-02-04,ARTEA,Artea pensija 1989-1995,1.5206,88183167.9238
2022-02-07,ARTEA,Artea pensija 1989-1995,1.5272,88558037.5628
2022-02-08,ARTEA,Artea pensija 1989-1995,1.5359,89063315.6059
2022-02-09,ARTEA,Artea pensija 1989-1995,1.5539,90124725.6134
2022-02-10,ARTEA,Artea pensija 1989-1995,1.5493,91147774.8977
2022-02-11,ARTEA,Artea pensija 1989-1995,1.5452,90906174.376
2022-02-14,ARTEA,Artea pensija 1989-1995,1.5304,89962126.1174
2022-02-15,ARTEA,Artea pensija 1989-1995,1.5424,90689486.4421
2022-02-17,ARTEA,Artea pensija 1989-1995,1.5339,90250208.8837
2022-02-18,ARTEA,Artea pensija 1989-1995,1.5208,89476704.5646
2022-02-21,ARTEA,Artea pensija 1989-1995,1.507,88665292.9562
2022-02-22,ARTEA,Artea pensija 1989-1995,1.5072,88668262.0802
2022-02-23,ARTEA,Artea pensija 1989-1995,1.5007,88296009.5223
2022-02-24,ARTEA,Artea pensija 1989-1995,1.4689,86414117.6568
2022-02-25,ARTEA,Artea pensija 1989-1995,1.5033,88396216.6292
2022-02-28,ARTEA,Artea pensija 1989-1995,1.506,88543714.5295
2022-03-01,ARTEA,Artea pensija 1989-1995,1.4964,87962743.2853
2022-03-02,ARTEA,Artea pensija 1989-1995,1.5066,88563733.7963
2022-03-03,ARTEA,Artea pensija 1989-1995,1.5026,88340209.0801
2022-03-04,ARTEA,Artea pensija 1989-1995,1.4877,87494871.5611
2022-03-07,ARTEA,Artea pensija 1989-1995,1.4788,86947894.6241
2022-03-08,ARTEA,Artea pensija 1989-1995,1.4621,85993052.6126
2022-03-09,ARTEA,Artea pensija 1989-1995,1.4772,86907869.9977
2022-03-10,ARTEA,Artea pensija 1989-1995,1.4674,87680321.7067
2022-03-14,ARTEA,Artea pensija 1989-1995,1.4661,87593073.419
2022-03-15,ARTEA,Artea pensija 1989-1995,1.4723,87916710.2128
2022-03-16,ARTEA,Artea pensija 1989-1995,1.4997,89582339.5485
2022-03-17,ARTEA,Artea pensija 1989-1995,1.5035,89852632.2389
2022-03-18,ARTEA,Artea pensija 1989-1995,1.5206,90914281.318
2022-03-21,ARTEA,Artea pensija 1989-1995,1.5229,91055264.1431
2022-03-22,ARTEA,Artea pensija 1989-1995,1.5374,91925831.4339
2022-03-23,ARTEA,Artea pensija 1989-1995,1.5333,91696777.6033
2022-03-24,ARTEA,Artea pensija 1989-1995,1.5335,91712622.9413
2022-03-25,ARTEA,Artea pensija 1989-1995,1.5377,91988563.3082
2022-03-28,ARTEA,Artea pensija 1989-1995,1.5387,92060195.5504
2022-03-29,ARTEA,Artea pensija 1989-1995,1.5477,92617410.2312
2022-03-30,ARTEA,Artea pensija 1989-1995,1.5444,92453621.8434
2022-03-31,ARTEA,Artea pensija 1989-1995,1.541,92290326.5244
2022-04-01,ARTEA,Artea pensija 1989-1995,1.5403,92254194.305
2022-04-04,ARTEA,Artea pensija 1989-1995,1.5574,93293522.6242
2022-04-05,ARTEA,Artea pensija 1989-1995,1.5612,93519415.9044
2022-04-06,ARTEA,Artea pensija 1989-1995,1.54,92279957.0392
2022-04-07,ARTEA,Artea pensija 1989-1995,1.5356,93403911.0325
2022-04-08,ARTEA,Artea pensija 1989-1995,1.5513,94360623.5301
2022-04-11,ARTEA,Artea pensija 1989-1995,1.5367,93417440.2368
2022-04-12,ARTEA,Artea pensija 1989-1995,1.5414,93737803.0704
2022-04-13,ARTEA,Artea pensija 1989-1995,1.5388,93631402.3838
2022-04-14,ARTEA,Artea pensija 1989-1995,1.5462,94093675.4792
2022-04-15,ARTEA,Artea pensija 1989-1995,1.5475,94174523.1672
2022-04-19,ARTEA,Artea pensija 1989-1995,1.544,93959557.66
2022-04-20,ARTEA,Artea pensija 1989-1995,1.5466,94127700.6321
2022-04-21,ARTEA,Artea pensija 1989-1995,1.5433,93942517.5115
2022-04-22,ARTEA,Artea pensija 1989-1995,1.5177,92401957.6437
2022-04-25,ARTEA,Artea pensija 1989-1995,1.496,91075796.3755
2022-04-26,ARTEA,Artea pensija 1989-1995,1.4951,91026064.8489
2022-04-27,ARTEA,Artea pensija 1989-1995,1.5079,91818716.7112
2022-04-28,ARTEA,Artea pensija 1989-1995,1.5144,92242412.8181
2022-04-29,ARTEA,Artea pensija 1989-1995,1.5247,92899500.282
2022-05-02,ARTEA,Artea pensija 1989-1995,1.4988,91324621.3228
2022-05-03,ARTEA,Artea pensija 1989-1995,1.5127,92185073.5788
2022-05-04,ARTEA,Artea pensija 1989-1995,1.4987,91335825.9859
2022-05-05,ARTEA,Artea pensija 1989-1995,1.4983,91313888.5713
2022-05-06,ARTEA,Artea pensija 1989-1995,1.4789,90145746.6264
2022-05-09,ARTEA,Artea pensija 1989-1995,1.451,88460912.7437
2022-05-10,ARTEA,Artea pensija 1989-1995,1.4434,88018910.0728
2022-05-11,ARTEA,Artea pensija 1989-1995,1.4586,88950642.6763
2022-05-12,ARTEA,Artea pensija 1989-1995,1.4503,90381719.473
2022-05-13,ARTEA,Artea pensija 1989-1995,1.4784,92132383.4861
2022-05-16,ARTEA,Artea pensija 1989-1995,1.4752,91877672.0472
2022-05-17,ARTEA,Artea pensija 1989-1995,1.4836,92376610.5427
2022-05-18,ARTEA,Artea pensija 1989-1995,1.4691,91587374.2425
2022-05-19,ARTEA,Artea pensija 1989-1995,1.4519,90522474.7592
2022-05-20,ARTEA,Artea pensija 1989-1995,1.4539,90654215.7119
2022-05-23,ARTEA,Artea pensija 1989-1995,1.4636,91274160.0591
2022-05-24,ARTEA,Artea pensija 1989-1995,1.4376,89670635.3488
2022-05-25,ARTEA,Artea pensija 1989-1995,1.4542,90686369.7728
2022-05-26,ARTEA,Artea pensija 1989-1995,1.4707,91775416.292
2022-05-27,ARTEA,Artea pensija 1989-1995,1.4914,93069690.0995
2022-05-30,ARTEA,Artea pensija 1989-1995,1.4997,93605703.1375
2022-05-31,ARTEA,Artea pensija 1989-1995,1.4933,93222018.243
2022-06-01,ARTEA,Artea pensija 1989-1995,1.4897,93010433.9481
2022-06-02,ARTEA,Artea pensija 1989-1995,1.4926,93196622.3047
2022-06-03,ARTEA,Artea pensija 1989-1995,1.4878,92913236.9705
2022-06-06,ARTEA,Artea pensija 1989-1995,1.4999,93653750.2877
2022-06-07,ARTEA,Artea pensija 1989-1995,1.4952,93372883.4948
2022-06-08,ARTEA,Artea pensija 1989-1995,1.4978,93528524.3437
2022-06-09,ARTEA,Artea pensija 1989-1995,1.4859,94355284.4089
2022-06-10,ARTEA,Artea pensija 1989-1995,1.4553,92432056.3443
2022-06-13,ARTEA,Artea pensija 1989-1995,1.4265,90588090.8085
2022-06-14,ARTEA,Artea pensija 1989-1995,1.42,90143941.2881
2022-06-15,ARTEA,Artea pensija 1989-1995,1.429,90779998.6528
2022-06-16,ARTEA,Artea pensija 1989-1995,1.3912,88377990.7732
2022-06-17,ARTEA,Artea pensija 1989-1995,1.393,88488301.0674
2022-06-20,ARTEA,Artea pensija 1989-1995,1.3979,88795249.0145
2022-06-21,ARTEA,Artea pensija 1989-1995,1.4091,89528853.2064
2022-06-22,ARTEA,Artea pensija 1989-1995,1.4013,89069417.3407
2022-06-23,ARTEA,Artea pensija 1989-1995,1.4028,89184464.1351
2022-06-27,ARTEA,Artea pensija 1989-1995,1.4343,91193949.7169
2022-06-28,ARTEA,Artea pensija 1989-1995,1.4364,91342627.7342
2022-06-29,ARTEA,Artea pensija 1989-1995,1.4284,90849912.6822
2022-06-30,ARTEA,Artea pensija 1989-1995,1.4155,90031596.244
2022-07-01,ARTEA,Artea pensija 1989-1995,1.4212,90430612.2129
2022-07-04,ARTEA,Artea pensija 1989-1995,1.4256,90765163.7804
2022-07-05,ARTEA,Artea pensija 1989-1995,1.4206,90462578.136
2022-07-07,ARTEA,Artea pensija 1989-1995,1.468,93497933.5736
2022-07-08,ARTEA,Artea pensija 1989-1995,1.4722,93773749.4393
2022-07-11,ARTEA,Artea pensija 1989-1995,1.464,94730847.3093
2022-07-12,ARTEA,Artea pensija 1989-1995,1.4659,94854065.2506
2022-07-13,ARTEA,Artea pensija 1989-1995,1.4491,93765536.8213
2022-07-14,ARTEA,Artea pensija 1989-1995,1.4381,93037163.0874
2022-07-15,ARTEA,Artea pensija 1989-1995,1.4564,94283111.1158
2022-07-18,ARTEA,Artea pensija 1989-1995,1.4641,94839989.4092
2022-07-19,ARTEA,Artea pensija 1989-1995,1.4647,94900178.576
2022-07-20,ARTEA,Artea pensija 1989-1995,1.4781,95781079.8267
2022-07-21,ARTEA,Artea pensija 1989-1995,1.4812,95974639.133
2022-07-22,ARTEA,Artea pensija 1989-1995,1.4817,96016704.8794
2022-07-25,ARTEA,Artea pensija 1989-1995,1.4837,96140102.2524
2022-07-26,ARTEA,Artea pensija 1989-1995,1.4842,96186551.3428
2022-07-27,ARTEA,Artea pensija 1989-1995,1.4934,96818939.4374
2022-07-28,ARTEA,Artea pensija 1989-1995,1.508,97780035.7945
2022-07-29,ARTEA,Artea pensija 1989-1995,1.5148,98236337.5869
2022-08-01,ARTEA,Artea pensija 1989-1995,1.5149,98225551.5815
2022-08-02,ARTEA,Artea pensija 1989-1995,1.5164,98317626.4508
2022-08-03,ARTEA,Artea pensija 1989-1995,1.5268,98995553.9183
2022-08-04,ARTEA,Artea pensija 1989-1995,1.5224,98725770.2548
2022-08-05,ARTEA,Artea pensija 1989-1995,1.523,98775699.4754
2022-08-08,ARTEA,Artea pensija 1989-1995,1.5318,99352120.0929
2022-08-09,ARTEA,Artea pensija 1989-1995,1.5206,100050721.4704
2022-08-10,ARTEA,Artea pensija 1989-1995,1.5289,100591453.3489
2022-08-11,ARTEA,Artea pensija 1989-1995,1.5389,101226428.2605
2022-08-12,ARTEA,Artea pensija 1989-1995,1.5502,101972273.421
2022-08-16,ARTEA,Artea pensija 1989-1995,1.568,103180902.4863
2022-08-17,ARTEA,Artea pensija 1989-1995,1.5574,102486419.7989
2022-08-18,ARTEA,Artea pensija 1989-1995,1.5656,103028358.3719
2022-08-19,ARTEA,Artea pensija 1989-1995,1.5569,102380517.5017
2022-08-22,ARTEA,Artea pensija 1989-1995,1.5527,102110408.0442
2022-08-23,ARTEA,Artea pensija 1989-1995,1.5455,101642968.4063
2022-08-24,ARTEA,Artea pensija 1989-1995,1.5498,101921830.0046
2022-08-25,ARTEA,Artea pensija 1989-1995,1.5571,102403263.3538
2022-08-26,ARTEA,Artea pensija 1989-1995,1.5405,101322737.3473
2022-08-29,ARTEA,Artea pensija 1989-1995,1.5217,100158030.6136
2022-08-30,ARTEA,Artea pensija 1989-1995,1.5072,99222504.0915
2022-08-31,ARTEA,Artea pensija 1989-1995,1.4989,98691584.5143
2022-09-01,ARTEA,Artea pensija 1989-1995,1.4918,98211664.6765
2022-09-02,ARTEA,Artea pensija 1989-1995,1.5041,99017973.6505
2022-09-05,ARTEA,Artea pensija 1989-1995,1.4984,98657231.291
2022-09-06,ARTEA,Artea pensija 1989-1995,1.4948,98406995.8129
2022-09-07,ARTEA,Artea pensija 1989-1995,1.489,98047744.8609
2022-09-08,ARTEA,Artea pensija 1989-1995,1.503,100494530.8271
2022-09-09,ARTEA,Artea pensija 1989-1995,1.5126,101137015.9087
2022-09-12,ARTEA,Artea pensija 1989-1995,1.5206,101640301.5628
2022-09-13,ARTEA,Artea pensija 1989-1995,1.5026,100432124.4272
2022-09-14,ARTEA,Artea pensija 1989-1995,1.4933,99867879.5073
2022-09-15,ARTEA,Artea pensija 1989-1995,1.4864,99406073.5096
2022-09-16,ARTEA,Artea pensija 1989-1995,1.4648,97949661.9555
2022-09-19,ARTEA,Artea pensija 1989-1995,1.4667,98075085.0597
2022-09-20,ARTEA,Artea pensija 1989-1995,1.4654,97979135.2595
2022-09-21,ARTEA,Artea pensija 1989-1995,1.4779,98816319.2789
2022-09-22,ARTEA,Artea pensija 1989-1995,1.4546,97272412.77
2022-09-23,ARTEA,Artea pensija 1989-1995,1.4387,96214985.4451
2022-09-26,ARTEA,Artea pensija 1989-1995,1.4408,96382831.4777
2022-09-27,ARTEA,Artea pensija 1989-1995,1.4381,96193510.9258
2022-09-28,ARTEA,Artea pensija 1989-1995,1.4397,96322451.4029
2022-09-29,ARTEA,Artea pensija 1989-1995,1.4119,94500609.0696
2022-09-30,ARTEA,Artea pensija 1989-1995,1.4192,94983581.9946
2022-10-03,ARTEA,Artea pensija 1989-1995,1.4207,95090024.6019
2022-10-04,ARTEA,Artea pensija 1989-1995,1.4448,96717655.5487
2022-10-05,ARTEA,Artea pensija 1989-1995,1.4441,96675611.1342
2022-10-06,ARTEA,Artea pensija 1989-1995,1.451,97126902.1596
2022-10-07,ARTEA,Artea pensija 1989-1995,1.4308,95785754.7759
2022-10-10,ARTEA,Artea pensija 1989-1995,1.4243,95357883.0425
2022-10-11,ARTEA,Artea pensija 1989-1995,1.4161,94828765.0231
2022-10-12,ARTEA,Artea pensija 1989-1995,1.4113,94512135.2329
2022-10-13,ARTEA,Artea pensija 1989-1995,1.4136,96216848.3984
2022-10-14,ARTEA,Artea pensija 1989-1995,1.4154,96335520.9555
2022-10-17,ARTEA,Artea pensija 1989-1995,1.4273,97106201.524
2022-10-18,ARTEA,Artea pensija 1989-1995,1.4273,97150949.7891
2022-10-19,ARTEA,Artea pensija 1989-1995,1.4274,97195659.4278
2022-10-20,ARTEA,Artea pensija 1989-1995,1.4313,97462489.5747
2022-10-21,ARTEA,Artea pensija 1989-1995,1.4262,97113611.9445
2022-10-24,ARTEA,Artea pensija 1989-1995,1.4288,97298795.4852
2022-10-25,ARTEA,Artea pensija 1989-1995,1.4384,97926110.1185
2022-10-26,ARTEA,Artea pensija 1989-1995,1.4438,98326396.3456
2022-10-27,ARTEA,Artea pensija 1989-1995,1.4449,98395614.4986
2022-10-28,ARTEA,Artea pensija 1989-1995,1.4479,98603339.9279
2022-10-31,ARTEA,Artea pensija 1989-1995,1.4601,99445769.297
2022-11-03,ARTEA,Artea pensija 1989-1995,1.4542,99051884.2736
2022-11-04,ARTEA,Artea pensija 1989-1995,1.4507,98834309.2821
2022-11-07,ARTEA,Artea pensija 1989-1995,1.4556,99173218.9526
2022-11-08,ARTEA,Artea pensija 1989-1995,1.4647,99803882.0201
2022-11-09,ARTEA,Artea pensija 1989-1995,1.4527,99004403.7753
2022-11-10,ARTEA,Artea pensija 1989-1995,1.4765,102172522.7045
2022-11-11,ARTEA,Artea pensija 1989-1995,1.474,101998274.5682
2022-11-14,ARTEA,Artea pensija 1989-1995,1.4775,102196893.4175
2022-11-15,ARTEA,Artea pensija 1989-1995,1.4892,102977522.9023
2022-11-16,ARTEA,Artea pensija 1989-1995,1.4708,101804780.8555
2022-11-17,ARTEA,Artea pensija 1989-1995,1.4669,101544272.4016
2022-11-18,ARTEA,Artea pensija 1989-1995,1.4751,102122853.9792
2022-11-21,ARTEA,Artea pensija 1989-1995,1.4776,102307677.9865
2022-11-22,ARTEA,Artea pensija 1989-1995,1.4852,102842056.1468
2022-11-23,ARTEA,Artea pensija 1989-1995,1.4889,103102136.5012
2022-11-24,ARTEA,Artea pensija 1989-1995,1.4921,103334367.3633
2022-11-25,ARTEA,Artea pensija 1989-1995,1.4897,103168636.167
2022-11-28,ARTEA,Artea pensija 1989-1995,1.4825,102666784.4526
2022-11-29,ARTEA,Artea pensija 1989-1995,1.4836,102759682.9486
2022-11-30,ARTEA,Artea pensija 1989-1995,1.4943,103511116.9399
2022-12-01,ARTEA,Artea pensija 1989-1995,1.4998,103878846.91
2022-12-02,ARTEA,Artea pensija 1989-1995,1.4952,103622868.1857
2022-12-05,ARTEA,Artea pensija 1989-1995,1.4852,102942192.9983
2022-12-06,ARTEA,Artea pensija 1989-1995,1.473,102127482.0279
2022-12-07,ARTEA,Artea pensija 1989-1995,1.4666,101704754.973
2022-12-08,ARTEA,Artea pensija 1989-1995,1.4689,103411764.1121
2022-12-09,ARTEA,Artea pensija 1989-1995,1.475,103839954.3569
2022-12-12,ARTEA,Artea pensija 1989-1995,1.4675,103267373.3657
2022-12-13,ARTEA,Artea pensija 1989-1995,1.4819,104239362.493
2022-12-14,ARTEA,Artea pensija 1989-1995,1.4792,104043960.7893
2022-12-15,ARTEA,Artea pensija 1989-1995,1.4425,101510124.0312
2022-12-16,ARTEA,Artea pensija 1989-1995,1.4359,101066124.4327
2022-12-19,ARTEA,Artea pensija 1989-1995,1.4319,100797443.9464
2022-12-20,ARTEA,Artea pensija 1989-1995,1.4281,100530028.7847
2022-12-21,ARTEA,Artea pensija 1989-1995,1.4446,101661183.9279
2022-12-22,ARTEA,Artea pensija 1989-1995,1.4319,100745140.8542
2022-12-23,ARTEA,Artea pensija 1989-1995,1.4333,100857829.8252
2022-12-27,ARTEA,Artea pensija 1989-1995,1.4356,101001752.7
2022-12-28,ARTEA,Artea pensija 1989-1995,1.4292,100542686.4591
2022-12-29,ARTEA,Artea pensija 1989-1995,1.4386,101210265.5599
2022-12-30,ARTEA,Artea pensija 1989-1995,1.4295,100566184.3436
2023-01-02,ARTEA,Artea pensija 1989-1995,1.4482,101878901.6732
2023-01-03,ARTEA,Artea pensija 1989-1995,1.4454,101684359.3986
2023-01-04,ARTEA,Artea pensija 1989-1995,1.4585,102592703.2565
2023-01-05,ARTEA,Artea pensija 1989-1995,1.4546,102330992.4686
2023-01-06,ARTEA,Artea pensija 1989-1995,1.4659,103124683.3905
2023-01-09,ARTEA,Artea pensija 1989-1995,1.4737,103665810.6061
2023-01-10,ARTEA,Artea pensija 1989-1995,1.4631,102902446.3587
2023-01-11,ARTEA,Artea pensija 1989-1995,1.4711,103481108.9643
2023-01-12,ARTEA,Artea pensija 1989-1995,1.475,105302318.8513
2023-01-13,ARTEA,Artea pensija 1989-1995,1.4802,105675661.3131
2023-01-16,ARTEA,Artea pensija 1989-1995,1.483,105741277.9084
2023-01-17,ARTEA,Artea pensija 1989-1995,1.4879,106089622.7395
2023-01-18,ARTEA,Artea pensija 1989-1995,1.4804,105581804.9794
2023-01-19,ARTEA,Artea pensija 1989-1995,1.4703,104833762.5033
2023-01-20,ARTEA,Artea pensija 1989-1995,1.4784,105421628.879
2023-01-23,ARTEA,Artea pensija 1989-1995,1.4951,106624767.8758
2023-01-24,ARTEA,Artea pensija 1989-1995,1.4918,106393521.6823
2023-01-25,ARTEA,Artea pensija 1989-1995,1.4836,105804059.0019
2023-01-26,ARTEA,Artea pensija 1989-1995,1.496,106681142.8057
2023-01-27,ARTEA,Artea pensija 1989-1995,1.505,107316868.1002
2023-01-30,ARTEA,Artea pensija 1989-1995,1.5014,107065601.4476
2023-01-31,ARTEA,Artea pensija 1989-1995,1.4992,106906005.0238
2023-02-01,ARTEA,Artea pensija 1989-1995,1.4993,106917364.546
2023-02-02,ARTEA,Artea pensija 1989-1995,1.5231,108643218.4086
2023-02-03,ARTEA,Artea pensija 1989-1995,1.5285,109034119.3066
2023-02-06,ARTEA,Artea pensija 1989-1995,1.5203,108487187.9073
2023-02-07,ARTEA,Artea pensija 1989-1995,1.5236,108701263.0938
2023-02-08,ARTEA,Artea pensija 1989-1995,1.5223,108633672.2847
2023-02-09,ARTEA,Artea pensija 1989-1995,1.5255,110486386.3136
2023-02-10,ARTEA,Artea pensija 1989-1995,1.5187,109991714.0457
2023-02-13,ARTEA,Artea pensija 1989-1995,1.5252,110414052.1047
2023-02-14,ARTEA,Artea pensija 1989-1995,1.5257,110473621.2168
2023-02-15,ARTEA,Artea pensija 1989-1995,1.5321,110972724.3188
2023-02-17,ARTEA,Artea pensija 1989-1995,1.5204,110143165.8592
2023-02-20,ARTEA,Artea pensija 1989-1995,1.5257,110545594.8896
2023-02-21,ARTEA,Artea pensija 1989-1995,1.5125,109582805.099
2023-02-22,ARTEA,Artea pensija 1989-1995,1.5104,109420440.0503
2023-02-23,ARTEA,Artea pensija 1989-1995,1.5114,109475442.2884
2023-02-24,ARTEA,Artea pensija 1989-1995,1.5027,108911590.278
2023-02-27,ARTEA,Artea pensija 1989-1995,1.5097,109455360.8268
2023-02-28,ARTEA,Artea pensija 1989-1995,1.5061,109155569.5102
2023-03-01,ARTEA,Artea pensija 1989-1995,1.498,108546638.6411
2023-03-02,ARTEA,Artea pensija 1989-1995,1.504,108999919.0994
2023-03-03,ARTEA,Artea pensija 1989-1995,1.5198,110136167.7936
2023-03-06,ARTEA,Artea pensija 1989-1995,1.5203,110181325.2572
2023-03-07,ARTEA,Artea pensija 1989-1995,1.515,109793613.285
2023-03-08,ARTEA,Artea pensija 1989-1995,1.513,109666186.1401
2023-03-09,ARTEA,Artea pensija 1989-1995,1.5094,111107357.076
2023-03-10,ARTEA,Artea pensija 1989-1995,1.4854,109338431.875
2023-03-13,ARTEA,Artea pensija 1989-1995,1.4582,107260626.9591
2023-03-14,ARTEA,Artea pensija 1989-1995,1.4732,108409527.0531
2023-03-15,ARTEA,Artea pensija 1989-1995,1.4624,107642184.4387
2023-03-16,ARTEA,Artea pensija 1989-1995,1.4752,108577276.4793
2023-03-17,ARTEA,Artea pensija 1989-1995,1.466,107896899.7208
2023-03-20,ARTEA,Artea pensija 1989-1995,1.4646,107801639.688
2023-03-21,ARTEA,Artea pensija 1989-1995,1.4755,108579699.8801
2023-03-22,ARTEA,Artea pensija 1989-1995,1.4784,108829940.3752
2023-03-23,ARTEA,Artea pensija 1989-1995,1.4717,108335485.582
2023-03-24,ARTEA,Artea pensija 1989-1995,1.4669,107987382.5813
2023-03-27,ARTEA,Artea pensija 1989-1995,1.4738,108541447.5189
2023-03-28,ARTEA,Artea pensija 1989-1995,1.4708,108348504.3621
2023-03-29,ARTEA,Artea pensija 1989-1995,1.4805,109061991.1133
2023-03-30,ARTEA,Artea pensija 1989-1995,1.4861,109489368.6333
2023-03-31,ARTEA,Artea pensija 1989-1995,1.4979,110361327.5435
2023-04-03,ARTEA,Artea pensija 1989-1995,1.498,110377782.9585
2023-04-04,ARTEA,Artea pensija 1989-1995,1.4915,109888509.6764
2023-04-05,ARTEA,Artea pensija 1989-1995,1.4882,109657316.7665
2023-04-06,ARTEA,Artea pensija 1989-1995,1.4907,111539757.8852
2023-04-07,ARTEA,Artea pensija 1989-1995,1.4907,111527641.5504
2023-04-11,ARTEA,Artea pensija 1989-1995,1.5008,112191566.6795
2023-04-12,ARTEA,Artea pensija 1989-1995,1.4942,111708842.8909
2023-04-13,ARTEA,Artea pensija 1989-1995,1.4939,111746623.5216
2023-04-14,ARTEA,Artea pensija 1989-1995,1.5008,112255586.8055
2023-04-17,ARTEA,Artea pensija 1989-1995,1.507,112741210.036
2023-04-18,ARTEA,Artea pensija 1989-1995,1.5083,112827064.1565
2023-04-19,ARTEA,Artea pensija 1989-1995,1.5046,112560564.092
2023-04-20,ARTEA,Artea pensija 1989-1995,1.5022,112368479.1459
2023-04-21,ARTEA,Artea pensija 1989-1995,1.4972,111986046.966
2023-04-24,ARTEA,Artea pensija 1989-1995,1.4924,111605793.5796
2023-04-25,ARTEA,Artea pensija 1989-1995,1.4874,111226962.2133
2023-04-26,ARTEA,Artea pensija 1989-1995,1.4778,110521898.107
2023-04-27,ARTEA,Artea pensija 1989-1995,1.4858,111106623.4677
2023-04-28,ARTEA,Artea pensija 1989-1995,1.4948,111810278.7189
2023-05-02,ARTEA,Artea pensija 1989-1995,1.4824,110889137.8219
2023-05-03,ARTEA,Artea pensija 1989-1995,1.4819,110849276.3525
2023-05-04,ARTEA,Artea pensija 1989-1995,1.4779,110525658.7396
2023-05-05,ARTEA,Artea pensija 1989-1995,1.492,111581442.5406
2023-05-08,ARTEA,Artea pensija 1989-1995,1.4957,111846351.8393
2023-05-09,ARTEA,Artea pensija 1989-1995,1.4976,112002045.0368
2023-05-10,ARTEA,Artea pensija 1989-1995,1.4963,111923049.2468
2023-05-11,ARTEA,Artea pensija 1989-1995,1.4976,114352255.6094
2023-05-12,ARTEA,Artea pensija 1989-1995,1.5009,114587045.6166
2023-05-15,ARTEA,Artea pensija 1989-1995,1.5084,115111138.1879
2023-05-16,ARTEA,Artea pensija 1989-1995,1.5079,115045746.6094
2023-05-17,ARTEA,Artea pensija 1989-1995,1.5111,115369544.8637
2023-05-18,ARTEA,Artea pensija 1989-1995,1.5241,116351402.1566
2023-05-19,ARTEA,Artea pensija 1989-1995,1.5224,116180522.5579
2023-05-22,ARTEA,Artea pensija 1989-1995,1.5289,116681729.0646
2023-05-23,ARTEA,Artea pensija 1989-1995,1.5254,116380113.1031
2023-05-24,ARTEA,Artea pensija 1989-1995,1.5056,114854679.4596
2023-05-25,ARTEA,Artea pensija 1989-1995,1.5104,115232051.3527
2023-05-26,ARTEA,Artea pensija 1989-1995,1.5254,116360459.0867
2023-05-29,ARTEA,Artea pensija 1989-1995,1.5271,116480964.4801
2023-05-30,ARTEA,Artea pensija 1989-1995,1.5219,116056811.5052
2023-05-31,ARTEA,Artea pensija 1989-1995,1.5148,115509002.6343
2023-06-01,ARTEA,Artea pensija 1989-1995,1.5227,116098314.1694
2023-06-02,ARTEA,Artea pensija 1989-1995,1.5425,117597206.6137
2023-06-05,ARTEA,Artea pensija 1989-1995,1.5441,117720398.8573
2023-06-06,ARTEA,Artea pensija 1989-1995,1.5505,118200642.1017
2023-06-07,ARTEA,Artea pensija 1989-1995,1.551,118255440.601
2023-06-08,ARTEA,Artea pensija 1989-1995,1.5445,119820244.3192
2023-06-09,ARTEA,Artea pensija 1989-1995,1.5497,120228130.5238
2023-06-12,ARTEA,Artea pensija 1989-1995,1.5521,120333996.6006
2023-06-13,ARTEA,Artea pensija 1989-1995,1.5627,121130547.813
2023-06-14,ARTEA,Artea pensija 1989-1995,1.5616,121040729.3637
2023-06-15,ARTEA,Artea pensija 1989-1995,1.5566,120630662.5941
2023-06-16,ARTEA,Artea pensija 1989-1995,1.5612,120984780.6434
2023-06-19,ARTEA,Artea pensija 1989-1995,1.555,120476660.1692
2023-06-20,ARTEA,Artea pensija 1989-1995,1.5483,119971385.7768
2023-06-21,ARTEA,Artea pensija 1989-1995,1.5411,119417154.3859
2023-06-22,ARTEA,Artea pensija 1989-1995,1.5363,119035218.7706
2023-06-23,ARTEA,Artea pensija 1989-1995,1.5327,118755021.8139
2023-06-26,ARTEA,Artea pensija 1989-1995,1.5311,118626773.0477
2023-06-27,ARTEA,Artea pensija 1989-1995,1.5326,118732237.2049
2023-06-28,ARTEA,Artea pensija 1989-1995,1.5395,119266899.4461
2023-06-29,ARTEA,Artea pensija 1989-1995,1.5437,119611970.2158
2023-06-30,ARTEA,Artea pensija 1989-1995,1.5526,120289322.7957
2023-07-01,ARTEA,Artea pensija 1989-1995,1.5526,120289322.7957
2023-07-02,ARTEA,Artea pensija 1989-1995,1.5526,120289322.7957
2023-07-03,ARTEA,Artea pensija 1989-1995,1.5592,120798455.6134
2023-07-04,ARTEA,Artea pensija 1989-1995,1.5615,120993516.7438
2023-07-05,ARTEA,Artea pensija 1989-1995,1.5577,120722561.2312
2023-07-06,ARTEA,Artea pensija 1989-1995,1.5577,120722561.2312
2023-07-07,ARTEA,Artea pensija 1989-1995,1.5391,119277229.2808
2023-07-08,ARTEA,Artea pensija 1989-1995,1.5391,119277229.2808
2023-07-09,ARTEA,Artea pensija 1989-1995,1.5391,119277229.2808
2023-07-10,ARTEA,Artea pensija 1989-1995,1.5353,120726522.9585
2023-07-11,ARTEA,Artea pensija 1989-1995,1.5411,121185312.3453
2023-07-12,ARTEA,Artea pensija 1989-1995,1.5491,121743666.9682
2023-07-13,ARTEA,Artea pensija 1989-1995,1.55,121753460.1206
2023-07-14,ARTEA,Artea pensija 1989-1995,1.547,121505346.5573
2023-07-15,ARTEA,Artea pensija 1989-1995,1.547,121505346.5573
2023-07-16,ARTEA,Artea pensija 1989-1995,1.547,121505346.5573
2023-07-17,ARTEA,Artea pensija 1989-1995,1.5457,121406009.7714
2023-07-18,ARTEA,Artea pensija 1989-1995,1.5523,121883427.6176
2023-07-19,ARTEA,Artea pensija 1989-1995,1.5609,122558064.2291
2023-07-20,ARTEA,Artea pensija 1989-1995,1.5609,122570151.095
2023-07-21,ARTEA,Artea pensija 1989-1995,1.5637,122754299.1052
2023-07-22,ARTEA,Artea pensija 1989-1995,1.5637,122754299.1052
2023-07-23,ARTEA,Artea pensija 1989-1995,1.5637,122754299.1052
2023-07-24,ARTEA,Artea pensija 1989-1995,1.5708,123312348.1306
2023-07-25,ARTEA,Artea pensija 1989-1995,1.5779,123826825.1956
2023-07-26,ARTEA,Artea pensija 1989-1995,1.5748,123560506.2584
2023-07-27,ARTEA,Artea pensija 1989-1995,1.5885,124641473.5995
2023-07-28,ARTEA,Artea pensija 1989-1995,1.5899,124766926.5775
2023-07-29,ARTEA,Artea pensija 1989-1995,1.5899,124766926.5775
2023-07-30,ARTEA,Artea pensija 1989-1995,1.5899,124766926.5775
2023-07-31,ARTEA,Artea pensija 1989-1995,1.5905,124820803.1647
2023-08-01,ARTEA,Artea pensija 1989-1995,1.5875,124566605.701
2023-08-02,ARTEA,Artea pensija 1989-1995,1.5731,123422458.6364
2023-08-03,ARTEA,Artea pensija 1989-1995,1.569,123105946.0302
2023-08-04,ARTEA,Artea pensija 1989-1995,1.5686,123080287.6476
2023-08-05,ARTEA,Artea pensija 1989-1995,1.5686,123080287.6476
2023-08-06,ARTEA,Artea pensija 1989-1995,1.5686,123080287.6476
2023-08-07,ARTEA,Artea pensija 1989-1995,1.566,122884152.0677
2023-08-08,ARTEA,Artea pensija 1989-1995,1.5586,124067016.7131
2023-08-09,ARTEA,Artea pensija 1989-1995,1.5591,124104999.9483
2023-08-10,ARTEA,Artea pensija 1989-1995,1.5653,124521838.2582
2023-08-11,ARTEA,Artea pensija 1989-1995,1.556,123690003.46
2023-08-12,ARTEA,Artea pensija 1989-1995,1.556,123690003.46
2023-08-13,ARTEA,Artea pensija 1989-1995,1.556,123690003.46
2023-08-14,ARTEA,Artea pensija 1989-1995,1.5608,124108313.1895
2023-08-15,ARTEA,Artea pensija 1989-1995,1.5608,124108313.1895
2023-08-16,ARTEA,Artea pensija 1989-1995,1.5494,123179215.3551
2023-08-17,ARTEA,Artea pensija 1989-1995,1.5435,122711189.0181
2023-08-18,ARTEA,Artea pensija 1989-1995,1.5346,122000073.6837
2023-08-19,ARTEA,Artea pensija 1989-1995,1.5346,122000073.6837
2023-08-20,ARTEA,Artea pensija 1989-1995,1.5346,122000073.6837
2023-08-21,ARTEA,Artea pensija 1989-1995,1.5335,121894573.6366
2023-08-22,ARTEA,Artea pensija 1989-1995,1.5423,122613213.8839
2023-08-23,ARTEA,Artea pensija 1989-1995,1.5505,123246606.613
2023-08-24,ARTEA,Artea pensija 1989-1995,1.5487,123084208.3753
2023-08-25,ARTEA,Artea pensija 1989-1995,1.5488,123049156.5736
2023-08-26,ARTEA,Artea pensija 1989-1995,1.5488,123049156.5736
2023-08-27,ARTEA,Artea pensija 1989-1995,1.5488,123049156.5736
2023-08-28,ARTEA,Artea pensija 1989-1995,1.5586,123840146.7105
2023-08-29,ARTEA,Artea pensija 1989-1995,1.5671,124527769.9441
2023-08-30,ARTEA,Artea pensija 1989-1995,1.5648,124327613.9903
2023-08-31,ARTEA,Artea pensija 1989-1995,1.569,124601896.8604
2023-09-01,ARTEA,Artea pensija 1989-1995,1.5757,125109584.1134
2023-09-02,ARTEA,Artea pensija 1989-1995,1.5757,125109584.1134
2023-09-03,ARTEA,Artea pensija 1989-1995,1.5757,125109584.1134
2023-09-04,ARTEA,Artea pensija 1989-1995,1.5759,125123259.7146
2023-09-05,ARTEA,Artea pensija 1989-1995,1.5774,125235645.8413
2023-09-06,ARTEA,Artea pensija 1989-1995,1.5677,124489030.5853
2023-09-07,ARTEA,Artea pensija 1989-1995,1.5641,126027884.7489
2023-09-08,ARTEA,Artea pensija 1989-1995,1.5662,126192828.2063
2023-09-09,ARTEA,Artea pensija 1989-1995,1.5662,126192828.2063
2023-09-10,ARTEA,Artea pensija 1989-1995,1.5662,126192828.2063
2023-09-11,ARTEA,Artea pensija 1989-1995,1.5674,126218365.8579
2023-09-12,ARTEA,Artea pensija 1989-1995,1.5686,126153043.3998
2023-09-13,ARTEA,Artea pensija 1989-1995,1.5682,126152042.6655
2023-09-14,ARTEA,Artea pensija 1989-1995,1.5836,127375015.8657
2023-09-15,ARTEA,Artea pensija 1989-1995,1.5778,126875865.4518
2023-09-16,ARTEA,Artea pensija 1989-1995,1.5778,126875865.4518
2023-09-17,ARTEA,Artea pensija 1989-1995,1.5778,126875865.4518
2023-09-18,ARTEA,Artea pensija 1989-1995,1.5724,126444306.4251
2023-09-19,ARTEA,Artea pensija 1989-1995,1.5676,126005801.4925
2023-09-20,ARTEA,Artea pensija 1989-1995,1.572,126356079.5217
2023-09-21,ARTEA,Artea pensija 1989-1995,1.5534,124827985.757
2023-09-22,ARTEA,Artea pensija 1989-1995,1.5549,124936487.7246
2023-09-23,ARTEA,Artea pensija 1989-1995,1.5549,124936487.7246
2023-09-24,ARTEA,Artea pensija 1989-1995,1.5549,124936487.7246
2023-09-25,ARTEA,Artea pensija 1989-1995,1.5542,124878304.1916
2023-09-26,ARTEA,Artea pensija 1989-1995,1.5443,124032908.145
2023-09-27,ARTEA,Artea pensija 1989-1995,1.548,124288000.2546
2023-09-28,ARTEA,Artea pensija 1989-1995,1.5491,124334734.4296
2023-09-29,ARTEA,Artea pensija 1989-1995,1.5513,124477970.932
2023-09-30,ARTEA,Artea pensija 1989-1995,1.5513,124477970.932
2023-10-01,ARTEA,Artea pensija 1989-1995,1.5513,124477970.932
2023-10-02,ARTEA,Artea pensija 1989-1995,1.5487,124235298.9181
2023-10-03,ARTEA,Artea pensija 1989-1995,1.5351,123155970.5354
2023-10-04,ARTEA,Artea pensija 1989-1995,1.5293,122726246.3003
2023-10-05,ARTEA,Artea pensija 1989-1995,1.5306,124641097.8514
2023-10-06,ARTEA,Artea pensija 1989-1995,1.538,125234229.7817
2023-10-07,ARTEA,Artea pensija 1989-1995,1.538,125234229.7817
2023-10-08,ARTEA,Artea pensija 1989-1995,1.538,125234229.7817
2023-10-09,ARTEA,Artea pensija 1989-1995,1.5407,125376871.8706
2023-10-10,ARTEA,Artea pensija 1989-1995,1.5572,126594778.8274
2023-10-11,ARTEA,Artea pensija 1989-1995,1.5546,126406865.6579
2023-10-12,ARTEA,Artea pensija 1989-1995,1.5609,126895306.1179
2023-10-13,ARTEA,Artea pensija 1989-1995,1.5541,126323940.5082
2023-10-14,ARTEA,Artea pensija 1989-1995,1.5541,126323940.5082
2023-10-15,ARTEA,Artea pensija 1989-1995,1.5541,126323940.5082
2023-10-16,ARTEA,Artea pensija 1989-1995,1.559,126658008.0217
2023-10-17,ARTEA,Artea pensija 1989-1995,1.5572,126443855.5663
2023-10-18,ARTEA,Artea pensija 1989-1995,1.5477,125594529.8747
2023-10-19,ARTEA,Artea pensija 1989-1995,1.535,124491626.7093
2023-10-20,ARTEA,Artea pensija 1989-1995,1.5152,122839838.3915
2023-10-23,ARTEA,Artea pensija 1989-1995,1.5112,122462834.1779
2023-10-24,ARTEA,Artea pensija 1989-1995,1.5178,122950863.7502
2023-10-25,ARTEA,Artea pensija 1989-1995,1.5117,122402967.8227
2023-10-26,ARTEA,Artea pensija 1989-1995,1.506,121894688.9239
2023-10-27,ARTEA,Artea pensija 1989-1995,1.4981,121221198.2207
2023-10-30,ARTEA,Artea pensija 1989-1995,1.4987,121250637.1834
2023-10-31,ARTEA,Artea pensija 1989-1995,1.5048,121718338.5387
2023-11-03,ARTEA,Artea pensija 1989-1995,1.5423,124713685.5273
2023-11-06,ARTEA,Artea pensija 1989-1995,1.5411,124626296.5187
2023-11-07,ARTEA,Artea pensija 1989-1995,1.546,124968010.9084
2023-11-08,ARTEA,Artea pensija 1989-1995,1.5412,124598117.967
2023-11-09,ARTEA,Artea pensija 1989-1995,1.5453,126724214.1004
2023-11-10,ARTEA,Artea pensija 1989-1995,1.5411,126378745.6145
2023-11-13,ARTEA,Artea pensija 1989-1995,1.5506,126920130.6591
2023-11-14,ARTEA,Artea pensija 1989-1995,1.56,127680014.0388
2023-11-15,ARTEA,Artea pensija 1989-1995,1.5661,128132860.9134
2023-11-16,ARTEA,Artea pensija 1989-1995,1.5562,127272199.9795
2023-11-17,ARTEA,Artea pensija 1989-1995,1.5616,127634950.844
2023-11-20,ARTEA,Artea pensija 1989-1995,1.5634,127740769.0502
2023-11-21,ARTEA,Artea pensija 1989-1995,1.5625,127579230.0855
2023-11-22,ARTEA,Artea pensija 1989-1995,1.5706,128215522.8798
2023-11-23,ARTEA,Artea pensija 1989-1995,1.5717,128243109.5976
2023-11-24,ARTEA,Artea pensija 1989-1995,1.569,127996837.1402
2023-11-27,ARTEA,Artea pensija 1989-1995,1.5668,127715559.8844
2023-11-28,ARTEA,Artea pensija 1989-1995,1.5654,127577967.4445
2023-11-29,ARTEA,Artea pensija 1989-1995,1.5672,127707415.1558
2023-11-30,ARTEA,Artea pensija 1989-1995,1.5738,128221272.0436
2023-12-01,ARTEA,Artea pensija 1989-1995,1.5857,129130560.5186
2023-12-04,ARTEA,Artea pensija 1989-1995,1.5848,129014212.0366
2023-12-05,ARTEA,Artea pensija 1989-1995,1.5883,129278861.9297
2023-12-06,ARTEA,Artea pensija 1989-1995,1.593,129650544.5718
2023-12-07,ARTEA,Artea pensija 1989-1995,1.5924,131417131.491
2023-12-08,ARTEA,Artea pensija 1989-1995,1.5985,131920119.0173
2023-12-11,ARTEA,Artea pensija 1989-1995,1.6019,132197613.753
2023-12-12,ARTEA,Artea pensija 1989-1995,1.6006,131876700.6125
2023-12-13,ARTEA,Artea pensija 1989-1995,1.6025,132027598.7898
2023-12-14,ARTEA,Artea pensija 1989-1995,1.6086,132517819.0734
2023-12-15,ARTEA,Artea pensija 1989-1995,1.616,133107102.0155
2023-12-18,ARTEA,Artea pensija 1989-1995,1.6139,132939799.4564
2023-12-19,ARTEA,Artea pensija 1989-1995,1.617,133121228.3277
2023-12-20,ARTEA,Artea pensija 1989-1995,1.621,133417046.7363
2023-12-21,ARTEA,Artea pensija 1989-1995,1.6133,132747402.3154
2023-12-22,ARTEA,Artea pensija 1989-1995,1.6177,133070580.3549
2023-12-27,ARTEA,Artea pensija 1989-1995,1.6153,132812635.1167
2023-12-28,ARTEA,Artea pensija 1989-1995,1.6199,133139187.7957
2023-12-29,ARTEA,Artea pensija 1989-1995,1.6208,133178196.0853
2024-01-02,ARTEA,Artea pensija 1989-1995,1.6218,133238494.9763
2024-01-03,ARTEA,Artea pensija 1989-1995,1.6143,132538374.661
2024-01-04,ARTEA,Artea pensija 1989-1995,1.6143,132525759.0301
2024-01-05,ARTEA,Artea pensija 1989-1995,1.613,132372844.6279
2024-01-08,ARTEA,Artea pensija 1989-1995,1.6162,132601240.0178
2024-01-09,ARTEA,Artea pensija 1989-1995,1.6224,133064239.1224
2024-01-10,ARTEA,Artea pensija 1989-1995,1.6204,132911098.1618
2024-01-11,ARTEA,Artea pensija 1989-1995,1.6143,134183948.9234
2024-01-12,ARTEA,Artea pensija 1989-1995,1.6236,134943461.1483
2024-01-15,ARTEA,Artea pensija 1989-1995,1.6239,134728820.0075
2024-01-16,ARTEA,Artea pensija 1989-1995,1.6245,134721133.5965
2024-01-17,ARTEA,Artea pensija 1989-1995,1.6137,133814460.2529
2024-01-18,ARTEA,Artea pensija 1989-1995,1.6205,134332775.8886
2024-01-19,ARTEA,Artea pensija 1989-1995,1.6241,134584714.1278
2024-01-22,ARTEA,Artea pensija 1989-1995,1.6379,135690771.4427
2024-01-23,ARTEA,Artea pensija 1989-1995,1.6389,135715480.7346
2024-01-24,ARTEA,Artea pensija 1989-1995,1.6454,136172569.2349
2024-01-25,ARTEA,Artea pensija 1989-1995,1.6513,136611279.3464
2024-01-26,ARTEA,Artea pensija 1989-1995,1.6537,136771431.9525
2024-01-29,ARTEA,Artea pensija 1989-1995,1.6589,137150615.8879
2024-01-30,ARTEA,Artea pensija 1989-1995,1.6609,137225208.4747
2024-01-31,ARTEA,Artea pensija 1989-1995,1.6553,136710998.5558
2024-02-01,ARTEA,Artea pensija 1989-1995,1.6479,136057344.5076
2024-02-02,ARTEA,Artea pensija 1989-1995,1.6657,137450503.9433
2024-02-05,ARTEA,Artea pensija 1989-1995,1.6663,137463516.3895
2024-02-06,ARTEA,Artea pensija 1989-1995,1.6727,137935465.2341
2024-02-07,ARTEA,Artea pensija 1989-1995,1.6756,138201057.804
2024-02-08,ARTEA,Artea pensija 1989-1995,1.6751,140006998.5872
2024-02-09,ARTEA,Artea pensija 1989-1995,1.6771,140174117.7311
2024-02-12,ARTEA,Artea pensija 1989-1995,1.6897,141049596.8914
2024-02-13,ARTEA,Artea pensija 1989-1995,1.6752,139737966.3621
2024-02-14,ARTEA,Artea pensija 1989-1995,1.6817,140232397.9067
2024-02-15,ARTEA,Artea pensija 1989-1995,1.6893,140782301.6687
2024-02-19,ARTEA,Artea pensija 1989-1995,1.6932,141059382.2566
2024-02-20,ARTEA,Artea pensija 1989-1995,1.6823,140088441.1438
2024-02-21,ARTEA,Artea pensija 1989-1995,1.6793,139793757.8064
2024-02-22,ARTEA,Artea pensija 1989-1995,1.6989,141368732.9749
2024-02-23,ARTEA,Artea pensija 1989-1995,1.7049,141811430.7777
2024-02-26,ARTEA,Artea pensija 1989-1995,1.6988,141273659.1799
2024-02-27,ARTEA,Artea pensija 1989-1995,1.6989,141218805.4862
2024-02-28,ARTEA,Artea pensija 1989-1995,1.6975,141037493.0729
2024-02-29,ARTEA,Artea pensija 1989-1995,1.7028,141411849.1294
2024-03-01,ARTEA,Artea pensija 1989-1995,1.7125,142139918.5611
2024-03-04,ARTEA,Artea pensija 1989-1995,1.7125,142060036.8527
2024-03-05,ARTEA,Artea pensija 1989-1995,1.7038,141322012.5143
2024-03-06,ARTEA,Artea pensija 1989-1995,1.7092,141779356.8868
2024-03-07,ARTEA,Artea pensija 1989-1995,1.7143,144074227.7468
2024-03-08,ARTEA,Artea pensija 1989-1995,1.7147,144103818.0299
2024-03-12,ARTEA,Artea pensija 1989-1995,1.7169,144088413.9707
2024-03-13,ARTEA,Artea pensija 1989-1995,1.7156,143814843.6606
2024-03-14,ARTEA,Artea pensija 1989-1995,1.7157,143860129.0663
2024-03-15,ARTEA,Artea pensija 1989-1995,1.7089,143267896.98
2024-03-18,ARTEA,Artea pensija 1989-1995,1.7174,143884337.0887
2024-03-19,ARTEA,Artea pensija 1989-1995,1.7193,143994586.2951
2024-03-20,ARTEA,Artea pensija 1989-1995,1.7218,144160971.9414
2024-03-21,ARTEA,Artea pensija 1989-1995,1.7426,145866079.2677
2024-03-22,ARTEA,Artea pensija 1989-1995,1.7417,145721376.4147
2024-03-25,ARTEA,Artea pensija 1989-1995,1.7381,145293318.2623
2024-03-26,ARTEA,Artea pensija 1989-1995,1.7412,145471672.17
2024-03-27,ARTEA,Artea pensija 1989-1995,1.7413,145438121.5226
2024-03-28,ARTEA,Artea pensija 1989-1995,1.7513,146193364.6446
2024-03-29,ARTEA,Artea pensija 1989-1995,1.7528,146243537.7201
2024-04-02,ARTEA,Artea pensija 1989-1995,1.7413,145186822.2723
2024-04-03,ARTEA,Artea pensija 1989-1995,1.7422,145220500.6298
2024-04-04,ARTEA,Artea pensija 1989-1995,1.7455,145459508.0483
2024-04-05,ARTEA,Artea pensija 1989-1995,1.735,144515936.9299
2024-04-08,ARTEA,Artea pensija 1989-1995,1.7394,144797789.7925
2024-04-09,ARTEA,Artea pensija 1989-1995,1.7347,144388346.3727
2024-04-10,ARTEA,Artea pensija 1989-1995,1.7381,144681578.7259
2024-04-11,ARTEA,Artea pensija 1989-1995,1.7385,146595800.8896
2024-04-12,ARTEA,Artea pensija 1989-1995,1.7431,146987426.4462
2024-04-15,ARTEA,Artea pensija 1989-1995,1.739,146512863.6269
2024-04-16,ARTEA,Artea pensija 1989-1995,1.7167,144490392.4496
2024-04-17,ARTEA,Artea pensija 1989-1995,1.7102,143949182.3396
2024-04-18,ARTEA,Artea pensija 1989-1995,1.7144,144213685.393
2024-04-19,ARTEA,Artea pensija 1989-1995,1.7034,143284010.8586
2024-04-22,ARTEA,Artea pensija 1989-1995,1.7076,143585293.9838
2024-04-23,ARTEA,Artea pensija 1989-1995,1.7214,144678087.5406
2024-04-24,ARTEA,Artea pensija 1989-1995,1.7211,144614925.8578
2024-04-25,ARTEA,Artea pensija 1989-1995,1.7079,143455522.8366
2024-04-26,ARTEA,Artea pensija 1989-1995,1.7312,145355746.0725
2024-04-29,ARTEA,Artea pensija 1989-1995,1.733,145423996.5915
2024-04-30,ARTEA,Artea pensija 1989-1995,1.73,145149761.5636
2024-05-02,ARTEA,Artea pensija 1989-1995,1.7248,144723864.9645
2024-05-03,ARTEA,Artea pensija 1989-1995,1.7366,145697555.5318
2024-05-06,ARTEA,Artea pensija 1989-1995,1.7455,146404580.7806
2024-05-07,ARTEA,Artea pensija 1989-1995,1.7547,147118032.4751
2024-05-08,ARTEA,Artea pensija 1989-1995,1.7541,147093324.0761
2024-05-09,ARTEA,Artea pensija 1989-1995,1.7561,149544879.625
2024-05-10,ARTEA,Artea pensija 1989-1995,1.7599,149871292.9585
2024-05-13,ARTEA,Artea pensija 1989-1995,1.7604,149745304.4786
2024-05-14,ARTEA,Artea pensija 1989-1995,1.7633,149887367.8176
2024-05-15,ARTEA,Artea pensija 1989-1995,1.7724,150595986.2818
2024-05-16,ARTEA,Artea pensija 1989-1995,1.7763,150871481.1603
2024-05-17,ARTEA,Artea pensija 1989-1995,1.7731,150588497.1115
2024-05-20,ARTEA,Artea pensija 1989-1995,1.7796,151196313.6683
2024-05-21,ARTEA,Artea pensija 1989-1995,1.775,150772223.778
2024-05-22,ARTEA,Artea pensija 1989-1995,1.7758,150775863.2995
2024-05-23,ARTEA,Artea pensija 1989-1995,1.7754,150679137.3279
2024-05-24,ARTEA,Artea pensija 1989-1995,1.7708,150249670.4285
2024-05-27,ARTEA,Artea pensija 1989-1995,1.7755,150605104.0121
2024-05-28,ARTEA,Artea pensija 1989-1995,1.7689,150015167.3915
2024-05-29,ARTEA,Artea pensija 1989-1995,1.7603,149262741.7122
2024-05-30,ARTEA,Artea pensija 1989-1995,1.7579,149032109.9523
2024-05-31,ARTEA,Artea pensija 1989-1995,1.7506,148397260.1086
2024-06-03,ARTEA,Artea pensija 1989-1995,1.7608,149208934.9776
2024-06-04,ARTEA,Artea pensija 1989-1995,1.7523,148438499.4067
2024-06-05,ARTEA,Artea pensija 1989-1995,1.7689,149788842.3985
2024-06-06,ARTEA,Artea pensija 1989-1995,1.7753,150217093.5904
2024-06-07,ARTEA,Artea pensija 1989-1995,1.7804,150619213.5969
2024-06-10,ARTEA,Artea pensija 1989-1995,1.7857,151074684.7536
2024-06-11,ARTEA,Artea pensija 1989-1995,1.7819,150706298.2386
2024-06-12,ARTEA,Artea pensija 1989-1995,1.793,151655772.73
2024-06-13,ARTEA,Artea pensija 1989-1995,1.7892,153941321.078
2024-06-14,ARTEA,Artea pensija 1989-1995,1.7926,154218191.182
2024-06-17,ARTEA,Artea pensija 1989-1995,1.7924,154064746.8565
2024-06-18,ARTEA,Artea pensija 1989-1995,1.8029,154847144.7556
2024-06-19,ARTEA,Artea pensija 1989-1995,1.8032,154910642.9478
2024-06-20,ARTEA,Artea pensija 1989-1995,1.8084,155325343.4656
2024-06-21,ARTEA,Artea pensija 1989-1995,1.8037,154886723.5735
2024-06-25,ARTEA,Artea pensija 1989-1995,1.8086,155287677.8552
2024-06-26,ARTEA,Artea pensija 1989-1995,1.8031,154767451.5327
2024-06-27,ARTEA,Artea pensija 1989-1995,1.8029,154702209.3936
2024-06-28,ARTEA,Artea pensija 1989-1995,1.8094,155221578.2079
2024-07-01,ARTEA,Artea pensija 1989-1995,1.8013,154496967.5638
2024-07-02,ARTEA,Artea pensija 1989-1995,1.8023,154419888.1474
2024-07-03,ARTEA,Artea pensija 1989-1995,1.8077,154813545.1414
2024-07-04,ARTEA,Artea pensija 1989-1995,1.811,155075558.5675
2024-07-05,ARTEA,Artea pensija 1989-1995,1.8106,154942286.95
2024-07-08,ARTEA,Artea pensija 1989-1995,1.8149,155250467.6364
2024-07-09,ARTEA,Artea pensija 1989-1995,1.8146,155153209.3826
2024-07-10,ARTEA,Artea pensija 1989-1995,1.8218,155787759.5917
2024-07-11,ARTEA,Artea pensija 1989-1995,1.8246,158023294.705
2024-07-12,ARTEA,Artea pensija 1989-1995,1.8327,158725007.8156
2024-07-15,ARTEA,Artea pensija 1989-1995,1.8314,158305309.8766
2024-07-16,ARTEA,Artea pensija 1989-1995,1.8352,158624077.3687
2024-07-17,ARTEA,Artea pensija 1989-1995,1.8223,157478910.7375
2024-07-18,ARTEA,Artea pensija 1989-1995,1.8149,156767370.0962
2024-07-19,ARTEA,Artea pensija 1989-1995,1.8038,155772094.5138
2024-07-22,ARTEA,Artea pensija 1989-1995,1.811,156377670.8256
2024-07-23,ARTEA,Artea pensija 1989-1995,1.8229,157345180.8528
2024-07-24,ARTEA,Artea pensija 1989-1995,1.8025,155460161.3686
2024-07-25,ARTEA,Artea pensija 1989-1995,1.7957,154776402.7503
2024-07-26,ARTEA,Artea pensija 1989-1995,1.8023,155269261.9507
2024-07-29,ARTEA,Artea pensija 1989-1995,1.8045,155416265.2634
2024-07-30,ARTEA,Artea pensija 1989-1995,1.806,155474689.8214
2024-07-31,ARTEA,Artea pensija 1989-1995,1.8269,157213110.7808
2024-08-01,ARTEA,Artea pensija 1989-1995,1.8102,155718774.7778
2024-08-02,ARTEA,Artea pensija 1989-1995,1.7546,150843180.4662
2024-08-05,ARTEA,Artea pensija 1989-1995,1.7196,147779928.8429
2024-08-06,ARTEA,Artea pensija 1989-1995,1.731,148749010.5375
2024-08-07,ARTEA,Artea pensija 1989-1995,1.7536,150697199.9506
2024-08-08,ARTEA,Artea pensija 1989-1995,1.754,152676078.3955
2024-08-09,ARTEA,Artea pensija 1989-1995,1.7601,153193012.759
2024-08-12,ARTEA,Artea pensija 1989-1995,1.762,153202022.7662
2024-08-13,ARTEA,Artea pensija 1989-1995,1.7761,154409893.5374
2024-08-14,ARTEA,Artea pensija 1989-1995,1.7784,154572710.5465
2024-08-16,ARTEA,Artea pensija 1989-1995,1.8071,156999972.5409
2024-08-19,ARTEA,Artea pensija 1989-1995,1.8109,157299316.4261
2024-08-20,ARTEA,Artea pensija 1989-1995,1.8051,156776193.6833
2024-08-21,ARTEA,Artea pensija 1989-1995,1.8084,157057039.5459
2024-08-22,ARTEA,Artea pensija 1989-1995,1.8127,157365231.8389
2024-08-23,ARTEA,Artea pensija 1989-1995,1.8162,157566717.674
2024-08-26,ARTEA,Artea pensija 1989-1995,1.8156,157344933.1623
2024-08-27,ARTEA,Artea pensija 1989-1995,1.8149,157212060.046
2024-08-28,ARTEA,Artea pensija 1989-1995,1.8167,157321648.9472
2024-08-29,ARTEA,Artea pensija 1989-1995,1.8312,158509470.8118
2024-08-30,ARTEA,Artea pensija 1989-1995,1.8263,158003765.288
2024-09-02,ARTEA,Artea pensija 1989-1995,1.834,158622974.4453
2024-09-03,ARTEA,Artea pensija 1989-1995,1.8203,157386934.107
2024-09-04,ARTEA,Artea pensija 1989-1995,1.8047,156025311.7291
2024-09-05,ARTEA,Artea pensija 1989-1995,1.7959,155222257.5263
2024-09-06,ARTEA,Artea pensija 1989-1995,1.7766,153528975.8859
2024-09-09,ARTEA,Artea pensija 1989-1995,1.7927,154830932.9214
2024-09-10,ARTEA,Artea pensija 1989-1995,1.7931,154812864.4148
2024-09-11,ARTEA,Artea pensija 1989-1995,1.7883,154402999.5886
2024-09-12,ARTEA,Artea pensija 1989-1995,1.8119,158454134.3219
2024-09-13,ARTEA,Artea pensija 1989-1995,1.8236,159473493.7305
2024-09-16,ARTEA,Artea pensija 1989-1995,1.8189,158943913.7739
2024-09-17,ARTEA,Artea pensija 1989-1995,1.8284,159475228.8525
2024-09-18,ARTEA,Artea pensija 1989-1995,1.8199,158697847.3894
2024-09-19,ARTEA,Artea pensija 1989-1995,1.8396,160284194.4437
2024-09-20,ARTEA,Artea pensija 1989-1995,1.8295,159367367.3138
2024-09-23,ARTEA,Artea pensija 1989-1995,1.839,160085515.2651
2024-09-24,ARTEA,Artea pensija 1989-1995,1.8427,160300717.7143
2024-09-25,ARTEA,Artea pensija 1989-1995,1.842,160133693.7217
2024-09-26,ARTEA,Artea pensija 1989-1995,1.8499,160756385.6952
2024-09-27,ARTEA,Artea pensija 1989-1995,1.8546,161082776.368
2024-09-30,ARTEA,Artea pensija 1989-1995,1.845,160174812.77
2024-10-01,ARTEA,Artea pensija 1989-1995,1.8473,160246834.6023
2024-10-02,ARTEA,Artea pensija 1989-1995,1.8525,160657847.1853
2024-10-03,ARTEA,Artea pensija 1989-1995,1.8472,160130432.5094
2024-10-04,ARTEA,Artea pensija 1989-1995,1.856,160853256.4852
2024-10-07,ARTEA,Artea pensija 1989-1995,1.8585,161032712.5224
2024-10-08,ARTEA,Artea pensija 1989-1995,1.8581,160948115.8718
2024-10-09,ARTEA,Artea pensija 1989-1995,1.8688,161914586.7715
2024-10-10,ARTEA,Artea pensija 1989-1995,1.8695,163930717.9535
2024-10-11,ARTEA,Artea pensija 1989-1995,1.8775,164634275.1168
2024-10-14,ARTEA,Artea pensija 1989-1995,1.8889,165523850.4725
2024-10-15,ARTEA,Artea pensija 1989-1995,1.8878,165120495.7021
2024-10-16,ARTEA,Artea pensija 1989-1995,1.8894,165234596.6397
2024-10-17,ARTEA,Artea pensija 1989-1995,1.8999,166130174.3501
2024-10-18,ARTEA,Artea pensija 1989-1995,1.8983,165939762.6423
2024-10-21,ARTEA,Artea pensija 1989-1995,1.8889,165100302.2119
2024-10-22,ARTEA,Artea pensija 1989-1995,1.8884,164991303.0411
2024-10-23,ARTEA,Artea pensija 1989-1995,1.8844,164593182.7563
2024-10-24,ARTEA,Artea pensija 1989-1995,1.8826,164431225.7402
2024-10-25,ARTEA,Artea pensija 1989-1995,1.8864,164696701.4688
2024-10-28,ARTEA,Artea pensija 1989-1995,1.8868,164592823.9768
2024-10-29,ARTEA,Artea pensija 1989-1995,1.8873,164563429.9866
2024-10-30,ARTEA,Artea pensija 1989-1995,1.8772,163588847.3814
2024-10-31,ARTEA,Artea pensija 1989-1995,1.8534,161461616.1034
2024-11-04,ARTEA,Artea pensija 1989-1995,1.8554,161590286.6857
2024-11-05,ARTEA,Artea pensija 1989-1995,1.8619,162119055.2485
2024-11-06,ARTEA,Artea pensija 1989-1995,1.9002,165436115.9164
2024-11-07,ARTEA,Artea pensija 1989-1995,1.9108,166376801.2955
2024-11-08,ARTEA,Artea pensija 1989-1995,1.9169,168848354.7342
2024-11-11,ARTEA,Artea pensija 1989-1995,1.9325,170219436.8171
2024-11-12,ARTEA,Artea pensija 1989-1995,1.9229,169067249.4887
2024-11-13,ARTEA,Artea pensija 1989-1995,1.9259,169302495.2189
2024-11-14,ARTEA,Artea pensija 1989-1995,1.9266,169267225.9391
2024-11-15,ARTEA,Artea pensija 1989-1995,1.9092,167634133.0659
2024-11-18,ARTEA,Artea pensija 1989-1995,1.9144,168078130.0369
2024-11-19,ARTEA,Artea pensija 1989-1995,1.9128,167894611.4948
2024-11-20,ARTEA,Artea pensija 1989-1995,1.9142,167973646.935
2024-11-21,ARTEA,Artea pensija 1989-1995,1.9343,169652694.0813
2024-11-22,ARTEA,Artea pensija 1989-1995,1.9559,171449941.9857
2024-11-25,ARTEA,Artea pensija 1989-1995,1.9557,171347025.4863
2024-11-26,ARTEA,Artea pensija 1989-1995,1.9539,171122257.3191
2024-11-27,ARTEA,Artea pensija 1989-1995,1.9409,169929941.8523
2024-11-28,ARTEA,Artea pensija 1989-1995,1.9466,170345459.724
2024-11-29,ARTEA,Artea pensija 1989-1995,1.952,170661330.4988
2024-12-02,ARTEA,Artea pensija 1989-1995,1.9636,171601141.2344
2024-12-03,ARTEA,Artea pensija 1989-1995,1.962,171362542.45
2024-12-04,ARTEA,Artea pensija 1989-1995,1.9684,171793452.4671
2024-12-05,ARTEA,Artea pensija 1989-1995,1.9653,171439270.9253
2024-12-06,ARTEA,Artea pensija 1989-1995,1.9668,171471719.8208
2024-12-09,ARTEA,Artea pensija 1989-1995,1.9611,170918498.4856
2024-12-10,ARTEA,Artea pensija 1989-1995,1.9671,171380539.6295
2024-12-11,ARTEA,Artea pensija 1989-1995,1.9752,172090757.8145
2024-12-12,ARTEA,Artea pensija 1989-1995,1.972,173750487.1112
2024-12-13,ARTEA,Artea pensija 1989-1995,1.9645,173091810.274
2024-12-16,ARTEA,Artea pensija 1989-1995,1.9648,172706761.0342
2024-12-17,ARTEA,Artea pensija 1989-1995,1.9564,171785563.9399
2024-12-18,ARTEA,Artea pensija 1989-1995,1.9597,171961823.749
2024-12-19,ARTEA,Artea pensija 1989-1995,1.934,169625623.5012
2024-12-20,ARTEA,Artea pensija 1989-1995,1.9359,169704892.0838
2024-12-23,ARTEA,Artea pensija 1989-1995,1.9325,169333517.3928
2024-12-27,ARTEA,Artea pensija 1989-1995,1.9383,169738332.3954
2024-12-30,ARTEA,Artea pensija 1989-1995,1.9269,168681281.6857
2024-12-31,ARTEA,Artea pensija 1989-1995,1.9274,168706938.8139
2025-01-02,ARTEA,Artea pensija 1989-1995,1.9543,171029545.6618
2025-01-03,ARTEA,Artea pensija 1989-1995,1.951,170663324.3321
2025-01-06,ARTEA,Artea pensija 1989-1995,1.9604,171470459.1882
2025-01-07,ARTEA,Artea pensija 1989-1995,1.95,170544023.9003
2025-01-08,ARTEA,Artea pensija 1989-1995,1.9497,170526665.591
2025-01-09,ARTEA,Artea pensija 1989-1995,1.954,172791871.0356
2025-01-10,ARTEA,Artea pensija 1989-1995,1.9375,171335569.4049
2025-01-13,ARTEA,Artea pensija 1989-1995,1.9345,170807064.773
2025-01-14,ARTEA,Artea pensija 1989-1995,1.9346,170738951.4137
2025-01-15,ARTEA,Artea pensija 1989-1995,1.9585,172755808.8938
2025-01-16,ARTEA,Artea pensija 1989-1995,1.9649,173220118.0771
2025-01-17,ARTEA,Artea pensija 1989-1995,1.9778,174192168.3726
2025-01-20,ARTEA,Artea pensija 1989-1995,1.9707,173451088.5709
2025-01-21,ARTEA,Artea pensija 1989-1995,1.9723,173492262.7866
2025-01-22,ARTEA,Artea pensija 1989-1995,1.9814,174100362.1227
2025-01-23,ARTEA,Artea pensija 1989-1995,1.9843,174302434.0379
2025-01-24,ARTEA,Artea pensija 1989-1995,1.9769,173556911.8077
2025-01-27,ARTEA,Artea pensija 1989-1995,1.9516,171262473.9703
2025-01-28,ARTEA,Artea pensija 1989-1995,1.9678,172565573.9973
2025-01-29,ARTEA,Artea pensija 1989-1995,1.9756,173124782.5846
2025-01-30,ARTEA,Artea pensija 1989-1995,1.9828,173608507.4183
2025-01-31,ARTEA,Artea pensija 1989-1995,1.994,174486678.385
2025-02-03,ARTEA,Artea pensija 1989-1995,1.9833,173454249.1855
2025-02-04,ARTEA,Artea pensija 1989-1995,1.9815,173243759.7969
2025-02-05,ARTEA,Artea pensija 1989-1995,1.978,172828719.3394
2025-02-06,ARTEA,Artea pensija 1989-1995,1.9931,174082354.6011
2025-02-07,ARTEA,Artea pensija 1989-1995,1.9891,173652185.2609
2025-02-10,ARTEA,Artea pensija 1989-1995,1.9976,174333739.0137
2025-02-11,ARTEA,Artea pensija 1989-1995,1.993,173840190.0895
2025-02-12,ARTEA,Artea pensija 1989-1995,1.9806,172800339.8369
2025-02-13,ARTEA,Artea pensija 1989-1995,1.9892,175517676.7186
2025-02-14,ARTEA,Artea pensija 1989-1995,1.9861,175239131.8777
2025-02-17,ARTEA,Artea pensija 1989-1995,1.9951,175851575.1502
2025-02-18,ARTEA,Artea pensija 1989-1995,1.9975,175856692.5299
2025-02-19,ARTEA,Artea pensija 1989-1995,2.0035,176243972.5815
2025-02-20,ARTEA,Artea pensija 1989-1995,1.9891,174885261.1688
2025-02-21,ARTEA,Artea pensija 1989-1995,1.9896,174872372.1592
2025-02-24,ARTEA,Artea pensija 1989-1995,1.9731,173354529.3761
2025-02-25,ARTEA,Artea pensija 1989-1995,1.9528,171492016.9213
2025-02-26,ARTEA,Artea pensija 1989-1995,1.9711,172980913.2408
2025-02-27,ARTEA,Artea pensija 1989-1995,1.9715,172919927.6118
2025-02-28,ARTEA,Artea pensija 1989-1995,1.9548,171413974.0342
2025-03-03,ARTEA,Artea pensija 1989-1995,1.9581,171572094.1853
2025-03-04,ARTEA,Artea pensija 1989-1995,1.9061,166934279.308
2025-03-05,ARTEA,Artea pensija 1989-1995,1.8891,165456184.5782
2025-03-06,ARTEA,Artea pensija 1989-1995,1.8914,167641149.5781
2025-03-07,ARTEA,Artea pensija 1989-1995,1.8676,165533523.1927
2025-03-10,ARTEA,Artea pensija 1989-1995,1.8608,164665367.3931
2025-03-12,ARTEA,Artea pensija 1989-1995,1.8436,163143142.4973
2025-03-13,ARTEA,Artea pensija 1989-1995,1.8344,162270022.6233
2025-03-14,ARTEA,Artea pensija 1989-1995,1.8501,163561022.6915
2025-03-17,ARTEA,Artea pensija 1989-1995,1.8578,164159432.2812
2025-03-18,ARTEA,Artea pensija 1989-1995,1.853,163656209.5253
2025-03-19,ARTEA,Artea pensija 1989-1995,1.8669,164773515.8618
2025-03-20,ARTEA,Artea pensija 1989-1995,1.8719,165103318.2843
2025-03-21,ARTEA,Artea pensija 1989-1995,1.8676,164597631.1317
2025-03-24,ARTEA,Artea pensija 1989-1995,1.8919,166606088.4373
2025-03-25,ARTEA,Artea pensija 1989-1995,1.895,166752302.5375
2025-03-26,ARTEA,Artea pensija 1989-1995,1.8881,166115616.3199
2025-03-27,ARTEA,Artea pensija 1989-1995,1.8829,165578945.082
2025-03-28,ARTEA,Artea pensija 1989-1995,1.8528,162877234.5893
2025-03-31,ARTEA,Artea pensija 1989-1995,1.8436,161985686.557
2025-04-01,ARTEA,Artea pensija 1989-1995,1.8602,163321060.3825
2025-04-02,ARTEA,Artea pensija 1989-1995,1.8593,163188007.4861
2025-04-03,ARTEA,Artea pensija 1989-1995,1.7877,156844189.0802
2025-04-04,ARTEA,Artea pensija 1989-1995,1.7265,151413694.9189
2025-04-07,ARTEA,Artea pensija 1989-1995,1.6895,148096097.7676
2025-04-08,ARTEA,Artea pensija 1989-1995,1.7304,151607668.6317
2025-04-09,ARTEA,Artea pensija 1989-1995,1.6654,145877870.0827
2025-04-10,ARTEA,Artea pensija 1989-1995,1.7205,150723001.4826
2025-04-11,ARTEA,Artea pensija 1989-1995,1.7107,151826901.4412
2025-04-14,ARTEA,Artea pensija 1989-1995,1.7414,154515543.9462
2025-04-15,ARTEA,Artea pensija 1989-1995,1.7566,155543353.4538
2025-04-16,ARTEA,Artea pensija 1989-1995,1.7416,154174647.509
2025-04-17,ARTEA,Artea pensija 1989-1995,1.7306,153195854.4943
2025-04-18,ARTEA,Artea pensija 1989-1995,1.7306,153117020.5495
2025-04-22,ARTEA,Artea pensija 1989-1995,1.722,152344432.3956
2025-04-23,ARTEA,Artea pensija 1989-1995,1.7603,155673641.7986
2025-04-24,ARTEA,Artea pensija 1989-1995,1.7719,156605138.7235
2025-04-25,ARTEA,Artea pensija 1989-1995,1.7761,156922128.66
2025-04-28,ARTEA,Artea pensija 1989-1995,1.7791,157144295.5145
2025-04-29,ARTEA,Artea pensija 1989-1995,1.7859,157651433.9682
2025-04-30,ARTEA,Artea pensija 1989-1995,1.791,158026383.784
2025-05-02,ARTEA,Artea pensija 1989-1995,1.8266,161078109.3708
2025-05-05,ARTEA,Artea pensija 1989-1995,1.8331,161575666.9033
2025-05-06,ARTEA,Artea pensija 1989-1995,1.8237,160687057.831
2025-05-07,ARTEA,Artea pensija 1989-1995,1.8174,159979552.3529
2025-05-08,ARTEA,Artea pensija 1989-1995,1.8379,164170453.6811
2025-05-09,ARTEA,Artea pensija 1989-1995,1.8387,164263792.9296
2025-05-12,ARTEA,Artea pensija 1989-1995,1.8863,168379998.7673
2025-05-13,ARTEA,Artea pensija 1989-1995,1.8948,168992875.8611
2025-05-14,ARTEA,Artea pensija 1989-1995,1.8912,168665702.3107
2025-05-15,ARTEA,Artea pensija 1989-1995,1.8971,169133702.1425
2025-05-16,ARTEA,Artea pensija 1989-1995,1.9072,170018895.5739
2025-05-19,ARTEA,Artea pensija 1989-1995,1.8982,169141284.9413
2025-05-20,ARTEA,Artea pensija 1989-1995,1.9003,169229544.0994
2025-05-21,ARTEA,Artea pensija 1989-1995,1.8888,168171693.8357
2025-05-22,ARTEA,Artea pensija 1989-1995,1.8789,167222365.4021
2025-05-23,ARTEA,Artea pensija 1989-1995,1.8641,165826076.6879
2025-05-26,ARTEA,Artea pensija 1989-1995,1.8768,166870451.1949
2025-05-27,ARTEA,Artea pensija 1989-1995,1.8871,167787031.7611
2025-05-28,ARTEA,Artea pensija 1989-1995,1.889,167912425.9425
2025-05-29,ARTEA,Artea pensija 1989-1995,1.8821,167204842.5693
2025-05-30,ARTEA,Artea pensija 1989-1995,1.8794,166907700.4654
2025-06-02,ARTEA,Artea pensija 1989-1995,1.8727,166307652.0491
2025-06-03,ARTEA,Artea pensija 1989-1995,1.8899,167837876.8815
2025-06-04,ARTEA,Artea pensija 1989-1995,1.8919,167982318.3433
2025-06-05,ARTEA,Artea pensija 1989-1995,1.8926,167966481.6962
2025-06-06,ARTEA,Artea pensija 1989-1995,1.8985,168469552.5186
2025-06-09,ARTEA,Artea pensija 1989-1995,1.8997,168517727.0536
2025-06-10,ARTEA,Artea pensija 1989-1995,1.9013,168617824.0782
2025-06-11,ARTEA,Artea pensija 1989-1995,1.9013,168632522.2984
2025-06-12,ARTEA,Artea pensija 1989-1995,1.8868,170010428.9188
2025-06-13,ARTEA,Artea pensija 1989-1995,1.8786,169268406.0823
2025-06-16,ARTEA,Artea pensija 1989-1995,1.8856,169616250.2886
2025-06-17,ARTEA,Artea pensija 1989-1995,1.8807,169065612.8045
2025-06-18,ARTEA,Artea pensija 1989-1995,1.8806,169015414.2586
2025-06-19,ARTEA,Artea pensija 1989-1995,1.8679,167803464.5292
2025-06-20,ARTEA,Artea pensija 1989-1995,1.8733,168184234.7379
2025-06-23,ARTEA,Artea pensija 1989-1995,1.8699,167845826.6178
2025-06-25,ARTEA,Artea pensija 1989-1995,1.886,169229910.0476
2025-06-26,ARTEA,Artea pensija 1989-1995,1.8872,169290055.7304
2025-06-27,ARTEA,Artea pensija 1989-1995,1.8987,170249810.2615
2025-06-30,ARTEA,Artea pensija 1989-1995,1.8952,169799204.1751
2025-07-01,ARTEA,Artea pensija 1989-1995,1.8941,169609528
2025-07-02,ARTEA,Artea pensija 1989-1995,1.8976,169837635.75
2025-07-03,ARTEA,Artea pensija 1989-1995,1.9129,171136936.46
2025-07-04,ARTEA,Artea pensija 1989-1995,1.9014,170062066.34
2025-07-07,ARTEA,Artea pensija 1989-1995,1.9058,170399934.72
2025-07-08,ARTEA,Artea pensija 1989-1995,1.9065,170375445.95999998
2025-07-09,ARTEA,Artea pensija 1989-1995,1.9104,170733299.28
2025-07-10,ARTEA,Artea pensija 1989-1995,1.9212,173730845.44
2025-07-11,ARTEA,Artea pensija 1989-1995,1.9114,172849963.25
2025-07-14,ARTEA,Artea pensija 1989-1995,1.9124,172615361.25
2025-07-15,ARTEA,Artea pensija 1989-1995,1.9211,173342029.77
2025-07-16,ARTEA,Artea pensija 1989-1995,1.8998,171395408.37
2025-07-17,ARTEA,Artea pensija 1989-1995,1.9298,174002068.12
2025-07-18,ARTEA,Artea pensija 1989-1995,1.9233,173387479.88
2025-07-21,ARTEA,Artea pensija 1989-1995,1.9249,173469835.05
2025-07-22,ARTEA,Artea pensija 1989-1995,1.9145,172476805.57
2025-07-23,ARTEA,Artea pensija 1989-1995,1.9279,173688339.15
2025-07-24,ARTEA,Artea pensija 1989-1995,1.9298,173813646.83
2025-07-25,ARTEA,Artea pensija 1989-1995,1.9316,173864370.72
2025-07-28,ARTEA,Artea pensija 1989-1995,1.9438,174905701.04
2025-07-29,ARTEA,Artea pensija 1989-1995,1.9501,175389280.49
2025-07-30,ARTEA,Artea pensija 1989-1995,1.9574,176012762.75
2025-07-31,ARTEA,Artea pensija 1989-1995,1.9596,176163794
2025-08-01,ARTEA,Artea pensija 1989-1995,1.9148,172076951.79
2025-08-04,ARTEA,Artea pensija 1989-1995,1.9307,173502648.61
2025-08-05,ARTEA,Artea pensija 1989-1995,1.928,173237480.5
2025-08-06,ARTEA,Artea pensija 1989-1995,1.9304,173475051.54000002
2025-08-07,ARTEA,Artea pensija 1989-1995,1.9357,175913360.82999998
2025-08-08,ARTEA,Artea pensija 1989-1995,1.9394,176212048.65
2025-08-11,ARTEA,Artea pensija 1989-1995,1.948,176584667.45999998
2025-08-12,ARTEA,Artea pensija 1989-1995,1.9496,176641424.07000002
2025-08-13,ARTEA,Artea pensija 1989-1995,1.9536,176941903.73
2025-08-14,ARTEA,Artea pensija 1989-1995,1.9592,177424878.43
2025-08-18,ARTEA,Artea pensija 1989-1995,1.9583,177278256.63
2025-08-19,ARTEA,Artea pensija 1989-1995,1.9595,177333982.95
2025-08-20,ARTEA,Artea pensija 1989-1995,1.951,176532438.84
2025-08-21,ARTEA,Artea pensija 1989-1995,1.9563,176959205.16
2025-08-22,ARTEA,Artea pensija 1989-1995,1.9672,177909188.36
2025-08-25,ARTEA,Artea pensija 1989-1995,1.9647,177629606.32999998
2025-08-26,ARTEA,Artea pensija 1989-1995,1.9601,177182902.94
2025-08-27,ARTEA,Artea pensija 1989-1995,1.9713,178140696.48
2025-08-28,ARTEA,Artea pensija 1989-1995,1.967,177729926.34
2025-08-29,ARTEA,Artea pensija 1989-1995,1.9552,176579577.38
2025-09-01,ARTEA,Artea pensija 1989-1995,1.9591,176916315.42000002
2025-09-02,ARTEA,Artea pensija 1989-1995,1.9442,175511836.82999998
2025-09-03,ARTEA,Artea pensija 1989-1995,1.9542,176370665.45
2025-09-04,ARTEA,Artea pensija 1989-1995,1.9671,177477027.22
2025-09-05,ARTEA,Artea pensija 1989-1995,1.9592,176746973.44
2025-09-08,ARTEA,Artea pensija 1989-1995,1.9683,177482317.54
2025-09-09,ARTEA,Artea pensija 1989-1995,1.9699,177609340.53
2025-09-10,ARTEA,Artea pensija 1989-1995,1.9778,178342944.38
2025-09-11,ARTEA,Artea pensija 1989-1995,1.9883,181485790.41
2025-09-12,ARTEA,Artea pensija 1989-1995,1.9884,181494761.89
2025-09-15,ARTEA,Artea pensija 1989-1995,1.9894,181303166.22
2025-09-16,ARTEA,Artea pensija 1989-1995,1.9768,180051775.62
2025-09-17,ARTEA,Artea pensija 1989-1995,1.9783,180123519.63
2025-09-18,ARTEA,Artea pensija 1989-1995,1.9951,181529866.4
2025-09-19,ARTEA,Artea pensija 1989-1995,1.9958,181499875.07
2025-09-22,ARTEA,Artea pensija 1989-1995,1.9982,181668254.25
2025-09-23,ARTEA,Artea pensija 1989-1995,2.002,181950521.43
2025-09-24,ARTEA,Artea pensija 1989-1995,1.9981,181521343.51
2025-09-25,ARTEA,Artea pensija 1989-1995,1.9947,181163331.35000002
2025-09-26,ARTEA,Artea pensija 1989-1995,1.9951,181139926.65
2025-09-29,ARTEA,Artea pensija 1989-1995,2.0003,181509166.16
2025-09-30,ARTEA,Artea pensija 1989-1995,1.9982,181242968.80999997
2025-10-01,ARTEA,Artea pensija 1989-1995,2.0112,182368414.34
2025-10-02,ARTEA,Artea pensija 1989-1995,2.0163,182785242.67
2025-10-03,ARTEA,Artea pensija 1989-1995,2.026,183660706.55
2025-10-06,ARTEA,Artea pensija 1989-1995,2.0323,184188667.92000002
2025-10-07,ARTEA,Artea pensija 1989-1995,2.03,183823800.51
2025-10-08,ARTEA,Artea pensija 1989-1995,2.0448,185163228.39
2025-10-09,ARTEA,Artea pensija 1989-1995,2.046,187362896.95999998
2025-10-10,ARTEA,Artea pensija 1989-1995,2.0151,184535856.06
2025-10-13,ARTEA,Artea pensija 1989-1995,2.0298,185677858.42000002
2025-10-14,ARTEA,Artea pensija 1989-1995,2.0223,184879751.78
2025-10-15,ARTEA,Artea pensija 1989-1995,2.0339,185919111.07
2025-10-16,ARTEA,Artea pensija 1989-1995,2.0328,185791413.79
2025-10-17,ARTEA,Artea pensija 1989-1995,2.016,184177622.85
2025-10-20,ARTEA,Artea pensija 1989-1995,2.0442,186687622.75
2025-10-21,ARTEA,Artea pensija 1989-1995,2.0494,187094025.93
2025-10-22,ARTEA,Artea pensija 1989-1995,2.0408,186286839.3
2025-10-23,ARTEA,Artea pensija 1989-1995,2.046,186698980.51
2025-10-24,ARTEA,Artea pensija 1989-1995,2.059,187879068.75
2025-10-27,ARTEA,Artea pensija 1989-1995,2.0677,188603102.93
2025-10-28,ARTEA,Artea pensija 1989-1995,2.0696,188712807.81
2025-10-29,ARTEA,Artea pensija 1989-1995,2.0727,188909368.73999998
2025-10-30,ARTEA,Artea pensija 1989-1995,2.0748,189036688.58
2025-10-31,ARTEA,Artea pensija 1989-1995,2.0727,188732602.28
2025-11-03,ARTEA,Artea pensija 1989-1995,2.0764,189004135.44
2025-11-04,ARTEA,Artea pensija 1989-1995,2.0701,188372603.71
2025-11-05,ARTEA,Artea pensija 1989-1995,2.0713,188425618.48
2025-11-06,ARTEA,Artea pensija 1989-1995,2.0496,186374279.53
2025-11-07,ARTEA,Artea pensija 1989-1995,2.0309,184613379.14000002
2025-11-10,ARTEA,Artea pensija 1989-1995,2.0609,187331982.56
2025-11-11,ARTEA,Artea pensija 1989-1995,2.066,187833199.16
2025-11-12,ARTEA,Artea pensija 1989-1995,2.0744,188601272.02
2025-11-13,ARTEA,Artea pensija 1989-1995,2.0542,188866438.32000002
2025-11-14,ARTEA,Artea pensija 1989-1995,2.053,188760436.45
2025-11-17,ARTEA,Artea pensija 1989-1995,2.0469,188048861.22
2025-11-18,ARTEA,Artea pensija 1989-1995,2.0276,186156545.06
2025-11-19,ARTEA,Artea pensija 1989-1995,2.0316,186487404.69
2025-11-20,ARTEA,Artea pensija 1989-1995,2.0395,187140673.21
2025-11-21,ARTEA,Artea pensija 1989-1995,2.0253,185760943.57
2025-11-24,ARTEA,Artea pensija 1989-1995,2.0428,187331817.9
2025-11-25,ARTEA,Artea pensija 1989-1995,2.0456,187564361.65
2025-11-26,ARTEA,Artea pensija 1989-1995,2.0646,189300063.94000003
2025-11-27,ARTEA,Artea pensija 1989-1995,2.0637,189177590.77
2025-11-28,ARTEA,Artea pensija 1989-1995,2.0698,189669659.36
2025-12-01,ARTEA,Artea pensija 1989-1995,2.0629,188987448.73
2025-12-02,ARTEA,Artea pensija 1989-1995,2.063,188982484.63
2025-12-03,ARTEA,Artea pensija 1989-1995,2.0627,188912195.87
2025-12-04,ARTEA,Artea pensija 1989-1995,2.0681,189410230.07999998
2025-12-05,ARTEA,Artea pensija 1989-1995,2.0758,190099671.98
2025-12-08,ARTEA,Artea pensija 1989-1995,2.0729,189817495.64000002
2025-12-09,ARTEA,Artea pensija 1989-1995,2.0745,189944940.67000002
2025-12-10,ARTEA,Artea pensija 1989-1995,2.0722,189763518.10000002
2025-12-11,ARTEA,Artea pensija 1989-1995,2.068,191474112.78
2025-12-12,ARTEA,Artea pensija 1989-1995,2.0567,190423054.69
2025-12-15,ARTEA,Artea pensija 1989-1995,2.0586,190556797.99
2025-12-16,ARTEA,Artea pensija 1989-1995,2.0467,189369319.59
2025-12-17,ARTEA,Artea pensija 1989-1995,2.0394,188706443.71
2025-12-18,ARTEA,Artea pensija 1989-1995,2.0576,190340402.8
2025-12-19,ARTEA,Artea pensija 1989-1995,2.0653,191031248.24
2025-12-22,ARTEA,Artea pensija 1989-1995,2.0698,191418225.01999998
2025-12-23,ARTEA,Artea pensija 1989-1995,2.0727,191686786.92000002
2025-12-29,ARTEA,Artea pensija 1989-1995,2.0778,192159168.1
2025-12-30,ARTEA,Artea pensija 1989-1995,2.082,192494240.09
2025-12-31,ARTEA,Artea pensija 1989-1995,2.0824,192495013.25
2026-01-02,ARTEA,Artea pensija 1989-1995,2.0801,192188780.79
2026-01-05,ARTEA,Artea pensija 1989-1995,2.1036,194088094.99
2026-01-06,ARTEA,Artea pensija 1989-1995,2.1118,194586218.05
2026-01-07,ARTEA,Artea pensija 1989-1995,2.1165,194938859.66
2026-01-08,ARTEA,Artea pensija 1989-1995,2.1125,196614333.48999998
2026-01-09,ARTEA,Artea pensija 1989-1995,2.1271,197893172.62
2026-01-12,ARTEA,Artea pensija 1989-1995,2.126,197508685.70000002
2026-01-13,ARTEA,Artea pensija 1989-1995,2.1288,197714924.21
2026-01-14,ARTEA,Artea pensija 1989-1995,2.1201,196911705.95
2026-01-15,ARTEA,Artea pensija 1989-1995,2.1431,199032250.32000002
2026-01-16,ARTEA,Artea pensija 1989-1995,2.1398,198695943.25
2026-01-19,ARTEA,Artea pensija 1989-1995,2.1184,196622861.62
2026-01-20,ARTEA,Artea pensija 1989-1995,2.1029,195134720.53
2026-01-21,ARTEA,Artea pensija 1989-1995,2.1073,195510492.15
2026-01-22,ARTEA,Artea pensija 1989-1995,2.121,196733579.28
2026-01-23,ARTEA,Artea pensija 1989-1995,2.116,196255125.8
2026-01-26,ARTEA,Artea pensija 1989-1995,2.1096,195635711.58
2026-01-27,ARTEA,Artea pensija 1989-1995,2.1086,195483016.84
2026-01-28,ARTEA,Artea pensija 1989-1995,2.1112,195661295.28
2026-01-29,ARTEA,Artea pensija 1989-1995,2.0964,194256437.39000002
2026-01-30,ARTEA,Artea pensija 1989-1995,2.106,195098545.04
2026-02-02,ARTEA,Artea pensija 1989-1995,2.1219,196497887.4
2026-02-03,ARTEA,Artea pensija 1989-1995,2.1206,196310691.65
2026-02-04,ARTEA,Artea pensija 1989-1995,2.1149,195766000.06
2026-02-05,ARTEA,Artea pensija 1989-1995,2.101,194529578.39
2026-02-06,ARTEA,Artea pensija 1989-1995,2.118,198213962.99
2026-02-09,ARTEA,Artea pensija 1989-1995,2.1284,199115652.99
2026-02-10,ARTEA,Artea pensija 1989-1995,2.1328,199467044.58999997
2026-02-11,ARTEA,Artea pensija 1989-1995,2.1358,199549586.97
2026-02-12,ARTEA,Artea pensija 1989-1995,2.122,198250716.75
2026-02-13,ARTEA,Artea pensija 1989-1995,2.1244,198467095.85
2026-02-17,ARTEA,Artea pensija 1989-1995,2.1254,198562030.95
2026-02-18,ARTEA,Artea pensija 1989-1995,2.1438,200221874.73
2026-02-19,ARTEA,Artea pensija 1989-1995,2.1392,199747307.22
2026-02-20,ARTEA,Artea pensija 1989-1995,2.1503,200761846.44
2026-02-23,ARTEA,Artea pensija 1989-1995,2.1358,199364099.79
2026-02-24,ARTEA,Artea pensija 1989-1995,2.1508,200724152.06
2026-02-25,ARTEA,Artea pensija 1989-1995,2.1633,201847799.74
2026-02-26,ARTEA,Artea pensija 1989-1995,2.1589,201406895.22
2026-02-27,ARTEA,Artea pensija 1989-1995,2.1521,200754372.15
2026-03-02,ARTEA,Artea pensija 1989-1995,2.1522,200662117.09
2026-03-03,ARTEA,Artea pensija 1989-1995,2.1232,197888357.9
2026-03-04,ARTEA,Artea pensija 1989-1995,2.1427,199665284.47
2026-03-05,ARTEA,Artea pensija 1989-1995,2.1318,198625535.61
2026-03-06,ARTEA,Artea pensija 1989-1995,2.1138,196941411.29
2026-03-09,ARTEA,Artea pensija 1989-1995,2.1058,196152467.04
2026-03-10,ARTEA,Artea pensija 1989-1995,2.1314,198470440.28
2026-03-12,ARTEA,Artea pensija 1989-1995,2.1108,196543599.26
2026-03-13,ARTEA,Artea pensija 1989-1995,2.111,198671374.4
2026-03-16,ARTEA,Artea pensija 1989-1995,2.1159,199081027.16000003
2026-03-17,ARTEA,Artea pensija 1989-1995,2.1212,199513627.8
2026-03-18,ARTEA,Artea pensija 1989-1995,2.1127,198613510.34
2026-03-19,ARTEA,Artea pensija 1989-1995,2.0884,196360240.33999997
2026-03-20,ARTEA,Artea pensija 1989-1995,2.0735,194929048.53
2026-03-23,ARTEA,Artea pensija 1989-1995,2.0822,195694279.88000003
2026-03-24,ARTEA,Artea pensija 1989-1995,2.0808,195558734.23
2026-03-25,ARTEA,Artea pensija 1989-1995,2.094,196780275.22
2026-03-26,ARTEA,Artea pensija 1989-1995,2.0767,195084986.26
2026-03-27,ARTEA,Artea pensija 1989-1995,2.0565,193145517.21
2026-03-30,ARTEA,Artea pensija 1989-1995,2.063,193717584.47
2026-03-31,ARTEA,Artea pensija 1989-1995,2.0631,193683912.94000003
2026-04-01,ARTEA,Artea pensija 1989-1995,2.0947,196623744.96
2026-04-02,ARTEA,Artea pensija 1989-1995,2.0934,196505342.48999998
2026-04-03,ARTEA,Artea pensija 1989-1995,2.0929,196446277.76000002
2026-04-07,ARTEA,Artea pensija 1989-1995,2.0887,112600768.00000001
2026-04-08,ARTEA,Artea pensija 1989-1995,2.1321,114918820.10000001
2026-04-09,ARTEA,Artea pensija 1989-1995,2.1342,114952038.86999999
2026-04-10,ARTEA,Artea pensija 1989-1995,2.1404,115212854.81
2026-04-13,ARTEA,Artea pensija 1989-1995,2.1392,115146064.61
2026-04-14,ARTEA,Artea pensija 1989-1995,2.1577,116145559.13000001
2026-04-15,ARTEA,Artea pensija 1989-1995,2.1632,117714127.12
2026-04-16,ARTEA,Artea pensija 1989-1995,2.172,118167250.22
2026-04-17,ARTEA,Artea pensija 1989-1995,2.1932,119237661.91
2026-04-20,ARTEA,Artea pensija 1989-1995,2.186,118841249.83
2026-04-21,ARTEA,Artea pensija 1989-1995,2.1843,118831100.5
2026-04-22,ARTEA,Artea pensija 1989-1995,2.1915,119218470.88000001
2026-04-23,ARTEA,Artea pensija 1989-1995,2.1949,119414078.33
2026-04-24,ARTEA,Artea pensija 1989-1995,2.1942,119310356.45
2026-04-27,ARTEA,Artea pensija 1989-1995,2.194,119307181.92999999
2026-04-28,ARTEA,Artea pensija 1989-1995,2.185,118795108.96000001
2026-04-29,ARTEA,Artea pensija 1989-1995,2.1867,118887557.47999999
2026-04-30,ARTEA,Artea pensija 1989-1995,2.1959,119356931.57
2026-05-04,ARTEA,Artea pensija 1989-1995,2.2027,119703506.04
2026-05-05,ARTEA,Artea pensija 1989-1995,2.218,120461141.24
2026-05-06,ARTEA,Artea pensija 1989-1995,2.2394,121615702.85
2026-05-07,ARTEA,Artea pensija 1989-1995,2.2385,121561803.86
2026-05-08,ARTEA,Artea pensija 1989-1995,2.2397,121616192.05
2026-05-11,ARTEA,Artea pensija 1989-1995,2.2455,121929013.71
2026-05-12,ARTEA,Artea pensija 1989-1995,2.2255,120815749.65
2026-05-13,ARTEA,Artea pensija 1989-1995,2.2457,121926574.27
2026-05-14,ARTEA,Artea pensija 1989-1995,2.2683,124981075.77000001
2026-05-15,ARTEA,Artea pensija 1989-1995,2.2499,123967392.67
2026-05-18,ARTEA,Artea pensija 1989-1995,2.2408,123420205.58
2026-05-19,ARTEA,Artea pensija 1989-1995,2.233,122931884.14999999
2026-05-20,ARTEA,Artea pensija 1989-1995,2.2496,123888569.85
2026-05-21,ARTEA,Artea pensija 1989-1995,2.2529,124064312.73
2026-05-22,ARTEA,Artea pensija 1989-1995,2.2718,125092362.76
2026-05-25,ARTEA,Artea pensija 1989-1995,2.284,125755397.91
2026-05-26,ARTEA,Artea pensija 1989-1995,2.2801,125504362.04
2026-05-27,ARTEA,Artea pensija 1989-1995,2.2772,125341341.52000001
2026-05-28,ARTEA,Artea pensija 1989-1995,2.2815,125583499.47999999
2026-05-29,ARTEA,Artea pensija 1989-1995,2.2868,125860736.83
2026-06-01,ARTEA,Artea pensija 1989-1995,2.2935,126220762.05
2026-06-02,ARTEA,Artea pensija 1989-1995,2.3011,126626987.28
2026-06-03,ARTEA,Artea pensija 1989-1995,2.2965,126369011.96000001
2026-06-04,ARTEA,Artea pensija 1989-1995,2.2945,126263532.52
2026-06-05,ARTEA,Artea pensija 1989-1995,2.2819,125565524.14999999
2026-06-08,ARTEA,Artea pensija 1989-1995,2.2749,125173158.83999999
2026-06-09,ARTEA,Artea pensija 1989-1995,2.2543,124005375.56
2026-06-10,ARTEA,Artea pensija 1989-1995,2.2514,123844757.9
2026-06-11,ARTEA,Artea pensija 1989-1995,2.2548,125550387.57
2026-06-12,ARTEA,Artea pensija 1989-1995,2.2849,127224096.54
2026-06-15,ARTEA,Artea pensija 1989-1995,2.3044,128274731.98
2026-06-16,ARTEA,Artea pensija 1989-1995,2.301,128052064.69
2026-06-17,ARTEA,Artea pensija 1989-1995,2.3062,128341357.21
2026-06-18,ARTEA,Artea pensija 1989-1995,2.3179,128988724.36
2026-06-19,ARTEA,Artea pensija 1989-1995,2.3176,128952982.32000001
2026-06-22,ARTEA,Artea pensija 1989-1995,2.3262,129427481.78
2026-06-23,ARTEA,Artea pensija 1989-1995,2.3028,128112061.91000001
2026-06-25,ARTEA,Artea pensija 1989-1995,2.307,128344284.49
2026-06-26,ARTEA,Artea pensija 1989-1995,2.2999,127948642.78
2026-06-29,ARTEA,Artea pensija 1989-1995,2.2986,127874856.02
2026-06-30,ARTEA,Artea pensija 1989-1995,2.3189,128989058
2026-07-01,ARTEA,Artea pensija 1989-1995,2.3247,129312755.02
2026-07-02,ARTEA,Artea pensija 1989-1995,2.3107,128516428.32
2026-07-03,ARTEA,Artea pensija 1989-1995,2.3218,129115830.31
2026-07-07,ARTEA,Artea pensija 1989-1995,2.3075,111549695.1
2026-07-08,ARTEA,Artea pensija 1989-1995,2.2952,109204230.38
2026-07-09,ARTEA,Artea pensija 1989-1995,2.3163,109976365.82
2026-07-10,ARTEA,Artea pensija 1989-1995,2.3202,110168108.6
2026-07-13,ARTEA,Artea pensija 1989-1995,2.316,109938651.94999999
2026-07-14,ARTEA,Artea pensija 1989-1995,2.3157,109961043.21
2026-07-15,ARTEA,Artea pensija 1989-1995,2.3162,111054664.09
2026-07-16,ARTEA,Artea pensija 1989-1995,2.3124,110847042.08999999
2026-07-17,ARTEA,Artea pensija 1989-1995,2.294,109947308.31
2026-07-20,ARTEA,Artea pensija 1989-1995,2.2997,110180470.8
2026-07-21,ARTEA,Artea pensija 1989-1995,2.311,110693351.17999999
2026-07-22,ARTEA,Artea pensija 1989-1995,2.3136,110795666.69
2026-07-23,ARTEA,Artea pensija 1989-1995,2.2936,109830663.28
2026-07-24,ARTEA,Artea pensija 1989-1995,2.3022,110229954.63
2026-07-27,ARTEA,Artea pensija 1989-1995,2.2924,109818023.1
2026-07-28,ARTEA,Artea pensija 1989-1995,2.2947,109944000.14
2026-07-29,ARTEA,Artea pensija 1989-1995,2.2796,109219804.95
2026-07-30,ARTEA,Artea pensija 1989-1995,2.2756,108982440.05
2026-07-31,ARTEA,Artea pensija 1989-1995,2.2849,109407649.62
2026-08-03,ARTEA,Artea pensija 1989-1995,2.3043,110355776.55
2026-08-04,ARTEA,Artea pensija 1989-1995,2.3298,111575896.55
2026-08-05,ARTEA,Artea pensija 1989-1995,2.3349,111800473.89999999
2026-08-06,ARTEA,Artea pensija 1989-1995,2.3326,111692383.52
2026-08-07,ARTEA,Artea pensija 1989-1995,2.3379,111979294.57000001
2026-08-10,ARTEA,Artea pensija 1989-1995,2.3376,111961945.94000001
2026-08-11,ARTEA,Artea pensija 1989-1995,2.3397,112054840.38
2026-08-12,ARTEA,Artea pensija 1989-1995,2.3472,112414345.27
2026-08-13,ARTEA,Artea pensija 1989-1995,2.3562,114050891.02
2026-08-14,ARTEA,Artea pensija 1989-1995,2.3506,113776405.50999999
2026-08-17,ARTEA,Artea pensija 1989-1995,2.3537,113918476.10000001
2026-08-18,ARTEA,Artea pensija 1989-1995,2.3314,112770902.81
2026-08-19,ARTEA,Artea pensija 1989-1995,2.3267,112550220.42
2026-08-20,ARTEA,Artea pensija 1989-1995,2.3168,112061182.61
2026-08-21,ARTEA,Artea pensija 1989-1995,2.3232,112375831.80999999
2026-08-24,ARTEA,Artea pensija 1989-1995,2.3171,112095611.63
2026-08-25,ARTEA,Artea pensija 1989-1995,2.3239,112425942.38
2026-08-26,ARTEA,Artea pensija 1989-1995,2.3268,112557142.08
2026-08-27,ARTEA,Artea pensija 1989-1995,2.3331,112842109.45
2026-08-28,ARTEA,Artea pensija 1989-1995,2.3467,113490542.06
2026-08-31,ARTEA,Artea pensija 1989-1995,2.3292,112638825.52
2026-09-01,ARTEA,Artea pensija 1989-1995,2.3273,112546761.25
2026-09-02,ARTEA,Artea pensija 1989-1995,2.3288,112604157.27
2026-09-03,ARTEA,Artea pensija 1989-1995,2.3408,113177192.67
2026-09-04,ARTEA,Artea pensija 1989-1995,2.3415,113210532.09
2026-09-07,ARTEA,Artea pensija 1989-1995,2.3415,113207059.97999999
2026-09-08,ARTEA,Artea pensija 1989-1995,2.342,113217486.24
2026-09-09,ARTEA,Artea pensija 1989-1995,2.3284,112558001.82
2026-09-10,ARTEA,Artea pensija 1989-1995,2.3185,113188366.57
2026-09-11,ARTEA,Artea pensija 1989-1995,2.3339,113939998.77
2026-09-14,ARTEA,Artea pensija 1989-1995,2.3271,113566055.92999999
2026-09-15,ARTEA,Artea pensija 1989-1995,2.32,113214397.00999999
2026-09-16,ARTEA,Artea pensija 1989-1995,2.3308,113732729.67
2026-09-17,ARTEA,Artea pensija 1989-1995,2.3443,114415994.48
2026-09-18,ARTEA,Artea pensija 1989-1995,2.3388,114137146.05
2026-09-21,ARTEA,Artea pensija 1989-1995,2.3615,115242197.55
2026-09-22,ARTEA,Artea pensija 1989-1995,2.3718,115721511.64
2026-09-23,ARTEA,Artea pensija 1989-1995,2.3684,115562347.91000001
2026-09-24,ARTEA,Artea pensija 1989-1995,2.3572,115004604.81
2026-09-25,ARTEA,Artea pensija 1989-1995,2.3658,115422625.37
2026-09-28,ARTEA,Artea pensija 1989-1995,2.3597,115134567.16
2026-09-29,ARTEA,Artea pensija 1989-1995,2.3641,115326319.98
2026-09-30,ARTEA,Artea pensija 1989-1995,2.3661,115406272
2026-10-01,ARTEA,Artea pensija 1989-1995,2.3634,115270870.3
2019-01-02,ARTEA,Artea pensija 1996-2002,1,0
2019-01-03,ARTEA,Artea pensija 1996-2002,1,0
2019-01-04,ARTEA,Artea pensija 1996-2002,1,0
2019-01-07,ARTEA,Artea pensija 1996-2002,1,2119.43
2019-01-08,ARTEA,Artea pensija 1996-2002,1.0111,42522.5107
2019-01-09,ARTEA,Artea pensija 1996-2002,1.0092,42442.4148
2019-01-10,ARTEA,Artea pensija 1996-2002,1.0132,42609.9494
2019-01-11,ARTEA,Artea pensija 1996-2002,1.0159,43228.2578
2019-01-14,ARTEA,Artea pensija 1996-2002,1.0129,38324.7553
2019-01-15,ARTEA,Artea pensija 1996-2002,1.0251,70551.4877
2019-01-16,ARTEA,Artea pensija 1996-2002,1.0292,86488.4541
2019-01-17,ARTEA,Artea pensija 1996-2002,1.0313,96881.9984
2019-01-18,ARTEA,Artea pensija 1996-2002,1.0487,117081.1778
2019-01-21,ARTEA,Artea pensija 1996-2002,1.0451,116683.828
2019-01-22,ARTEA,Artea pensija 1996-2002,1.0402,151004.5108
2019-01-23,ARTEA,Artea pensija 1996-2002,1.0337,178249.3099
2019-01-24,ARTEA,Artea pensija 1996-2002,1.0397,194567.5031
2019-01-25,ARTEA,Artea pensija 1996-2002,1.0457,195707.2785
2019-01-28,ARTEA,Artea pensija 1996-2002,1.0321,195588.6756
2019-01-29,ARTEA,Artea pensija 1996-2002,1.0359,199637.7033
2019-01-30,ARTEA,Artea pensija 1996-2002,1.0431,204427.8281
2019-01-31,ARTEA,Artea pensija 1996-2002,1.0538,1996840.7539
2019-02-01,ARTEA,Artea pensija 1996-2002,1.0544,2004153.5212
2019-02-04,ARTEA,Artea pensija 1996-2002,1.0584,1999698.1857
2019-02-05,ARTEA,Artea pensija 1996-2002,1.0673,2019323.8124
2019-02-06,ARTEA,Artea pensija 1996-2002,1.0669,2019309.0472
2019-02-07,ARTEA,Artea pensija 1996-2002,1.0549,1996553.1675
2019-02-08,ARTEA,Artea pensija 1996-2002,1.0539,1998195.8087
2019-02-11,ARTEA,Artea pensija 1996-2002,1.0628,2008945.4509
2019-02-12,ARTEA,Artea pensija 1996-2002,1.0702,2013099.0807
2019-02-13,ARTEA,Artea pensija 1996-2002,1.0731,2044412.1114
2019-02-14,ARTEA,Artea pensija 1996-2002,1.071,2116856.5757
2019-02-15,ARTEA,Artea pensija 1996-2002,1.08,2144393.0565
2019-02-18,ARTEA,Artea pensija 1996-2002,1.0802,2168614.0482
2019-02-19,ARTEA,Artea pensija 1996-2002,1.0796,2213023.4928
2019-02-20,ARTEA,Artea pensija 1996-2002,1.0825,2219927.4509
2019-02-21,ARTEA,Artea pensija 1996-2002,1.0807,2316130.3525
2019-02-22,ARTEA,Artea pensija 1996-2002,1.0868,2328337.6638
2019-02-25,ARTEA,Artea pensija 1996-2002,1.092,2406956.3696
2019-02-26,ARTEA,Artea pensija 1996-2002,1.0886,2400412.0388
2019-02-27,ARTEA,Artea pensija 1996-2002,1.0852,2424078.4632
2019-02-28,ARTEA,Artea pensija 1996-2002,1.0827,2437199.0816
2019-03-01,ARTEA,Artea pensija 1996-2002,1.0834,2443728.1756
2019-03-04,ARTEA,Artea pensija 1996-2002,1.088,2492339.2865
2019-03-05,ARTEA,Artea pensija 1996-2002,1.0913,2518256.045
2019-03-06,ARTEA,Artea pensija 1996-2002,1.0863,2508544.442
2019-03-07,ARTEA,Artea pensija 1996-2002,1.0845,2504620.3187
2019-03-08,ARTEA,Artea pensija 1996-2002,1.0746,2587396.6889
2019-03-12,ARTEA,Artea pensija 1996-2002,1.088,2600427.9327
2019-03-13,ARTEA,Artea pensija 1996-2002,1.0914,2616605.8134
2019-03-14,ARTEA,Artea pensija 1996-2002,1.0913,2688179.9656
2019-03-15,ARTEA,Artea pensija 1996-2002,1.0971,2716227.8895
2019-03-18,ARTEA,Artea pensija 1996-2002,1.0976,2722946.5913
2019-03-19,ARTEA,Artea pensija 1996-2002,1.1023,2735428.1808
2019-03-20,ARTEA,Artea pensija 1996-2002,1.0922,2717408.2046
2019-03-21,ARTEA,Artea pensija 1996-2002,1.0983,2742944.934
2019-03-22,ARTEA,Artea pensija 1996-2002,1.0892,2719833.8145
2019-03-25,ARTEA,Artea pensija 1996-2002,1.0832,2681835.9791
2019-03-26,ARTEA,Artea pensija 1996-2002,1.0928,2716379.1794
2019-03-27,ARTEA,Artea pensija 1996-2002,1.0909,2714550.1886
2019-03-28,ARTEA,Artea pensija 1996-2002,1.0934,2722978.1077
2019-03-29,ARTEA,Artea pensija 1996-2002,1.1016,2748666.8575
2019-04-01,ARTEA,Artea pensija 1996-2002,1.1128,2777200.7363
2019-04-02,ARTEA,Artea pensija 1996-2002,1.1157,2790211.7883
2019-04-03,ARTEA,Artea pensija 1996-2002,1.1209,2810386.7032
2019-04-04,ARTEA,Artea pensija 1996-2002,1.1197,2807863.8093
2019-04-05,ARTEA,Artea pensija 1996-2002,1.1235,2928582.2705
2019-04-08,ARTEA,Artea pensija 1996-2002,1.1202,2918354.8987
2019-04-09,ARTEA,Artea pensija 1996-2002,1.1162,2927246.8214
2019-04-10,ARTEA,Artea pensija 1996-2002,1.1196,2934489.9338
2019-04-11,ARTEA,Artea pensija 1996-2002,1.1185,2930457.802
2019-04-12,ARTEA,Artea pensija 1996-2002,1.1196,2935368.7791
2019-04-15,ARTEA,Artea pensija 1996-2002,1.1195,2933957.3665
2019-04-16,ARTEA,Artea pensija 1996-2002,1.1236,2941729.5624
2019-04-17,ARTEA,Artea pensija 1996-2002,1.1215,2937891.915
2019-04-18,ARTEA,Artea pensija 1996-2002,1.1259,2966025.4448
2019-04-19,ARTEA,Artea pensija 1996-2002,1.1259,2961357.9088
2019-04-23,ARTEA,Artea pensija 1996-2002,1.1332,2987031.6894
2019-04-24,ARTEA,Artea pensija 1996-2002,1.1329,3002495.4067
2019-04-25,ARTEA,Artea pensija 1996-2002,1.1338,3009780.9482
2019-04-26,ARTEA,Artea pensija 1996-2002,1.1347,3021141.2729
2019-04-29,ARTEA,Artea pensija 1996-2002,1.1375,3021962.5443
2019-04-30,ARTEA,Artea pensija 1996-2002,1.1323,3016437.5159
2019-05-02,ARTEA,Artea pensija 1996-2002,1.1279,3017000.0953
2019-05-03,ARTEA,Artea pensija 1996-2002,1.1367,3086407.5665
2019-05-06,ARTEA,Artea pensija 1996-2002,1.1271,3064492.6817
2019-05-07,ARTEA,Artea pensija 1996-2002,1.117,3050295.7209
2019-05-08,ARTEA,Artea pensija 1996-2002,1.114,3042901.389
2019-05-09,ARTEA,Artea pensija 1996-2002,1.0962,3109949.9942
2019-05-10,ARTEA,Artea pensija 1996-2002,1.0957,3108159.4947
2019-05-13,ARTEA,Artea pensija 1996-2002,1.0849,3083928.2138
2019-05-14,ARTEA,Artea pensija 1996-2002,1.0976,3124063.4985
2019-05-15,ARTEA,Artea pensija 1996-2002,1.0996,3129643.0532
2019-05-16,ARTEA,Artea pensija 1996-2002,1.111,3162255.4841
2019-05-17,ARTEA,Artea pensija 1996-2002,1.1053,3152879.9891
2019-05-20,ARTEA,Artea pensija 1996-2002,1.0951,3162348.7371
2019-05-21,ARTEA,Artea pensija 1996-2002,1.1024,3216156.8733
2019-05-22,ARTEA,Artea pensija 1996-2002,1.1012,3221531.0332
2019-05-23,ARTEA,Artea pensija 1996-2002,1.0891,3191494.6707
2019-05-24,ARTEA,Artea pensija 1996-2002,1.0891,3206244.8367
2019-05-27,ARTEA,Artea pensija 1996-2002,1.092,3228764.6379
2019-05-28,ARTEA,Artea pensija 1996-2002,1.0914,3245423.8386
2019-05-29,ARTEA,Artea pensija 1996-2002,1.0835,3227199.2119
2019-05-30,ARTEA,Artea pensija 1996-2002,1.088,3211911.2741
2019-05-31,ARTEA,Artea pensija 1996-2002,1.0817,3194765.0969
2019-06-03,ARTEA,Artea pensija 1996-2002,1.0787,3193663.8543
2019-06-04,ARTEA,Artea pensija 1996-2002,1.0848,3218311.4879
2019-06-05,ARTEA,Artea pensija 1996-2002,1.0885,3236733.3083
2019-06-06,ARTEA,Artea pensija 1996-2002,1.0886,3377463.422
2019-06-07,ARTEA,Artea pensija 1996-2002,1.0957,3367686.7824
2019-06-10,ARTEA,Artea pensija 1996-2002,1.0969,3377263.7498
2019-06-11,ARTEA,Artea pensija 1996-2002,1.1045,3414766.7874
2019-06-12,ARTEA,Artea pensija 1996-2002,1.1003,3411453.913
2019-06-13,ARTEA,Artea pensija 1996-2002,1.1039,3440013.3657
2019-06-14,ARTEA,Artea pensija 1996-2002,1.106,3448853.8722
2019-06-17,ARTEA,Artea pensija 1996-2002,1.1055,3446500.2261
2019-06-18,ARTEA,Artea pensija 1996-2002,1.1214,3513346.088
2019-06-19,ARTEA,Artea pensija 1996-2002,1.1203,3510697.6413
2019-06-20,ARTEA,Artea pensija 1996-2002,1.126,3528848.9917
2019-06-21,ARTEA,Artea pensija 1996-2002,1.1236,3526484.094
2019-06-25,ARTEA,Artea pensija 1996-2002,1.1117,3473867.0904
2019-06-26,ARTEA,Artea pensija 1996-2002,1.11,3502754.0742
2019-06-27,ARTEA,Artea pensija 1996-2002,1.1126,3511235.2536
2019-06-28,ARTEA,Artea pensija 1996-2002,1.1166,3536271.9261
2019-07-01,ARTEA,Artea pensija 1996-2002,1.131,3590246.7457
2019-07-02,ARTEA,Artea pensija 1996-2002,1.132,3617046.9995
2019-07-03,ARTEA,Artea pensija 1996-2002,1.1394,3645913.7335
2019-07-04,ARTEA,Artea pensija 1996-2002,1.1418,3657618.3223
2019-07-05,ARTEA,Artea pensija 1996-2002,1.1396,3784189.5897
2019-07-08,ARTEA,Artea pensija 1996-2002,1.137,3776213.8913
2019-07-09,ARTEA,Artea pensija 1996-2002,1.1352,3770008.1495
2019-07-10,ARTEA,Artea pensija 1996-2002,1.1366,3773204.3632
2019-07-11,ARTEA,Artea pensija 1996-2002,1.1378,3775829.4324
2019-07-12,ARTEA,Artea pensija 1996-2002,1.1411,3788637.2713
2019-07-15,ARTEA,Artea pensija 1996-2002,1.1422,3790609.8238
2019-07-16,ARTEA,Artea pensija 1996-2002,1.1455,3805837.0404
2019-07-17,ARTEA,Artea pensija 1996-2002,1.14,3785587.6087
2019-07-18,ARTEA,Artea pensija 1996-2002,1.1363,3771836.3762
2019-07-19,ARTEA,Artea pensija 1996-2002,1.1418,3789813.3126
2019-07-22,ARTEA,Artea pensija 1996-2002,1.1391,3779729.4882
2019-07-23,ARTEA,Artea pensija 1996-2002,1.1468,3805272.853
2019-07-24,ARTEA,Artea pensija 1996-2002,1.151,3820152.4021
2019-07-25,ARTEA,Artea pensija 1996-2002,1.1472,3809480.5827
2019-07-26,ARTEA,Artea pensija 1996-2002,1.1526,3829150.0586
2019-07-29,ARTEA,Artea pensija 1996-2002,1.1497,3820946.5127
2019-07-30,ARTEA,Artea pensija 1996-2002,1.1444,3805737.0189
2019-07-31,ARTEA,Artea pensija 1996-2002,1.1453,3805397.9192
2019-08-01,ARTEA,Artea pensija 1996-2002,1.1492,3818546.268
2019-08-02,ARTEA,Artea pensija 1996-2002,1.1183,3713906.5873
2019-08-05,ARTEA,Artea pensija 1996-2002,1.0913,3618694.0262
2019-08-06,ARTEA,Artea pensija 1996-2002,1.0883,3608997.2323
2019-08-07,ARTEA,Artea pensija 1996-2002,1.0886,3611511.2208
2019-08-08,ARTEA,Artea pensija 1996-2002,1.108,3795983.9346
2019-08-09,ARTEA,Artea pensija 1996-2002,1.1009,3770719.4291
2019-08-12,ARTEA,Artea pensija 1996-2002,1.0943,3751395.3429
2019-08-13,ARTEA,Artea pensija 1996-2002,1.1049,3789324.4518
2019-08-14,ARTEA,Artea pensija 1996-2002,1.0892,3734939.3953
2019-08-16,ARTEA,Artea pensija 1996-2002,1.1024,3781378.7975
2019-08-19,ARTEA,Artea pensija 1996-2002,1.1127,3818672.7232
2019-08-20,ARTEA,Artea pensija 1996-2002,1.1097,3808941.6614
2019-08-21,ARTEA,Artea pensija 1996-2002,1.1149,3828503.3026
2019-08-22,ARTEA,Artea pensija 1996-2002,1.1111,3846021.8704
2019-08-23,ARTEA,Artea pensija 1996-2002,1.0958,3791203.2648
2019-08-26,ARTEA,Artea pensija 1996-2002,1.0984,3801877.4592
2019-08-27,ARTEA,Artea pensija 1996-2002,1.1019,3815046.1829
2019-08-28,ARTEA,Artea pensija 1996-2002,1.1032,3816977.6675
2019-08-29,ARTEA,Artea pensija 1996-2002,1.1152,3858970.8784
2019-08-30,ARTEA,Artea pensija 1996-2002,1.122,3883973.002
2019-09-02,ARTEA,Artea pensija 1996-2002,1.1229,3886334.615
2019-09-03,ARTEA,Artea pensija 1996-2002,1.1199,3876336.795
2019-09-04,ARTEA,Artea pensija 1996-2002,1.1256,3895968.1439
2019-09-05,ARTEA,Artea pensija 1996-2002,1.1374,4092453.8772
2019-09-06,ARTEA,Artea pensija 1996-2002,1.1393,4099139.6109
2019-09-09,ARTEA,Artea pensija 1996-2002,1.1428,4095180.6116
2019-09-10,ARTEA,Artea pensija 1996-2002,1.1402,4077816.0539
2019-09-11,ARTEA,Artea pensija 1996-2002,1.1536,4137604.329
2019-09-12,ARTEA,Artea pensija 1996-2002,1.156,4145854.9812
2019-09-13,ARTEA,Artea pensija 1996-2002,1.1573,4153815.5948
2019-09-16,ARTEA,Artea pensija 1996-2002,1.1588,4162266.8725
2019-09-17,ARTEA,Artea pensija 1996-2002,1.1538,4145482.4522
2019-09-18,ARTEA,Artea pensija 1996-2002,1.1519,4143035.7198
2019-09-19,ARTEA,Artea pensija 1996-2002,1.1588,4139054.0006
2019-09-20,ARTEA,Artea pensija 1996-2002,1.1599,4143052.4163
2019-09-23,ARTEA,Artea pensija 1996-2002,1.1556,4136793.5359
2019-09-24,ARTEA,Artea pensija 1996-2002,1.152,4124643.7143
2019-09-25,ARTEA,Artea pensija 1996-2002,1.1514,4092900.5584
2019-09-26,ARTEA,Artea pensija 1996-2002,1.1538,4100947.8787
2019-09-27,ARTEA,Artea pensija 1996-2002,1.1549,4105586.9295
2019-09-30,ARTEA,Artea pensija 1996-2002,1.1568,4111127.6127
2019-10-01,ARTEA,Artea pensija 1996-2002,1.1471,4080268.264
2019-10-02,ARTEA,Artea pensija 1996-2002,1.1233,3994621.9599
2019-10-03,ARTEA,Artea pensija 1996-2002,1.1235,3994668.0043
2019-10-04,ARTEA,Artea pensija 1996-2002,1.1359,4037319.4594
2019-10-07,ARTEA,Artea pensija 1996-2002,1.1386,4046398.4426
2019-10-08,ARTEA,Artea pensija 1996-2002,1.1276,4013563.8677
2019-10-09,ARTEA,Artea pensija 1996-2002,1.1308,4027652.8183
2019-10-10,ARTEA,Artea pensija 1996-2002,1.1371,4211792.9934
2019-10-11,ARTEA,Artea pensija 1996-2002,1.1517,4258765.2825
2019-10-14,ARTEA,Artea pensija 1996-2002,1.147,4273302.2411
2019-10-15,ARTEA,Artea pensija 1996-2002,1.1542,4304390.2853
2019-10-16,ARTEA,Artea pensija 1996-2002,1.1523,4299461.1344
2019-10-17,ARTEA,Artea pensija 1996-2002,1.1502,4288545.2357
2019-10-18,ARTEA,Artea pensija 1996-2002,1.1463,4275902.5635
2019-10-21,ARTEA,Artea pensija 1996-2002,1.1512,4295163.4954
2019-10-22,ARTEA,Artea pensija 1996-2002,1.1538,4304716.7822
2019-10-23,ARTEA,Artea pensija 1996-2002,1.1544,4303595.9045
2019-10-24,ARTEA,Artea pensija 1996-2002,1.1595,4318691.4768
2019-10-25,ARTEA,Artea pensija 1996-2002,1.1637,4331498.5322
2019-10-28,ARTEA,Artea pensija 1996-2002,1.1679,4346023.3797
2019-10-29,ARTEA,Artea pensija 1996-2002,1.1667,4339974.6935
2019-10-30,ARTEA,Artea pensija 1996-2002,1.164,4336068.5239
2019-10-31,ARTEA,Artea pensija 1996-2002,1.1587,4317154.5076
2019-11-04,ARTEA,Artea pensija 1996-2002,1.178,4388924.9475
2019-11-05,ARTEA,Artea pensija 1996-2002,1.1859,4419169.7991
2019-11-06,ARTEA,Artea pensija 1996-2002,1.1855,4417557.5194
2019-11-07,ARTEA,Artea pensija 1996-2002,1.1933,4600945.9225
2019-11-08,ARTEA,Artea pensija 1996-2002,1.1914,4582842.886
2019-11-11,ARTEA,Artea pensija 1996-2002,1.1873,4576690.2831
2019-11-12,ARTEA,Artea pensija 1996-2002,1.1927,4597821.9373
2019-11-13,ARTEA,Artea pensija 1996-2002,1.1888,4588258.1403
2019-11-14,ARTEA,Artea pensija 1996-2002,1.1872,4569569.1066
2019-11-15,ARTEA,Artea pensija 1996-2002,1.1922,4580701.6157
2019-11-18,ARTEA,Artea pensija 1996-2002,1.1901,4583212.3839
2019-11-19,ARTEA,Artea pensija 1996-2002,1.1898,4580109.0679
2019-11-20,ARTEA,Artea pensija 1996-2002,1.1892,4578878.7483
2019-11-21,ARTEA,Artea pensija 1996-2002,1.1829,4552201.3016
2019-11-22,ARTEA,Artea pensija 1996-2002,1.188,4570850.7472
2019-11-25,ARTEA,Artea pensija 1996-2002,1.1987,4609243.7099
2019-11-26,ARTEA,Artea pensija 1996-2002,1.1991,4610691.125
2019-11-27,ARTEA,Artea pensija 1996-2002,1.2043,4630103.9486
2019-11-28,ARTEA,Artea pensija 1996-2002,1.2037,4630742.6102
2019-11-29,ARTEA,Artea pensija 1996-2002,1.1977,4614228.8339
2019-12-02,ARTEA,Artea pensija 1996-2002,1.1854,4563470.2101
2019-12-03,ARTEA,Artea pensija 1996-2002,1.1772,4535252.363
2019-12-04,ARTEA,Artea pensija 1996-2002,1.1892,4581673.1945
2019-12-05,ARTEA,Artea pensija 1996-2002,1.1873,4732731.8976
2019-12-06,ARTEA,Artea pensija 1996-2002,1.2025,4789518.956
2019-12-09,ARTEA,Artea pensija 1996-2002,1.1985,4771387.325
2019-12-10,ARTEA,Artea pensija 1996-2002,1.1953,4766751.7651
2019-12-11,ARTEA,Artea pensija 1996-2002,1.1974,4774661.021
2019-12-12,ARTEA,Artea pensija 1996-2002,1.2048,4813280.682
2019-12-13,ARTEA,Artea pensija 1996-2002,1.2064,4818319.6411
2019-12-16,ARTEA,Artea pensija 1996-2002,1.217,4884358.9923
2019-12-17,ARTEA,Artea pensija 1996-2002,1.2149,4877143.807
2019-12-18,ARTEA,Artea pensija 1996-2002,1.2185,4889272.4173
2019-12-19,ARTEA,Artea pensija 1996-2002,1.2202,4903301.8218
2019-12-20,ARTEA,Artea pensija 1996-2002,1.2296,4938743.8485
2019-12-23,ARTEA,Artea pensija 1996-2002,1.2282,4934180.132
2019-12-27,ARTEA,Artea pensija 1996-2002,1.2284,4934129.8379
2019-12-30,ARTEA,Artea pensija 1996-2002,1.2244,4914784.2891
2019-12-31,ARTEA,Artea pensija 1996-2002,1.2244,4914279.3405
2020-01-02,ARTEA,Artea pensija 1996-2002,1.2282,4931088.8223
2020-01-03,ARTEA,Artea pensija 1996-2002,1.2268,4925426.1447
2020-01-06,ARTEA,Artea pensija 1996-2002,1.2228,4899493.4955
2020-01-07,ARTEA,Artea pensija 1996-2002,1.2285,4904920.2775
2020-01-08,ARTEA,Artea pensija 1996-2002,1.2344,4928425.9678
2020-01-09,ARTEA,Artea pensija 1996-2002,1.2426,5124606.0981
2020-01-10,ARTEA,Artea pensija 1996-2002,1.2421,5119572.2186
2020-01-13,ARTEA,Artea pensija 1996-2002,1.2437,5129578.0432
2020-01-14,ARTEA,Artea pensija 1996-2002,1.2469,5146862.8006
2020-01-15,ARTEA,Artea pensija 1996-2002,1.2458,5139793.533
2020-01-16,ARTEA,Artea pensija 1996-2002,1.2513,5163734.3312
2020-01-17,ARTEA,Artea pensija 1996-2002,1.2597,5197613.3791
2020-01-20,ARTEA,Artea pensija 1996-2002,1.2608,5201166.6469
2020-01-21,ARTEA,Artea pensija 1996-2002,1.2549,5174319.5337
2020-01-22,ARTEA,Artea pensija 1996-2002,1.2576,5183323.7898
2020-01-23,ARTEA,Artea pensija 1996-2002,1.2527,5161196.2458
2020-01-24,ARTEA,Artea pensija 1996-2002,1.2562,5177447.044
2020-01-27,ARTEA,Artea pensija 1996-2002,1.2316,5077895.8391
2020-01-28,ARTEA,Artea pensija 1996-2002,1.2407,5119803.5564
2020-01-29,ARTEA,Artea pensija 1996-2002,1.2438,5133879.0319
2020-01-30,ARTEA,Artea pensija 1996-2002,1.2301,5075600.3978
2020-01-31,ARTEA,Artea pensija 1996-2002,1.2152,5017652.6561
2020-02-03,ARTEA,Artea pensija 1996-2002,1.2222,5022119.7931
2020-02-04,ARTEA,Artea pensija 1996-2002,1.2446,5120036.939
2020-02-05,ARTEA,Artea pensija 1996-2002,1.2549,5176887.1622
2020-02-06,ARTEA,Artea pensija 1996-2002,1.2626,5204712.1239
2020-02-07,ARTEA,Artea pensija 1996-2002,1.2585,5187644.564
2020-02-10,ARTEA,Artea pensija 1996-2002,1.263,5204083.6037
2020-02-11,ARTEA,Artea pensija 1996-2002,1.2722,5261161.8522
2020-02-12,ARTEA,Artea pensija 1996-2002,1.2806,5296595.8893
2020-02-13,ARTEA,Artea pensija 1996-2002,1.283,5471476.8584
2020-02-14,ARTEA,Artea pensija 1996-2002,1.2828,5459505.5587
2020-02-17,ARTEA,Artea pensija 1996-2002,1.286,5481155.8235
2020-02-18,ARTEA,Artea pensija 1996-2002,1.2781,5447971.3988
2020-02-19,ARTEA,Artea pensija 1996-2002,1.2887,5490575.2732
2020-02-20,ARTEA,Artea pensija 1996-2002,1.2754,5435439.2504
2020-02-21,ARTEA,Artea pensija 1996-2002,1.2677,5397433.835
2020-02-24,ARTEA,Artea pensija 1996-2002,1.2294,5237563.7387
2020-02-25,ARTEA,Artea pensija 1996-2002,1.2144,5184419.9056
2020-02-26,ARTEA,Artea pensija 1996-2002,1.2115,5174264.0576
2020-02-27,ARTEA,Artea pensija 1996-2002,1.1717,5018772.1576
2020-02-28,ARTEA,Artea pensija 1996-2002,1.1407,4893213.9507
2020-03-02,ARTEA,Artea pensija 1996-2002,1.1535,4946492.8371
2020-03-03,ARTEA,Artea pensija 1996-2002,1.1592,4959147.078
2020-03-04,ARTEA,Artea pensija 1996-2002,1.1718,5061740.5974
2020-03-05,ARTEA,Artea pensija 1996-2002,1.1604,5013589.2019
2020-03-06,ARTEA,Artea pensija 1996-2002,1.1188,5012966.5929
2020-03-09,ARTEA,Artea pensija 1996-2002,1.0499,4691876.0582
2020-03-10,ARTEA,Artea pensija 1996-2002,1.0591,4736404.8681
2020-03-12,ARTEA,Artea pensija 1996-2002,0.9738,4363931.4049
2020-03-13,ARTEA,Artea pensija 1996-2002,1.0006,4499525.2775
2020-03-16,ARTEA,Artea pensija 1996-2002,0.9599,4310661.7327
2020-03-17,ARTEA,Artea pensija 1996-2002,0.9763,4402595.3433
2020-03-18,ARTEA,Artea pensija 1996-2002,0.9393,4271511.9746
2020-03-19,ARTEA,Artea pensija 1996-2002,0.9541,4382373.9324
2020-03-20,ARTEA,Artea pensija 1996-2002,0.9599,4413445.9008
2020-03-23,ARTEA,Artea pensija 1996-2002,0.9178,4232461.3403
2020-03-24,ARTEA,Artea pensija 1996-2002,0.9746,4498076.9038
2020-03-25,ARTEA,Artea pensija 1996-2002,0.993,4623682.0594
2020-03-26,ARTEA,Artea pensija 1996-2002,1.0109,4705349.8976
2020-03-27,ARTEA,Artea pensija 1996-2002,0.9868,4600890.6285
2020-03-30,ARTEA,Artea pensija 1996-2002,1.0007,4661168.892
2020-03-31,ARTEA,Artea pensija 1996-2002,1.0118,4732448.2284
2020-04-01,ARTEA,Artea pensija 1996-2002,0.9822,4616555.7064
2020-04-02,ARTEA,Artea pensija 1996-2002,0.9914,4670171.2106
2020-04-03,ARTEA,Artea pensija 1996-2002,0.9856,4641521.1342
2020-04-06,ARTEA,Artea pensija 1996-2002,1.0209,4808311.9783
2020-04-07,ARTEA,Artea pensija 1996-2002,1.0409,4922839.1093
2020-04-08,ARTEA,Artea pensija 1996-2002,1.0428,4932638.914
2020-04-09,ARTEA,Artea pensija 1996-2002,1.0579,5186346.7453
2020-04-10,ARTEA,Artea pensija 1996-2002,1.058,5187023.0695
2020-04-14,ARTEA,Artea pensija 1996-2002,1.0659,5174250.349
2020-04-15,ARTEA,Artea pensija 1996-2002,1.0495,5164502.5629
2020-04-16,ARTEA,Artea pensija 1996-2002,1.059,5258318.857
2020-04-17,ARTEA,Artea pensija 1996-2002,1.0728,5326637.5347
2020-04-20,ARTEA,Artea pensija 1996-2002,1.0765,5335062.7812
2020-04-21,ARTEA,Artea pensija 1996-2002,1.0424,5165175.3645
2020-04-22,ARTEA,Artea pensija 1996-2002,1.0628,5252144.6415
2020-04-23,ARTEA,Artea pensija 1996-2002,1.073,5301571.4016
2020-04-24,ARTEA,Artea pensija 1996-2002,1.0668,5272587.3711
2020-04-27,ARTEA,Artea pensija 1996-2002,1.0853,5381564.268
2020-04-28,ARTEA,Artea pensija 1996-2002,1.0926,5422536.1673
2020-04-29,ARTEA,Artea pensija 1996-2002,1.1093,5504704.7219
2020-04-30,ARTEA,Artea pensija 1996-2002,1.0936,5420706.2757
2020-05-04,ARTEA,Artea pensija 1996-2002,1.0641,5290847.4769
2020-05-05,ARTEA,Artea pensija 1996-2002,1.0869,5408846.4398
2020-05-06,ARTEA,Artea pensija 1996-2002,1.0829,5389567.764
2020-05-07,ARTEA,Artea pensija 1996-2002,1.0922,5436013.1432
2020-05-08,ARTEA,Artea pensija 1996-2002,1.1003,5682482.4233
2020-05-11,ARTEA,Artea pensija 1996-2002,1.1021,5692016.1067
2020-05-12,ARTEA,Artea pensija 1996-2002,1.0997,5673754.5975
2020-05-13,ARTEA,Artea pensija 1996-2002,1.081,5584143.5939
2020-05-14,ARTEA,Artea pensija 1996-2002,1.0716,5540103.5882
2020-05-15,ARTEA,Artea pensija 1996-2002,1.0754,5559296.0723
2020-05-18,ARTEA,Artea pensija 1996-2002,1.1082,5729056.6054
2020-05-19,ARTEA,Artea pensija 1996-2002,1.104,5710470.2276
2020-05-20,ARTEA,Artea pensija 1996-2002,1.1095,5740367.1812
2020-05-21,ARTEA,Artea pensija 1996-2002,1.1011,5699067.082
2020-05-22,ARTEA,Artea pensija 1996-2002,1.1007,5695994.1392
2020-05-25,ARTEA,Artea pensija 1996-2002,1.1171,5778406.9565
2020-05-26,ARTEA,Artea pensija 1996-2002,1.1197,5819889.3298
2020-05-27,ARTEA,Artea pensija 1996-2002,1.1184,5811274.3591
2020-05-28,ARTEA,Artea pensija 1996-2002,1.1265,5854841.1497
2020-05-29,ARTEA,Artea pensija 1996-2002,1.1086,5763792.1709
2020-06-01,ARTEA,Artea pensija 1996-2002,1.109,5766673.8469
2020-06-02,ARTEA,Artea pensija 1996-2002,1.1307,5891902.6148
2020-06-03,ARTEA,Artea pensija 1996-2002,1.1482,5985917.5652
2020-06-04,ARTEA,Artea pensija 1996-2002,1.1363,5923692.6025
2020-06-05,ARTEA,Artea pensija 1996-2002,1.1651,6073955.4006
2020-06-08,ARTEA,Artea pensija 1996-2002,1.1656,6257665.6064
2020-06-09,ARTEA,Artea pensija 1996-2002,1.1572,6205897.4762
2020-06-10,ARTEA,Artea pensija 1996-2002,1.153,6179517.638
2020-06-11,ARTEA,Artea pensija 1996-2002,1.1137,6006792.6328
2020-06-12,ARTEA,Artea pensija 1996-2002,1.1195,6038791.0479
2020-06-15,ARTEA,Artea pensija 1996-2002,1.1113,5988553.7179
2020-06-16,ARTEA,Artea pensija 1996-2002,1.1413,6126927.7015
2020-06-17,ARTEA,Artea pensija 1996-2002,1.1466,6163023.9308
2020-06-18,ARTEA,Artea pensija 1996-2002,1.1433,6148937.6819
2020-06-19,ARTEA,Artea pensija 1996-2002,1.1509,6191365.2995
2020-06-22,ARTEA,Artea pensija 1996-2002,1.1411,6142057.4765
2020-06-23,ARTEA,Artea pensija 1996-2002,1.1491,6184383.5563
2020-06-25,ARTEA,Artea pensija 1996-2002,1.1304,6086670.2327
2020-06-26,ARTEA,Artea pensija 1996-2002,1.125,6063051.9507
2020-06-29,ARTEA,Artea pensija 1996-2002,1.1268,6073814.8641
2020-06-30,ARTEA,Artea pensija 1996-2002,1.1339,6113657.3044
2020-07-01,ARTEA,Artea pensija 1996-2002,1.1383,6135239.7133
2020-07-02,ARTEA,Artea pensija 1996-2002,1.156,6229808.6489
2020-07-03,ARTEA,Artea pensija 1996-2002,1.1523,6190362.1113
2020-07-07,ARTEA,Artea pensija 1996-2002,1.1644,6256977.9361
2020-07-08,ARTEA,Artea pensija 1996-2002,1.1576,6246155.9883
2020-07-09,ARTEA,Artea pensija 1996-2002,1.1557,6239700.6879
2020-07-10,ARTEA,Artea pensija 1996-2002,1.1619,6465407.8821
2020-07-13,ARTEA,Artea pensija 1996-2002,1.1728,6525723.4803
2020-07-14,ARTEA,Artea pensija 1996-2002,1.1558,6400760.2045
2020-07-15,ARTEA,Artea pensija 1996-2002,1.1694,6471525.792
2020-07-16,ARTEA,Artea pensija 1996-2002,1.1616,6442461.1403
2020-07-17,ARTEA,Artea pensija 1996-2002,1.1652,6462016.6687
2020-07-20,ARTEA,Artea pensija 1996-2002,1.1712,6499638.1678
2020-07-21,ARTEA,Artea pensija 1996-2002,1.1786,6541112.4259
2020-07-22,ARTEA,Artea pensija 1996-2002,1.1668,6451663.6194
2020-07-23,ARTEA,Artea pensija 1996-2002,1.1671,6452108.7009
2020-07-24,ARTEA,Artea pensija 1996-2002,1.1494,6357389.1591
2020-07-27,ARTEA,Artea pensija 1996-2002,1.1443,6297634.8268
2020-07-28,ARTEA,Artea pensija 1996-2002,1.1503,6326079.2014
2020-07-29,ARTEA,Artea pensija 1996-2002,1.1506,6339704.5875
2020-07-30,ARTEA,Artea pensija 1996-2002,1.14,6283733.1525
2020-07-31,ARTEA,Artea pensija 1996-2002,1.1353,6259289.8849
2020-08-03,ARTEA,Artea pensija 1996-2002,1.1559,6367649.9745
2020-08-04,ARTEA,Artea pensija 1996-2002,1.1577,6378622.0526
2020-08-05,ARTEA,Artea pensija 1996-2002,1.1593,6388411.0333
2020-08-06,ARTEA,Artea pensija 1996-2002,1.1598,6391497.3233
2020-08-07,ARTEA,Artea pensija 1996-2002,1.1656,6427821.5068
2020-08-10,ARTEA,Artea pensija 1996-2002,1.1688,6650281.9111
2020-08-11,ARTEA,Artea pensija 1996-2002,1.1771,6697530.8078
2020-08-12,ARTEA,Artea pensija 1996-2002,1.181,6715749.8437
2020-08-13,ARTEA,Artea pensija 1996-2002,1.1773,6664101.4292
2020-08-14,ARTEA,Artea pensija 1996-2002,1.1739,6648600.4656
2020-08-17,ARTEA,Artea pensija 1996-2002,1.1758,6659857.8983
2020-08-18,ARTEA,Artea pensija 1996-2002,1.1708,6627537.753
2020-08-19,ARTEA,Artea pensija 1996-2002,1.1754,6652508.8454
2020-08-20,ARTEA,Artea pensija 1996-2002,1.1694,6621668.1946
2020-08-21,ARTEA,Artea pensija 1996-2002,1.1769,6661672.0079
2020-08-24,ARTEA,Artea pensija 1996-2002,1.1866,6716153.9367
2020-08-25,ARTEA,Artea pensija 1996-2002,1.1881,6721154.9656
2020-08-26,ARTEA,Artea pensija 1996-2002,1.1962,6768866.1799
2020-08-27,ARTEA,Artea pensija 1996-2002,1.2002,6792056.6143
2020-08-28,ARTEA,Artea pensija 1996-2002,1.1934,6756834.685
2020-08-31,ARTEA,Artea pensija 1996-2002,1.1847,6694613.389
2020-09-01,ARTEA,Artea pensija 1996-2002,1.1915,6735013.0202
2020-09-02,ARTEA,Artea pensija 1996-2002,1.2055,6810677.7104
2020-09-03,ARTEA,Artea pensija 1996-2002,1.1868,6703307.8067
2020-09-04,ARTEA,Artea pensija 1996-2002,1.1707,6619025.7832
2020-09-07,ARTEA,Artea pensija 1996-2002,1.1827,6697519.4791
2020-09-08,ARTEA,Artea pensija 1996-2002,1.1653,6592653.0544
2020-09-09,ARTEA,Artea pensija 1996-2002,1.1762,6656518.6275
2020-09-10,ARTEA,Artea pensija 1996-2002,1.1695,6874875.582
2020-09-11,ARTEA,Artea pensija 1996-2002,1.1667,6858242.4048
2020-09-14,ARTEA,Artea pensija 1996-2002,1.1758,6904154.1809
2020-09-15,ARTEA,Artea pensija 1996-2002,1.1853,6949321.0858
2020-09-16,ARTEA,Artea pensija 1996-2002,1.1889,7003402.8836
2020-09-17,ARTEA,Artea pensija 1996-2002,1.178,6938108.1162
2020-09-18,ARTEA,Artea pensija 1996-2002,1.1705,6892093.1501
2020-09-21,ARTEA,Artea pensija 1996-2002,1.1489,6766661.6747
2020-09-22,ARTEA,Artea pensija 1996-2002,1.1566,6818668.3008
2020-09-23,ARTEA,Artea pensija 1996-2002,1.1608,6850092.7697
2020-09-24,ARTEA,Artea pensija 1996-2002,1.1497,6754419.34
2020-09-25,ARTEA,Artea pensija 1996-2002,1.1553,6791293.3053
2020-09-28,ARTEA,Artea pensija 1996-2002,1.1749,6901601.9601
2020-09-29,ARTEA,Artea pensija 1996-2002,1.1657,6849484.2411
2020-09-30,ARTEA,Artea pensija 1996-2002,1.1741,6900433.5253
2020-10-01,ARTEA,Artea pensija 1996-2002,1.1768,6916909.808
2020-10-02,ARTEA,Artea pensija 1996-2002,1.1757,6909595.5797
2020-10-05,ARTEA,Artea pensija 1996-2002,1.1826,6951883.7171
2020-10-06,ARTEA,Artea pensija 1996-2002,1.1868,6979963.3306
2020-10-07,ARTEA,Artea pensija 1996-2002,1.191,7007384.0912
2020-10-08,ARTEA,Artea pensija 1996-2002,1.199,7315063.8834
2020-10-09,ARTEA,Artea pensija 1996-2002,1.2031,7335591.3984
2020-10-12,ARTEA,Artea pensija 1996-2002,1.215,7419321.7701
2020-10-13,ARTEA,Artea pensija 1996-2002,1.2152,7452859.802
2020-10-14,ARTEA,Artea pensija 1996-2002,1.213,7442506.5127
2020-10-15,ARTEA,Artea pensija 1996-2002,1.2024,7380342.8989
2020-10-16,ARTEA,Artea pensija 1996-2002,1.2104,7428786.101
2020-10-19,ARTEA,Artea pensija 1996-2002,1.2014,7368472.1603
2020-10-20,ARTEA,Artea pensija 1996-2002,1.1935,7319323.9949
2020-10-21,ARTEA,Artea pensija 1996-2002,1.1898,7269443.003
2020-10-22,ARTEA,Artea pensija 1996-2002,1.191,7282041.9614
2020-10-23,ARTEA,Artea pensija 1996-2002,1.1947,7308365.0546
2020-10-26,ARTEA,Artea pensija 1996-2002,1.1788,7211612.1544
2020-10-27,ARTEA,Artea pensija 1996-2002,1.1779,7202755.877
2020-10-28,ARTEA,Artea pensija 1996-2002,1.1564,7040253.875
2020-10-29,ARTEA,Artea pensija 1996-2002,1.1638,7089113.1236
2020-10-30,ARTEA,Artea pensija 1996-2002,1.1564,7052120.5699
2020-11-03,ARTEA,Artea pensija 1996-2002,1.1857,7277219.843
2020-11-04,ARTEA,Artea pensija 1996-2002,1.2078,7443191.7768
2020-11-05,ARTEA,Artea pensija 1996-2002,1.2146,7483078.4351
2020-11-06,ARTEA,Artea pensija 1996-2002,1.2101,7458655.8552
2020-11-09,ARTEA,Artea pensija 1996-2002,1.247,7681320.7407
2020-11-10,ARTEA,Artea pensija 1996-2002,1.2363,7615563.6809
2020-11-11,ARTEA,Artea pensija 1996-2002,1.2486,7693186.0068
2020-11-12,ARTEA,Artea pensija 1996-2002,1.2403,7896214.0336
2020-11-13,ARTEA,Artea pensija 1996-2002,1.2412,7841875.909
2020-11-16,ARTEA,Artea pensija 1996-2002,1.2599,7988272.4649
2020-11-17,ARTEA,Artea pensija 1996-2002,1.2552,7959464.4158
2020-11-18,ARTEA,Artea pensija 1996-2002,1.259,7991217.386
2020-11-19,ARTEA,Artea pensija 1996-2002,1.2497,7969711.4391
2020-11-20,ARTEA,Artea pensija 1996-2002,1.2547,8000614.0699
2020-11-23,ARTEA,Artea pensija 1996-2002,1.2587,8029108.9535
2020-11-24,ARTEA,Artea pensija 1996-2002,1.2729,8120596.5685
2020-11-25,ARTEA,Artea pensija 1996-2002,1.2674,8096849.3554
2020-11-26,ARTEA,Artea pensija 1996-2002,1.2703,8138345.7124
2020-11-27,ARTEA,Artea pensija 1996-2002,1.2705,8162945.7565
2020-11-30,ARTEA,Artea pensija 1996-2002,1.2567,8082223.0719
2020-12-01,ARTEA,Artea pensija 1996-2002,1.266,8147204.4098
2020-12-02,ARTEA,Artea pensija 1996-2002,1.2612,8125033.6501
2020-12-03,ARTEA,Artea pensija 1996-2002,1.2641,8147540.4081
2020-12-04,ARTEA,Artea pensija 1996-2002,1.272,8199256.6847
2020-12-07,ARTEA,Artea pensija 1996-2002,1.2719,8196464.0751
2020-12-08,ARTEA,Artea pensija 1996-2002,1.2749,8241501.0646
2020-12-09,ARTEA,Artea pensija 1996-2002,1.277,8261157.0895
2020-12-10,ARTEA,Artea pensija 1996-2002,1.2724,8487054.4934
2020-12-11,ARTEA,Artea pensija 1996-2002,1.2663,8446571.572
2020-12-14,ARTEA,Artea pensija 1996-2002,1.2699,8467978.6697
2020-12-15,ARTEA,Artea pensija 1996-2002,1.2694,8469617.3121
2020-12-16,ARTEA,Artea pensija 1996-2002,1.2772,8533748.238
2020-12-17,ARTEA,Artea pensija 1996-2002,1.2774,8536970.8666
2020-12-18,ARTEA,Artea pensija 1996-2002,1.2763,8532071.5804
2020-12-21,ARTEA,Artea pensija 1996-2002,1.2609,8436103.3714
2020-12-22,ARTEA,Artea pensija 1996-2002,1.2689,8489226.2419
2020-12-23,ARTEA,Artea pensija 1996-2002,1.2768,8541232.083
2020-12-28,ARTEA,Artea pensija 1996-2002,1.2817,8576976.4386
2020-12-29,ARTEA,Artea pensija 1996-2002,1.2834,8593782.7115
2020-12-30,ARTEA,Artea pensija 1996-2002,1.2849,8610091.5673
2020-12-31,ARTEA,Artea pensija 1996-2002,1.285,8608876.8213
2021-01-04,ARTEA,Artea pensija 1996-2002,1.2827,8594786.7933
2021-01-05,ARTEA,Artea pensija 1996-2002,1.288,8644740.3801
2021-01-06,ARTEA,Artea pensija 1996-2002,1.3051,8759251.1442
2021-01-07,ARTEA,Artea pensija 1996-2002,1.313,8811409.321
2021-01-08,ARTEA,Artea pensija 1996-2002,1.3255,8896166.7799
2021-01-11,ARTEA,Artea pensija 1996-2002,1.3296,9175751.6671
2021-01-12,ARTEA,Artea pensija 1996-2002,1.3324,9195164.6192
2021-01-13,ARTEA,Artea pensija 1996-2002,1.3336,9191640.83
2021-01-14,ARTEA,Artea pensija 1996-2002,1.3436,9255663.8719
2021-01-15,ARTEA,Artea pensija 1996-2002,1.3337,9216285.6378
2021-01-18,ARTEA,Artea pensija 1996-2002,1.3368,9240408.5458
2021-01-19,ARTEA,Artea pensija 1996-2002,1.3375,9234827.9281
2021-01-20,ARTEA,Artea pensija 1996-2002,1.3512,9354100.4811
2021-01-21,ARTEA,Artea pensija 1996-2002,1.3491,9338890.5154
2021-01-22,ARTEA,Artea pensija 1996-2002,1.3394,9276121.6085
2021-01-25,ARTEA,Artea pensija 1996-2002,1.341,9298803.2889
2021-01-26,ARTEA,Artea pensija 1996-2002,1.3429,9345639.4147
2021-01-27,ARTEA,Artea pensija 1996-2002,1.3286,9244248.4906
2021-01-28,ARTEA,Artea pensija 1996-2002,1.3291,9197807.7347
2021-01-29,ARTEA,Artea pensija 1996-2002,1.3077,9066691.0653
2021-02-01,ARTEA,Artea pensija 1996-2002,1.3208,9155029.2936
2021-02-02,ARTEA,Artea pensija 1996-2002,1.348,9343696.2565
2021-02-03,ARTEA,Artea pensija 1996-2002,1.3486,9352020.5433
2021-02-04,ARTEA,Artea pensija 1996-2002,1.359,9432795.0482
2021-02-05,ARTEA,Artea pensija 1996-2002,1.3645,9472569.3411
2021-02-08,ARTEA,Artea pensija 1996-2002,1.3689,9501758.4105
2021-02-09,ARTEA,Artea pensija 1996-2002,1.3688,9509945.2213
2021-02-10,ARTEA,Artea pensija 1996-2002,1.3672,9501494.8401
2021-02-11,ARTEA,Artea pensija 1996-2002,1.3755,9822970.1564
2021-02-12,ARTEA,Artea pensija 1996-2002,1.3783,9842971.2869
2021-02-15,ARTEA,Artea pensija 1996-2002,1.3889,9916860.4527
2021-02-17,ARTEA,Artea pensija 1996-2002,1.3807,9884977.9564
2021-02-18,ARTEA,Artea pensija 1996-2002,1.3708,9827824.3165
2021-02-19,ARTEA,Artea pensija 1996-2002,1.3777,9888028.4182
2021-02-22,ARTEA,Artea pensija 1996-2002,1.3633,9785466.2342
2021-02-23,ARTEA,Artea pensija 1996-2002,1.3556,9730629.0401
2021-02-24,ARTEA,Artea pensija 1996-2002,1.3638,9794762.0064
2021-02-25,ARTEA,Artea pensija 1996-2002,1.353,9721332.9072
2021-02-26,ARTEA,Artea pensija 1996-2002,1.3419,9638071.1158
2021-03-01,ARTEA,Artea pensija 1996-2002,1.3664,9817010.128
2021-03-02,ARTEA,Artea pensija 1996-2002,1.3576,9748143.2236
2021-03-03,ARTEA,Artea pensija 1996-2002,1.3594,9755416.9868
2021-03-04,ARTEA,Artea pensija 1996-2002,1.3516,9703786.7432
2021-03-05,ARTEA,Artea pensija 1996-2002,1.3394,9901296.0725
2021-03-08,ARTEA,Artea pensija 1996-2002,1.3688,10110863.7361
2021-03-09,ARTEA,Artea pensija 1996-2002,1.3755,10126551.2614
2021-03-10,ARTEA,Artea pensija 1996-2002,1.377,10153844.273
2021-03-12,ARTEA,Artea pensija 1996-2002,1.3835,10207433.2672
2021-03-15,ARTEA,Artea pensija 1996-2002,1.3891,10250648.9598
2021-03-16,ARTEA,Artea pensija 1996-2002,1.3997,10334950.1379
2021-03-17,ARTEA,Artea pensija 1996-2002,1.391,10283803.5949
2021-03-18,ARTEA,Artea pensija 1996-2002,1.3956,10321586.0319
2021-03-19,ARTEA,Artea pensija 1996-2002,1.3887,10274292.3939
2021-03-22,ARTEA,Artea pensija 1996-2002,1.3877,10269838.3298
2021-03-23,ARTEA,Artea pensija 1996-2002,1.388,10271710.0366
2021-03-24,ARTEA,Artea pensija 1996-2002,1.3834,10242164.8865
2021-03-25,ARTEA,Artea pensija 1996-2002,1.3805,10224046.6019
2021-03-26,ARTEA,Artea pensija 1996-2002,1.393,10324268.7331
2021-03-29,ARTEA,Artea pensija 1996-2002,1.3983,10365044.4046
2021-03-30,ARTEA,Artea pensija 1996-2002,1.4057,10420175.9139
2021-03-31,ARTEA,Artea pensija 1996-2002,1.408,10440377.671
2021-04-01,ARTEA,Artea pensija 1996-2002,1.4147,10492793.1489
2021-04-02,ARTEA,Artea pensija 1996-2002,1.4146,10488523.8943
2021-04-06,ARTEA,Artea pensija 1996-2002,1.4228,10556095.2184
2021-04-07,ARTEA,Artea pensija 1996-2002,1.4125,10481248.2729
2021-04-08,ARTEA,Artea pensija 1996-2002,1.4175,10513231.2787
2021-04-09,ARTEA,Artea pensija 1996-2002,1.419,10545276.9888
2021-04-12,ARTEA,Artea pensija 1996-2002,1.4166,10531651.6109
2021-04-13,ARTEA,Artea pensija 1996-2002,1.4175,10542616.1957
2021-04-14,ARTEA,Artea pensija 1996-2002,1.4211,10910569.1474
2021-04-15,ARTEA,Artea pensija 1996-2002,1.426,10949234.6168
2021-04-16,ARTEA,Artea pensija 1996-2002,1.4305,10983390.3286
2021-04-19,ARTEA,Artea pensija 1996-2002,1.4222,10919313.6158
2021-04-20,ARTEA,Artea pensija 1996-2002,1.407,10807777.9129
2021-04-21,ARTEA,Artea pensija 1996-2002,1.4153,10899734.6912
2021-04-22,ARTEA,Artea pensija 1996-2002,1.4254,10987841.9945
2021-04-23,ARTEA,Artea pensija 1996-2002,1.4231,10977625.2825
2021-04-26,ARTEA,Artea pensija 1996-2002,1.4259,11012840.869
2021-04-27,ARTEA,Artea pensija 1996-2002,1.4252,11011463.117
2021-04-28,ARTEA,Artea pensija 1996-2002,1.4254,11020359.3775
2021-04-29,ARTEA,Artea pensija 1996-2002,1.4219,10995788.0076
2021-04-30,ARTEA,Artea pensija 1996-2002,1.4229,11006017.7188
2021-05-03,ARTEA,Artea pensija 1996-2002,1.4264,11048262.1016
2021-05-04,ARTEA,Artea pensija 1996-2002,1.4142,10953581.7683
2021-05-05,ARTEA,Artea pensija 1996-2002,1.4293,11074566.4969
2021-05-06,ARTEA,Artea pensija 1996-2002,1.4248,11376793.2391
2021-05-07,ARTEA,Artea pensija 1996-2002,1.4329,11440974.61
2021-05-10,ARTEA,Artea pensija 1996-2002,1.4318,11436052.624
2021-05-11,ARTEA,Artea pensija 1996-2002,1.4085,11245431.6875
2021-05-12,ARTEA,Artea pensija 1996-2002,1.4036,11226792.7377
2021-05-13,ARTEA,Artea pensija 1996-2002,1.403,11221361.2545
2021-05-14,ARTEA,Artea pensija 1996-2002,1.4164,11328645.2785
2021-05-17,ARTEA,Artea pensija 1996-2002,1.4118,11293587.5989
2021-05-18,ARTEA,Artea pensija 1996-2002,1.4147,11319991.4708
2021-05-19,ARTEA,Artea pensija 1996-2002,1.3954,11192560.3481
2021-05-20,ARTEA,Artea pensija 1996-2002,1.4139,11351641.5547
2021-05-21,ARTEA,Artea pensija 1996-2002,1.4183,11389477.5726
2021-05-24,ARTEA,Artea pensija 1996-2002,1.419,11391693.5736
2021-05-25,ARTEA,Artea pensija 1996-2002,1.4206,11424216.083
2021-05-26,ARTEA,Artea pensija 1996-2002,1.4257,11465191.748
2021-05-27,ARTEA,Artea pensija 1996-2002,1.4318,11514771.5262
2021-05-28,ARTEA,Artea pensija 1996-2002,1.4373,11558813.6207
2021-05-31,ARTEA,Artea pensija 1996-2002,1.4325,11523878.7917
2021-06-01,ARTEA,Artea pensija 1996-2002,1.4387,11573587.3975
2021-06-02,ARTEA,Artea pensija 1996-2002,1.4439,11620267.3644
2021-06-03,ARTEA,Artea pensija 1996-2002,1.446,11636390.683
2021-06-04,ARTEA,Artea pensija 1996-2002,1.4488,11673019.3579
2021-06-07,ARTEA,Artea pensija 1996-2002,1.4459,11646307.8302
2021-06-08,ARTEA,Artea pensija 1996-2002,1.4464,11653954.9832
2021-06-09,ARTEA,Artea pensija 1996-2002,1.4482,11684108.6535
2021-06-10,ARTEA,Artea pensija 1996-2002,1.4521,12067835.3734
2021-06-11,ARTEA,Artea pensija 1996-2002,1.4584,12119570.9628
2021-06-14,ARTEA,Artea pensija 1996-2002,1.4574,12103541.3027
2021-06-15,ARTEA,Artea pensija 1996-2002,1.4549,12079617.6881
2021-06-16,ARTEA,Artea pensija 1996-2002,1.4577,12116903.4343
2021-06-17,ARTEA,Artea pensija 1996-2002,1.4677,12211302.3085
2021-06-18,ARTEA,Artea pensija 1996-2002,1.4566,12113579.9973
2021-06-21,ARTEA,Artea pensija 1996-2002,1.4608,12153620.4853
2021-06-22,ARTEA,Artea pensija 1996-2002,1.4643,12183895.9828
2021-06-23,ARTEA,Artea pensija 1996-2002,1.4624,12169048.2357
2021-06-25,ARTEA,Artea pensija 1996-2002,1.4756,12278863.2306
2021-06-28,ARTEA,Artea pensija 1996-2002,1.4748,12277456.3562
2021-06-29,ARTEA,Artea pensija 1996-2002,1.4796,12313902.8796
2021-06-30,ARTEA,Artea pensija 1996-2002,1.4807,12323923.942
2021-07-01,ARTEA,Artea pensija 1996-2002,1.4829,12348642.6245
2021-07-02,ARTEA,Artea pensija 1996-2002,1.4872,12402335.4923
2021-07-05,ARTEA,Artea pensija 1996-2002,1.4888,12424128.5552
2021-07-07,ARTEA,Artea pensija 1996-2002,1.4902,12437714.4183
2021-07-08,ARTEA,Artea pensija 1996-2002,1.4692,12266381.7631
2021-07-09,ARTEA,Artea pensija 1996-2002,1.4841,12740669.7552
2021-07-12,ARTEA,Artea pensija 1996-2002,1.4894,12786464.45
2021-07-13,ARTEA,Artea pensija 1996-2002,1.4979,12846883.8458
2021-07-14,ARTEA,Artea pensija 1996-2002,1.4927,12813005.8402
2021-07-15,ARTEA,Artea pensija 1996-2002,1.4907,12795012.051
2021-07-16,ARTEA,Artea pensija 1996-2002,1.4861,12763888.7985
2021-07-19,ARTEA,Artea pensija 1996-2002,1.4604,12543119.6708
2021-07-20,ARTEA,Artea pensija 1996-2002,1.4743,12665611.3894
2021-07-21,ARTEA,Artea pensija 1996-2002,1.4832,12739838.6506
2021-07-22,ARTEA,Artea pensija 1996-2002,1.489,12789301.1785
2021-07-23,ARTEA,Artea pensija 1996-2002,1.4965,12855459.4946
2021-07-26,ARTEA,Artea pensija 1996-2002,1.4897,12798072.2607
2021-07-27,ARTEA,Artea pensija 1996-2002,1.4732,12660125.9436
2021-07-28,ARTEA,Artea pensija 1996-2002,1.4869,12787369.3522
2021-07-29,ARTEA,Artea pensija 1996-2002,1.49,12814871.9847
2021-07-30,ARTEA,Artea pensija 1996-2002,1.4855,12781421.0463
2021-08-02,ARTEA,Artea pensija 1996-2002,1.4906,12833971.7926
2021-08-03,ARTEA,Artea pensija 1996-2002,1.4882,12812792.6755
2021-08-04,ARTEA,Artea pensija 1996-2002,1.4942,12866796.896
2021-08-05,ARTEA,Artea pensija 1996-2002,1.498,12903130.3142
2021-08-06,ARTEA,Artea pensija 1996-2002,1.5042,13313370.1724
2021-08-09,ARTEA,Artea pensija 1996-2002,1.5065,13333654.8012
2021-08-10,ARTEA,Artea pensija 1996-2002,1.5115,13371851.2838
2021-08-11,ARTEA,Artea pensija 1996-2002,1.5129,13415553.0258
2021-08-12,ARTEA,Artea pensija 1996-2002,1.5138,13432302.5918
2021-08-13,ARTEA,Artea pensija 1996-2002,1.5109,13410186.4418
2021-08-16,ARTEA,Artea pensija 1996-2002,1.5069,13377233.7955
2021-08-17,ARTEA,Artea pensija 1996-2002,1.5065,13369330.4321
2021-08-18,ARTEA,Artea pensija 1996-2002,1.5082,13385008.6546
2021-08-19,ARTEA,Artea pensija 1996-2002,1.4902,13222506.1945
2021-08-20,ARTEA,Artea pensija 1996-2002,1.4973,13298160.1002
2021-08-23,ARTEA,Artea pensija 1996-2002,1.5057,13379595.5527
2021-08-24,ARTEA,Artea pensija 1996-2002,1.5132,13452840.92
2021-08-25,ARTEA,Artea pensija 1996-2002,1.5155,13519190.3459
2021-08-26,ARTEA,Artea pensija 1996-2002,1.5093,13563294.4534
2021-08-27,ARTEA,Artea pensija 1996-2002,1.5157,13618579.2257
2021-08-30,ARTEA,Artea pensija 1996-2002,1.5207,13669524.4806
2021-08-31,ARTEA,Artea pensija 1996-2002,1.5223,13682941.84
2021-09-01,ARTEA,Artea pensija 1996-2002,1.5232,13689583.0679
2021-09-02,ARTEA,Artea pensija 1996-2002,1.528,13740561.208
2021-09-03,ARTEA,Artea pensija 1996-2002,1.5273,13746407.8278
2021-09-06,ARTEA,Artea pensija 1996-2002,1.536,13824633.4379
2021-09-07,ARTEA,Artea pensija 1996-2002,1.5284,13751046.0173
2021-09-08,ARTEA,Artea pensija 1996-2002,1.5214,13688669.6858
2021-09-09,ARTEA,Artea pensija 1996-2002,1.5215,14113070.657
2021-09-10,ARTEA,Artea pensija 1996-2002,1.5171,14072287.5221
2021-09-13,ARTEA,Artea pensija 1996-2002,1.5168,14060504.1262
2021-09-14,ARTEA,Artea pensija 1996-2002,1.5128,14031739.7295
2021-09-15,ARTEA,Artea pensija 1996-2002,1.5085,13997495.273
2021-09-16,ARTEA,Artea pensija 1996-2002,1.5125,14026559.9273
2021-09-17,ARTEA,Artea pensija 1996-2002,1.5094,14005851.9308
2021-09-20,ARTEA,Artea pensija 1996-2002,1.4833,13767113.7072
2021-09-21,ARTEA,Artea pensija 1996-2002,1.4925,13837833.6119
2021-09-22,ARTEA,Artea pensija 1996-2002,1.5015,13918064.6024
2021-09-23,ARTEA,Artea pensija 1996-2002,1.5117,14013150.8925
2021-09-24,ARTEA,Artea pensija 1996-2002,1.5065,13968117.8825
2021-09-27,ARTEA,Artea pensija 1996-2002,1.5105,14011241.7555
2021-09-28,ARTEA,Artea pensija 1996-2002,1.4876,13799478.3079
2021-09-29,ARTEA,Artea pensija 1996-2002,1.4957,13867608.4973
2021-09-30,ARTEA,Artea pensija 1996-2002,1.4966,13873471.7164
2021-10-01,ARTEA,Artea pensija 1996-2002,1.4882,13800702.5352
2021-10-04,ARTEA,Artea pensija 1996-2002,1.4725,13659518.7373
2021-10-05,ARTEA,Artea pensija 1996-2002,1.4929,13853275.1562
2021-10-06,ARTEA,Artea pensija 1996-2002,1.4812,13748815.8483
2021-10-07,ARTEA,Artea pensija 1996-2002,1.5108,14457764.3201
2021-10-08,ARTEA,Artea pensija 1996-2002,1.5047,14334717.857
2021-10-11,ARTEA,Artea pensija 1996-2002,1.509,14373887.4988
2021-10-12,ARTEA,Artea pensija 1996-2002,1.5015,14296554.2758
2021-10-13,ARTEA,Artea pensija 1996-2002,1.4996,14295026.7139
2021-10-14,ARTEA,Artea pensija 1996-2002,1.5177,14482123.2427
2021-10-15,ARTEA,Artea pensija 1996-2002,1.5297,14604689.8411
2021-10-18,ARTEA,Artea pensija 1996-2002,1.5279,14588385.4917
2021-10-19,ARTEA,Artea pensija 1996-2002,1.535,14657791.9915
2021-10-20,ARTEA,Artea pensija 1996-2002,1.5397,14702245.6213
2021-10-21,ARTEA,Artea pensija 1996-2002,1.5349,14658410.441
2021-10-22,ARTEA,Artea pensija 1996-2002,1.5391,14700431.0829
2021-10-25,ARTEA,Artea pensija 1996-2002,1.5482,14806597.0765
2021-10-26,ARTEA,Artea pensija 1996-2002,1.5545,14793720.8129
2021-10-27,ARTEA,Artea pensija 1996-2002,1.5452,14689425.8246
2021-10-28,ARTEA,Artea pensija 1996-2002,1.5394,14635016.3164
2021-10-29,ARTEA,Artea pensija 1996-2002,1.5505,14742791.5727
2021-11-03,ARTEA,Artea pensija 1996-2002,1.5575,14805288.4862
2021-11-04,ARTEA,Artea pensija 1996-2002,1.5682,14910599.9531
2021-11-05,ARTEA,Artea pensija 1996-2002,1.5732,14959318.4824
2021-11-08,ARTEA,Artea pensija 1996-2002,1.5722,14950543.8544
2021-11-09,ARTEA,Artea pensija 1996-2002,1.5685,14910155.3184
2021-11-10,ARTEA,Artea pensija 1996-2002,1.5758,14986611.9376
2021-11-11,ARTEA,Artea pensija 1996-2002,1.5815,15459163.121
2021-11-12,ARTEA,Artea pensija 1996-2002,1.5885,15528027.7519
2021-11-15,ARTEA,Artea pensija 1996-2002,1.5928,15555022.3265
2021-11-16,ARTEA,Artea pensija 1996-2002,1.6035,15677679.9792
2021-11-17,ARTEA,Artea pensija 1996-2002,1.6002,15702180.9774
2021-11-18,ARTEA,Artea pensija 1996-2002,1.589,15594878.1571
2021-11-19,ARTEA,Artea pensija 1996-2002,1.593,15591744.4631
2021-11-22,ARTEA,Artea pensija 1996-2002,1.5991,15645814.232
2021-11-23,ARTEA,Artea pensija 1996-2002,1.5833,15496747.7661
2021-11-24,ARTEA,Artea pensija 1996-2002,1.5929,15601210.128
2021-11-25,ARTEA,Artea pensija 1996-2002,1.597,15651573.3751
2021-11-26,ARTEA,Artea pensija 1996-2002,1.5449,15141029.3905
2021-11-29,ARTEA,Artea pensija 1996-2002,1.5602,15263129.7278
2021-11-30,ARTEA,Artea pensija 1996-2002,1.5438,15106817.3105
2021-12-01,ARTEA,Artea pensija 1996-2002,1.5611,15249714.0416
2021-12-02,ARTEA,Artea pensija 1996-2002,1.5424,15067917.3404
2021-12-03,ARTEA,Artea pensija 1996-2002,1.5376,15037195.7029
2021-12-06,ARTEA,Artea pensija 1996-2002,1.5516,15173284.0007
2021-12-07,ARTEA,Artea pensija 1996-2002,1.5849,15503535.4218
2021-12-08,ARTEA,Artea pensija 1996-2002,1.5737,15399503.3793
2021-12-09,ARTEA,Artea pensija 1996-2002,1.5779,15866757.1798
2021-12-10,ARTEA,Artea pensija 1996-2002,1.5708,15796047.078
2021-12-13,ARTEA,Artea pensija 1996-2002,1.566,15730127.008
2021-12-14,ARTEA,Artea pensija 1996-2002,1.5571,15650162.9211
2021-12-15,ARTEA,Artea pensija 1996-2002,1.5545,15629926.4173
2021-12-16,ARTEA,Artea pensija 1996-2002,1.574,15821689.3566
2021-12-17,ARTEA,Artea pensija 1996-2002,1.5642,15730970.7285
2021-12-20,ARTEA,Artea pensija 1996-2002,1.5325,15412538.4394
2021-12-21,ARTEA,Artea pensija 1996-2002,1.5576,15675808.687
2021-12-22,ARTEA,Artea pensija 1996-2002,1.5671,15786412.896
2021-12-23,ARTEA,Artea pensija 1996-2002,1.5813,15933617.2876
2021-12-27,ARTEA,Artea pensija 1996-2002,1.5881,16003154.2303
2021-12-28,ARTEA,Artea pensija 1996-2002,1.5951,16079519.5753
2021-12-29,ARTEA,Artea pensija 1996-2002,1.5887,16018594.5757
2021-12-30,ARTEA,Artea pensija 1996-2002,1.5938,16096267.4489
2021-12-31,ARTEA,Artea pensija 1996-2002,1.5939,16093168.9432
2022-01-03,ARTEA,Artea pensija 1996-2002,1.5955,16112046.3191
2022-01-04,ARTEA,Artea pensija 1996-2002,1.6033,16192374.5725
2022-01-05,ARTEA,Artea pensija 1996-2002,1.5979,16137720.2402
2022-01-06,ARTEA,Artea pensija 1996-2002,1.5798,15950005.7641
2022-01-07,ARTEA,Artea pensija 1996-2002,1.5736,15888963.709
2022-01-10,ARTEA,Artea pensija 1996-2002,1.5596,16175565.387
2022-01-11,ARTEA,Artea pensija 1996-2002,1.5758,16344238.3746
2022-01-12,ARTEA,Artea pensija 1996-2002,1.5833,16409452.8738
2022-01-13,ARTEA,Artea pensija 1996-2002,1.5799,16389299.6552
2022-01-14,ARTEA,Artea pensija 1996-2002,1.5637,16224901.7753
2022-01-17,ARTEA,Artea pensija 1996-2002,1.5735,16333139.7654
2022-01-18,ARTEA,Artea pensija 1996-2002,1.5593,16189563.3411
2022-01-19,ARTEA,Artea pensija 1996-2002,1.5556,16153788.4589
2022-01-20,ARTEA,Artea pensija 1996-2002,1.5685,16290021.3831
2022-01-21,ARTEA,Artea pensija 1996-2002,1.5384,15979007.2639
2022-01-24,ARTEA,Artea pensija 1996-2002,1.488,15450078.6722
2022-01-25,ARTEA,Artea pensija 1996-2002,1.499,15509711.2454
2022-01-26,ARTEA,Artea pensija 1996-2002,1.5223,15751826.9809
2022-01-27,ARTEA,Artea pensija 1996-2002,1.5286,15828311.3967
2022-01-28,ARTEA,Artea pensija 1996-2002,1.5146,15686244.4306
2022-01-31,ARTEA,Artea pensija 1996-2002,1.5382,15932167.3002
2022-02-01,ARTEA,Artea pensija 1996-2002,1.5515,16061470.1481
2022-02-02,ARTEA,Artea pensija 1996-2002,1.5525,16074619.9142
2022-02-03,ARTEA,Artea pensija 1996-2002,1.5306,15845042.4656
2022-02-04,ARTEA,Artea pensija 1996-2002,1.5185,15722664.0638
2022-02-07,ARTEA,Artea pensija 1996-2002,1.5252,15829141.6627
2022-02-08,ARTEA,Artea pensija 1996-2002,1.5342,15929224.4148
2022-02-09,ARTEA,Artea pensija 1996-2002,1.5523,16120791.9708
2022-02-10,ARTEA,Artea pensija 1996-2002,1.5468,16510603.9689
2022-02-11,ARTEA,Artea pensija 1996-2002,1.5422,16458777.3678
2022-02-14,ARTEA,Artea pensija 1996-2002,1.5268,16287131.1654
2022-02-15,ARTEA,Artea pensija 1996-2002,1.5394,16424617.0599
2022-02-17,ARTEA,Artea pensija 1996-2002,1.5306,16357615.8142
2022-02-18,ARTEA,Artea pensija 1996-2002,1.5169,16212746.8329
2022-02-21,ARTEA,Artea pensija 1996-2002,1.503,16049443.8124
2022-02-22,ARTEA,Artea pensija 1996-2002,1.5035,16049432.3311
2022-02-23,ARTEA,Artea pensija 1996-2002,1.4967,15980869.8965
2022-02-24,ARTEA,Artea pensija 1996-2002,1.4644,15643831.4349
2022-02-25,ARTEA,Artea pensija 1996-2002,1.5006,16052259.2164
2022-02-28,ARTEA,Artea pensija 1996-2002,1.5036,16116580.5311
2022-03-01,ARTEA,Artea pensija 1996-2002,1.4936,16009009.7955
2022-03-02,ARTEA,Artea pensija 1996-2002,1.5042,16105263.799
2022-03-03,ARTEA,Artea pensija 1996-2002,1.4999,16079633.4571
2022-03-04,ARTEA,Artea pensija 1996-2002,1.4845,15919206.7591
2022-03-07,ARTEA,Artea pensija 1996-2002,1.4753,15811588.3438
2022-03-08,ARTEA,Artea pensija 1996-2002,1.458,15624308.1626
2022-03-09,ARTEA,Artea pensija 1996-2002,1.474,15803107.2405
2022-03-10,ARTEA,Artea pensija 1996-2002,1.4633,16171120.2669
2022-03-14,ARTEA,Artea pensija 1996-2002,1.4618,16154893.9233
2022-03-15,ARTEA,Artea pensija 1996-2002,1.4685,16220951.9286
2022-03-16,ARTEA,Artea pensija 1996-2002,1.497,16525133.7089
2022-03-17,ARTEA,Artea pensija 1996-2002,1.5004,16597228.7259
2022-03-18,ARTEA,Artea pensija 1996-2002,1.5186,16822394.9557
2022-03-21,ARTEA,Artea pensija 1996-2002,1.5206,16886653.4075
2022-03-22,ARTEA,Artea pensija 1996-2002,1.5358,17057038.0323
2022-03-23,ARTEA,Artea pensija 1996-2002,1.5316,17022749.0727
2022-03-24,ARTEA,Artea pensija 1996-2002,1.5317,17021165.1912
2022-03-25,ARTEA,Artea pensija 1996-2002,1.536,17065249.2249
2022-03-28,ARTEA,Artea pensija 1996-2002,1.5372,17102807.1325
2022-03-29,ARTEA,Artea pensija 1996-2002,1.547,17212943.6542
2022-03-30,ARTEA,Artea pensija 1996-2002,1.5433,17178118.6178
2022-03-31,ARTEA,Artea pensija 1996-2002,1.5397,17167429.2635
2022-04-01,ARTEA,Artea pensija 1996-2002,1.5388,17166882.9559
2022-04-04,ARTEA,Artea pensija 1996-2002,1.5566,17367404.159
2022-04-05,ARTEA,Artea pensija 1996-2002,1.56,17477647.3196
2022-04-06,ARTEA,Artea pensija 1996-2002,1.538,17237366.7948
2022-04-07,ARTEA,Artea pensija 1996-2002,1.5336,17697516.1698
2022-04-08,ARTEA,Artea pensija 1996-2002,1.5493,17879380.9343
2022-04-11,ARTEA,Artea pensija 1996-2002,1.5343,17693620.3663
2022-04-12,ARTEA,Artea pensija 1996-2002,1.5392,17762242.3725
2022-04-13,ARTEA,Artea pensija 1996-2002,1.5365,17742636.8633
2022-04-14,ARTEA,Artea pensija 1996-2002,1.5438,17831576.8737
2022-04-15,ARTEA,Artea pensija 1996-2002,1.545,17854404.6872
2022-04-19,ARTEA,Artea pensija 1996-2002,1.5416,17815375.7783
2022-04-20,ARTEA,Artea pensija 1996-2002,1.5441,17857946.3641
2022-04-21,ARTEA,Artea pensija 1996-2002,1.5406,17825320.8017
2022-04-22,ARTEA,Artea pensija 1996-2002,1.5145,17525304.0858
2022-04-25,ARTEA,Artea pensija 1996-2002,1.4926,17273415.3205
2022-04-26,ARTEA,Artea pensija 1996-2002,1.4914,17255413.3189
2022-04-27,ARTEA,Artea pensija 1996-2002,1.5046,17419274.3632
2022-04-28,ARTEA,Artea pensija 1996-2002,1.5111,17493575.6472
2022-04-29,ARTEA,Artea pensija 1996-2002,1.5218,17627498.4305
2022-05-02,ARTEA,Artea pensija 1996-2002,1.4952,17321908.7406
2022-05-03,ARTEA,Artea pensija 1996-2002,1.5096,17484420.6923
2022-05-04,ARTEA,Artea pensija 1996-2002,1.495,17319491.478
2022-05-05,ARTEA,Artea pensija 1996-2002,1.4946,17319885.7289
2022-05-06,ARTEA,Artea pensija 1996-2002,1.4751,17091964.1583
2022-05-09,ARTEA,Artea pensija 1996-2002,1.4463,16755125.406
2022-05-10,ARTEA,Artea pensija 1996-2002,1.4387,16668974.1217
2022-05-11,ARTEA,Artea pensija 1996-2002,1.4543,16855769.4304
2022-05-12,ARTEA,Artea pensija 1996-2002,1.4458,17414814.808
2022-05-13,ARTEA,Artea pensija 1996-2002,1.4739,17752590.842
2022-05-16,ARTEA,Artea pensija 1996-2002,1.4699,17699891.2751
2022-05-17,ARTEA,Artea pensija 1996-2002,1.4788,17820168.3324
2022-05-18,ARTEA,Artea pensija 1996-2002,1.4636,17686670.2174
2022-05-19,ARTEA,Artea pensija 1996-2002,1.4461,17472479.1065
2022-05-20,ARTEA,Artea pensija 1996-2002,1.4477,17490305.9181
2022-05-23,ARTEA,Artea pensija 1996-2002,1.4579,17618951.3762
2022-05-24,ARTEA,Artea pensija 1996-2002,1.4307,17301293.6503
2022-05-25,ARTEA,Artea pensija 1996-2002,1.4481,17525860.5089
2022-05-26,ARTEA,Artea pensija 1996-2002,1.4657,17730314.4474
2022-05-27,ARTEA,Artea pensija 1996-2002,1.4872,17992964.9019
2022-05-30,ARTEA,Artea pensija 1996-2002,1.4958,18098654.6096
2022-05-31,ARTEA,Artea pensija 1996-2002,1.4889,18011098.9927
2022-06-01,ARTEA,Artea pensija 1996-2002,1.4851,17964572.1904
2022-06-02,ARTEA,Artea pensija 1996-2002,1.4882,17998965.1655
2022-06-03,ARTEA,Artea pensija 1996-2002,1.4832,17938197.6943
2022-06-06,ARTEA,Artea pensija 1996-2002,1.4956,18088605.5785
2022-06-07,ARTEA,Artea pensija 1996-2002,1.4908,18055875.6073
2022-06-08,ARTEA,Artea pensija 1996-2002,1.4936,18100789.0171
2022-06-09,ARTEA,Artea pensija 1996-2002,1.4812,18520834.8988
2022-06-10,ARTEA,Artea pensija 1996-2002,1.4497,18128022.4757
2022-06-13,ARTEA,Artea pensija 1996-2002,1.4203,17765455.1878
2022-06-14,ARTEA,Artea pensija 1996-2002,1.414,17676430.4847
2022-06-15,ARTEA,Artea pensija 1996-2002,1.4231,17818869.3271
2022-06-16,ARTEA,Artea pensija 1996-2002,1.3839,17323493.738
2022-06-17,ARTEA,Artea pensija 1996-2002,1.3857,17361432.971
2022-06-20,ARTEA,Artea pensija 1996-2002,1.3909,17449761.7463
2022-06-21,ARTEA,Artea pensija 1996-2002,1.4024,17606420.6776
2022-06-22,ARTEA,Artea pensija 1996-2002,1.3946,17512424.9486
2022-06-23,ARTEA,Artea pensija 1996-2002,1.3959,17537293.6384
2022-06-27,ARTEA,Artea pensija 1996-2002,1.4285,17953443.8652
2022-06-28,ARTEA,Artea pensija 1996-2002,1.4306,17990204.8721
2022-06-29,ARTEA,Artea pensija 1996-2002,1.4224,17890172.0672
2022-06-30,ARTEA,Artea pensija 1996-2002,1.4091,17697470.6475
2022-07-01,ARTEA,Artea pensija 1996-2002,1.4151,17779208.4632
2022-07-04,ARTEA,Artea pensija 1996-2002,1.4197,17853413.9569
2022-07-05,ARTEA,Artea pensija 1996-2002,1.4142,17805207.0027
2022-07-07,ARTEA,Artea pensija 1996-2002,1.4636,18441175.092
2022-07-08,ARTEA,Artea pensija 1996-2002,1.4677,18497174.6355
2022-07-11,ARTEA,Artea pensija 1996-2002,1.4591,18946720.7773
2022-07-12,ARTEA,Artea pensija 1996-2002,1.4612,18973300.9754
2022-07-13,ARTEA,Artea pensija 1996-2002,1.4438,18747843.3681
2022-07-14,ARTEA,Artea pensija 1996-2002,1.4317,18573604.7129
2022-07-15,ARTEA,Artea pensija 1996-2002,1.4508,18858856.0013
2022-07-18,ARTEA,Artea pensija 1996-2002,1.4587,18977749.5514
2022-07-19,ARTEA,Artea pensija 1996-2002,1.4594,18993140.8551
2022-07-20,ARTEA,Artea pensija 1996-2002,1.473,19169359.9969
2022-07-21,ARTEA,Artea pensija 1996-2002,1.4761,19216377.8786
2022-07-22,ARTEA,Artea pensija 1996-2002,1.4767,19231216.931
2022-07-25,ARTEA,Artea pensija 1996-2002,1.4786,19277934.4446
2022-07-26,ARTEA,Artea pensija 1996-2002,1.479,19283769.6267
2022-07-27,ARTEA,Artea pensija 1996-2002,1.4886,19416195.3505
2022-07-28,ARTEA,Artea pensija 1996-2002,1.5035,19614459.5309
2022-07-29,ARTEA,Artea pensija 1996-2002,1.5108,19735762.9152
2022-08-01,ARTEA,Artea pensija 1996-2002,1.5107,19743074.1539
2022-08-02,ARTEA,Artea pensija 1996-2002,1.5124,19761597.9497
2022-08-03,ARTEA,Artea pensija 1996-2002,1.523,19902690.32
2022-08-04,ARTEA,Artea pensija 1996-2002,1.5184,19843170.0571
2022-08-05,ARTEA,Artea pensija 1996-2002,1.5189,19859837.7073
2022-08-08,ARTEA,Artea pensija 1996-2002,1.528,19980472.3895
2022-08-09,ARTEA,Artea pensija 1996-2002,1.5164,20383926.0994
2022-08-10,ARTEA,Artea pensija 1996-2002,1.5248,20497592.5459
2022-08-11,ARTEA,Artea pensija 1996-2002,1.5351,20637984.9909
2022-08-12,ARTEA,Artea pensija 1996-2002,1.5465,20789879.5703
2022-08-16,ARTEA,Artea pensija 1996-2002,1.565,21051362.2465
2022-08-17,ARTEA,Artea pensija 1996-2002,1.554,20907500.0017
2022-08-18,ARTEA,Artea pensija 1996-2002,1.5627,21046070.3727
2022-08-19,ARTEA,Artea pensija 1996-2002,1.5538,20897539.1205
2022-08-22,ARTEA,Artea pensija 1996-2002,1.5496,20846685.7893
2022-08-23,ARTEA,Artea pensija 1996-2002,1.5422,20753212.5772
2022-08-24,ARTEA,Artea pensija 1996-2002,1.5467,20817553.6031
2022-08-25,ARTEA,Artea pensija 1996-2002,1.5541,20921768.7321
2022-08-26,ARTEA,Artea pensija 1996-2002,1.537,20690636.409
2022-08-29,ARTEA,Artea pensija 1996-2002,1.5176,20456107.1191
2022-08-30,ARTEA,Artea pensija 1996-2002,1.5023,20256697.7474
2022-08-31,ARTEA,Artea pensija 1996-2002,1.494,20155770.2267
2022-09-01,ARTEA,Artea pensija 1996-2002,1.4869,20075817.557
2022-09-02,ARTEA,Artea pensija 1996-2002,1.4997,20251340.6923
2022-09-05,ARTEA,Artea pensija 1996-2002,1.4938,20171792.2964
2022-09-06,ARTEA,Artea pensija 1996-2002,1.4899,20117727.5012
2022-09-07,ARTEA,Artea pensija 1996-2002,1.4842,20049064.2559
2022-09-08,ARTEA,Artea pensija 1996-2002,1.4986,20900927.2069
2022-09-09,ARTEA,Artea pensija 1996-2002,1.5082,21011119.6732
2022-09-12,ARTEA,Artea pensija 1996-2002,1.5164,21090081.5719
2022-09-13,ARTEA,Artea pensija 1996-2002,1.4974,20825191.5727
2022-09-14,ARTEA,Artea pensija 1996-2002,1.488,20727777.6561
2022-09-15,ARTEA,Artea pensija 1996-2002,1.4808,20628360.5554
2022-09-16,ARTEA,Artea pensija 1996-2002,1.4584,20332662.1483
2022-09-19,ARTEA,Artea pensija 1996-2002,1.4603,20354514.2857
2022-09-20,ARTEA,Artea pensija 1996-2002,1.4592,20341949.2418
2022-09-21,ARTEA,Artea pensija 1996-2002,1.4724,20496573.2456
2022-09-22,ARTEA,Artea pensija 1996-2002,1.4481,20159490.7771
2022-09-23,ARTEA,Artea pensija 1996-2002,1.4317,19942178.0062
2022-09-26,ARTEA,Artea pensija 1996-2002,1.4344,19984424.2637
2022-09-27,ARTEA,Artea pensija 1996-2002,1.4315,19947587.0823
2022-09-28,ARTEA,Artea pensija 1996-2002,1.4334,19972888.4706
2022-09-29,ARTEA,Artea pensija 1996-2002,1.4044,19558145.3017
2022-09-30,ARTEA,Artea pensija 1996-2002,1.412,19660499.3311
2022-10-03,ARTEA,Artea pensija 1996-2002,1.4136,19687502.3795
2022-10-04,ARTEA,Artea pensija 1996-2002,1.4387,20080979.0744
2022-10-05,ARTEA,Artea pensija 1996-2002,1.4378,20069953.8664
2022-10-06,ARTEA,Artea pensija 1996-2002,1.4451,20178797.9452
2022-10-07,ARTEA,Artea pensija 1996-2002,1.424,19892245.7395
2022-10-10,ARTEA,Artea pensija 1996-2002,1.4173,19799769.1296
2022-10-11,ARTEA,Artea pensija 1996-2002,1.4089,19679521.7246
2022-10-12,ARTEA,Artea pensija 1996-2002,1.4039,19613958.225
2022-10-13,ARTEA,Artea pensija 1996-2002,1.4066,20327682.4402
2022-10-14,ARTEA,Artea pensija 1996-2002,1.4083,20352403.8763
2022-10-17,ARTEA,Artea pensija 1996-2002,1.4207,20507753.1072
2022-10-18,ARTEA,Artea pensija 1996-2002,1.4205,20517959.209
2022-10-19,ARTEA,Artea pensija 1996-2002,1.4208,20552926.9642
2022-10-20,ARTEA,Artea pensija 1996-2002,1.4252,20630752.7601
2022-10-21,ARTEA,Artea pensija 1996-2002,1.4198,20560043.5059
2022-10-24,ARTEA,Artea pensija 1996-2002,1.4225,20599566.9846
2022-10-25,ARTEA,Artea pensija 1996-2002,1.4325,20765385.3727
2022-10-26,ARTEA,Artea pensija 1996-2002,1.4381,20858635.6749
2022-10-27,ARTEA,Artea pensija 1996-2002,1.4388,20869262.4415
2022-10-28,ARTEA,Artea pensija 1996-2002,1.4424,20934576.9085
2022-10-31,ARTEA,Artea pensija 1996-2002,1.4543,21106319.3105
2022-11-03,ARTEA,Artea pensija 1996-2002,1.4481,21031421.2915
2022-11-04,ARTEA,Artea pensija 1996-2002,1.4443,20998718.1603
2022-11-07,ARTEA,Artea pensija 1996-2002,1.4493,21080816.806
2022-11-08,ARTEA,Artea pensija 1996-2002,1.4588,21212065.0302
2022-11-09,ARTEA,Artea pensija 1996-2002,1.4462,21036625.0586
2022-11-10,ARTEA,Artea pensija 1996-2002,1.4712,22067129.343
2022-11-11,ARTEA,Artea pensija 1996-2002,1.4676,22011884.7555
2022-11-14,ARTEA,Artea pensija 1996-2002,1.4713,22052505.0666
2022-11-15,ARTEA,Artea pensija 1996-2002,1.4831,22230552.6614
2022-11-16,ARTEA,Artea pensija 1996-2002,1.4637,21995327.6487
2022-11-17,ARTEA,Artea pensija 1996-2002,1.4596,21930280.2491
2022-11-18,ARTEA,Artea pensija 1996-2002,1.468,22060469.609
2022-11-21,ARTEA,Artea pensija 1996-2002,1.4704,22111382.2691
2022-11-22,ARTEA,Artea pensija 1996-2002,1.4783,22232063.9181
2022-11-23,ARTEA,Artea pensija 1996-2002,1.482,22295518.0758
2022-11-24,ARTEA,Artea pensija 1996-2002,1.4851,22346721.7609
2022-11-25,ARTEA,Artea pensija 1996-2002,1.4824,22303043.2935
2022-11-28,ARTEA,Artea pensija 1996-2002,1.4752,22209574.7816
2022-11-29,ARTEA,Artea pensija 1996-2002,1.4757,22225126.065
2022-11-30,ARTEA,Artea pensija 1996-2002,1.4867,22412700.2559
2022-12-01,ARTEA,Artea pensija 1996-2002,1.4924,22499576.9818
2022-12-02,ARTEA,Artea pensija 1996-2002,1.4875,22425902.7153
2022-12-05,ARTEA,Artea pensija 1996-2002,1.4768,22270845.9703
2022-12-06,ARTEA,Artea pensija 1996-2002,1.4643,22092318.8332
2022-12-07,ARTEA,Artea pensija 1996-2002,1.4577,21998349.3516
2022-12-08,ARTEA,Artea pensija 1996-2002,1.46,22706327.387
2022-12-09,ARTEA,Artea pensija 1996-2002,1.4661,22800663.7147
2022-12-12,ARTEA,Artea pensija 1996-2002,1.4584,22673206.7641
2022-12-13,ARTEA,Artea pensija 1996-2002,1.4735,22900261.992
2022-12-14,ARTEA,Artea pensija 1996-2002,1.4706,22848128.0741
2022-12-15,ARTEA,Artea pensija 1996-2002,1.4325,22247814.1419
2022-12-16,ARTEA,Artea pensija 1996-2002,1.4257,22148118.0153
2022-12-19,ARTEA,Artea pensija 1996-2002,1.4216,22084070.5194
2022-12-20,ARTEA,Artea pensija 1996-2002,1.4177,22014534.8272
2022-12-21,ARTEA,Artea pensija 1996-2002,1.4349,22279529.0583
2022-12-22,ARTEA,Artea pensija 1996-2002,1.4214,22091250.078
2022-12-23,ARTEA,Artea pensija 1996-2002,1.4228,22113184.0863
2022-12-27,ARTEA,Artea pensija 1996-2002,1.4253,22135935.4777
2022-12-28,ARTEA,Artea pensija 1996-2002,1.4185,22029576.9944
2022-12-29,ARTEA,Artea pensija 1996-2002,1.4285,22182350.0915
2022-12-30,ARTEA,Artea pensija 1996-2002,1.419,22040501.4178
2023-01-02,ARTEA,Artea pensija 1996-2002,1.4382,22348615.6566
2023-01-03,ARTEA,Artea pensija 1996-2002,1.4351,22306508.3816
2023-01-04,ARTEA,Artea pensija 1996-2002,1.4487,22514888.0227
2023-01-05,ARTEA,Artea pensija 1996-2002,1.4446,22448392.1893
2023-01-06,ARTEA,Artea pensija 1996-2002,1.4562,22646766.9957
2023-01-09,ARTEA,Artea pensija 1996-2002,1.4643,22778703.1239
2023-01-10,ARTEA,Artea pensija 1996-2002,1.4533,22602533.5113
2023-01-11,ARTEA,Artea pensija 1996-2002,1.4619,22740738.4321
2023-01-12,ARTEA,Artea pensija 1996-2002,1.4658,23466467.1087
2023-01-13,ARTEA,Artea pensija 1996-2002,1.4712,23552450.9504
2023-01-16,ARTEA,Artea pensija 1996-2002,1.4742,23563000.7779
2023-01-17,ARTEA,Artea pensija 1996-2002,1.4791,23646279.7268
2023-01-18,ARTEA,Artea pensija 1996-2002,1.4713,23545227.6417
2023-01-19,ARTEA,Artea pensija 1996-2002,1.4592,23352457.9942
2023-01-20,ARTEA,Artea pensija 1996-2002,1.4676,23480808.2037
2023-01-23,ARTEA,Artea pensija 1996-2002,1.4852,23762091.6657
2023-01-24,ARTEA,Artea pensija 1996-2002,1.4819,23718191.4139
2023-01-25,ARTEA,Artea pensija 1996-2002,1.4732,23579253.3604
2023-01-26,ARTEA,Artea pensija 1996-2002,1.4862,23793537.6995
2023-01-27,ARTEA,Artea pensija 1996-2002,1.4955,23945645.1434
2023-01-30,ARTEA,Artea pensija 1996-2002,1.4911,23872820.5201
2023-01-31,ARTEA,Artea pensija 1996-2002,1.4888,23841113.9744
2023-02-01,ARTEA,Artea pensija 1996-2002,1.489,23855646.2728
2023-02-02,ARTEA,Artea pensija 1996-2002,1.5141,24256428.6849
2023-02-03,ARTEA,Artea pensija 1996-2002,1.5197,24353849.7813
2023-02-06,ARTEA,Artea pensija 1996-2002,1.5112,24217750.2232
2023-02-07,ARTEA,Artea pensija 1996-2002,1.5144,24299016.2613
2023-02-08,ARTEA,Artea pensija 1996-2002,1.5129,24295068.3047
2023-02-09,ARTEA,Artea pensija 1996-2002,1.5162,25035606.2151
2023-02-10,ARTEA,Artea pensija 1996-2002,1.5093,24921423.7792
2023-02-13,ARTEA,Artea pensija 1996-2002,1.5159,25008939.9763
2023-02-14,ARTEA,Artea pensija 1996-2002,1.5158,25009078.5891
2023-02-15,ARTEA,Artea pensija 1996-2002,1.5225,25124846.967
2023-02-17,ARTEA,Artea pensija 1996-2002,1.5101,24921013.4904
2023-02-20,ARTEA,Artea pensija 1996-2002,1.5155,25004184.2683
2023-02-21,ARTEA,Artea pensija 1996-2002,1.5017,24771435.2266
2023-02-22,ARTEA,Artea pensija 1996-2002,1.4996,24749996.1963
2023-02-23,ARTEA,Artea pensija 1996-2002,1.5008,24752490.6985
2023-02-24,ARTEA,Artea pensija 1996-2002,1.4917,24603894.0656
2023-02-27,ARTEA,Artea pensija 1996-2002,1.499,24731890.7197
2023-02-28,ARTEA,Artea pensija 1996-2002,1.4954,24679733.1712
2023-03-01,ARTEA,Artea pensija 1996-2002,1.487,24560823.6667
2023-03-02,ARTEA,Artea pensija 1996-2002,1.4931,24660652.9877
2023-03-03,ARTEA,Artea pensija 1996-2002,1.5096,24935399.0201
2023-03-06,ARTEA,Artea pensija 1996-2002,1.5103,24946447.1375
2023-03-07,ARTEA,Artea pensija 1996-2002,1.5047,24842476.9231
2023-03-08,ARTEA,Artea pensija 1996-2002,1.5026,24809451.3866
2023-03-09,ARTEA,Artea pensija 1996-2002,1.499,25502332.1457
2023-03-10,ARTEA,Artea pensija 1996-2002,1.4744,25084437.8654
2023-03-13,ARTEA,Artea pensija 1996-2002,1.4467,24568981.5096
2023-03-14,ARTEA,Artea pensija 1996-2002,1.4621,24830054.9838
2023-03-15,ARTEA,Artea pensija 1996-2002,1.4509,24646001.8307
2023-03-16,ARTEA,Artea pensija 1996-2002,1.4644,24872600.2596
2023-03-17,ARTEA,Artea pensija 1996-2002,1.4547,24712964.9651
2023-03-20,ARTEA,Artea pensija 1996-2002,1.4534,24689447.9234
2023-03-21,ARTEA,Artea pensija 1996-2002,1.4644,24888090.4373
2023-03-22,ARTEA,Artea pensija 1996-2002,1.4675,24949846.0203
2023-03-23,ARTEA,Artea pensija 1996-2002,1.4606,24842917.3901
2023-03-24,ARTEA,Artea pensija 1996-2002,1.4556,24760858.7936
2023-03-27,ARTEA,Artea pensija 1996-2002,1.4627,24894441.2349
2023-03-28,ARTEA,Artea pensija 1996-2002,1.4597,24832813.7512
2023-03-29,ARTEA,Artea pensija 1996-2002,1.4699,25010923.9268
2023-03-30,ARTEA,Artea pensija 1996-2002,1.4758,25107067.2536
2023-03-31,ARTEA,Artea pensija 1996-2002,1.4881,25320069.5241
2023-04-03,ARTEA,Artea pensija 1996-2002,1.4883,25335605.9221
2023-04-04,ARTEA,Artea pensija 1996-2002,1.4813,25206715.396
2023-04-05,ARTEA,Artea pensija 1996-2002,1.4778,25152524.5123
2023-04-06,ARTEA,Artea pensija 1996-2002,1.4803,25948560.5154
2023-04-07,ARTEA,Artea pensija 1996-2002,1.4803,25952438.6296
2023-04-11,ARTEA,Artea pensija 1996-2002,1.4907,26098847.8025
2023-04-12,ARTEA,Artea pensija 1996-2002,1.4839,25982679.9309
2023-04-13,ARTEA,Artea pensija 1996-2002,1.4836,25972442.5861
2023-04-14,ARTEA,Artea pensija 1996-2002,1.4907,26097582.1149
2023-04-17,ARTEA,Artea pensija 1996-2002,1.4973,26209388.7532
2023-04-18,ARTEA,Artea pensija 1996-2002,1.4987,26236146.8041
2023-04-19,ARTEA,Artea pensija 1996-2002,1.4948,26169167.4784
2023-04-20,ARTEA,Artea pensija 1996-2002,1.4923,26125544.899
2023-04-21,ARTEA,Artea pensija 1996-2002,1.4871,26039037.0124
2023-04-24,ARTEA,Artea pensija 1996-2002,1.482,25948671.3043
2023-04-25,ARTEA,Artea pensija 1996-2002,1.4768,25855915.9741
2023-04-26,ARTEA,Artea pensija 1996-2002,1.4667,25677424.0071
2023-04-27,ARTEA,Artea pensija 1996-2002,1.4749,25820935.6419
2023-04-28,ARTEA,Artea pensija 1996-2002,1.4845,26003925.6176
2023-05-02,ARTEA,Artea pensija 1996-2002,1.4715,25731886.203
2023-05-03,ARTEA,Artea pensija 1996-2002,1.4713,25723336.8031
2023-05-04,ARTEA,Artea pensija 1996-2002,1.4669,25629524.0333
2023-05-05,ARTEA,Artea pensija 1996-2002,1.4819,25914570.7065
2023-05-08,ARTEA,Artea pensija 1996-2002,1.4858,25987922.1859
2023-05-09,ARTEA,Artea pensija 1996-2002,1.4879,26018354.8095
2023-05-10,ARTEA,Artea pensija 1996-2002,1.4864,25995886.542
2023-05-11,ARTEA,Artea pensija 1996-2002,1.488,26980461.36
2023-05-12,ARTEA,Artea pensija 1996-2002,1.4912,27037350.6952
2023-05-15,ARTEA,Artea pensija 1996-2002,1.4994,27145063.7334
2023-05-16,ARTEA,Artea pensija 1996-2002,1.4986,27101391.9849
2023-05-17,ARTEA,Artea pensija 1996-2002,1.502,27175306.4327
2023-05-18,ARTEA,Artea pensija 1996-2002,1.5158,27420686.5123
2023-05-19,ARTEA,Artea pensija 1996-2002,1.5141,27391815.233
2023-05-22,ARTEA,Artea pensija 1996-2002,1.5208,27513977.3131
2023-05-23,ARTEA,Artea pensija 1996-2002,1.5173,27468081.2215
2023-05-24,ARTEA,Artea pensija 1996-2002,1.4968,27099483.3644
2023-05-25,ARTEA,Artea pensija 1996-2002,1.5016,27192367.15
2023-05-26,ARTEA,Artea pensija 1996-2002,1.5178,27483396.0427
2023-05-29,ARTEA,Artea pensija 1996-2002,1.5197,27483652.2732
2023-05-30,ARTEA,Artea pensija 1996-2002,1.5137,27373653.4604
2023-05-31,ARTEA,Artea pensija 1996-2002,1.5062,27222561.0884
2023-06-01,ARTEA,Artea pensija 1996-2002,1.5146,27372780.0397
2023-06-02,ARTEA,Artea pensija 1996-2002,1.5357,27746541.242
2023-06-05,ARTEA,Artea pensija 1996-2002,1.5375,27788267.0628
2023-06-06,ARTEA,Artea pensija 1996-2002,1.5441,27893372.2223
2023-06-07,ARTEA,Artea pensija 1996-2002,1.5445,27907759.7538
2023-06-08,ARTEA,Artea pensija 1996-2002,1.5375,28702068.945
2023-06-09,ARTEA,Artea pensija 1996-2002,1.543,28804956.9504
2023-06-12,ARTEA,Artea pensija 1996-2002,1.5455,28849643.9654
2023-06-13,ARTEA,Artea pensija 1996-2002,1.5567,29050769.9331
2023-06-14,ARTEA,Artea pensija 1996-2002,1.5557,29063202.1412
2023-06-15,ARTEA,Artea pensija 1996-2002,1.5504,28933632.4359
2023-06-16,ARTEA,Artea pensija 1996-2002,1.555,29018143.0243
2023-06-19,ARTEA,Artea pensija 1996-2002,1.5485,28895758.0585
2023-06-20,ARTEA,Artea pensija 1996-2002,1.5413,28744045.7717
2023-06-21,ARTEA,Artea pensija 1996-2002,1.5338,28617760.7653
2023-06-22,ARTEA,Artea pensija 1996-2002,1.5287,28515604.6222
2023-06-23,ARTEA,Artea pensija 1996-2002,1.525,28437096.9501
2023-06-26,ARTEA,Artea pensija 1996-2002,1.5233,28394040.97
2023-06-27,ARTEA,Artea pensija 1996-2002,1.5248,28423348.8972
2023-06-28,ARTEA,Artea pensija 1996-2002,1.5323,28567386.0062
2023-06-29,ARTEA,Artea pensija 1996-2002,1.5367,28668718.632
2023-06-30,ARTEA,Artea pensija 1996-2002,1.5461,28845737.3508
2023-07-01,ARTEA,Artea pensija 1996-2002,1.5461,28845737.3508
2023-07-02,ARTEA,Artea pensija 1996-2002,1.5461,28845737.3508
2023-07-03,ARTEA,Artea pensija 1996-2002,1.5529,28969101.2443
2023-07-04,ARTEA,Artea pensija 1996-2002,1.5554,29019470.0708
2023-07-05,ARTEA,Artea pensija 1996-2002,1.5514,28958303.1835
2023-07-06,ARTEA,Artea pensija 1996-2002,1.5514,28958303.1835
2023-07-07,ARTEA,Artea pensija 1996-2002,1.5316,28589663.204
2023-07-08,ARTEA,Artea pensija 1996-2002,1.5316,28589663.204
2023-07-09,ARTEA,Artea pensija 1996-2002,1.5316,28589663.204
2023-07-10,ARTEA,Artea pensija 1996-2002,1.5277,29324294.3055
2023-07-11,ARTEA,Artea pensija 1996-2002,1.5337,29425286.3744
2023-07-12,ARTEA,Artea pensija 1996-2002,1.5422,29609732.1164
2023-07-13,ARTEA,Artea pensija 1996-2002,1.5431,29584031.3574
2023-07-14,ARTEA,Artea pensija 1996-2002,1.54,29532981.8104
2023-07-15,ARTEA,Artea pensija 1996-2002,1.54,29532981.8104
2023-07-16,ARTEA,Artea pensija 1996-2002,1.54,29532981.8104
2023-07-17,ARTEA,Artea pensija 1996-2002,1.5387,29514436.1861
2023-07-18,ARTEA,Artea pensija 1996-2002,1.5454,29631205.3469
2023-07-19,ARTEA,Artea pensija 1996-2002,1.5545,29796807.71
2023-07-20,ARTEA,Artea pensija 1996-2002,1.5545,29797120.9021
2023-07-21,ARTEA,Artea pensija 1996-2002,1.5573,29843227.2681
2023-07-22,ARTEA,Artea pensija 1996-2002,1.5573,29843227.2681
2023-07-23,ARTEA,Artea pensija 1996-2002,1.5573,29843227.2681
2023-07-24,ARTEA,Artea pensija 1996-2002,1.5649,29984038.8904
2023-07-25,ARTEA,Artea pensija 1996-2002,1.5724,30127193.9795
2023-07-26,ARTEA,Artea pensija 1996-2002,1.569,30043608.4044
2023-07-27,ARTEA,Artea pensija 1996-2002,1.5837,30330041.719
2023-07-28,ARTEA,Artea pensija 1996-2002,1.5844,30356426.6283
2023-07-29,ARTEA,Artea pensija 1996-2002,1.5844,30356426.6283
2023-07-30,ARTEA,Artea pensija 1996-2002,1.5844,30356426.6283
2023-07-31,ARTEA,Artea pensija 1996-2002,1.5851,30381216.6635
2023-08-01,ARTEA,Artea pensija 1996-2002,1.582,30312826.5701
2023-08-02,ARTEA,Artea pensija 1996-2002,1.5666,30010132.7545
2023-08-03,ARTEA,Artea pensija 1996-2002,1.5622,29923149.8193
2023-08-04,ARTEA,Artea pensija 1996-2002,1.5616,29913816.5519
2023-08-05,ARTEA,Artea pensija 1996-2002,1.5616,29913816.5519
2023-08-06,ARTEA,Artea pensija 1996-2002,1.5616,29913816.5519
2023-08-07,ARTEA,Artea pensija 1996-2002,1.5589,29867440.8361
2023-08-08,ARTEA,Artea pensija 1996-2002,1.551,30541702.355
2023-08-09,ARTEA,Artea pensija 1996-2002,1.5514,30549382.8369
2023-08-10,ARTEA,Artea pensija 1996-2002,1.5577,30655985.828
2023-08-11,ARTEA,Artea pensija 1996-2002,1.5478,30441143.9923
2023-08-12,ARTEA,Artea pensija 1996-2002,1.5478,30441143.9923
2023-08-13,ARTEA,Artea pensija 1996-2002,1.5478,30441143.9923
2023-08-14,ARTEA,Artea pensija 1996-2002,1.5538,30565196.8594
2023-08-15,ARTEA,Artea pensija 1996-2002,1.5538,30565196.8594
2023-08-16,ARTEA,Artea pensija 1996-2002,1.5419,30330079.3095
2023-08-17,ARTEA,Artea pensija 1996-2002,1.5356,30189727.3321
2023-08-18,ARTEA,Artea pensija 1996-2002,1.5262,30013271.1162
2023-08-19,ARTEA,Artea pensija 1996-2002,1.5262,30013271.1162
2023-08-20,ARTEA,Artea pensija 1996-2002,1.5262,30013271.1162
2023-08-21,ARTEA,Artea pensija 1996-2002,1.5252,29982627.3038
2023-08-22,ARTEA,Artea pensija 1996-2002,1.5346,30161182.2623
2023-08-23,ARTEA,Artea pensija 1996-2002,1.5432,30320709.2196
2023-08-24,ARTEA,Artea pensija 1996-2002,1.5412,30287483.4055
2023-08-25,ARTEA,Artea pensija 1996-2002,1.5413,30288924.396
2023-08-26,ARTEA,Artea pensija 1996-2002,1.5413,30288924.396
2023-08-27,ARTEA,Artea pensija 1996-2002,1.5413,30288924.396
2023-08-28,ARTEA,Artea pensija 1996-2002,1.5515,30483653.7463
2023-08-29,ARTEA,Artea pensija 1996-2002,1.5606,30663001.888
2023-08-30,ARTEA,Artea pensija 1996-2002,1.5579,30598945.9561
2023-08-31,ARTEA,Artea pensija 1996-2002,1.5625,30705695.8108
2023-09-01,ARTEA,Artea pensija 1996-2002,1.5696,30815758.0906
2023-09-02,ARTEA,Artea pensija 1996-2002,1.5696,30815758.0906
2023-09-03,ARTEA,Artea pensija 1996-2002,1.5696,30815758.0906
2023-09-04,ARTEA,Artea pensija 1996-2002,1.5699,30804396.0643
2023-09-05,ARTEA,Artea pensija 1996-2002,1.5715,30823858.4337
2023-09-06,ARTEA,Artea pensija 1996-2002,1.5614,30628735.5369
2023-09-07,ARTEA,Artea pensija 1996-2002,1.5576,31483150.7852
2023-09-08,ARTEA,Artea pensija 1996-2002,1.5597,31526569.4926
2023-09-09,ARTEA,Artea pensija 1996-2002,1.5597,31526569.4926
2023-09-10,ARTEA,Artea pensija 1996-2002,1.5597,31526569.4926
2023-09-11,ARTEA,Artea pensija 1996-2002,1.5608,31523656.3248
2023-09-12,ARTEA,Artea pensija 1996-2002,1.5622,31512529.6895
2023-09-13,ARTEA,Artea pensija 1996-2002,1.5617,31512937.4471
2023-09-14,ARTEA,Artea pensija 1996-2002,1.5778,31827397.9799
2023-09-15,ARTEA,Artea pensija 1996-2002,1.5716,31688713.1373
2023-09-16,ARTEA,Artea pensija 1996-2002,1.5716,31688713.1373
2023-09-17,ARTEA,Artea pensija 1996-2002,1.5716,31688713.1373
2023-09-18,ARTEA,Artea pensija 1996-2002,1.5661,31568620.2157
2023-09-19,ARTEA,Artea pensija 1996-2002,1.5608,31454677.8028
2023-09-20,ARTEA,Artea pensija 1996-2002,1.5655,31531600.3659
2023-09-21,ARTEA,Artea pensija 1996-2002,1.5459,31109581.0976
2023-09-22,ARTEA,Artea pensija 1996-2002,1.5474,31137794.9285
2023-09-23,ARTEA,Artea pensija 1996-2002,1.5474,31137794.9285
2023-09-24,ARTEA,Artea pensija 1996-2002,1.5474,31137794.9285
2023-09-25,ARTEA,Artea pensija 1996-2002,1.5468,31128393.7729
2023-09-26,ARTEA,Artea pensija 1996-2002,1.5364,30898114.5572
2023-09-27,ARTEA,Artea pensija 1996-2002,1.5402,30974770.4988
2023-09-28,ARTEA,Artea pensija 1996-2002,1.5414,30994491.4636
2023-09-29,ARTEA,Artea pensija 1996-2002,1.5436,31030920.6121
2023-09-30,ARTEA,Artea pensija 1996-2002,1.5436,31030920.6121
2023-10-01,ARTEA,Artea pensija 1996-2002,1.5436,31030920.6121
2023-10-02,ARTEA,Artea pensija 1996-2002,1.5409,30984645.5903
2023-10-03,ARTEA,Artea pensija 1996-2002,1.5267,30697118.6
2023-10-04,ARTEA,Artea pensija 1996-2002,1.5205,30576252.0931
2023-10-05,ARTEA,Artea pensija 1996-2002,1.5218,31517820.0384
2023-10-06,ARTEA,Artea pensija 1996-2002,1.5294,31672667.2666
2023-10-07,ARTEA,Artea pensija 1996-2002,1.5294,31672667.2666
2023-10-08,ARTEA,Artea pensija 1996-2002,1.5294,31672667.2666
2023-10-09,ARTEA,Artea pensija 1996-2002,1.5324,31705342.372
2023-10-10,ARTEA,Artea pensija 1996-2002,1.5496,32012162.1553
2023-10-11,ARTEA,Artea pensija 1996-2002,1.5469,31945485.7552
2023-10-12,ARTEA,Artea pensija 1996-2002,1.5534,32067921.9734
2023-10-13,ARTEA,Artea pensija 1996-2002,1.5463,31913826.3613
2023-10-14,ARTEA,Artea pensija 1996-2002,1.5463,31913826.3613
2023-10-15,ARTEA,Artea pensija 1996-2002,1.5463,31913826.3613
2023-10-16,ARTEA,Artea pensija 1996-2002,1.5515,32000440.3735
2023-10-17,ARTEA,Artea pensija 1996-2002,1.5497,31945703.1934
2023-10-18,ARTEA,Artea pensija 1996-2002,1.5395,31723801.4588
2023-10-19,ARTEA,Artea pensija 1996-2002,1.5262,31424030.0061
2023-10-20,ARTEA,Artea pensija 1996-2002,1.5054,30983868.6541
2023-10-23,ARTEA,Artea pensija 1996-2002,1.501,30866747.0431
2023-10-24,ARTEA,Artea pensija 1996-2002,1.5081,30979764.8423
2023-10-25,ARTEA,Artea pensija 1996-2002,1.5016,30810574.7466
2023-10-26,ARTEA,Artea pensija 1996-2002,1.4959,30667760.7354
2023-10-27,ARTEA,Artea pensija 1996-2002,1.4873,30475437.7381
2023-10-30,ARTEA,Artea pensija 1996-2002,1.4881,30471311.1877
2023-10-31,ARTEA,Artea pensija 1996-2002,1.4944,30590538.8716
2023-11-03,ARTEA,Artea pensija 1996-2002,1.5341,31363914.6229
2023-11-06,ARTEA,Artea pensija 1996-2002,1.5326,31336228.5009
2023-11-07,ARTEA,Artea pensija 1996-2002,1.5377,31433472.4475
2023-11-08,ARTEA,Artea pensija 1996-2002,1.5326,31335402.8765
2023-11-09,ARTEA,Artea pensija 1996-2002,1.5369,32317918.0464
2023-11-10,ARTEA,Artea pensija 1996-2002,1.5326,32226430.5907
2023-11-13,ARTEA,Artea pensija 1996-2002,1.5416,32356468.7554
2023-11-14,ARTEA,Artea pensija 1996-2002,1.5515,32548457.422
2023-11-15,ARTEA,Artea pensija 1996-2002,1.5578,32662407.6609
2023-11-16,ARTEA,Artea pensija 1996-2002,1.5472,32425102.5809
2023-11-17,ARTEA,Artea pensija 1996-2002,1.5527,32527032.0256
2023-11-20,ARTEA,Artea pensija 1996-2002,1.5546,32565229.7123
2023-11-21,ARTEA,Artea pensija 1996-2002,1.5536,32526031.7932
2023-11-22,ARTEA,Artea pensija 1996-2002,1.5624,32691202.1331
2023-11-23,ARTEA,Artea pensija 1996-2002,1.5633,32698527.3874
2023-11-24,ARTEA,Artea pensija 1996-2002,1.5603,32616283.6843
2023-11-27,ARTEA,Artea pensija 1996-2002,1.558,32550298.4374
2023-11-28,ARTEA,Artea pensija 1996-2002,1.5565,32496958.4301
2023-11-29,ARTEA,Artea pensija 1996-2002,1.5583,32515645.1488
2023-11-30,ARTEA,Artea pensija 1996-2002,1.5653,32649884.8925
2023-12-01,ARTEA,Artea pensija 1996-2002,1.578,32902023.193
2023-12-04,ARTEA,Artea pensija 1996-2002,1.577,32874101.3033
2023-12-05,ARTEA,Artea pensija 1996-2002,1.5808,32940367.5479
2023-12-06,ARTEA,Artea pensija 1996-2002,1.5858,33040705.9714
2023-12-07,ARTEA,Artea pensija 1996-2002,1.5852,33919023.9054
2023-12-08,ARTEA,Artea pensija 1996-2002,1.5915,34054365.344
2023-12-11,ARTEA,Artea pensija 1996-2002,1.5951,34124187.6192
2023-12-12,ARTEA,Artea pensija 1996-2002,1.5936,34224207.3271
2023-12-13,ARTEA,Artea pensija 1996-2002,1.5957,34271061.5937
2023-12-14,ARTEA,Artea pensija 1996-2002,1.6018,34383750.7083
2023-12-15,ARTEA,Artea pensija 1996-2002,1.6098,34569062.4173
2023-12-18,ARTEA,Artea pensija 1996-2002,1.6074,34509436.3592
2023-12-19,ARTEA,Artea pensija 1996-2002,1.6108,34569704.5153
2023-12-20,ARTEA,Artea pensija 1996-2002,1.6149,34651278.4656
2023-12-21,ARTEA,Artea pensija 1996-2002,1.6067,34455745.2187
2023-12-22,ARTEA,Artea pensija 1996-2002,1.6114,34549309.1263
2023-12-27,ARTEA,Artea pensija 1996-2002,1.6087,34448548.4498
2023-12-28,ARTEA,Artea pensija 1996-2002,1.6138,34534203.2812
2023-12-29,ARTEA,Artea pensija 1996-2002,1.6145,34555122.4847
2024-01-02,ARTEA,Artea pensija 1996-2002,1.6155,34571949.7938
2024-01-03,ARTEA,Artea pensija 1996-2002,1.6075,34376376.2953
2024-01-04,ARTEA,Artea pensija 1996-2002,1.6073,34364638.3915
2024-01-05,ARTEA,Artea pensija 1996-2002,1.6059,34284232.3334
2024-01-08,ARTEA,Artea pensija 1996-2002,1.6093,34349068.4656
2024-01-09,ARTEA,Artea pensija 1996-2002,1.616,34511070.5138
2024-01-10,ARTEA,Artea pensija 1996-2002,1.6139,34465200.1233
2024-01-11,ARTEA,Artea pensija 1996-2002,1.6078,35219047.6516
2024-01-12,ARTEA,Artea pensija 1996-2002,1.6177,35435577.5603
2024-01-15,ARTEA,Artea pensija 1996-2002,1.6181,35367953.2881
2024-01-16,ARTEA,Artea pensija 1996-2002,1.6187,35373556.096
2024-01-17,ARTEA,Artea pensija 1996-2002,1.6072,35114469.2859
2024-01-18,ARTEA,Artea pensija 1996-2002,1.6142,35223834.6258
2024-01-19,ARTEA,Artea pensija 1996-2002,1.618,35284138.2017
2024-01-22,ARTEA,Artea pensija 1996-2002,1.6328,35597001.269
2024-01-23,ARTEA,Artea pensija 1996-2002,1.6338,35595015.1151
2024-01-24,ARTEA,Artea pensija 1996-2002,1.6407,35723087.8684
2024-01-25,ARTEA,Artea pensija 1996-2002,1.647,35800589.8388
2024-01-26,ARTEA,Artea pensija 1996-2002,1.6493,35843868.7403
2024-01-29,ARTEA,Artea pensija 1996-2002,1.6549,35950593.1592
2024-01-30,ARTEA,Artea pensija 1996-2002,1.657,35967177.5815
2024-01-31,ARTEA,Artea pensija 1996-2002,1.6509,35818187.7628
2024-02-01,ARTEA,Artea pensija 1996-2002,1.6432,35666288.4993
2024-02-02,ARTEA,Artea pensija 1996-2002,1.6623,36079964.9498
2024-02-05,ARTEA,Artea pensija 1996-2002,1.6628,36073150.2618
2024-02-06,ARTEA,Artea pensija 1996-2002,1.6694,36170907.538
2024-02-07,ARTEA,Artea pensija 1996-2002,1.673,36248046.7351
2024-02-08,ARTEA,Artea pensija 1996-2002,1.6725,37143046.1997
2024-02-09,ARTEA,Artea pensija 1996-2002,1.6747,37190589.9279
2024-02-12,ARTEA,Artea pensija 1996-2002,1.688,37419687.26
2024-02-13,ARTEA,Artea pensija 1996-2002,1.6726,37015970.5209
2024-02-14,ARTEA,Artea pensija 1996-2002,1.6779,37144524.5598
2024-02-15,ARTEA,Artea pensija 1996-2002,1.6855,37298491.1059
2024-02-19,ARTEA,Artea pensija 1996-2002,1.6895,37385242.1616
2024-02-20,ARTEA,Artea pensija 1996-2002,1.6779,37110842.4076
2024-02-21,ARTEA,Artea pensija 1996-2002,1.6747,37030975.0639
2024-02-22,ARTEA,Artea pensija 1996-2002,1.6957,37451924.9917
2024-02-23,ARTEA,Artea pensija 1996-2002,1.7016,37557932.5777
2024-02-26,ARTEA,Artea pensija 1996-2002,1.6952,37394037.1522
2024-02-27,ARTEA,Artea pensija 1996-2002,1.6952,37376067.6818
2024-02-28,ARTEA,Artea pensija 1996-2002,1.6937,37319579.9046
2024-02-29,ARTEA,Artea pensija 1996-2002,1.6988,37397187.9835
2024-03-01,ARTEA,Artea pensija 1996-2002,1.7091,37608038.408
2024-03-04,ARTEA,Artea pensija 1996-2002,1.709,37580960.9165
2024-03-05,ARTEA,Artea pensija 1996-2002,1.6997,37349526.7504
2024-03-06,ARTEA,Artea pensija 1996-2002,1.7056,37482875.5339
2024-03-07,ARTEA,Artea pensija 1996-2002,1.711,38504643.7163
2024-03-08,ARTEA,Artea pensija 1996-2002,1.7108,38501584.7745
2024-03-12,ARTEA,Artea pensija 1996-2002,1.7131,38492654.1617
2024-03-13,ARTEA,Artea pensija 1996-2002,1.7116,38382109.1139
2024-03-14,ARTEA,Artea pensija 1996-2002,1.7118,38378016.341
2024-03-15,ARTEA,Artea pensija 1996-2002,1.7045,38212504.6613
2024-03-18,ARTEA,Artea pensija 1996-2002,1.7136,38416760.0053
2024-03-19,ARTEA,Artea pensija 1996-2002,1.7155,38483413.4382
2024-03-20,ARTEA,Artea pensija 1996-2002,1.7181,38511129.5042
2024-03-21,ARTEA,Artea pensija 1996-2002,1.74,38991294.9066
2024-03-22,ARTEA,Artea pensija 1996-2002,1.739,38943955.301
2024-03-25,ARTEA,Artea pensija 1996-2002,1.7351,38841472.8547
2024-03-26,ARTEA,Artea pensija 1996-2002,1.7383,38900653.5835
2024-03-27,ARTEA,Artea pensija 1996-2002,1.7385,38866139.8146
2024-03-28,ARTEA,Artea pensija 1996-2002,1.749,39074637.0597
2024-03-29,ARTEA,Artea pensija 1996-2002,1.7508,39140956.9319
2024-04-02,ARTEA,Artea pensija 1996-2002,1.7386,38851003.8733
2024-04-03,ARTEA,Artea pensija 1996-2002,1.7395,38856506.996
2024-04-04,ARTEA,Artea pensija 1996-2002,1.7429,38921526.3463
2024-04-05,ARTEA,Artea pensija 1996-2002,1.7318,38662687.3469
2024-04-08,ARTEA,Artea pensija 1996-2002,1.7364,38733997.0032
2024-04-09,ARTEA,Artea pensija 1996-2002,1.7314,38610043.0144
2024-04-10,ARTEA,Artea pensija 1996-2002,1.7349,38694096.4982
2024-04-11,ARTEA,Artea pensija 1996-2002,1.7354,39615070.7857
2024-04-12,ARTEA,Artea pensija 1996-2002,1.7402,39725477.376
2024-04-15,ARTEA,Artea pensija 1996-2002,1.7359,39562806.1327
2024-04-16,ARTEA,Artea pensija 1996-2002,1.7127,39024045.1123
2024-04-17,ARTEA,Artea pensija 1996-2002,1.7057,38859353.6297
2024-04-18,ARTEA,Artea pensija 1996-2002,1.7101,38942241.0209
2024-04-19,ARTEA,Artea pensija 1996-2002,1.6985,38664767.1605
2024-04-22,ARTEA,Artea pensija 1996-2002,1.7028,38742706.9196
2024-04-23,ARTEA,Artea pensija 1996-2002,1.7172,39083471.1184
2024-04-24,ARTEA,Artea pensija 1996-2002,1.7169,39058576.4951
2024-04-25,ARTEA,Artea pensija 1996-2002,1.7029,38731995.4135
2024-04-26,ARTEA,Artea pensija 1996-2002,1.7275,39259191.4423
2024-04-29,ARTEA,Artea pensija 1996-2002,1.7292,39299641.0139
2024-04-30,ARTEA,Artea pensija 1996-2002,1.7259,39213582.28
2024-05-02,ARTEA,Artea pensija 1996-2002,1.7202,39070562.6879
2024-05-03,ARTEA,Artea pensija 1996-2002,1.7317,39327793.8851
2024-05-06,ARTEA,Artea pensija 1996-2002,1.7413,39537662.4514
2024-05-07,ARTEA,Artea pensija 1996-2002,1.7507,39733272.7656
2024-05-08,ARTEA,Artea pensija 1996-2002,1.7501,39728165.2724
2024-05-09,ARTEA,Artea pensija 1996-2002,1.7523,40865318.3539
2024-05-10,ARTEA,Artea pensija 1996-2002,1.7562,40956170.4573
2024-05-13,ARTEA,Artea pensija 1996-2002,1.7572,40941086.8874
2024-05-14,ARTEA,Artea pensija 1996-2002,1.7595,40917392.7069
2024-05-15,ARTEA,Artea pensija 1996-2002,1.7692,41113120.4958
2024-05-16,ARTEA,Artea pensija 1996-2002,1.7735,41204494.4445
2024-05-17,ARTEA,Artea pensija 1996-2002,1.77,41059922.1167
2024-05-20,ARTEA,Artea pensija 1996-2002,1.7769,41220429.7129
2024-05-21,ARTEA,Artea pensija 1996-2002,1.7722,41089184.4051
2024-05-22,ARTEA,Artea pensija 1996-2002,1.773,41091908.3061
2024-05-23,ARTEA,Artea pensija 1996-2002,1.7726,41036203.5225
2024-05-24,ARTEA,Artea pensija 1996-2002,1.7676,40904775.3357
2024-05-27,ARTEA,Artea pensija 1996-2002,1.7725,40995415.9165
2024-05-28,ARTEA,Artea pensija 1996-2002,1.7655,40806904.2282
2024-05-29,ARTEA,Artea pensija 1996-2002,1.7564,40578779.4968
2024-05-30,ARTEA,Artea pensija 1996-2002,1.7535,40504288.1704
2024-05-31,ARTEA,Artea pensija 1996-2002,1.7452,40310829.4643
2024-06-03,ARTEA,Artea pensija 1996-2002,1.756,40553811.5249
2024-06-04,ARTEA,Artea pensija 1996-2002,1.7471,40324807.7577
2024-06-05,ARTEA,Artea pensija 1996-2002,1.7649,40709181.9965
2024-06-06,ARTEA,Artea pensija 1996-2002,1.7715,40823164.497
2024-06-07,ARTEA,Artea pensija 1996-2002,1.7769,40930748.2552
2024-06-10,ARTEA,Artea pensija 1996-2002,1.7826,41061290.4024
2024-06-11,ARTEA,Artea pensija 1996-2002,1.7787,40954800.9647
2024-06-12,ARTEA,Artea pensija 1996-2002,1.7903,41225227.8054
2024-06-13,ARTEA,Artea pensija 1996-2002,1.7862,42357185.3693
2024-06-14,ARTEA,Artea pensija 1996-2002,1.7901,42448285.1769
2024-06-17,ARTEA,Artea pensija 1996-2002,1.7898,42384159.6691
2024-06-18,ARTEA,Artea pensija 1996-2002,1.801,42621660.8247
2024-06-19,ARTEA,Artea pensija 1996-2002,1.8012,42623392.7554
2024-06-20,ARTEA,Artea pensija 1996-2002,1.8067,42728214.7173
2024-06-21,ARTEA,Artea pensija 1996-2002,1.8018,42566352.1954
2024-06-25,ARTEA,Artea pensija 1996-2002,1.807,42673263.656
2024-06-26,ARTEA,Artea pensija 1996-2002,1.801,42512125.7499
2024-06-27,ARTEA,Artea pensija 1996-2002,1.8008,42494663.1202
2024-06-28,ARTEA,Artea pensija 1996-2002,1.8076,42637875.4673
2024-07-01,ARTEA,Artea pensija 1996-2002,1.799,42432642.628
2024-07-02,ARTEA,Artea pensija 1996-2002,1.8002,42381105.212
2024-07-03,ARTEA,Artea pensija 1996-2002,1.8055,42495833.1399
2024-07-04,ARTEA,Artea pensija 1996-2002,1.8091,42557273.6262
2024-07-05,ARTEA,Artea pensija 1996-2002,1.8086,42459999.4828
2024-07-08,ARTEA,Artea pensija 1996-2002,1.8129,42553756.1636
2024-07-09,ARTEA,Artea pensija 1996-2002,1.8126,42507826.7075
2024-07-10,ARTEA,Artea pensija 1996-2002,1.8199,42680887.4579
2024-07-11,ARTEA,Artea pensija 1996-2002,1.8232,43743646.1418
2024-07-12,ARTEA,Artea pensija 1996-2002,1.8316,43927171.0091
2024-07-15,ARTEA,Artea pensija 1996-2002,1.8304,43802692.6598
2024-07-16,ARTEA,Artea pensija 1996-2002,1.8348,43898160.4379
2024-07-17,ARTEA,Artea pensija 1996-2002,1.8212,43573841.9807
2024-07-18,ARTEA,Artea pensija 1996-2002,1.8136,43463724.3174
2024-07-19,ARTEA,Artea pensija 1996-2002,1.8016,43152702.5645
2024-07-22,ARTEA,Artea pensija 1996-2002,1.809,43310265.7413
2024-07-23,ARTEA,Artea pensija 1996-2002,1.8215,43582550.106
2024-07-24,ARTEA,Artea pensija 1996-2002,1.8,43016225.1634
2024-07-25,ARTEA,Artea pensija 1996-2002,1.7932,42832928.7558
2024-07-26,ARTEA,Artea pensija 1996-2002,1.7999,42955551.5559
2024-07-29,ARTEA,Artea pensija 1996-2002,1.8022,42972916.0715
2024-07-30,ARTEA,Artea pensija 1996-2002,1.8042,42976774.9345
2024-07-31,ARTEA,Artea pensija 1996-2002,1.8258,43538032.2742
2024-08-01,ARTEA,Artea pensija 1996-2002,1.8085,43060087.0723
2024-08-02,ARTEA,Artea pensija 1996-2002,1.7501,41647560.9354
2024-08-05,ARTEA,Artea pensija 1996-2002,1.7128,40734091.5608
2024-08-06,ARTEA,Artea pensija 1996-2002,1.7258,41015464.9027
2024-08-07,ARTEA,Artea pensija 1996-2002,1.7495,41579693.765
2024-08-08,ARTEA,Artea pensija 1996-2002,1.7503,42565047.7877
2024-08-09,ARTEA,Artea pensija 1996-2002,1.7561,42706180.0164
2024-08-12,ARTEA,Artea pensija 1996-2002,1.7584,42658724.8021
2024-08-13,ARTEA,Artea pensija 1996-2002,1.7726,43002879.4167
2024-08-14,ARTEA,Artea pensija 1996-2002,1.775,43048848.2404
2024-08-16,ARTEA,Artea pensija 1996-2002,1.8048,43769195.0578
2024-08-19,ARTEA,Artea pensija 1996-2002,1.8089,43832127.1457
2024-08-20,ARTEA,Artea pensija 1996-2002,1.8031,43665878.6127
2024-08-21,ARTEA,Artea pensija 1996-2002,1.8063,43736276.4317
2024-08-22,ARTEA,Artea pensija 1996-2002,1.8102,43810517.089
2024-08-23,ARTEA,Artea pensija 1996-2002,1.814,43878740.9369
2024-08-26,ARTEA,Artea pensija 1996-2002,1.8134,43828307.3508
2024-08-27,ARTEA,Artea pensija 1996-2002,1.8129,43762015.9912
2024-08-28,ARTEA,Artea pensija 1996-2002,1.8145,43773049.0457
2024-08-29,ARTEA,Artea pensija 1996-2002,1.8302,44085906.4743
2024-08-30,ARTEA,Artea pensija 1996-2002,1.8257,43948086.3553
2024-09-02,ARTEA,Artea pensija 1996-2002,1.834,44130486.2785
2024-09-03,ARTEA,Artea pensija 1996-2002,1.8193,43757125.7916
2024-09-04,ARTEA,Artea pensija 1996-2002,1.8027,43349839.5812
2024-09-05,ARTEA,Artea pensija 1996-2002,1.7931,43114337.6421
2024-09-06,ARTEA,Artea pensija 1996-2002,1.7731,42622944.4181
2024-09-09,ARTEA,Artea pensija 1996-2002,1.7902,43007205.4633
2024-09-10,ARTEA,Artea pensija 1996-2002,1.7904,42986153.0977
2024-09-11,ARTEA,Artea pensija 1996-2002,1.7851,42863157.2654
2024-09-12,ARTEA,Artea pensija 1996-2002,1.8102,44552334.9615
2024-09-13,ARTEA,Artea pensija 1996-2002,1.8224,44853350.8732
2024-09-16,ARTEA,Artea pensija 1996-2002,1.8174,44674717.6492
2024-09-17,ARTEA,Artea pensija 1996-2002,1.8272,44770494.0331
2024-09-18,ARTEA,Artea pensija 1996-2002,1.8186,44567712.2538
2024-09-19,ARTEA,Artea pensija 1996-2002,1.8393,45034897.0495
2024-09-20,ARTEA,Artea pensija 1996-2002,1.8286,44761588.1148
2024-09-23,ARTEA,Artea pensija 1996-2002,1.8384,44980218.5954
2024-09-24,ARTEA,Artea pensija 1996-2002,1.8424,45045850.6521
2024-09-25,ARTEA,Artea pensija 1996-2002,1.8417,44995136.8993
2024-09-26,ARTEA,Artea pensija 1996-2002,1.8502,45193973.2739
2024-09-27,ARTEA,Artea pensija 1996-2002,1.8552,45273621.578
2024-09-30,ARTEA,Artea pensija 1996-2002,1.8452,45021047.9693
2024-10-01,ARTEA,Artea pensija 1996-2002,1.8473,45029716.4544
2024-10-02,ARTEA,Artea pensija 1996-2002,1.853,45152994.8634
2024-10-03,ARTEA,Artea pensija 1996-2002,1.8473,44960273.9291
2024-10-04,ARTEA,Artea pensija 1996-2002,1.8565,45167993.9337
2024-10-07,ARTEA,Artea pensija 1996-2002,1.8593,45217238.4381
2024-10-08,ARTEA,Artea pensija 1996-2002,1.8589,45194563.8954
2024-10-09,ARTEA,Artea pensija 1996-2002,1.87,45481850.8376
2024-10-10,ARTEA,Artea pensija 1996-2002,1.871,46562649.6622
2024-10-11,ARTEA,Artea pensija 1996-2002,1.8791,46757225.39
2024-10-14,ARTEA,Artea pensija 1996-2002,1.8911,47004449.3946
2024-10-15,ARTEA,Artea pensija 1996-2002,1.8897,46855602.4189
2024-10-16,ARTEA,Artea pensija 1996-2002,1.8915,46894588.4112
2024-10-17,ARTEA,Artea pensija 1996-2002,1.903,47150567.49
2024-10-18,ARTEA,Artea pensija 1996-2002,1.9009,47071836.0383
2024-10-21,ARTEA,Artea pensija 1996-2002,1.8912,46809213.7386
2024-10-22,ARTEA,Artea pensija 1996-2002,1.8907,46750164.083
2024-10-23,ARTEA,Artea pensija 1996-2002,1.8861,46601396.7113
2024-10-24,ARTEA,Artea pensija 1996-2002,1.8843,46531519.23
2024-10-25,ARTEA,Artea pensija 1996-2002,1.8885,46641387.2418
2024-10-28,ARTEA,Artea pensija 1996-2002,1.8887,46613609.8883
2024-10-29,ARTEA,Artea pensija 1996-2002,1.8889,46610290.9768
2024-10-30,ARTEA,Artea pensija 1996-2002,1.8783,46339627.238
2024-10-31,ARTEA,Artea pensija 1996-2002,1.8535,45694636.9708
2024-11-04,ARTEA,Artea pensija 1996-2002,1.8557,45721574.0225
2024-11-05,ARTEA,Artea pensija 1996-2002,1.8625,45862494.5317
2024-11-06,ARTEA,Artea pensija 1996-2002,1.9034,46869341.6207
2024-11-07,ARTEA,Artea pensija 1996-2002,1.9146,47149576.9734
2024-11-08,ARTEA,Artea pensija 1996-2002,1.9205,48338103.5395
2024-11-11,ARTEA,Artea pensija 1996-2002,1.9374,48761692.6618
2024-11-12,ARTEA,Artea pensija 1996-2002,1.9276,48388255.6101
2024-11-13,ARTEA,Artea pensija 1996-2002,1.931,48473483.4281
2024-11-14,ARTEA,Artea pensija 1996-2002,1.9303,48447703.6982
2024-11-15,ARTEA,Artea pensija 1996-2002,1.9114,47955680.9002
2024-11-18,ARTEA,Artea pensija 1996-2002,1.9167,48079318.7729
2024-11-19,ARTEA,Artea pensija 1996-2002,1.9143,47971849.6491
2024-11-20,ARTEA,Artea pensija 1996-2002,1.9164,47992890.8637
2024-11-21,ARTEA,Artea pensija 1996-2002,1.9378,48519490.905
2024-11-22,ARTEA,Artea pensija 1996-2002,1.9605,49061904.0881
2024-11-25,ARTEA,Artea pensija 1996-2002,1.9602,49030120.3335
2024-11-26,ARTEA,Artea pensija 1996-2002,1.9585,48957691.1852
2024-11-27,ARTEA,Artea pensija 1996-2002,1.9443,48579124.8104
2024-11-28,ARTEA,Artea pensija 1996-2002,1.9507,48707900.8074
2024-11-29,ARTEA,Artea pensija 1996-2002,1.956,48831287.7145
2024-12-02,ARTEA,Artea pensija 1996-2002,1.9684,49118512.1015
2024-12-03,ARTEA,Artea pensija 1996-2002,1.9661,49028755.6942
2024-12-04,ARTEA,Artea pensija 1996-2002,1.9727,49166695.6974
2024-12-05,ARTEA,Artea pensija 1996-2002,1.9696,49065502.4756
2024-12-06,ARTEA,Artea pensija 1996-2002,1.972,49079531.29
2024-12-09,ARTEA,Artea pensija 1996-2002,1.9653,48912890.772
2024-12-10,ARTEA,Artea pensija 1996-2002,1.9707,49036341.3497
2024-12-11,ARTEA,Artea pensija 1996-2002,1.979,49243151.4069
2024-12-12,ARTEA,Artea pensija 1996-2002,1.9766,50219324.8158
2024-12-13,ARTEA,Artea pensija 1996-2002,1.9685,50015637.8793
2024-12-16,ARTEA,Artea pensija 1996-2002,1.9698,49906188.2829
2024-12-17,ARTEA,Artea pensija 1996-2002,1.9603,49641750.8644
2024-12-18,ARTEA,Artea pensija 1996-2002,1.9637,49740746.3049
2024-12-19,ARTEA,Artea pensija 1996-2002,1.9368,49035832.4566
2024-12-20,ARTEA,Artea pensija 1996-2002,1.9388,48972566.6267
2024-12-23,ARTEA,Artea pensija 1996-2002,1.9349,48842517.6693
2024-12-27,ARTEA,Artea pensija 1996-2002,1.9412,48966199.3592
2024-12-30,ARTEA,Artea pensija 1996-2002,1.929,48629821.5438
2024-12-31,ARTEA,Artea pensija 1996-2002,1.9293,48602559.647
2025-01-02,ARTEA,Artea pensija 1996-2002,1.9578,48670750.9074
2025-01-03,ARTEA,Artea pensija 1996-2002,1.9543,48596066.7781
2025-01-06,ARTEA,Artea pensija 1996-2002,1.9638,48829603.8723
2025-01-07,ARTEA,Artea pensija 1996-2002,1.953,48547769.463
2025-01-08,ARTEA,Artea pensija 1996-2002,1.953,48554771.3038
2025-01-09,ARTEA,Artea pensija 1996-2002,1.9567,49596642.1509
2025-01-10,ARTEA,Artea pensija 1996-2002,1.9396,49144316.2008
2025-01-13,ARTEA,Artea pensija 1996-2002,1.9369,48967535.9839
2025-01-14,ARTEA,Artea pensija 1996-2002,1.9366,48929709.5806
2025-01-15,ARTEA,Artea pensija 1996-2002,1.9618,49566244.916
2025-01-16,ARTEA,Artea pensija 1996-2002,1.9685,49720366.1283
2025-01-17,ARTEA,Artea pensija 1996-2002,1.9819,50045533.1636
2025-01-20,ARTEA,Artea pensija 1996-2002,1.9744,49843792.8981
2025-01-21,ARTEA,Artea pensija 1996-2002,1.9761,49818844.5242
2025-01-22,ARTEA,Artea pensija 1996-2002,1.9857,50040582.5863
2025-01-23,ARTEA,Artea pensija 1996-2002,1.9888,50109001.7817
2025-01-24,ARTEA,Artea pensija 1996-2002,1.9808,49869408.7016
2025-01-27,ARTEA,Artea pensija 1996-2002,1.9546,49177775.3123
2025-01-28,ARTEA,Artea pensija 1996-2002,1.9714,49569193.5169
2025-01-29,ARTEA,Artea pensija 1996-2002,1.9796,49743369.7526
2025-01-30,ARTEA,Artea pensija 1996-2002,1.9874,49885843.4998
2025-01-31,ARTEA,Artea pensija 1996-2002,1.9995,50160402.64
2025-02-03,ARTEA,Artea pensija 1996-2002,1.9878,49862306.749
2025-02-04,ARTEA,Artea pensija 1996-2002,1.9854,49736515.6476
2025-02-05,ARTEA,Artea pensija 1996-2002,1.9817,49587390.6087
2025-02-06,ARTEA,Artea pensija 1996-2002,1.9977,49951524.0403
2025-02-07,ARTEA,Artea pensija 1996-2002,1.9934,49818684.7216
2025-02-10,ARTEA,Artea pensija 1996-2002,2.0022,50011177.3257
2025-02-11,ARTEA,Artea pensija 1996-2002,1.9973,49840610.5015
2025-02-12,ARTEA,Artea pensija 1996-2002,1.9842,49515505.6627
2025-02-13,ARTEA,Artea pensija 1996-2002,1.993,50716289.6423
2025-02-14,ARTEA,Artea pensija 1996-2002,1.9891,50617556.4261
2025-02-17,ARTEA,Artea pensija 1996-2002,1.9985,50747182.2201
2025-02-18,ARTEA,Artea pensija 1996-2002,2.0008,50749321.736
2025-02-19,ARTEA,Artea pensija 1996-2002,2.0069,50867613.9191
2025-02-20,ARTEA,Artea pensija 1996-2002,1.9918,50462284.9337
2025-02-21,ARTEA,Artea pensija 1996-2002,1.9919,50447432.9576
2025-02-24,ARTEA,Artea pensija 1996-2002,1.9746,50030611.5399
2025-02-25,ARTEA,Artea pensija 1996-2002,1.953,49489558.6202
2025-02-26,ARTEA,Artea pensija 1996-2002,1.9722,49960755.6586
2025-02-27,ARTEA,Artea pensija 1996-2002,1.9733,49968701.8364
2025-02-28,ARTEA,Artea pensija 1996-2002,1.9558,49492502.8043
2025-03-03,ARTEA,Artea pensija 1996-2002,1.9594,49544663.1502
2025-03-04,ARTEA,Artea pensija 1996-2002,1.905,48163915.6911
2025-03-05,ARTEA,Artea pensija 1996-2002,1.8868,47705117.8612
2025-03-06,ARTEA,Artea pensija 1996-2002,1.8892,48739472.9313
2025-03-07,ARTEA,Artea pensija 1996-2002,1.8641,48048158.0491
2025-03-10,ARTEA,Artea pensija 1996-2002,1.8566,47743750.6246
2025-03-12,ARTEA,Artea pensija 1996-2002,1.8382,47220289.8543
2025-03-13,ARTEA,Artea pensija 1996-2002,1.8286,46988851.0247
2025-03-14,ARTEA,Artea pensija 1996-2002,1.8453,47406280.2173
2025-03-17,ARTEA,Artea pensija 1996-2002,1.8534,47614925.7004
2025-03-18,ARTEA,Artea pensija 1996-2002,1.8484,47459327.9971
2025-03-19,ARTEA,Artea pensija 1996-2002,1.863,47811923.0311
2025-03-20,ARTEA,Artea pensija 1996-2002,1.8682,47886104.214
2025-03-21,ARTEA,Artea pensija 1996-2002,1.8631,47730433.3592
2025-03-24,ARTEA,Artea pensija 1996-2002,1.8891,48372227.3276
2025-03-25,ARTEA,Artea pensija 1996-2002,1.8921,48413360.5173
2025-03-26,ARTEA,Artea pensija 1996-2002,1.8851,48211980.3924
2025-03-27,ARTEA,Artea pensija 1996-2002,1.8795,48029573.3837
2025-03-28,ARTEA,Artea pensija 1996-2002,1.8478,47212562.9989
2025-03-31,ARTEA,Artea pensija 1996-2002,1.8381,46946946.1419
2025-04-01,ARTEA,Artea pensija 1996-2002,1.8556,47320249.2882
2025-04-02,ARTEA,Artea pensija 1996-2002,1.8544,47266525.205
2025-04-03,ARTEA,Artea pensija 1996-2002,1.7791,45296631.2601
2025-04-04,ARTEA,Artea pensija 1996-2002,1.7145,43591880.2672
2025-04-07,ARTEA,Artea pensija 1996-2002,1.6755,42566895.373
2025-04-08,ARTEA,Artea pensija 1996-2002,1.7185,43659973.117
2025-04-09,ARTEA,Artea pensija 1996-2002,1.6495,41894752.7785
2025-04-10,ARTEA,Artea pensija 1996-2002,1.7079,43388640.6284
2025-04-11,ARTEA,Artea pensija 1996-2002,1.6969,44078734.5664
2025-04-14,ARTEA,Artea pensija 1996-2002,1.7294,44886657.2532
2025-04-15,ARTEA,Artea pensija 1996-2002,1.7455,45208688.056
2025-04-16,ARTEA,Artea pensija 1996-2002,1.7299,44809642.2031
2025-04-17,ARTEA,Artea pensija 1996-2002,1.7182,44476285.573
2025-04-18,ARTEA,Artea pensija 1996-2002,1.7182,44457478.1182
2025-04-22,ARTEA,Artea pensija 1996-2002,1.7091,44199946.8142
2025-04-23,ARTEA,Artea pensija 1996-2002,1.7484,45192067.0979
2025-04-24,ARTEA,Artea pensija 1996-2002,1.7614,45512340.6948
2025-04-25,ARTEA,Artea pensija 1996-2002,1.7659,45603820.3706
2025-04-28,ARTEA,Artea pensija 1996-2002,1.7686,45618026.6028
2025-04-29,ARTEA,Artea pensija 1996-2002,1.7761,45759332.7392
2025-04-30,ARTEA,Artea pensija 1996-2002,1.7821,45885279.1759
2025-05-02,ARTEA,Artea pensija 1996-2002,1.8197,46839443.6406
2025-05-05,ARTEA,Artea pensija 1996-2002,1.8265,46967515.3
2025-05-06,ARTEA,Artea pensija 1996-2002,1.8166,46698631.6714
2025-05-07,ARTEA,Artea pensija 1996-2002,1.8098,46497382.876
2025-05-08,ARTEA,Artea pensija 1996-2002,1.8314,48214631.5494
2025-05-09,ARTEA,Artea pensija 1996-2002,1.8321,48249808.7245
2025-05-12,ARTEA,Artea pensija 1996-2002,1.8818,49519379.5749
2025-05-13,ARTEA,Artea pensija 1996-2002,1.8907,49729207.6341
2025-05-14,ARTEA,Artea pensija 1996-2002,1.8869,49635465.0253
2025-05-15,ARTEA,Artea pensija 1996-2002,1.8927,49753653.2583
2025-05-16,ARTEA,Artea pensija 1996-2002,1.9031,50018053.7794
2025-05-19,ARTEA,Artea pensija 1996-2002,1.8937,49744095.306
2025-05-20,ARTEA,Artea pensija 1996-2002,1.896,49769003.3199
2025-05-21,ARTEA,Artea pensija 1996-2002,1.8839,49441944.7733
2025-05-22,ARTEA,Artea pensija 1996-2002,1.8732,49152980.286
2025-05-23,ARTEA,Artea pensija 1996-2002,1.8575,48710755.5029
2025-05-26,ARTEA,Artea pensija 1996-2002,1.8709,49035047.356
2025-05-27,ARTEA,Artea pensija 1996-2002,1.8818,49300002.3271
2025-05-28,ARTEA,Artea pensija 1996-2002,1.8836,49316556.3192
2025-05-29,ARTEA,Artea pensija 1996-2002,1.8763,49076499.665
2025-05-30,ARTEA,Artea pensija 1996-2002,1.8738,49022169.2793
2025-06-02,ARTEA,Artea pensija 1996-2002,1.8666,48799481.3516
2025-06-03,ARTEA,Artea pensija 1996-2002,1.8848,49272415.6785
2025-06-04,ARTEA,Artea pensija 1996-2002,1.8868,49330391.9626
2025-06-05,ARTEA,Artea pensija 1996-2002,1.8882,49350821.5262
2025-06-06,ARTEA,Artea pensija 1996-2002,1.8945,49474700.5136
2025-06-09,ARTEA,Artea pensija 1996-2002,1.8957,49491526.4621
2025-06-10,ARTEA,Artea pensija 1996-2002,1.8973,49532468.2074
2025-06-11,ARTEA,Artea pensija 1996-2002,1.8974,49537489.4371
2025-06-12,ARTEA,Artea pensija 1996-2002,1.8821,50410010.3263
2025-06-13,ARTEA,Artea pensija 1996-2002,1.8736,50182891.4439
2025-06-16,ARTEA,Artea pensija 1996-2002,1.8809,50297331.9819
2025-06-17,ARTEA,Artea pensija 1996-2002,1.8757,50136615.5299
2025-06-18,ARTEA,Artea pensija 1996-2002,1.8757,50122725.3746
2025-06-19,ARTEA,Artea pensija 1996-2002,1.8623,49727719.8026
2025-06-20,ARTEA,Artea pensija 1996-2002,1.868,49857733.5494
2025-06-23,ARTEA,Artea pensija 1996-2002,1.8643,49750396.9845
2025-06-25,ARTEA,Artea pensija 1996-2002,1.8814,50187095.5975
2025-06-26,ARTEA,Artea pensija 1996-2002,1.8825,50204838.7577
2025-06-27,ARTEA,Artea pensija 1996-2002,1.8947,50504810.7686
2025-06-30,ARTEA,Artea pensija 1996-2002,1.8909,50371252.5987
2025-07-01,ARTEA,Artea pensija 1996-2002,1.8895,50284803.72
2025-07-02,ARTEA,Artea pensija 1996-2002,1.8933,50381670.82
2025-07-03,ARTEA,Artea pensija 1996-2002,1.9095,50752090.400000006
2025-07-04,ARTEA,Artea pensija 1996-2002,1.8973,50421718.61
2025-07-07,ARTEA,Artea pensija 1996-2002,1.9021,50533876.24
2025-07-08,ARTEA,Artea pensija 1996-2002,1.9027,50539875.21
2025-07-09,ARTEA,Artea pensija 1996-2002,1.9071,50663377.38999999
2025-07-10,ARTEA,Artea pensija 1996-2002,1.9182,51976413.38
2025-07-11,ARTEA,Artea pensija 1996-2002,1.9079,51697950.3
2025-07-14,ARTEA,Artea pensija 1996-2002,1.909,51626962.52
2025-07-15,ARTEA,Artea pensija 1996-2002,1.9183,51840540.57
2025-07-16,ARTEA,Artea pensija 1996-2002,1.8958,51213570.120000005
2025-07-17,ARTEA,Artea pensija 1996-2002,1.9275,52059113.31
2025-07-18,ARTEA,Artea pensija 1996-2002,1.9207,51883638.53
2025-07-21,ARTEA,Artea pensija 1996-2002,1.9225,51902300.43
2025-07-22,ARTEA,Artea pensija 1996-2002,1.9114,51575532.79
2025-07-23,ARTEA,Artea pensija 1996-2002,1.9254,51937191.7
2025-07-24,ARTEA,Artea pensija 1996-2002,1.9274,51951529.41
2025-07-25,ARTEA,Artea pensija 1996-2002,1.9294,51980407.23
2025-07-28,ARTEA,Artea pensija 1996-2002,1.9423,52334059.42
2025-07-29,ARTEA,Artea pensija 1996-2002,1.9489,52468917.04
2025-07-30,ARTEA,Artea pensija 1996-2002,1.9566,52655786.169999994
2025-07-31,ARTEA,Artea pensija 1996-2002,1.9591,52740466.62
2025-08-01,ARTEA,Artea pensija 1996-2002,1.9122,51464094.59
2025-08-04,ARTEA,Artea pensija 1996-2002,1.9291,51904657.08
2025-08-05,ARTEA,Artea pensija 1996-2002,1.9261,51808468.589999996
2025-08-06,ARTEA,Artea pensija 1996-2002,1.9287,51877625.45
2025-08-07,ARTEA,Artea pensija 1996-2002,1.9343,53021874.87
2025-08-08,ARTEA,Artea pensija 1996-2002,1.9381,53126515.44
2025-08-11,ARTEA,Artea pensija 1996-2002,1.9472,53331583.36
2025-08-12,ARTEA,Artea pensija 1996-2002,1.9491,53366196.35
2025-08-13,ARTEA,Artea pensija 1996-2002,1.9534,53477804.489999995
2025-08-14,ARTEA,Artea pensija 1996-2002,1.9592,53618959.26
2025-08-18,ARTEA,Artea pensija 1996-2002,1.9581,53579807.2
2025-08-19,ARTEA,Artea pensija 1996-2002,1.9591,53582070.79
2025-08-20,ARTEA,Artea pensija 1996-2002,1.95,53308365.4
2025-08-21,ARTEA,Artea pensija 1996-2002,1.9557,53438085.83
2025-08-22,ARTEA,Artea pensija 1996-2002,1.9669,53721518.24
2025-08-25,ARTEA,Artea pensija 1996-2002,1.9644,53650756.269999996
2025-08-26,ARTEA,Artea pensija 1996-2002,1.9596,53512667.25
2025-08-27,ARTEA,Artea pensija 1996-2002,1.9714,53810186.59
2025-08-28,ARTEA,Artea pensija 1996-2002,1.9668,53677996.86
2025-08-29,ARTEA,Artea pensija 1996-2002,1.9545,53291166.690000005
2025-09-01,ARTEA,Artea pensija 1996-2002,1.9585,53393677.18
2025-09-02,ARTEA,Artea pensija 1996-2002,1.9425,52941102.419999994
2025-09-03,ARTEA,Artea pensija 1996-2002,1.9533,53177853.92
2025-09-04,ARTEA,Artea pensija 1996-2002,1.9666,53535854.910000004
2025-09-05,ARTEA,Artea pensija 1996-2002,1.9583,53297068.47
2025-09-08,ARTEA,Artea pensija 1996-2002,1.9678,53543733.559999995
2025-09-09,ARTEA,Artea pensija 1996-2002,1.9694,53561088.57
2025-09-10,ARTEA,Artea pensija 1996-2002,1.978,53798060.7
2025-09-11,ARTEA,Artea pensija 1996-2002,1.9889,55190140.99
2025-09-12,ARTEA,Artea pensija 1996-2002,1.9891,55170620.29000001
2025-09-15,ARTEA,Artea pensija 1996-2002,1.9901,55116988.03
2025-09-16,ARTEA,Artea pensija 1996-2002,1.9767,54739091.78
2025-09-17,ARTEA,Artea pensija 1996-2002,1.9782,54790436.08
2025-09-18,ARTEA,Artea pensija 1996-2002,1.9959,55260483.21
2025-09-19,ARTEA,Artea pensija 1996-2002,1.9967,55284844.85
2025-09-22,ARTEA,Artea pensija 1996-2002,1.9993,55355449.28
2025-09-23,ARTEA,Artea pensija 1996-2002,2.0032,55441561.01
2025-09-24,ARTEA,Artea pensija 1996-2002,1.9992,55296166.86
2025-09-25,ARTEA,Artea pensija 1996-2002,1.9956,55174968.61
2025-09-26,ARTEA,Artea pensija 1996-2002,1.9958,55168761.02
2025-09-29,ARTEA,Artea pensija 1996-2002,2.0012,55312224.79
2025-09-30,ARTEA,Artea pensija 1996-2002,1.999,55207983.9
2025-10-01,ARTEA,Artea pensija 1996-2002,2.0126,55585148.35
2025-10-02,ARTEA,Artea pensija 1996-2002,2.0181,55696199.34
2025-10-03,ARTEA,Artea pensija 1996-2002,2.0281,55977698.75
2025-10-06,ARTEA,Artea pensija 1996-2002,2.0347,56141129.85
2025-10-07,ARTEA,Artea pensija 1996-2002,2.0322,56042200.01
2025-10-08,ARTEA,Artea pensija 1996-2002,2.0474,56473226.91
2025-10-09,ARTEA,Artea pensija 1996-2002,2.0487,57564798.14
2025-10-10,ARTEA,Artea pensija 1996-2002,2.0161,56650013.23
2025-10-13,ARTEA,Artea pensija 1996-2002,2.0315,56996795.38
2025-10-14,ARTEA,Artea pensija 1996-2002,2.0237,56737691.739999995
2025-10-15,ARTEA,Artea pensija 1996-2002,2.0358,57074444.04
2025-10-16,ARTEA,Artea pensija 1996-2002,2.0351,57033594.92
2025-10-17,ARTEA,Artea pensija 1996-2002,2.0174,56511270.76
2025-10-20,ARTEA,Artea pensija 1996-2002,2.0472,57299409.55
2025-10-21,ARTEA,Artea pensija 1996-2002,2.0527,57436866.08
2025-10-22,ARTEA,Artea pensija 1996-2002,2.0435,57168556.64
2025-10-23,ARTEA,Artea pensija 1996-2002,2.049,57302296.730000004
2025-10-24,ARTEA,Artea pensija 1996-2002,2.0627,57673524.95
2025-10-27,ARTEA,Artea pensija 1996-2002,2.0721,57912897.18
2025-10-28,ARTEA,Artea pensija 1996-2002,2.0741,57951176.949999996
2025-10-29,ARTEA,Artea pensija 1996-2002,2.0775,58021088.93
2025-10-30,ARTEA,Artea pensija 1996-2002,2.0796,58045714.06
2025-10-31,ARTEA,Artea pensija 1996-2002,2.0774,57954124.21
2025-11-03,ARTEA,Artea pensija 1996-2002,2.0813,58040690.839999996
2025-11-04,ARTEA,Artea pensija 1996-2002,2.0746,57811426.7
2025-11-05,ARTEA,Artea pensija 1996-2002,2.076,57805042.6
2025-11-06,ARTEA,Artea pensija 1996-2002,2.0528,57145929.41
2025-11-07,ARTEA,Artea pensija 1996-2002,2.033,56583697.24
2025-11-10,ARTEA,Artea pensija 1996-2002,2.0647,57394018.02
2025-11-11,ARTEA,Artea pensija 1996-2002,2.07,57561605.46
2025-11-12,ARTEA,Artea pensija 1996-2002,2.0788,57819866.449999996
2025-11-13,ARTEA,Artea pensija 1996-2002,2.0574,58270551.58
2025-11-14,ARTEA,Artea pensija 1996-2002,2.0559,58208002.72
2025-11-17,ARTEA,Artea pensija 1996-2002,2.0492,57984533.71
2025-11-18,ARTEA,Artea pensija 1996-2002,2.0286,57364466.43
2025-11-19,ARTEA,Artea pensija 1996-2002,2.0327,57480008.82
2025-11-20,ARTEA,Artea pensija 1996-2002,2.0416,57723087.57
2025-11-21,ARTEA,Artea pensija 1996-2002,2.0264,57262981.89
2025-11-24,ARTEA,Artea pensija 1996-2002,2.0452,57778042.11
2025-11-25,ARTEA,Artea pensija 1996-2002,2.0481,57843278.660000004
2025-11-26,ARTEA,Artea pensija 1996-2002,2.0682,58396347.21
2025-11-27,ARTEA,Artea pensija 1996-2002,2.0671,58329184.91
2025-11-28,ARTEA,Artea pensija 1996-2002,2.0734,58505072.82
2025-12-01,ARTEA,Artea pensija 1996-2002,2.066,58272508.81
2025-12-02,ARTEA,Artea pensija 1996-2002,2.0662,58247649.72
2025-12-03,ARTEA,Artea pensija 1996-2002,2.0658,58238959.54
2025-12-04,ARTEA,Artea pensija 1996-2002,2.0713,58391351.48
2025-12-05,ARTEA,Artea pensija 1996-2002,2.0796,58611893.97
2025-12-08,ARTEA,Artea pensija 1996-2002,2.0764,58515533.02
2025-12-09,ARTEA,Artea pensija 1996-2002,2.0782,58556132.269999996
2025-12-10,ARTEA,Artea pensija 1996-2002,2.076,58495820.5
2025-12-11,ARTEA,Artea pensija 1996-2002,2.0715,59413147.15
2025-12-12,ARTEA,Artea pensija 1996-2002,2.0594,59047609.89
2025-12-15,ARTEA,Artea pensija 1996-2002,2.0615,59046345.300000004
2025-12-16,ARTEA,Artea pensija 1996-2002,2.0488,58639610.800000004
2025-12-17,ARTEA,Artea pensija 1996-2002,2.0413,58421005.76
2025-12-18,ARTEA,Artea pensija 1996-2002,2.0605,58978175.949999996
2025-12-19,ARTEA,Artea pensija 1996-2002,2.0687,59153328.44
2025-12-22,ARTEA,Artea pensija 1996-2002,2.0733,59226321.47
2025-12-23,ARTEA,Artea pensija 1996-2002,2.0763,59299919.82
2025-12-29,ARTEA,Artea pensija 1996-2002,2.0815,59431553.58
2025-12-30,ARTEA,Artea pensija 1996-2002,2.0858,59519708.489999995
2025-12-31,ARTEA,Artea pensija 1996-2002,2.0863,59517166.93
2026-01-02,ARTEA,Artea pensija 1996-2002,2.0835,59376624.4
2026-01-05,ARTEA,Artea pensija 1996-2002,2.1086,59937735.18
2026-01-06,ARTEA,Artea pensija 1996-2002,2.1172,60104078.33
2026-01-07,ARTEA,Artea pensija 1996-2002,2.1223,60238256.4
2026-01-08,ARTEA,Artea pensija 1996-2002,2.1181,61132942.78
2026-01-09,ARTEA,Artea pensija 1996-2002,2.1335,61566627.089999996
2026-01-12,ARTEA,Artea pensija 1996-2002,2.1324,61427388.410000004
2026-01-13,ARTEA,Artea pensija 1996-2002,2.1354,61489535.57
2026-01-14,ARTEA,Artea pensija 1996-2002,2.1262,61187057.63
2026-01-15,ARTEA,Artea pensija 1996-2002,2.1506,61853393.44
2026-01-16,ARTEA,Artea pensija 1996-2002,2.1471,61711690.75
2026-01-19,ARTEA,Artea pensija 1996-2002,2.1244,60957850.84
2026-01-20,ARTEA,Artea pensija 1996-2002,2.1081,60437648.519999996
2026-01-21,ARTEA,Artea pensija 1996-2002,2.1127,60538138.49
2026-01-22,ARTEA,Artea pensija 1996-2002,2.1271,60934899.29
2026-01-23,ARTEA,Artea pensija 1996-2002,2.1218,60759751.589999996
2026-01-26,ARTEA,Artea pensija 1996-2002,2.115,60559822.53
2026-01-27,ARTEA,Artea pensija 1996-2002,2.1139,60500823.480000004
2026-01-28,ARTEA,Artea pensija 1996-2002,2.1166,60539715.650000006
2026-01-29,ARTEA,Artea pensija 1996-2002,2.1011,60082119.370000005
2026-01-30,ARTEA,Artea pensija 1996-2002,2.1112,60351302.34
2026-02-02,ARTEA,Artea pensija 1996-2002,2.128,60815665.83
2026-02-03,ARTEA,Artea pensija 1996-2002,2.1265,60708427.59
2026-02-04,ARTEA,Artea pensija 1996-2002,2.1204,60529545.22
2026-02-05,ARTEA,Artea pensija 1996-2002,2.1059,60115930.849999994
2026-02-06,ARTEA,Artea pensija 1996-2002,2.124,61673431.970000006
2026-02-09,ARTEA,Artea pensija 1996-2002,2.1346,61968490.85
2026-02-10,ARTEA,Artea pensija 1996-2002,2.1391,62056057.62
2026-02-11,ARTEA,Artea pensija 1996-2002,2.1423,62070173.61
2026-02-12,ARTEA,Artea pensija 1996-2002,2.1278,61669389.18
2026-02-13,ARTEA,Artea pensija 1996-2002,2.1294,61710157.7
2026-02-17,ARTEA,Artea pensija 1996-2002,2.1302,61711061.199999996
2026-02-18,ARTEA,Artea pensija 1996-2002,2.1498,62272236.35
2026-02-19,ARTEA,Artea pensija 1996-2002,2.1449,62083511.69
2026-02-20,ARTEA,Artea pensija 1996-2002,2.1573,62428481
2026-02-23,ARTEA,Artea pensija 1996-2002,2.1421,61951066.06
2026-02-24,ARTEA,Artea pensija 1996-2002,2.1577,62381506.85
2026-02-25,ARTEA,Artea pensija 1996-2002,2.1711,62765375.010000005
2026-02-26,ARTEA,Artea pensija 1996-2002,2.1666,62659894.82
2026-02-27,ARTEA,Artea pensija 1996-2002,2.1598,62462135.760000005
2026-03-02,ARTEA,Artea pensija 1996-2002,2.1601,62449384.089999996
2026-03-03,ARTEA,Artea pensija 1996-2002,2.1297,61551932.75
2026-03-04,ARTEA,Artea pensija 1996-2002,2.1503,62144544.260000005
2026-03-05,ARTEA,Artea pensija 1996-2002,2.1386,61796820.9
2026-03-06,ARTEA,Artea pensija 1996-2002,2.1195,61220534.8
2026-03-09,ARTEA,Artea pensija 1996-2002,2.1112,60981150.8
2026-03-10,ARTEA,Artea pensija 1996-2002,2.1381,61752480
2026-03-12,ARTEA,Artea pensija 1996-2002,2.1165,61127998.88
2026-03-13,ARTEA,Artea pensija 1996-2002,2.116,62147636.93
2026-03-16,ARTEA,Artea pensija 1996-2002,2.1219,62318598.38
2026-03-17,ARTEA,Artea pensija 1996-2002,2.1275,62399483.94
2026-03-18,ARTEA,Artea pensija 1996-2002,2.1181,62071558.07
2026-03-19,ARTEA,Artea pensija 1996-2002,2.0925,61273551.57
2026-03-20,ARTEA,Artea pensija 1996-2002,2.0766,60782432.2
2026-03-23,ARTEA,Artea pensija 1996-2002,2.0858,61044184
2026-03-24,ARTEA,Artea pensija 1996-2002,2.0846,60992045.36
2026-03-25,ARTEA,Artea pensija 1996-2002,2.099,61405571.77
2026-03-26,ARTEA,Artea pensija 1996-2002,2.0804,60859938.809999995
2026-03-27,ARTEA,Artea pensija 1996-2002,2.0591,60226911.059999995
2026-03-30,ARTEA,Artea pensija 1996-2002,2.0661,60406379.85
2026-03-31,ARTEA,Artea pensija 1996-2002,2.0663,60380723.54
2026-04-01,ARTEA,Artea pensija 1996-2002,2.1,61333540.67
2026-04-02,ARTEA,Artea pensija 1996-2002,2.0985,61273732.56
2026-04-03,ARTEA,Artea pensija 1996-2002,2.0981,61263155.239999995
2026-04-07,ARTEA,Artea pensija 1996-2002,2.0937,31708791.39
2026-04-08,ARTEA,Artea pensija 1996-2002,2.1392,32383551.99
2026-04-09,ARTEA,Artea pensija 1996-2002,2.1414,32372101.22
2026-04-10,ARTEA,Artea pensija 1996-2002,2.1477,32470826.54
2026-04-13,ARTEA,Artea pensija 1996-2002,2.1464,32441202.59
2026-04-14,ARTEA,Artea pensija 1996-2002,2.1662,32743248.59
2026-04-15,ARTEA,Artea pensija 1996-2002,2.1719,33386330.279999997
2026-04-16,ARTEA,Artea pensija 1996-2002,2.1809,33511317.889999997
2026-04-17,ARTEA,Artea pensija 1996-2002,2.2035,33823892.03
2026-04-20,ARTEA,Artea pensija 1996-2002,2.1957,33688632.1
2026-04-21,ARTEA,Artea pensija 1996-2002,2.1937,33688015.97
2026-04-22,ARTEA,Artea pensija 1996-2002,2.201,33791200.559999995
2026-04-23,ARTEA,Artea pensija 1996-2002,2.2048,33847244.19
2026-04-24,ARTEA,Artea pensija 1996-2002,2.2038,33808579.15
2026-04-27,ARTEA,Artea pensija 1996-2002,2.2035,33797573.839999996
2026-04-28,ARTEA,Artea pensija 1996-2002,2.1944,33564024.47
2026-04-29,ARTEA,Artea pensija 1996-2002,2.1958,33592055.05
2026-04-30,ARTEA,Artea pensija 1996-2002,2.2051,33743000.050000004
2026-05-04,ARTEA,Artea pensija 1996-2002,2.2125,33856895.74
2026-05-05,ARTEA,Artea pensija 1996-2002,2.2289,34100545.95
2026-05-06,ARTEA,Artea pensija 1996-2002,2.2517,34452896.669999994
2026-05-07,ARTEA,Artea pensija 1996-2002,2.2511,34450275.220000006
2026-05-08,ARTEA,Artea pensija 1996-2002,2.2523,34450220.62
2026-05-11,ARTEA,Artea pensija 1996-2002,2.2585,34528224.67
2026-05-12,ARTEA,Artea pensija 1996-2002,2.2373,34188298.97
2026-05-13,ARTEA,Artea pensija 1996-2002,2.2591,34520997.96
2026-05-14,ARTEA,Artea pensija 1996-2002,2.2826,35680283.29000001
2026-05-15,ARTEA,Artea pensija 1996-2002,2.2634,35379839.78
2026-05-18,ARTEA,Artea pensija 1996-2002,2.2536,35214276.81
2026-05-19,ARTEA,Artea pensija 1996-2002,2.2461,35071250.199999996
2026-05-20,ARTEA,Artea pensija 1996-2002,2.2637,35348357.03
2026-05-21,ARTEA,Artea pensija 1996-2002,2.2673,35413891.85
2026-05-22,ARTEA,Artea pensija 1996-2002,2.2869,35727169.68
2026-05-25,ARTEA,Artea pensija 1996-2002,2.2998,35925801.82
2026-05-26,ARTEA,Artea pensija 1996-2002,2.295,35843446.54000001
2026-05-27,ARTEA,Artea pensija 1996-2002,2.2919,35795457.5
2026-05-28,ARTEA,Artea pensija 1996-2002,2.2967,35861619.02
2026-05-29,ARTEA,Artea pensija 1996-2002,2.3026,35949748.739999995
2026-06-01,ARTEA,Artea pensija 1996-2002,2.3098,36057688.199999996
2026-06-02,ARTEA,Artea pensija 1996-2002,2.318,36180414.830000006
2026-06-03,ARTEA,Artea pensija 1996-2002,2.3126,36086627.89
2026-06-04,ARTEA,Artea pensija 1996-2002,2.3105,36044763.78
2026-06-05,ARTEA,Artea pensija 1996-2002,2.2966,35827116.89
2026-06-08,ARTEA,Artea pensija 1996-2002,2.2893,35707593.64
2026-06-09,ARTEA,Artea pensija 1996-2002,2.2669,35348059.75
2026-06-10,ARTEA,Artea pensija 1996-2002,2.2639,35308636.62
2026-06-11,ARTEA,Artea pensija 1996-2002,2.2674,36036749.13
2026-06-12,ARTEA,Artea pensija 1996-2002,2.2988,36536989.15
2026-06-15,ARTEA,Artea pensija 1996-2002,2.3195,36857681.95
2026-06-16,ARTEA,Artea pensija 1996-2002,2.3159,36769680.309999995
2026-06-17,ARTEA,Artea pensija 1996-2002,2.321,36856277.99
2026-06-18,ARTEA,Artea pensija 1996-2002,2.3334,37051925.66
2026-06-19,ARTEA,Artea pensija 1996-2002,2.3333,37048128.04
2026-06-22,ARTEA,Artea pensija 1996-2002,2.3419,37193384.68
2026-06-23,ARTEA,Artea pensija 1996-2002,2.3172,36810743.83
2026-06-25,ARTEA,Artea pensija 1996-2002,2.3218,36878490.97
2026-06-26,ARTEA,Artea pensija 1996-2002,2.3146,36758042.67
2026-06-29,ARTEA,Artea pensija 1996-2002,2.3131,36737520.22
2026-06-30,ARTEA,Artea pensija 1996-2002,2.334,37067448.33
2026-07-01,ARTEA,Artea pensija 1996-2002,2.3404,37158765.85
2026-07-02,ARTEA,Artea pensija 1996-2002,2.3257,36929269.36
2026-07-03,ARTEA,Artea pensija 1996-2002,2.3374,37119501.54
2026-07-07,ARTEA,Artea pensija 1996-2002,2.3231,31445043.7
2026-07-08,ARTEA,Artea pensija 1996-2002,2.31,30612333.62
2026-07-09,ARTEA,Artea pensija 1996-2002,2.3322,30864440.98
2026-07-10,ARTEA,Artea pensija 1996-2002,2.3372,30930927.35
2026-07-13,ARTEA,Artea pensija 1996-2002,2.3326,30883440.740000002
2026-07-14,ARTEA,Artea pensija 1996-2002,2.3323,30879652.23
2026-07-15,ARTEA,Artea pensija 1996-2002,2.3328,31366188.330000002
2026-07-16,ARTEA,Artea pensija 1996-2002,2.3289,31308945.21
2026-07-17,ARTEA,Artea pensija 1996-2002,2.3093,31039443.27
2026-07-20,ARTEA,Artea pensija 1996-2002,2.3153,31124702.98
2026-07-21,ARTEA,Artea pensija 1996-2002,2.3272,31258984.59
2026-07-22,ARTEA,Artea pensija 1996-2002,2.3299,31287861.47
2026-07-23,ARTEA,Artea pensija 1996-2002,2.3087,31001936.369999997
2026-07-24,ARTEA,Artea pensija 1996-2002,2.3179,31115881.8
2026-07-27,ARTEA,Artea pensija 1996-2002,2.3075,30961386.25
2026-07-28,ARTEA,Artea pensija 1996-2002,2.3098,30982859.68
2026-07-29,ARTEA,Artea pensija 1996-2002,2.2936,30764834.37
2026-07-30,ARTEA,Artea pensija 1996-2002,2.2901,30707389.17
2026-07-31,ARTEA,Artea pensija 1996-2002,2.2996,30825882.89
2026-08-03,ARTEA,Artea pensija 1996-2002,2.3205,31093002.650000002
2026-08-04,ARTEA,Artea pensija 1996-2002,2.3476,31456815.77
2026-08-05,ARTEA,Artea pensija 1996-2002,2.3531,31529052.58
2026-08-06,ARTEA,Artea pensija 1996-2002,2.3507,31495745.81
2026-08-07,ARTEA,Artea pensija 1996-2002,2.3564,31571328.16
2026-08-10,ARTEA,Artea pensija 1996-2002,2.3559,31561148.43
2026-08-11,ARTEA,Artea pensija 1996-2002,2.3582,31621438.770000003
2026-08-12,ARTEA,Artea pensija 1996-2002,2.3657,31723149.67
2026-08-13,ARTEA,Artea pensija 1996-2002,2.3747,32405534.98
2026-08-14,ARTEA,Artea pensija 1996-2002,2.3693,32332695.76
2026-08-17,ARTEA,Artea pensija 1996-2002,2.3725,32343307.73
2026-08-18,ARTEA,Artea pensija 1996-2002,2.3487,31990288.810000002
2026-08-19,ARTEA,Artea pensija 1996-2002,2.3437,31923799.68
2026-08-20,ARTEA,Artea pensija 1996-2002,2.3335,31792759.9
2026-08-21,ARTEA,Artea pensija 1996-2002,2.3401,31862581.39
2026-08-24,ARTEA,Artea pensija 1996-2002,2.3339,31773470.189999998
2026-08-25,ARTEA,Artea pensija 1996-2002,2.3411,31869830.37
2026-08-26,ARTEA,Artea pensija 1996-2002,2.3439,31901362.12
2026-08-27,ARTEA,Artea pensija 1996-2002,2.3506,31991588.88
2026-08-28,ARTEA,Artea pensija 1996-2002,2.3649,32179928.7
2026-08-31,ARTEA,Artea pensija 1996-2002,2.3463,31914122.05
2026-09-01,ARTEA,Artea pensija 1996-2002,2.3444,31880044.73
2026-09-02,ARTEA,Artea pensija 1996-2002,2.3461,31904407.98
2026-09-03,ARTEA,Artea pensija 1996-2002,2.3589,32073446.57
2026-09-04,ARTEA,Artea pensija 1996-2002,2.3584,32063647.76
2026-09-07,ARTEA,Artea pensija 1996-2002,2.3586,32062825.040000003
2026-09-08,ARTEA,Artea pensija 1996-2002,2.3595,32070565.86
2026-09-09,ARTEA,Artea pensija 1996-2002,2.3449,31871410.97
2026-09-10,ARTEA,Artea pensija 1996-2002,2.3344,32221515.470000003
2026-09-11,ARTEA,Artea pensija 1996-2002,2.3504,32388685.35
2026-09-14,ARTEA,Artea pensija 1996-2002,2.3429,32307474.6
2026-09-15,ARTEA,Artea pensija 1996-2002,2.3354,32207152.73
2026-09-16,ARTEA,Artea pensija 1996-2002,2.347,32348210.88
2026-09-17,ARTEA,Artea pensija 1996-2002,2.3612,32537222
2026-09-18,ARTEA,Artea pensija 1996-2002,2.3557,32462315.27
2026-09-21,ARTEA,Artea pensija 1996-2002,2.3801,32793694.770000003
2026-09-22,ARTEA,Artea pensija 1996-2002,2.3911,32944362.76
2026-09-23,ARTEA,Artea pensija 1996-2002,2.3873,32888413.77
2026-09-24,ARTEA,Artea pensija 1996-2002,2.3755,32716410.299999997
2026-09-25,ARTEA,Artea pensija 1996-2002,2.3844,32839199.21
2026-09-28,ARTEA,Artea pensija 1996-2002,2.3783,32742762.950000003
2026-09-29,ARTEA,Artea pensija 1996-2002,2.3826,32795538.05
2026-09-30,ARTEA,Artea pensija 1996-2002,2.3849,32824189.89
2026-10-01,ARTEA,Artea pensija 1996-2002,2.3821,32781756.59
2025-01-02,ARTEA,Artea pensija 2003-2009,1,655400.19
2025-01-03,ARTEA,Artea pensija 2003-2009,1.0005,656462.084
2025-01-06,ARTEA,Artea pensija 2003-2009,1.0069,697883.1971
2025-01-07,ARTEA,Artea pensija 2003-2009,1,693833.5602
2025-01-08,ARTEA,Artea pensija 2003-2009,0.9993,693339.0154
2025-01-09,ARTEA,Artea pensija 2003-2009,1.0013,768921.3822
2025-01-10,ARTEA,Artea pensija 2003-2009,0.9914,761304.2123
2025-01-13,ARTEA,Artea pensija 2003-2009,0.9892,777017.4108
2025-01-14,ARTEA,Artea pensija 2003-2009,0.9886,777976.8802
2025-01-15,ARTEA,Artea pensija 2003-2009,1.0037,788292.0551
2025-01-16,ARTEA,Artea pensija 2003-2009,1.0072,790290.7847
2025-01-17,ARTEA,Artea pensija 2003-2009,1.0153,795571.0512
2025-01-20,ARTEA,Artea pensija 2003-2009,1.0111,815947.9507
2025-01-21,ARTEA,Artea pensija 2003-2009,1.0114,837679.6055
2025-01-22,ARTEA,Artea pensija 2003-2009,1.0187,843768.8254
2025-01-23,ARTEA,Artea pensija 2003-2009,1.0201,845171.7957
2025-01-24,ARTEA,Artea pensija 2003-2009,1.0151,840518.8688
2025-01-27,ARTEA,Artea pensija 2003-2009,0.9993,826993.9212
2025-01-28,ARTEA,Artea pensija 2003-2009,1.0096,835875.7827
2025-01-29,ARTEA,Artea pensija 2003-2009,1.0143,837313.4148
2025-01-30,ARTEA,Artea pensija 2003-2009,1.0183,844784.882
2025-01-31,ARTEA,Artea pensija 2003-2009,1.0265,850812.9558
2025-02-03,ARTEA,Artea pensija 2003-2009,1.0192,843009.3844
2025-02-04,ARTEA,Artea pensija 2003-2009,1.0187,842563.9799
2025-02-05,ARTEA,Artea pensija 2003-2009,1.0161,841046.2056
2025-02-06,ARTEA,Artea pensija 2003-2009,1.0259,848907.1732
2025-02-07,ARTEA,Artea pensija 2003-2009,1.023,846323.6981
2025-02-10,ARTEA,Artea pensija 2003-2009,1.0282,850821.8159
2025-02-11,ARTEA,Artea pensija 2003-2009,1.0251,848254.3089
2025-02-12,ARTEA,Artea pensija 2003-2009,1.0169,841713.7927
2025-02-13,ARTEA,Artea pensija 2003-2009,1.0218,920565.1613
2025-02-14,ARTEA,Artea pensija 2003-2009,1.0199,918868.0966
2025-02-17,ARTEA,Artea pensija 2003-2009,1.0256,923408.9708
2025-02-18,ARTEA,Artea pensija 2003-2009,1.0268,920760.9453
2025-02-19,ARTEA,Artea pensija 2003-2009,1.0294,921609.1957
2025-02-20,ARTEA,Artea pensija 2003-2009,1.0199,911920.7347
2025-02-21,ARTEA,Artea pensija 2003-2009,1.021,912013.6816
2025-02-24,ARTEA,Artea pensija 2003-2009,1.0093,900538.9253
2025-02-25,ARTEA,Artea pensija 2003-2009,0.9958,886819.7624
2025-02-26,ARTEA,Artea pensija 2003-2009,1.0079,895760.5013
2025-02-27,ARTEA,Artea pensija 2003-2009,1.0084,896211.3072
2025-02-28,ARTEA,Artea pensija 2003-2009,0.9968,885418.8093
2025-03-03,ARTEA,Artea pensija 2003-2009,0.9994,886760.065
2025-03-04,ARTEA,Artea pensija 2003-2009,0.968,857966.8038
2025-03-05,ARTEA,Artea pensija 2003-2009,0.9566,847862.7571
2025-03-06,ARTEA,Artea pensija 2003-2009,0.958,923322.2504
2025-03-07,ARTEA,Artea pensija 2003-2009,0.943,908860.7902
2025-03-10,ARTEA,Artea pensija 2003-2009,0.9378,917912.7762
2025-03-12,ARTEA,Artea pensija 2003-2009,0.9277,911296.8389
2025-03-13,ARTEA,Artea pensija 2003-2009,0.9221,905145.3968
2025-03-14,ARTEA,Artea pensija 2003-2009,0.9322,916395.6818
2025-03-17,ARTEA,Artea pensija 2003-2009,0.9365,920621.22
2025-03-18,ARTEA,Artea pensija 2003-2009,0.9338,917131.1745
2025-03-19,ARTEA,Artea pensija 2003-2009,0.943,926026.9579
2025-03-20,ARTEA,Artea pensija 2003-2009,0.9458,928211.6794
2025-03-21,ARTEA,Artea pensija 2003-2009,0.9426,924792.3273
2025-03-24,ARTEA,Artea pensija 2003-2009,0.9579,938745.0787
2025-03-25,ARTEA,Artea pensija 2003-2009,0.9601,948067.2647
2025-03-26,ARTEA,Artea pensija 2003-2009,0.9557,979266.7904
2025-03-27,ARTEA,Artea pensija 2003-2009,0.9517,975106.944
2025-03-28,ARTEA,Artea pensija 2003-2009,0.9325,953603.0695
2025-03-31,ARTEA,Artea pensija 2003-2009,0.926,946980.4362
2025-04-01,ARTEA,Artea pensija 2003-2009,0.9366,922524.2195
2025-04-02,ARTEA,Artea pensija 2003-2009,0.9352,920480.0307
2025-04-03,ARTEA,Artea pensija 2003-2009,0.8912,876732.0533
2025-04-04,ARTEA,Artea pensija 2003-2009,0.8536,838235.3507
2025-04-07,ARTEA,Artea pensija 2003-2009,0.8325,817095.5549
2025-04-08,ARTEA,Artea pensija 2003-2009,0.8568,867923.2223
2025-04-09,ARTEA,Artea pensija 2003-2009,0.8176,847569.7185
2025-04-10,ARTEA,Artea pensija 2003-2009,0.8486,879642.5891
2025-04-11,ARTEA,Artea pensija 2003-2009,0.8416,946696.8736
2025-04-14,ARTEA,Artea pensija 2003-2009,0.8615,969130.2566
2025-04-15,ARTEA,Artea pensija 2003-2009,0.8711,1005267.7566
2025-04-16,ARTEA,Artea pensija 2003-2009,0.8618,1032739.2394
2025-04-17,ARTEA,Artea pensija 2003-2009,0.8552,1023716.7643
2025-04-18,ARTEA,Artea pensija 2003-2009,0.8552,1037899.8437
2025-04-22,ARTEA,Artea pensija 2003-2009,0.8502,1030698.057
2025-04-23,ARTEA,Artea pensija 2003-2009,0.8741,1069411.0184
2025-04-24,ARTEA,Artea pensija 2003-2009,0.8812,1078095.9876
2025-04-25,ARTEA,Artea pensija 2003-2009,0.8841,1081149.5049
2025-04-28,ARTEA,Artea pensija 2003-2009,0.8859,1082180.762
2025-04-29,ARTEA,Artea pensija 2003-2009,0.8905,1086882.0024
2025-04-30,ARTEA,Artea pensija 2003-2009,0.8941,1090939.6261
2025-05-02,ARTEA,Artea pensija 2003-2009,0.9163,1117358.3835
2025-05-05,ARTEA,Artea pensija 2003-2009,0.9196,1120628.7045
2025-05-06,ARTEA,Artea pensija 2003-2009,0.9136,1090939.1503
2025-05-07,ARTEA,Artea pensija 2003-2009,0.9095,1082984.1975
2025-05-08,ARTEA,Artea pensija 2003-2009,0.9227,1182544.317
2025-05-09,ARTEA,Artea pensija 2003-2009,0.9229,1182773.1921
2025-05-12,ARTEA,Artea pensija 2003-2009,0.9524,1234658.2071
2025-05-13,ARTEA,Artea pensija 2003-2009,0.9576,1240317.2509
2025-05-14,ARTEA,Artea pensija 2003-2009,0.9555,1236116.7136
2025-05-15,ARTEA,Artea pensija 2003-2009,0.9589,1247796.5773
2025-05-16,ARTEA,Artea pensija 2003-2009,0.9652,1256091.2348
2025-05-19,ARTEA,Artea pensija 2003-2009,0.9595,1248633.5051
2025-05-20,ARTEA,Artea pensija 2003-2009,0.9606,1250096.6572
2025-05-21,ARTEA,Artea pensija 2003-2009,0.9538,1241179.9309
2025-05-22,ARTEA,Artea pensija 2003-2009,0.9467,1230439.7948
2025-05-23,ARTEA,Artea pensija 2003-2009,0.9376,1218467.7967
2025-05-26,ARTEA,Artea pensija 2003-2009,0.9456,1246598.0261
2025-05-27,ARTEA,Artea pensija 2003-2009,0.952,1273560.6324
2025-05-28,ARTEA,Artea pensija 2003-2009,0.953,1274855.8914
2025-05-29,ARTEA,Artea pensija 2003-2009,0.9485,1217883.6607
2025-05-30,ARTEA,Artea pensija 2003-2009,0.9468,1214186.1256
2025-06-02,ARTEA,Artea pensija 2003-2009,0.9426,1217408.2712
2025-06-03,ARTEA,Artea pensija 2003-2009,0.9532,1231105.15
2025-06-04,ARTEA,Artea pensija 2003-2009,0.9543,1232366.7248
2025-06-05,ARTEA,Artea pensija 2003-2009,0.956,1265834.4333
2025-06-06,ARTEA,Artea pensija 2003-2009,0.9597,1270838.234
2025-06-09,ARTEA,Artea pensija 2003-2009,0.9602,1271374.7366
2025-06-10,ARTEA,Artea pensija 2003-2009,0.961,1274032.9087
2025-06-11,ARTEA,Artea pensija 2003-2009,0.9612,1274312.204
2025-06-12,ARTEA,Artea pensija 2003-2009,0.9523,1360494.199
2025-06-13,ARTEA,Artea pensija 2003-2009,0.9475,1353618.7113
2025-06-16,ARTEA,Artea pensija 2003-2009,0.9519,1337156.5213
2025-06-17,ARTEA,Artea pensija 2003-2009,0.9488,1331825.1689
2025-06-18,ARTEA,Artea pensija 2003-2009,0.9489,1331939.5218
2025-06-19,ARTEA,Artea pensija 2003-2009,0.9406,1319702.6669
2025-06-20,ARTEA,Artea pensija 2003-2009,0.9439,1324253.4969
2025-06-23,ARTEA,Artea pensija 2003-2009,0.9414,1322330.4263
2025-06-25,ARTEA,Artea pensija 2003-2009,0.9522,1335881.017
2025-06-26,ARTEA,Artea pensija 2003-2009,0.9531,1337253.4562
2025-06-27,ARTEA,Artea pensija 2003-2009,0.9605,1347508.4854
2025-06-30,ARTEA,Artea pensija 2003-2009,0.9578,1345034.0035
2025-07-01,ARTEA,Artea pensija 2003-2009,0.9572,1353153.5499999998
2025-07-02,ARTEA,Artea pensija 2003-2009,0.9595,1357278.03
2025-07-03,ARTEA,Artea pensija 2003-2009,0.9693,1371305.0999999999
2025-07-04,ARTEA,Artea pensija 2003-2009,0.962,1360532.21
2025-07-07,ARTEA,Artea pensija 2003-2009,0.9647,1362718.99
2025-07-08,ARTEA,Artea pensija 2003-2009,0.9651,1362635.57
2025-07-09,ARTEA,Artea pensija 2003-2009,0.9678,1366345.9
2025-07-10,ARTEA,Artea pensija 2003-2009,0.9746,1464719.98
2025-07-11,ARTEA,Artea pensija 2003-2009,0.9686,1444202.9500000002
2025-07-14,ARTEA,Artea pensija 2003-2009,0.9692,1473065.11
2025-07-15,ARTEA,Artea pensija 2003-2009,0.9756,1479222.04
2025-07-16,ARTEA,Artea pensija 2003-2009,0.9611,1457918.28
2025-07-17,ARTEA,Artea pensija 2003-2009,0.9794,1470920.58
2025-07-18,ARTEA,Artea pensija 2003-2009,0.9764,1466191.6099999999
2025-07-21,ARTEA,Artea pensija 2003-2009,0.9775,1467061.98
2025-07-22,ARTEA,Artea pensija 2003-2009,0.9709,1473626.8299999998
2025-07-23,ARTEA,Artea pensija 2003-2009,0.9792,1485076.84
2025-07-24,ARTEA,Artea pensija 2003-2009,0.9802,1484531.3099999998
2025-07-25,ARTEA,Artea pensija 2003-2009,0.9815,1486554.83
2025-07-28,ARTEA,Artea pensija 2003-2009,0.9888,1514098.86
2025-07-29,ARTEA,Artea pensija 2003-2009,0.9927,1517898.0999999999
2025-07-30,ARTEA,Artea pensija 2003-2009,0.9972,1552867.63
2025-07-31,ARTEA,Artea pensija 2003-2009,0.9977,1556337.99
2025-08-01,ARTEA,Artea pensija 2003-2009,0.971,1514536.98
2025-08-04,ARTEA,Artea pensija 2003-2009,0.9814,1507131.9300000002
2025-08-05,ARTEA,Artea pensija 2003-2009,0.9795,1505775.81
2025-08-06,ARTEA,Artea pensija 2003-2009,0.9812,1508888.35
2025-08-07,ARTEA,Artea pensija 2003-2009,0.9846,1602402.34
2025-08-08,ARTEA,Artea pensija 2003-2009,0.9864,1605291.95
2025-08-11,ARTEA,Artea pensija 2003-2009,0.9915,1610885.43
2025-08-12,ARTEA,Artea pensija 2003-2009,0.9922,1611329.27
2025-08-13,ARTEA,Artea pensija 2003-2009,0.9945,1614278.72
2025-08-14,ARTEA,Artea pensija 2003-2009,0.9982,1619319.04
2025-08-18,ARTEA,Artea pensija 2003-2009,0.9975,1617584.8699999999
2025-08-19,ARTEA,Artea pensija 2003-2009,0.9974,1616422.5699999998
2025-08-20,ARTEA,Artea pensija 2003-2009,0.9917,1603641.0799999998
2025-08-21,ARTEA,Artea pensija 2003-2009,0.995,1627430.92
2025-08-22,ARTEA,Artea pensija 2003-2009,1.0012,1636475.85
2025-08-25,ARTEA,Artea pensija 2003-2009,0.9998,1637360.7
2025-08-26,ARTEA,Artea pensija 2003-2009,0.9971,1633048.29
2025-08-27,ARTEA,Artea pensija 2003-2009,1.0039,1642777.13
2025-08-28,ARTEA,Artea pensija 2003-2009,1.0011,1637253.28
2025-08-29,ARTEA,Artea pensija 2003-2009,0.9932,1624052.47
2025-09-01,ARTEA,Artea pensija 2003-2009,0.9955,1626997.19
2025-09-02,ARTEA,Artea pensija 2003-2009,0.9854,1610010.23
2025-09-03,ARTEA,Artea pensija 2003-2009,0.9922,1656032.1500000001
2025-09-04,ARTEA,Artea pensija 2003-2009,0.9993,1667970.21
2025-09-05,ARTEA,Artea pensija 2003-2009,0.9949,1660331.17
2025-09-08,ARTEA,Artea pensija 2003-2009,1.0006,1669952.06
2025-09-09,ARTEA,Artea pensija 2003-2009,1.0015,1670338.26
2025-09-10,ARTEA,Artea pensija 2003-2009,1.0066,1678702.63
2025-09-11,ARTEA,Artea pensija 2003-2009,1.0132,1845396.43
2025-09-12,ARTEA,Artea pensija 2003-2009,1.0127,1844458.86
2025-09-15,ARTEA,Artea pensija 2003-2009,1.0135,1900268.99
2025-09-16,ARTEA,Artea pensija 2003-2009,1.0058,1883157.76
2025-09-17,ARTEA,Artea pensija 2003-2009,1.0066,1884109.74
2025-09-18,ARTEA,Artea pensija 2003-2009,1.0167,1900798.92
2025-09-19,ARTEA,Artea pensija 2003-2009,1.0169,1899959.83
2025-09-22,ARTEA,Artea pensija 2003-2009,1.018,1901040.63
2025-09-23,ARTEA,Artea pensija 2003-2009,1.0203,1900904.49
2025-09-24,ARTEA,Artea pensija 2003-2009,1.0178,1894649.95
2025-09-25,ARTEA,Artea pensija 2003-2009,1.0156,1898997.28
2025-09-26,ARTEA,Artea pensija 2003-2009,1.0159,1899400.73
2025-09-29,ARTEA,Artea pensija 2003-2009,1.019,1903022.3399999999
2025-09-30,ARTEA,Artea pensija 2003-2009,1.0177,1899180.73
2025-10-01,ARTEA,Artea pensija 2003-2009,1.0257,1912949.43
2025-10-02,ARTEA,Artea pensija 2003-2009,1.0294,1919455.66
2025-10-03,ARTEA,Artea pensija 2003-2009,1.0347,1929028.29
2025-10-06,ARTEA,Artea pensija 2003-2009,1.0387,1937161.6500000001
2025-10-07,ARTEA,Artea pensija 2003-2009,1.037,1941550.9000000001
2025-10-08,ARTEA,Artea pensija 2003-2009,1.0459,1958256.04
2025-10-09,ARTEA,Artea pensija 2003-2009,1.0464,2112605.28
2025-10-10,ARTEA,Artea pensija 2003-2009,1.0264,2072101.99
2025-10-13,ARTEA,Artea pensija 2003-2009,1.0357,2080273.96
2025-10-14,ARTEA,Artea pensija 2003-2009,1.0311,2082635.1400000001
2025-10-15,ARTEA,Artea pensija 2003-2009,1.038,2094854.4300000002
2025-10-16,ARTEA,Artea pensija 2003-2009,1.0378,2094049.8900000001
2025-10-17,ARTEA,Artea pensija 2003-2009,1.0278,2071138.73
2025-10-20,ARTEA,Artea pensija 2003-2009,1.0453,2107342.99
2025-10-21,ARTEA,Artea pensija 2003-2009,1.0482,2109881.59
2025-10-22,ARTEA,Artea pensija 2003-2009,1.0434,2099127.06
2025-10-23,ARTEA,Artea pensija 2003-2009,1.0467,2105933.07
2025-10-24,ARTEA,Artea pensija 2003-2009,1.0547,2120943.2600000002
2025-10-27,ARTEA,Artea pensija 2003-2009,1.0608,2134163.67
2025-10-28,ARTEA,Artea pensija 2003-2009,1.062,2136484.92
2025-10-29,ARTEA,Artea pensija 2003-2009,1.0646,2141717.9
2025-10-30,ARTEA,Artea pensija 2003-2009,1.0644,2142602.5
2025-10-31,ARTEA,Artea pensija 2003-2009,1.0636,2140518.22
2025-11-03,ARTEA,Artea pensija 2003-2009,1.0661,2162738.93
2025-11-04,ARTEA,Artea pensija 2003-2009,1.0619,2154551.2399999998
2025-11-05,ARTEA,Artea pensija 2003-2009,1.063,2163778.48
2025-11-06,ARTEA,Artea pensija 2003-2009,1.0484,2142102.0100000002
2025-11-07,ARTEA,Artea pensija 2003-2009,1.0365,2118805.2100000004
2025-11-10,ARTEA,Artea pensija 2003-2009,1.0549,2155207.96
2025-11-11,ARTEA,Artea pensija 2003-2009,1.0583,2162123.5
2025-11-12,ARTEA,Artea pensija 2003-2009,1.0634,2172644.69
2025-11-13,ARTEA,Artea pensija 2003-2009,1.0507,2283501.8600000003
2025-11-14,ARTEA,Artea pensija 2003-2009,1.0494,2281558.41
2025-11-17,ARTEA,Artea pensija 2003-2009,1.0454,2294441.1
2025-11-18,ARTEA,Artea pensija 2003-2009,1.0333,2266667.14
2025-11-19,ARTEA,Artea pensija 2003-2009,1.0353,2270459.16
2025-11-20,ARTEA,Artea pensija 2003-2009,1.041,2274927.97
2025-11-21,ARTEA,Artea pensija 2003-2009,1.0318,2272351.81
2025-11-24,ARTEA,Artea pensija 2003-2009,1.0424,2294696.41
2025-11-25,ARTEA,Artea pensija 2003-2009,1.0442,2320481.71
2025-11-26,ARTEA,Artea pensija 2003-2009,1.0564,2347281.36
2025-11-27,ARTEA,Artea pensija 2003-2009,1.0557,2345731.13
2025-11-28,ARTEA,Artea pensija 2003-2009,1.0591,2350730.13
2025-12-01,ARTEA,Artea pensija 2003-2009,1.0544,2341258.7
2025-12-02,ARTEA,Artea pensija 2003-2009,1.0543,2340550.5
2025-12-03,ARTEA,Artea pensija 2003-2009,1.0546,2341765.97
2025-12-04,ARTEA,Artea pensija 2003-2009,1.0579,2357803.28
2025-12-05,ARTEA,Artea pensija 2003-2009,1.0629,2368653.42
2025-12-08,ARTEA,Artea pensija 2003-2009,1.062,2365924.03
2025-12-09,ARTEA,Artea pensija 2003-2009,1.0619,2365894.56
2025-12-10,ARTEA,Artea pensija 2003-2009,1.0603,2362588.29
2025-12-11,ARTEA,Artea pensija 2003-2009,1.0573,2491966.29
2025-12-12,ARTEA,Artea pensija 2003-2009,1.0502,2475201.53
2025-12-15,ARTEA,Artea pensija 2003-2009,1.0517,2476848.9
2025-12-16,ARTEA,Artea pensija 2003-2009,1.0447,2436255.5900000003
2025-12-17,ARTEA,Artea pensija 2003-2009,1.0406,2426227.05
2025-12-18,ARTEA,Artea pensija 2003-2009,1.0517,2453304.8
2025-12-19,ARTEA,Artea pensija 2003-2009,1.0561,2470225.41
2025-12-22,ARTEA,Artea pensija 2003-2009,1.0589,2474722.0100000002
2025-12-23,ARTEA,Artea pensija 2003-2009,1.0606,2471965.31
2025-12-29,ARTEA,Artea pensija 2003-2009,1.0635,2465561.28
2025-12-30,ARTEA,Artea pensija 2003-2009,1.0664,2470687.01
2025-12-31,ARTEA,Artea pensija 2003-2009,1.0664,2490021.49
2026-01-02,ARTEA,Artea pensija 2003-2009,1.0644,2483948.73
2026-01-05,ARTEA,Artea pensija 2003-2009,1.0791,2516640.5700000003
2026-01-06,ARTEA,Artea pensija 2003-2009,1.0847,2558255.91
2026-01-07,ARTEA,Artea pensija 2003-2009,1.0876,2564251.55
2026-01-08,ARTEA,Artea pensija 2003-2009,1.0852,2693221.37
2026-01-09,ARTEA,Artea pensija 2003-2009,1.094,2714563.9
2026-01-12,ARTEA,Artea pensija 2003-2009,1.0934,2718794.77
2026-01-13,ARTEA,Artea pensija 2003-2009,1.0946,2735328.72
2026-01-14,ARTEA,Artea pensija 2003-2009,1.0894,2716159.1199999996
2026-01-15,ARTEA,Artea pensija 2003-2009,1.1033,2747485.24
2026-01-16,ARTEA,Artea pensija 2003-2009,1.1013,2740927.1199999996
2026-01-19,ARTEA,Artea pensija 2003-2009,1.0881,2687910.02
2026-01-20,ARTEA,Artea pensija 2003-2009,1.0785,2722116.49
2026-01-21,ARTEA,Artea pensija 2003-2009,1.0807,2723510.07
2026-01-22,ARTEA,Artea pensija 2003-2009,1.0897,2751279.9899999998
2026-01-23,ARTEA,Artea pensija 2003-2009,1.0863,2782595.7800000003
2026-01-26,ARTEA,Artea pensija 2003-2009,1.0832,2762760.49
2026-01-27,ARTEA,Artea pensija 2003-2009,1.0826,2757258.8699999996
2026-01-28,ARTEA,Artea pensija 2003-2009,1.0837,2759505.8699999996
2026-01-29,ARTEA,Artea pensija 2003-2009,1.0744,2742363.85
2026-01-30,ARTEA,Artea pensija 2003-2009,1.0802,2767565.41
2026-02-02,ARTEA,Artea pensija 2003-2009,1.0901,2806032.21
2026-02-03,ARTEA,Artea pensija 2003-2009,1.0889,2787698.36
2026-02-04,ARTEA,Artea pensija 2003-2009,1.0844,2771888.31
2026-02-05,ARTEA,Artea pensija 2003-2009,1.0756,2762205.88
2026-02-06,ARTEA,Artea pensija 2003-2009,1.086,2925083.0100000002
2026-02-09,ARTEA,Artea pensija 2003-2009,1.0919,2927437.15
2026-02-10,ARTEA,Artea pensija 2003-2009,1.0943,2982190.21
2026-02-11,ARTEA,Artea pensija 2003-2009,1.096,2980961.58
2026-02-12,ARTEA,Artea pensija 2003-2009,1.0873,2970218.0900000003
2026-02-13,ARTEA,Artea pensija 2003-2009,1.0874,2974934.9
2026-02-17,ARTEA,Artea pensija 2003-2009,1.0879,2957905.0900000003
2026-02-18,ARTEA,Artea pensija 2003-2009,1.1,2987928.13
2026-02-19,ARTEA,Artea pensija 2003-2009,1.097,2978168.43
2026-02-20,ARTEA,Artea pensija 2003-2009,1.1044,3001177.62
2026-02-23,ARTEA,Artea pensija 2003-2009,1.0955,2972267.49
2026-02-24,ARTEA,Artea pensija 2003-2009,1.1046,2993976.52
2026-02-25,ARTEA,Artea pensija 2003-2009,1.1129,3020287.94
2026-02-26,ARTEA,Artea pensija 2003-2009,1.1107,3014400.96
2026-02-27,ARTEA,Artea pensija 2003-2009,1.1057,2992785.66
2026-03-02,ARTEA,Artea pensija 2003-2009,1.1057,3016041.3
2026-03-03,ARTEA,Artea pensija 2003-2009,1.0873,2960100.51
2026-03-04,ARTEA,Artea pensija 2003-2009,1.1,2993245.83
2026-03-05,ARTEA,Artea pensija 2003-2009,1.0929,2972458.17
2026-03-06,ARTEA,Artea pensija 2003-2009,1.0809,2938203.8
2026-03-09,ARTEA,Artea pensija 2003-2009,1.0758,2922778.11
2026-03-10,ARTEA,Artea pensija 2003-2009,1.0925,2976641.6999999997
2026-03-12,ARTEA,Artea pensija 2003-2009,1.0792,2940208.9
2026-03-13,ARTEA,Artea pensija 2003-2009,1.0773,3070593.01
2026-03-16,ARTEA,Artea pensija 2003-2009,1.0819,3085007.13
2026-03-17,ARTEA,Artea pensija 2003-2009,1.0854,3119379.06
2026-03-18,ARTEA,Artea pensija 2003-2009,1.0797,3102498.2
2026-03-19,ARTEA,Artea pensija 2003-2009,1.0642,3053693.33
2026-03-20,ARTEA,Artea pensija 2003-2009,1.0543,3025532.68
2026-03-23,ARTEA,Artea pensija 2003-2009,1.06,3041194.74
2026-03-24,ARTEA,Artea pensija 2003-2009,1.0591,3084221.6700000004
2026-03-25,ARTEA,Artea pensija 2003-2009,1.0682,3108873.29
2026-03-26,ARTEA,Artea pensija 2003-2009,1.0571,3076578.51
2026-03-27,ARTEA,Artea pensija 2003-2009,1.0447,3043945.64
2026-03-30,ARTEA,Artea pensija 2003-2009,1.049,3090889.51
2026-03-31,ARTEA,Artea pensija 2003-2009,1.0487,3086836.62
2026-04-01,ARTEA,Artea pensija 2003-2009,1.0695,3148281.57
2026-04-02,ARTEA,Artea pensija 2003-2009,1.0677,3174844.56
2026-04-03,ARTEA,Artea pensija 2003-2009,1.0677,3175330.8400000003
2026-04-07,ARTEA,Artea pensija 2003-2009,1.0648,2285911.4
2026-04-08,ARTEA,Artea pensija 2003-2009,1.0969,2353638.56
2026-04-09,ARTEA,Artea pensija 2003-2009,1.0972,2351923.79
2026-04-10,ARTEA,Artea pensija 2003-2009,1.1007,2414125.5
2026-04-13,ARTEA,Artea pensija 2003-2009,1.0999,2414262.98
2026-04-14,ARTEA,Artea pensija 2003-2009,1.1141,2445863.79
2026-04-15,ARTEA,Artea pensija 2003-2009,1.118,2553956.54
2026-04-16,ARTEA,Artea pensija 2003-2009,1.1244,2568419.16
2026-04-17,ARTEA,Artea pensija 2003-2009,1.1405,2615907.75
2026-04-20,ARTEA,Artea pensija 2003-2009,1.1352,2606791.97
2026-04-21,ARTEA,Artea pensija 2003-2009,1.1345,2611810.69
2026-04-22,ARTEA,Artea pensija 2003-2009,1.1393,2632873.34
2026-04-23,ARTEA,Artea pensija 2003-2009,1.1424,2639142.81
2026-04-24,ARTEA,Artea pensija 2003-2009,1.1417,2636827.1900000004
2026-04-27,ARTEA,Artea pensija 2003-2009,1.1414,2636253.87
2026-04-28,ARTEA,Artea pensija 2003-2009,1.1351,2621559.48
2026-04-29,ARTEA,Artea pensija 2003-2009,1.1359,2625374.5300000003
2026-04-30,ARTEA,Artea pensija 2003-2009,1.1431,2641893.9899999998
2026-05-04,ARTEA,Artea pensija 2003-2009,1.1483,2653930.16
2026-05-05,ARTEA,Artea pensija 2003-2009,1.1598,2702831.01
2026-05-06,ARTEA,Artea pensija 2003-2009,1.1756,2738868.23
2026-05-07,ARTEA,Artea pensija 2003-2009,1.1753,2738194.74
2026-05-08,ARTEA,Artea pensija 2003-2009,1.1761,2742022.2399999998
2026-05-11,ARTEA,Artea pensija 2003-2009,1.1795,2749806.07
2026-05-12,ARTEA,Artea pensija 2003-2009,1.1647,2708712.68
2026-05-13,ARTEA,Artea pensija 2003-2009,1.1794,2744386.3
2026-05-14,ARTEA,Artea pensija 2003-2009,1.1955,2933963.7
2026-05-15,ARTEA,Artea pensija 2003-2009,1.1828,2902866.63
2026-05-18,ARTEA,Artea pensija 2003-2009,1.1761,2885988.18
2026-05-19,ARTEA,Artea pensija 2003-2009,1.1719,2874860.3200000003
2026-05-20,ARTEA,Artea pensija 2003-2009,1.1845,2905372.0700000003
2026-05-21,ARTEA,Artea pensija 2003-2009,1.1873,2915159.62
2026-05-22,ARTEA,Artea pensija 2003-2009,1.201,2948616.93
2026-05-25,ARTEA,Artea pensija 2003-2009,1.2101,2970630.3
2026-05-26,ARTEA,Artea pensija 2003-2009,1.2079,2963993.31
2026-05-27,ARTEA,Artea pensija 2003-2009,1.2067,2960742.79
2026-05-28,ARTEA,Artea pensija 2003-2009,1.2102,2969472.54
2026-05-29,ARTEA,Artea pensija 2003-2009,1.2127,2975835.28
2026-06-01,ARTEA,Artea pensija 2003-2009,1.2185,2990011.3499999996
2026-06-02,ARTEA,Artea pensija 2003-2009,1.2243,3041679.1199999996
2026-06-03,ARTEA,Artea pensija 2003-2009,1.2199,3032400.4600000004
2026-06-04,ARTEA,Artea pensija 2003-2009,1.2182,3035491.03
2026-06-05,ARTEA,Artea pensija 2003-2009,1.2079,3007867.14
2026-06-08,ARTEA,Artea pensija 2003-2009,1.2026,2994691.23
2026-06-09,ARTEA,Artea pensija 2003-2009,1.1869,2961593.23
2026-06-10,ARTEA,Artea pensija 2003-2009,1.1848,2956254.38
2026-06-11,ARTEA,Artea pensija 2003-2009,1.1874,3085092.02
2026-06-12,ARTEA,Artea pensija 2003-2009,1.2098,3143334.82
2026-06-15,ARTEA,Artea pensija 2003-2009,1.2255,3181921.26
2026-06-16,ARTEA,Artea pensija 2003-2009,1.2225,3171581.8800000004
2026-06-17,ARTEA,Artea pensija 2003-2009,1.2262,3167351.71
2026-06-18,ARTEA,Artea pensija 2003-2009,1.2347,3190484.12
2026-06-19,ARTEA,Artea pensija 2003-2009,1.2345,3178643.92
2026-06-22,ARTEA,Artea pensija 2003-2009,1.2403,3192734.31
2026-06-23,ARTEA,Artea pensija 2003-2009,1.2223,3147511.27
2026-06-25,ARTEA,Artea pensija 2003-2009,1.2261,3157194.96
2026-06-26,ARTEA,Artea pensija 2003-2009,1.2215,3145126.5500000003
2026-06-29,ARTEA,Artea pensija 2003-2009,1.2205,3140729.7199999997
2026-06-30,ARTEA,Artea pensija 2003-2009,1.2351,3179608.5
2026-07-01,ARTEA,Artea pensija 2003-2009,1.239,3189548.59
2026-07-02,ARTEA,Artea pensija 2003-2009,1.2284,3155650.73
2026-07-03,ARTEA,Artea pensija 2003-2009,1.2366,3261271.09
2026-07-07,ARTEA,Artea pensija 2003-2009,1.2263,2955425.6599999997
2026-07-08,ARTEA,Artea pensija 2003-2009,1.2163,2895933.38
2026-07-09,ARTEA,Artea pensija 2003-2009,1.2329,2933790.06
2026-07-10,ARTEA,Artea pensija 2003-2009,1.2365,2944254.06
2026-07-13,ARTEA,Artea pensija 2003-2009,1.2326,2934916.05
2026-07-14,ARTEA,Artea pensija 2003-2009,1.2311,2931474.34
2026-07-15,ARTEA,Artea pensija 2003-2009,1.2311,3032911.94
2026-07-16,ARTEA,Artea pensija 2003-2009,1.2284,3025422.52
2026-07-17,ARTEA,Artea pensija 2003-2009,1.2134,3004185.71
2026-07-20,ARTEA,Artea pensija 2003-2009,1.2178,3013788.93
2026-07-21,ARTEA,Artea pensija 2003-2009,1.2267,3031109.16
2026-07-22,ARTEA,Artea pensija 2003-2009,1.2284,3034135.94
2026-07-23,ARTEA,Artea pensija 2003-2009,1.2127,3034689.0700000003
2026-07-24,ARTEA,Artea pensija 2003-2009,1.219,3050248.94
2026-07-27,ARTEA,Artea pensija 2003-2009,1.211,3029386.77
2026-07-28,ARTEA,Artea pensija 2003-2009,1.2124,3032256.66
2026-07-29,ARTEA,Artea pensija 2003-2009,1.2005,3002551.96
2026-07-30,ARTEA,Artea pensija 2003-2009,1.1996,3001022.96
2026-07-31,ARTEA,Artea pensija 2003-2009,1.2067,3029653.56
2026-08-03,ARTEA,Artea pensija 2003-2009,1.2218,3067583.88
2026-08-04,ARTEA,Artea pensija 2003-2009,1.2421,3118767.7800000003
2026-08-05,ARTEA,Artea pensija 2003-2009,1.2463,3148443.23
2026-08-06,ARTEA,Artea pensija 2003-2009,1.2444,3148910.48
2026-08-07,ARTEA,Artea pensija 2003-2009,1.2477,3158593.99
2026-08-10,ARTEA,Artea pensija 2003-2009,1.247,3220331.71
2026-08-11,ARTEA,Artea pensija 2003-2009,1.2485,3224050.08
2026-08-12,ARTEA,Artea pensija 2003-2009,1.2527,3235039.07
2026-08-13,ARTEA,Artea pensija 2003-2009,1.2592,3405562.34
2026-08-14,ARTEA,Artea pensija 2003-2009,1.2535,3390303.27
2026-08-17,ARTEA,Artea pensija 2003-2009,1.256,3396915.1399999997
2026-08-18,ARTEA,Artea pensija 2003-2009,1.2376,3397927.8400000003
2026-08-19,ARTEA,Artea pensija 2003-2009,1.2345,3399347.59
2026-08-20,ARTEA,Artea pensija 2003-2009,1.2278,3376519.4699999997
2026-08-21,ARTEA,Artea pensija 2003-2009,1.2327,3389989.73
2026-08-24,ARTEA,Artea pensija 2003-2009,1.2278,3350981.4699999997
2026-08-25,ARTEA,Artea pensija 2003-2009,1.2335,3364928.12
2026-08-26,ARTEA,Artea pensija 2003-2009,1.2356,3370549.09
2026-08-27,ARTEA,Artea pensija 2003-2009,1.2407,3410524.48
2026-08-28,ARTEA,Artea pensija 2003-2009,1.2501,3459102.68
2026-08-31,ARTEA,Artea pensija 2003-2009,1.2361,3444259.1999999997
2026-09-01,ARTEA,Artea pensija 2003-2009,1.2348,3438690.99
2026-09-02,ARTEA,Artea pensija 2003-2009,1.2358,3440141.6
2026-09-03,ARTEA,Artea pensija 2003-2009,1.2452,3451199.7399999998
2026-09-04,ARTEA,Artea pensija 2003-2009,1.2454,3458640.61
2026-09-07,ARTEA,Artea pensija 2003-2009,1.2459,3459718.2199999997
2026-09-08,ARTEA,Artea pensija 2003-2009,1.2451,3457862.6100000003
2026-09-09,ARTEA,Artea pensija 2003-2009,1.2343,3428121.25
2026-09-10,ARTEA,Artea pensija 2003-2009,1.2266,3525695.74
2026-09-11,ARTEA,Artea pensija 2003-2009,1.2384,3559468.04
2026-09-14,ARTEA,Artea pensija 2003-2009,1.2304,3557268.91
2026-09-15,ARTEA,Artea pensija 2003-2009,1.2245,3536699.61
2026-09-16,ARTEA,Artea pensija 2003-2009,1.2331,3561728.15
2026-09-17,ARTEA,Artea pensija 2003-2009,1.243,3590330.37
2026-09-18,ARTEA,Artea pensija 2003-2009,1.2389,3578141.2199999997
2026-09-21,ARTEA,Artea pensija 2003-2009,1.2573,3631141.97
2026-09-22,ARTEA,Artea pensija 2003-2009,1.2648,3652460.98
2026-09-23,ARTEA,Artea pensija 2003-2009,1.2615,3642940.31
2026-09-24,ARTEA,Artea pensija 2003-2009,1.2522,3616500.02
2026-09-25,ARTEA,Artea pensija 2003-2009,1.2593,3635037.63
2026-09-28,ARTEA,Artea pensija 2003-2009,1.2535,3615217.43
2026-09-29,ARTEA,Artea pensija 2003-2009,1.2569,3625443.6799999997
2026-09-30,ARTEA,Artea pensija 2003-2009,1.2589,3641817.5900000003
2026-10-01,ARTEA,Artea pensija 2003-2009,1.2564,3662494.92
2019-01-02,ARTEA,Artea pensijų turto išsaugojimo fondas,1,0
2019-01-03,ARTEA,Artea pensijų turto išsaugojimo fondas,1,0
2019-01-04,ARTEA,Artea pensijų turto išsaugojimo fondas,1,0
2019-01-07,ARTEA,Artea pensijų turto išsaugojimo fondas,1,0
2019-01-08,ARTEA,Artea pensijų turto išsaugojimo fondas,1,169829.88
2019-01-09,ARTEA,Artea pensijų turto išsaugojimo fondas,0.9996,169762.2741
2019-01-10,ARTEA,Artea pensijų turto išsaugojimo fondas,1.0002,169871.9349
2019-01-11,ARTEA,Artea pensijų turto išsaugojimo fondas,1.0003,171671.942
2019-01-14,ARTEA,Artea pensijų turto išsaugojimo fondas,0.9999,171607.659
2019-01-15,ARTEA,Artea pensijų turto išsaugojimo fondas,1.0024,276225.0899
2019-01-16,ARTEA,Artea pensijų turto išsaugojimo fondas,1.0034,279185.6687
2019-01-17,ARTEA,Artea pensijų turto išsaugojimo fondas,1.0037,286966.4129
2019-01-18,ARTEA,Artea pensijų turto išsaugojimo fondas,1.0074,306370.8622
2019-01-21,ARTEA,Artea pensijų turto išsaugojimo fondas,1.0071,309313.0997
2019-01-22,ARTEA,Artea pensijų turto išsaugojimo fondas,1.0062,318922.2131
2019-01-23,ARTEA,Artea pensijų turto išsaugojimo fondas,1.0055,326059.8329
2019-01-24,ARTEA,Artea pensijų turto išsaugojimo fondas,1.0073,367068.2092
2019-01-25,ARTEA,Artea pensijų turto išsaugojimo fondas,1.0084,372973.2545
2019-01-28,ARTEA,Artea pensijų turto išsaugojimo fondas,1.0056,371956.1695
2019-01-29,ARTEA,Artea pensijų turto išsaugojimo fondas,1.0062,380407.6467
2019-01-30,ARTEA,Artea pensijų turto išsaugojimo fondas,1.0075,380905.0448
2019-01-31,ARTEA,Artea pensijų turto išsaugojimo fondas,1.0111,920662.5986
2019-02-01,ARTEA,Artea pensijų turto išsaugojimo fondas,1.0111,924803.373
2019-02-04,ARTEA,Artea pensijų turto išsaugojimo fondas,1.0118,926692.8225
2019-02-05,ARTEA,Artea pensijų turto išsaugojimo fondas,1.0143,929008.0589
2019-02-06,ARTEA,Artea pensijų turto išsaugojimo fondas,1.0139,925720.5819
2019-02-07,ARTEA,Artea pensijų turto išsaugojimo fondas,1.0115,923531.7422
2019-02-08,ARTEA,Artea pensijų turto išsaugojimo fondas,1.0113,923155.8998
2019-02-11,ARTEA,Artea pensijų turto išsaugojimo fondas,1.0128,924559.0469
2019-02-12,ARTEA,Artea pensijų turto išsaugojimo fondas,1.0143,996845.4784
2019-02-13,ARTEA,Artea pensijų turto išsaugojimo fondas,1.0154,1001075.2547
2019-02-14,ARTEA,Artea pensijų turto išsaugojimo fondas,1.015,1063710.3097
2019-02-15,ARTEA,Artea pensijų turto išsaugojimo fondas,1.0167,1082732.4636
2019-02-18,ARTEA,Artea pensijų turto išsaugojimo fondas,1.0168,1082788.4121
2019-02-19,ARTEA,Artea pensijų turto išsaugojimo fondas,1.0169,1097303.5547
2019-02-20,ARTEA,Artea pensijų turto išsaugojimo fondas,1.0177,1098174.1074
2019-02-21,ARTEA,Artea pensijų turto išsaugojimo fondas,1.0174,1108465.588
2019-02-22,ARTEA,Artea pensijų turto išsaugojimo fondas,1.0189,1115187.6071
2019-02-25,ARTEA,Artea pensijų turto išsaugojimo fondas,1.0206,1125297.806
2019-02-26,ARTEA,Artea pensijų turto išsaugojimo fondas,1.0198,1106794.5065
2019-02-27,ARTEA,Artea pensijų turto išsaugojimo fondas,1.0194,1141798.4602
2019-02-28,ARTEA,Artea pensijų turto išsaugojimo fondas,1.0187,1140532.6006
2019-03-01,ARTEA,Artea pensijų turto išsaugojimo fondas,1.0186,1139807.5323
2019-03-04,ARTEA,Artea pensijų turto išsaugojimo fondas,1.0194,1143170.8266
2019-03-05,ARTEA,Artea pensijų turto išsaugojimo fondas,1.0202,1150838.9929
2019-03-06,ARTEA,Artea pensijų turto išsaugojimo fondas,1.0202,1150813.1539
2019-03-07,ARTEA,Artea pensijų turto išsaugojimo fondas,1.0201,1150023.9303
2019-03-08,ARTEA,Artea pensijų turto išsaugojimo fondas,1.018,1154535.4585
2019-03-12,ARTEA,Artea pensijų turto išsaugojimo fondas,1.0219,1156218.6484
2019-03-13,ARTEA,Artea pensijų turto išsaugojimo fondas,1.0228,1163234.6161
2019-03-14,ARTEA,Artea pensijų turto išsaugojimo fondas,1.0224,1236074.0122
2019-03-15,ARTEA,Artea pensijų turto išsaugojimo fondas,1.024,1238096.5106
2019-03-18,ARTEA,Artea pensijų turto išsaugojimo fondas,1.0246,1247355.2047
2019-03-19,ARTEA,Artea pensijų turto išsaugojimo fondas,1.0257,1245981.1343
2019-03-20,ARTEA,Artea pensijų turto išsaugojimo fondas,1.0237,1245124.3064
2019-03-21,ARTEA,Artea pensijų turto išsaugojimo fondas,1.0262,1246216.4485
2019-03-22,ARTEA,Artea pensijų turto išsaugojimo fondas,1.024,1243541.4893
2019-03-25,ARTEA,Artea pensijų turto išsaugojimo fondas,1.0235,1257066.6203
2019-03-26,ARTEA,Artea pensijų turto išsaugojimo fondas,1.0251,1262728.9363
2019-03-27,ARTEA,Artea pensijų turto išsaugojimo fondas,1.0239,1262881.9276
2019-03-28,ARTEA,Artea pensijų turto išsaugojimo fondas,1.0246,1264900.5359
2019-03-29,ARTEA,Artea pensijų turto išsaugojimo fondas,1.0271,1274361.7536
2019-04-01,ARTEA,Artea pensijų turto išsaugojimo fondas,1.0295,1280535.3875
2019-04-02,ARTEA,Artea pensijų turto išsaugojimo fondas,1.03,1301012.7038
2019-04-03,ARTEA,Artea pensijų turto išsaugojimo fondas,1.0312,1302602.473
2019-04-04,ARTEA,Artea pensijų turto išsaugojimo fondas,1.0311,1298524.9434
2019-04-05,ARTEA,Artea pensijų turto išsaugojimo fondas,1.0321,1303359.6674
2019-04-08,ARTEA,Artea pensijų turto išsaugojimo fondas,1.0312,1297839.7634
2019-04-09,ARTEA,Artea pensijų turto išsaugojimo fondas,1.0307,1303476.5272
2019-04-10,ARTEA,Artea pensijų turto išsaugojimo fondas,1.0313,1304680.7489
2019-04-11,ARTEA,Artea pensijų turto išsaugojimo fondas,1.0307,2034648.1954
2019-04-12,ARTEA,Artea pensijų turto išsaugojimo fondas,1.0308,2056760.9724
2019-04-15,ARTEA,Artea pensijų turto išsaugojimo fondas,1.0308,2056595.137
2019-04-16,ARTEA,Artea pensijų turto išsaugojimo fondas,1.0318,2055197.4226
2019-04-17,ARTEA,Artea pensijų turto išsaugojimo fondas,1.0318,2030949.1934
2019-04-18,ARTEA,Artea pensijų turto išsaugojimo fondas,1.0328,2041933.297
2019-04-19,ARTEA,Artea pensijų turto išsaugojimo fondas,1.0328,2042016.3966
2019-04-23,ARTEA,Artea pensijų turto išsaugojimo fondas,1.0345,2049076.2255
2019-04-24,ARTEA,Artea pensijų turto išsaugojimo fondas,1.0346,2049294.7183
2019-04-25,ARTEA,Artea pensijų turto išsaugojimo fondas,1.0343,2049211.8163
2019-04-26,ARTEA,Artea pensijų turto išsaugojimo fondas,1.0349,2060631.5975
2019-04-29,ARTEA,Artea pensijų turto išsaugojimo fondas,1.0355,2049693.3059
2019-04-30,ARTEA,Artea pensijų turto išsaugojimo fondas,1.0347,2040200.7665
2019-05-02,ARTEA,Artea pensijų turto išsaugojimo fondas,1.0338,2046720.9075
2019-05-03,ARTEA,Artea pensijų turto išsaugojimo fondas,1.0359,2047995.5101
2019-05-06,ARTEA,Artea pensijų turto išsaugojimo fondas,1.034,2049482.4499
2019-05-07,ARTEA,Artea pensijų turto išsaugojimo fondas,1.0317,2044913.181
2019-05-08,ARTEA,Artea pensijų turto išsaugojimo fondas,1.031,2043478.2002
2019-05-09,ARTEA,Artea pensijų turto išsaugojimo fondas,1.0268,2054309.2446
2019-05-10,ARTEA,Artea pensijų turto išsaugojimo fondas,1.0268,2052691.6121
2019-05-13,ARTEA,Artea pensijų turto išsaugojimo fondas,1.0245,2132441.4039
2019-05-14,ARTEA,Artea pensijų turto išsaugojimo fondas,1.0276,2164493.5761
2019-05-15,ARTEA,Artea pensijų turto išsaugojimo fondas,1.028,2159162.5811
2019-05-16,ARTEA,Artea pensijų turto išsaugojimo fondas,1.0309,2164808.0678
2019-05-17,ARTEA,Artea pensijų turto išsaugojimo fondas,1.0301,2123913.7027
2019-05-20,ARTEA,Artea pensijų turto išsaugojimo fondas,1.0283,2124563.8664
2019-05-21,ARTEA,Artea pensijų turto išsaugojimo fondas,1.0302,2144399.7562
2019-05-22,ARTEA,Artea pensijų turto išsaugojimo fondas,1.0302,2162675.1391
2019-05-23,ARTEA,Artea pensijų turto išsaugojimo fondas,1.0273,2158698.327
2019-05-24,ARTEA,Artea pensijų turto išsaugojimo fondas,1.0276,2151267.9335
2019-05-27,ARTEA,Artea pensijų turto išsaugojimo fondas,1.0283,2163770.0814
2019-05-28,ARTEA,Artea pensijų turto išsaugojimo fondas,1.0284,2170729.2025
2019-05-29,ARTEA,Artea pensijų turto išsaugojimo fondas,1.0269,2162725.7798
2019-05-30,ARTEA,Artea pensijų turto išsaugojimo fondas,1.0283,2186496.9395
2019-05-31,ARTEA,Artea pensijų turto išsaugojimo fondas,1.0273,2206555.3592
2019-06-03,ARTEA,Artea pensijų turto išsaugojimo fondas,1.0266,2212940.6995
2019-06-04,ARTEA,Artea pensijų turto išsaugojimo fondas,1.0284,2218596.3274
2019-06-05,ARTEA,Artea pensijų turto išsaugojimo fondas,1.0301,2213035.1973
2019-06-06,ARTEA,Artea pensijų turto išsaugojimo fondas,1.0307,2222013.775
2019-06-07,ARTEA,Artea pensijų turto išsaugojimo fondas,1.0329,2187127.32
2019-06-10,ARTEA,Artea pensijų turto išsaugojimo fondas,1.0333,2197023.2853
2019-06-11,ARTEA,Artea pensijų turto išsaugojimo fondas,1.0354,2166706.4987
2019-06-12,ARTEA,Artea pensijų turto išsaugojimo fondas,1.0349,2161499.0017
2019-06-13,ARTEA,Artea pensijų turto išsaugojimo fondas,1.0358,2167841.5851
2019-06-14,ARTEA,Artea pensijų turto išsaugojimo fondas,1.0366,2170516.0936
2019-06-17,ARTEA,Artea pensijų turto išsaugojimo fondas,1.0369,2197965.1516
2019-06-18,ARTEA,Artea pensijų turto išsaugojimo fondas,1.0417,2200580.1168
2019-06-19,ARTEA,Artea pensijų turto išsaugojimo fondas,1.0424,2210158.5294
2019-06-20,ARTEA,Artea pensijų turto išsaugojimo fondas,1.0459,2218823.805
2019-06-21,ARTEA,Artea pensijų turto išsaugojimo fondas,1.0453,2218721.8345
2019-06-25,ARTEA,Artea pensijų turto išsaugojimo fondas,1.0437,2232991.894
2019-06-26,ARTEA,Artea pensijų turto išsaugojimo fondas,1.0434,2254569.8506
2019-06-27,ARTEA,Artea pensijų turto išsaugojimo fondas,1.0441,2249934.3666
2019-06-28,ARTEA,Artea pensijų turto išsaugojimo fondas,1.0452,2239341.4995
2019-07-01,ARTEA,Artea pensijų turto išsaugojimo fondas,1.0489,2283615.7282
2019-07-02,ARTEA,Artea pensijų turto išsaugojimo fondas,1.0491,2287643.9486
2019-07-03,ARTEA,Artea pensijų turto išsaugojimo fondas,1.0513,2307857.8509
2019-07-04,ARTEA,Artea pensijų turto išsaugojimo fondas,1.0526,2303234.4084
2019-07-05,ARTEA,Artea pensijų turto išsaugojimo fondas,1.0515,2304468.4046
2019-07-08,ARTEA,Artea pensijų turto išsaugojimo fondas,1.051,2301335.8058
2019-07-09,ARTEA,Artea pensijų turto išsaugojimo fondas,1.0501,2299288.4694
2019-07-10,ARTEA,Artea pensijų turto išsaugojimo fondas,1.0501,2292807.9642
2019-07-11,ARTEA,Artea pensijų turto išsaugojimo fondas,1.0503,2336405.6598
2019-07-12,ARTEA,Artea pensijų turto išsaugojimo fondas,1.0502,2352330.2142
2019-07-15,ARTEA,Artea pensijų turto išsaugojimo fondas,1.0507,2353151.1591
2019-07-16,ARTEA,Artea pensijų turto išsaugojimo fondas,1.0515,2351801.2105
2019-07-17,ARTEA,Artea pensijų turto išsaugojimo fondas,1.0508,2351504.5978
2019-07-18,ARTEA,Artea pensijų turto išsaugojimo fondas,1.0497,2348314.2339
2019-07-19,ARTEA,Artea pensijų turto išsaugojimo fondas,1.0514,2373839.1699
2019-07-22,ARTEA,Artea pensijų turto išsaugojimo fondas,1.0514,2371000.7693
2019-07-23,ARTEA,Artea pensijų turto išsaugojimo fondas,1.0533,2375171.8026
2019-07-24,ARTEA,Artea pensijų turto išsaugojimo fondas,1.0546,2376688.8603
2019-07-25,ARTEA,Artea pensijų turto išsaugojimo fondas,1.0544,2375788.8088
2019-07-26,ARTEA,Artea pensijų turto išsaugojimo fondas,1.0556,2392850.1317
2019-07-29,ARTEA,Artea pensijų turto išsaugojimo fondas,1.0555,2393514.5056
2019-07-30,ARTEA,Artea pensijų turto išsaugojimo fondas,1.0544,2396148.5538
2019-07-31,ARTEA,Artea pensijų turto išsaugojimo fondas,1.0544,2394401.5506
2019-08-01,ARTEA,Artea pensijų turto išsaugojimo fondas,1.0558,2418005.068
2019-08-02,ARTEA,Artea pensijų turto išsaugojimo fondas,1.0496,2417336.8302
2019-08-05,ARTEA,Artea pensijų turto išsaugojimo fondas,1.0444,2409522.4684
2019-08-06,ARTEA,Artea pensijų turto išsaugojimo fondas,1.0438,2433271.1524
2019-08-07,ARTEA,Artea pensijų turto išsaugojimo fondas,1.0445,2428159.3508
2019-08-08,ARTEA,Artea pensijų turto išsaugojimo fondas,1.0484,2433227.1022
2019-08-09,ARTEA,Artea pensijų turto išsaugojimo fondas,1.0479,2396613.6722
2019-08-12,ARTEA,Artea pensijų turto išsaugojimo fondas,1.046,2425662.1108
2019-08-13,ARTEA,Artea pensijų turto išsaugojimo fondas,1.0477,2443589.6581
2019-08-14,ARTEA,Artea pensijų turto išsaugojimo fondas,1.0448,2456810.6428
2019-08-16,ARTEA,Artea pensijų turto išsaugojimo fondas,1.0482,2464012.875
2019-08-19,ARTEA,Artea pensijų turto išsaugojimo fondas,1.0498,2489408.0187
2019-08-20,ARTEA,Artea pensijų turto išsaugojimo fondas,1.0495,2495004.2294
2019-08-21,ARTEA,Artea pensijų turto išsaugojimo fondas,1.0508,2444441.7286
2019-08-22,ARTEA,Artea pensijų turto išsaugojimo fondas,1.0501,2443547.6843
2019-08-23,ARTEA,Artea pensijų turto išsaugojimo fondas,1.0475,2449444.2989
2019-08-26,ARTEA,Artea pensijų turto išsaugojimo fondas,1.0481,2443019.3682
2019-08-27,ARTEA,Artea pensijų turto išsaugojimo fondas,1.0492,2438530.4308
2019-08-28,ARTEA,Artea pensijų turto išsaugojimo fondas,1.0493,2445091.8632
2019-08-29,ARTEA,Artea pensijų turto išsaugojimo fondas,1.052,2449003.1933
2019-08-30,ARTEA,Artea pensijų turto išsaugojimo fondas,1.0536,2482645.8265
2019-09-02,ARTEA,Artea pensijų turto išsaugojimo fondas,1.0541,2496771.3966
2019-09-03,ARTEA,Artea pensijų turto išsaugojimo fondas,1.054,2520216.7883
2019-09-04,ARTEA,Artea pensijų turto išsaugojimo fondas,1.0558,2523164.2832
2019-09-05,ARTEA,Artea pensijų turto išsaugojimo fondas,1.0576,2538499.7185
2019-09-06,ARTEA,Artea pensijų turto išsaugojimo fondas,1.0583,2528761.4356
2019-09-09,ARTEA,Artea pensijų turto išsaugojimo fondas,1.0579,2526389.5901
2019-09-10,ARTEA,Artea pensijų turto išsaugojimo fondas,1.0563,2575506.8582
2019-09-11,ARTEA,Artea pensijų turto išsaugojimo fondas,1.0587,2643376.9912
2019-09-12,ARTEA,Artea pensijų turto išsaugojimo fondas,1.0596,2654197.1522
2019-09-13,ARTEA,Artea pensijų turto išsaugojimo fondas,1.0587,2646760.9842
2019-09-16,ARTEA,Artea pensijų turto išsaugojimo fondas,1.0584,2652598.6985
2019-09-17,ARTEA,Artea pensijų turto išsaugojimo fondas,1.0581,2650648.9131
2019-09-18,ARTEA,Artea pensijų turto išsaugojimo fondas,1.0586,2644941.6884
2019-09-19,ARTEA,Artea pensijų turto išsaugojimo fondas,1.0599,2612799.8216
2019-09-20,ARTEA,Artea pensijų turto išsaugojimo fondas,1.0604,2629607.796
2019-09-23,ARTEA,Artea pensijų turto išsaugojimo fondas,1.0603,2633466.3712
2019-09-24,ARTEA,Artea pensijų turto išsaugojimo fondas,1.0592,2626340.8925
2019-09-25,ARTEA,Artea pensijų turto išsaugojimo fondas,1.0583,2623745.3673
2019-09-26,ARTEA,Artea pensijų turto išsaugojimo fondas,1.0592,2671180.7222
2019-09-27,ARTEA,Artea pensijų turto išsaugojimo fondas,1.0597,2675864.0831
2019-09-30,ARTEA,Artea pensijų turto išsaugojimo fondas,1.0599,2675036.3528
2019-10-01,ARTEA,Artea pensijų turto išsaugojimo fondas,1.058,2650745.1767
2019-10-02,ARTEA,Artea pensijų turto išsaugojimo fondas,1.0539,2626704.8058
2019-10-03,ARTEA,Artea pensijų turto išsaugojimo fondas,1.0539,2659050.9284
2019-10-04,ARTEA,Artea pensijų turto išsaugojimo fondas,1.057,2656425.46
2019-10-07,ARTEA,Artea pensijų turto išsaugojimo fondas,1.0578,2704587.1574
2019-10-08,ARTEA,Artea pensijų turto išsaugojimo fondas,1.0554,2706407.5752
2019-10-09,ARTEA,Artea pensijų turto išsaugojimo fondas,1.0558,2706007.533
2019-10-10,ARTEA,Artea pensijų turto išsaugojimo fondas,1.0569,2712194.095
2019-10-11,ARTEA,Artea pensijų turto išsaugojimo fondas,1.0593,2677655.3774
2019-10-14,ARTEA,Artea pensijų turto išsaugojimo fondas,1.0583,2670657.8083
2019-10-15,ARTEA,Artea pensijų turto išsaugojimo fondas,1.0596,2680317.3323
2019-10-16,ARTEA,Artea pensijų turto išsaugojimo fondas,1.0591,2678924.0342
2019-10-17,ARTEA,Artea pensijų turto išsaugojimo fondas,1.0588,2674100.5983
2019-10-18,ARTEA,Artea pensijų turto išsaugojimo fondas,1.0585,2669304.5746
2019-10-21,ARTEA,Artea pensijų turto išsaugojimo fondas,1.059,2675109.9201
2019-10-22,ARTEA,Artea pensijų turto išsaugojimo fondas,1.0597,2666939.5828
2019-10-23,ARTEA,Artea pensijų turto išsaugojimo fondas,1.0599,2621191.9829
2019-10-24,ARTEA,Artea pensijų turto išsaugojimo fondas,1.0613,2614546.5269
2019-10-25,ARTEA,Artea pensijų turto išsaugojimo fondas,1.0622,2643965.3969
2019-10-28,ARTEA,Artea pensijų turto išsaugojimo fondas,1.0625,2636563.678
2019-10-29,ARTEA,Artea pensijų turto išsaugojimo fondas,1.0619,2642961.964
2019-10-30,ARTEA,Artea pensijų turto išsaugojimo fondas,1.0612,2655121.0267
2019-10-31,ARTEA,Artea pensijų turto išsaugojimo fondas,1.0606,2649906.4718
2019-11-04,ARTEA,Artea pensijų turto išsaugojimo fondas,1.065,2664501.0606
2019-11-05,ARTEA,Artea pensijų turto išsaugojimo fondas,1.0654,2675329.4647
2019-11-06,ARTEA,Artea pensijų turto išsaugojimo fondas,1.0653,2674685.3302
2019-11-07,ARTEA,Artea pensijų turto išsaugojimo fondas,1.0661,2683011.8294
2019-11-08,ARTEA,Artea pensijų turto išsaugojimo fondas,1.0658,2687042.6717
2019-11-11,ARTEA,Artea pensijų turto išsaugojimo fondas,1.0648,2689589.3308
2019-11-12,ARTEA,Artea pensijų turto išsaugojimo fondas,1.0655,2684569.9575
2019-11-13,ARTEA,Artea pensijų turto išsaugojimo fondas,1.0647,2684613.837
2019-11-14,ARTEA,Artea pensijų turto išsaugojimo fondas,1.0649,2686567.4112
2019-11-15,ARTEA,Artea pensijų turto išsaugojimo fondas,1.066,2735991.966
2019-11-18,ARTEA,Artea pensijų turto išsaugojimo fondas,1.0653,2741000.7297
2019-11-19,ARTEA,Artea pensijų turto išsaugojimo fondas,1.0644,2716299.1638
2019-11-20,ARTEA,Artea pensijų turto išsaugojimo fondas,1.0647,2713138.5092
2019-11-21,ARTEA,Artea pensijų turto išsaugojimo fondas,1.0638,2723751.3394
2019-11-22,ARTEA,Artea pensijų turto išsaugojimo fondas,1.0648,2668412.7358
2019-11-25,ARTEA,Artea pensijų turto išsaugojimo fondas,1.0669,2667506.0672
2019-11-26,ARTEA,Artea pensijų turto išsaugojimo fondas,1.0671,2661898.5856
2019-11-27,ARTEA,Artea pensijų turto išsaugojimo fondas,1.068,2639856.1279
2019-11-28,ARTEA,Artea pensijų turto išsaugojimo fondas,1.0678,2626633.0838
2019-11-29,ARTEA,Artea pensijų turto išsaugojimo fondas,1.0665,2601094.6169
2019-12-02,ARTEA,Artea pensijų turto išsaugojimo fondas,1.0633,2574729.0989
2019-12-03,ARTEA,Artea pensijų turto išsaugojimo fondas,1.062,2571531.9001
2019-12-04,ARTEA,Artea pensijų turto išsaugojimo fondas,1.0643,2552943.7394
2019-12-05,ARTEA,Artea pensijų turto išsaugojimo fondas,1.0639,2559828.507
2019-12-06,ARTEA,Artea pensijų turto išsaugojimo fondas,1.067,2547558.2527
2019-12-09,ARTEA,Artea pensijų turto išsaugojimo fondas,1.067,2574794.7247
2019-12-10,ARTEA,Artea pensijų turto išsaugojimo fondas,1.0662,2552539.4316
2019-12-11,ARTEA,Artea pensijų turto išsaugojimo fondas,1.0672,2521917.3951
2019-12-12,ARTEA,Artea pensijų turto išsaugojimo fondas,1.0686,2520363.5045
2019-12-13,ARTEA,Artea pensijų turto išsaugojimo fondas,1.0694,2499157.8723
2019-12-16,ARTEA,Artea pensijų turto išsaugojimo fondas,1.0716,2461812.8086
2019-12-17,ARTEA,Artea pensijų turto išsaugojimo fondas,1.0718,2459671.8505
2019-12-18,ARTEA,Artea pensijų turto išsaugojimo fondas,1.0728,2451497.27
2019-12-19,ARTEA,Artea pensijų turto išsaugojimo fondas,1.0729,2455305.1233
2019-12-20,ARTEA,Artea pensijų turto išsaugojimo fondas,1.0746,2459440.1153
2019-12-23,ARTEA,Artea pensijų turto išsaugojimo fondas,1.0746,2469310.2777
2019-12-27,ARTEA,Artea pensijų turto išsaugojimo fondas,1.0754,2518554.9233
2019-12-30,ARTEA,Artea pensijų turto išsaugojimo fondas,1.0745,2536260.8366
2019-12-31,ARTEA,Artea pensijų turto išsaugojimo fondas,1.0746,2537575.7884
2020-01-02,ARTEA,Artea pensijų turto išsaugojimo fondas,1.0751,2543641.3144
2020-01-03,ARTEA,Artea pensijų turto išsaugojimo fondas,1.0752,2543875.4036
2020-01-06,ARTEA,Artea pensijų turto išsaugojimo fondas,1.0743,2551072.9693
2020-01-07,ARTEA,Artea pensijų turto išsaugojimo fondas,1.0757,2561970.3433
2020-01-08,ARTEA,Artea pensijų turto išsaugojimo fondas,1.0763,2561934.5223
2020-01-09,ARTEA,Artea pensijų turto išsaugojimo fondas,1.0775,2574130.2466
2020-01-10,ARTEA,Artea pensijų turto išsaugojimo fondas,1.0778,2572829.6229
2020-01-13,ARTEA,Artea pensijų turto išsaugojimo fondas,1.0778,2579419.383
2020-01-14,ARTEA,Artea pensijų turto išsaugojimo fondas,1.0783,2580698.0846
2020-01-15,ARTEA,Artea pensijų turto išsaugojimo fondas,1.0785,2570892.9683
2020-01-16,ARTEA,Artea pensijų turto išsaugojimo fondas,1.0795,2548343.0152
2020-01-17,ARTEA,Artea pensijų turto išsaugojimo fondas,1.0809,2553556.5071
2020-01-20,ARTEA,Artea pensijų turto išsaugojimo fondas,1.0811,2532201.8646
2020-01-21,ARTEA,Artea pensijų turto išsaugojimo fondas,1.0803,2516745.3967
2020-01-22,ARTEA,Artea pensijų turto išsaugojimo fondas,1.0811,2517390.9615
2020-01-23,ARTEA,Artea pensijų turto išsaugojimo fondas,1.08,2514645.7734
2020-01-24,ARTEA,Artea pensijų turto išsaugojimo fondas,1.0809,2516848.1347
2020-01-27,ARTEA,Artea pensijų turto išsaugojimo fondas,1.0762,2517440.9619
2020-01-28,ARTEA,Artea pensijų turto išsaugojimo fondas,1.0784,2520254.3994
2020-01-29,ARTEA,Artea pensijų turto išsaugojimo fondas,1.0797,2530337.6271
2020-01-30,ARTEA,Artea pensijų turto išsaugojimo fondas,1.0773,2529619.3578
2020-01-31,ARTEA,Artea pensijų turto išsaugojimo fondas,1.0754,2520951.8704
2020-02-03,ARTEA,Artea pensijų turto išsaugojimo fondas,1.077,2513238.5338
2020-02-04,ARTEA,Artea pensijų turto išsaugojimo fondas,1.0807,2531255.8178
2020-02-05,ARTEA,Artea pensijų turto išsaugojimo fondas,1.0825,2535432.9416
2020-02-06,ARTEA,Artea pensijų turto išsaugojimo fondas,1.0841,2554336.0284
2020-02-07,ARTEA,Artea pensijų turto išsaugojimo fondas,1.0837,2543811.0466
2020-02-10,ARTEA,Artea pensijų turto išsaugojimo fondas,1.0845,2580971.9275
2020-02-11,ARTEA,Artea pensijų turto išsaugojimo fondas,1.0862,2589722.3903
2020-02-12,ARTEA,Artea pensijų turto išsaugojimo fondas,1.0876,2588489.8558
2020-02-13,ARTEA,Artea pensijų turto išsaugojimo fondas,1.0885,2591850.2171
2020-02-14,ARTEA,Artea pensijų turto išsaugojimo fondas,1.0891,2592161.6149
2020-02-17,ARTEA,Artea pensijų turto išsaugojimo fondas,1.0898,2607564.8524
2020-02-18,ARTEA,Artea pensijų turto išsaugojimo fondas,1.0891,2613100.6999
2020-02-19,ARTEA,Artea pensijų turto išsaugojimo fondas,1.0912,2620020.2714
2020-02-20,ARTEA,Artea pensijų turto išsaugojimo fondas,1.0891,2606100.4164
2020-02-21,ARTEA,Artea pensijų turto išsaugojimo fondas,1.0881,2603759.4755
2020-02-24,ARTEA,Artea pensijų turto išsaugojimo fondas,1.0816,2586856.3294
2020-02-25,ARTEA,Artea pensijų turto išsaugojimo fondas,1.0786,2635130.5273
2020-02-26,ARTEA,Artea pensijų turto išsaugojimo fondas,1.078,2683630.5053
2020-02-27,ARTEA,Artea pensijų turto išsaugojimo fondas,1.0699,2706695.3231
2020-02-28,ARTEA,Artea pensijų turto išsaugojimo fondas,1.0626,2717760.6549
2020-03-02,ARTEA,Artea pensijų turto išsaugojimo fondas,1.0661,2708230.8475
2020-03-03,ARTEA,Artea pensijų turto išsaugojimo fondas,1.0696,2889611.0393
2020-03-04,ARTEA,Artea pensijų turto išsaugojimo fondas,1.0723,2952038.0168
2020-03-05,ARTEA,Artea pensijų turto išsaugojimo fondas,1.0706,2951369.8314
2020-03-06,ARTEA,Artea pensijų turto išsaugojimo fondas,1.0614,2935992.8752
2020-03-09,ARTEA,Artea pensijų turto išsaugojimo fondas,1.0451,2876642.1743
2020-03-10,ARTEA,Artea pensijų turto išsaugojimo fondas,1.0433,2946572.5519
2020-03-12,ARTEA,Artea pensijų turto išsaugojimo fondas,1.0193,2893357.8143
2020-03-13,ARTEA,Artea pensijų turto išsaugojimo fondas,1.0217,3094337.3661
2020-03-16,ARTEA,Artea pensijų turto išsaugojimo fondas,1.0136,3093562.7342
2020-03-17,ARTEA,Artea pensijų turto išsaugojimo fondas,1.0142,3159662.0019
2020-03-18,ARTEA,Artea pensijų turto išsaugojimo fondas,0.9982,3146952.3661
2020-03-19,ARTEA,Artea pensijų turto išsaugojimo fondas,0.9977,3208837.1121
2020-03-20,ARTEA,Artea pensijų turto išsaugojimo fondas,1.0055,3282367.9581
2020-03-23,ARTEA,Artea pensijų turto išsaugojimo fondas,0.9944,3226011.5432
2020-03-24,ARTEA,Artea pensijų turto išsaugojimo fondas,1.0076,3295509.4777
2020-03-25,ARTEA,Artea pensijų turto išsaugojimo fondas,1.0147,3321725.777
2020-03-26,ARTEA,Artea pensijų turto išsaugojimo fondas,1.0202,3346879.2147
2020-03-27,ARTEA,Artea pensijų turto išsaugojimo fondas,1.0142,3277804.4659
2020-03-30,ARTEA,Artea pensijų turto išsaugojimo fondas,1.0163,3276288.8909
2020-03-31,ARTEA,Artea pensijų turto išsaugojimo fondas,1.0199,3323839.3397
2020-04-01,ARTEA,Artea pensijų turto išsaugojimo fondas,1.0106,3293530.1023
2020-04-02,ARTEA,Artea pensijų turto išsaugojimo fondas,1.0123,3307605.1065
2020-04-03,ARTEA,Artea pensijų turto išsaugojimo fondas,1.0111,3326063.818
2020-04-06,ARTEA,Artea pensijų turto išsaugojimo fondas,1.0183,3346979.2789
2020-04-07,ARTEA,Artea pensijų turto išsaugojimo fondas,1.0232,3368061.1866
2020-04-08,ARTEA,Artea pensijų turto išsaugojimo fondas,1.0227,3343792.5549
2020-04-09,ARTEA,Artea pensijų turto išsaugojimo fondas,1.0292,3380113.4759
2020-04-10,ARTEA,Artea pensijų turto išsaugojimo fondas,1.0293,3379985.3617
2020-04-14,ARTEA,Artea pensijų turto išsaugojimo fondas,1.0321,3294876.5521
2020-04-15,ARTEA,Artea pensijų turto išsaugojimo fondas,1.0271,3343527.122
2020-04-16,ARTEA,Artea pensijų turto išsaugojimo fondas,1.0285,3377194.2788
2020-04-17,ARTEA,Artea pensijų turto išsaugojimo fondas,1.0308,3405045.5353
2020-04-20,ARTEA,Artea pensijų turto išsaugojimo fondas,1.0322,3404835.9092
2020-04-21,ARTEA,Artea pensijų turto išsaugojimo fondas,1.023,3376545.792
2020-04-22,ARTEA,Artea pensijų turto išsaugojimo fondas,1.0264,3418385.7339
2020-04-23,ARTEA,Artea pensijų turto išsaugojimo fondas,1.0291,3469811.304
2020-04-24,ARTEA,Artea pensijų turto išsaugojimo fondas,1.0257,3473233.4612
2020-04-27,ARTEA,Artea pensijų turto išsaugojimo fondas,1.0296,3484506.5876
2020-04-28,ARTEA,Artea pensijų turto išsaugojimo fondas,1.031,3482484.6818
2020-04-29,ARTEA,Artea pensijų turto išsaugojimo fondas,1.0358,3508551.1556
2020-04-30,ARTEA,Artea pensijų turto išsaugojimo fondas,1.0335,3477662.9916
2020-05-04,ARTEA,Artea pensijų turto išsaugojimo fondas,1.0275,3450067.9849
2020-05-05,ARTEA,Artea pensijų turto išsaugojimo fondas,1.0338,3471332.8498
2020-05-06,ARTEA,Artea pensijų turto išsaugojimo fondas,1.0326,3471593.9452
2020-05-07,ARTEA,Artea pensijų turto išsaugojimo fondas,1.0349,3474801.1076
2020-05-08,ARTEA,Artea pensijų turto išsaugojimo fondas,1.0378,3500067.2641
2020-05-11,ARTEA,Artea pensijų turto išsaugojimo fondas,1.0377,3499938.9554
2020-05-12,ARTEA,Artea pensijų turto išsaugojimo fondas,1.0387,3512442.8896
2020-05-13,ARTEA,Artea pensijų turto išsaugojimo fondas,1.034,3482502.041
2020-05-14,ARTEA,Artea pensijų turto išsaugojimo fondas,1.0317,3471316.5986
2020-05-15,ARTEA,Artea pensijų turto išsaugojimo fondas,1.0332,3472401.0779
2020-05-18,ARTEA,Artea pensijų turto išsaugojimo fondas,1.0414,3501446.5786
2020-05-19,ARTEA,Artea pensijų turto išsaugojimo fondas,1.0419,3493367.9024
2020-05-20,ARTEA,Artea pensijų turto išsaugojimo fondas,1.0445,3492770.9749
2020-05-21,ARTEA,Artea pensijų turto išsaugojimo fondas,1.0435,3424409.6197
2020-05-22,ARTEA,Artea pensijų turto išsaugojimo fondas,1.043,3429577.8601
2020-05-25,ARTEA,Artea pensijų turto išsaugojimo fondas,1.0471,3443030.0415
2020-05-26,ARTEA,Artea pensijų turto išsaugojimo fondas,1.0481,3427497.1192
2020-05-27,ARTEA,Artea pensijų turto išsaugojimo fondas,1.0482,3416394.774
2020-05-28,ARTEA,Artea pensijų turto išsaugojimo fondas,1.0517,3429655.3163
2020-05-29,ARTEA,Artea pensijų turto išsaugojimo fondas,1.0497,3459655.1244
2020-06-01,ARTEA,Artea pensijų turto išsaugojimo fondas,1.0502,3467061.6032
2020-06-02,ARTEA,Artea pensijų turto išsaugojimo fondas,1.0566,3485209.2417
2020-06-03,ARTEA,Artea pensijų turto išsaugojimo fondas,1.0612,3471148.1439
2020-06-04,ARTEA,Artea pensijų turto išsaugojimo fondas,1.0592,3463079.1135
2020-06-05,ARTEA,Artea pensijų turto išsaugojimo fondas,1.0657,3484207.9916
2020-06-08,ARTEA,Artea pensijų turto išsaugojimo fondas,1.0676,3501438.7516
2020-06-09,ARTEA,Artea pensijų turto išsaugojimo fondas,1.0656,3494752.8342
2020-06-10,ARTEA,Artea pensijų turto išsaugojimo fondas,1.0653,3447001.3918
2020-06-11,ARTEA,Artea pensijų turto išsaugojimo fondas,1.0581,3477363.3002
2020-06-12,ARTEA,Artea pensijų turto išsaugojimo fondas,1.0582,3478678.8574
2020-06-15,ARTEA,Artea pensijų turto išsaugojimo fondas,1.0562,3483996.6971
2020-06-16,ARTEA,Artea pensijų turto išsaugojimo fondas,1.0634,3491170.6489
2020-06-17,ARTEA,Artea pensijų turto išsaugojimo fondas,1.0645,3510878.158
2020-06-18,ARTEA,Artea pensijų turto išsaugojimo fondas,1.0646,3561427.2196
2020-06-19,ARTEA,Artea pensijų turto išsaugojimo fondas,1.0666,3565582.706
2020-06-22,ARTEA,Artea pensijų turto išsaugojimo fondas,1.0652,3607947.9137
2020-06-23,ARTEA,Artea pensijų turto išsaugojimo fondas,1.067,3609081.098
2020-06-25,ARTEA,Artea pensijų turto išsaugojimo fondas,1.063,3583830.3386
2020-06-26,ARTEA,Artea pensijų turto išsaugojimo fondas,1.0627,3548004.8249
2020-06-29,ARTEA,Artea pensijų turto išsaugojimo fondas,1.0629,3546707.9719
2020-06-30,ARTEA,Artea pensijų turto išsaugojimo fondas,1.0644,3562300.5851
2020-07-01,ARTEA,Artea pensijų turto išsaugojimo fondas,1.0658,3560574.7569
2020-07-02,ARTEA,Artea pensijų turto išsaugojimo fondas,1.0697,3619972.9267
2020-07-03,ARTEA,Artea pensijų turto išsaugojimo fondas,1.0697,3629369.4767
2020-07-07,ARTEA,Artea pensijų turto išsaugojimo fondas,1.073,3641536.0374
2020-07-08,ARTEA,Artea pensijų turto išsaugojimo fondas,1.0716,3637713.367
2020-07-09,ARTEA,Artea pensijų turto išsaugojimo fondas,1.0714,3635410.8502
2020-07-10,ARTEA,Artea pensijų turto išsaugojimo fondas,1.0723,3653722.31
2020-07-13,ARTEA,Artea pensijų turto išsaugojimo fondas,1.0752,3663195.8761
2020-07-14,ARTEA,Artea pensijų turto išsaugojimo fondas,1.0716,3688610.7854
2020-07-15,ARTEA,Artea pensijų turto išsaugojimo fondas,1.0742,3708493.3074
2020-07-16,ARTEA,Artea pensijų turto išsaugojimo fondas,1.0736,3708949.1054
2020-07-17,ARTEA,Artea pensijų turto išsaugojimo fondas,1.0743,3720686.4104
2020-07-20,ARTEA,Artea pensijų turto išsaugojimo fondas,1.0765,3757145.7168
2020-07-21,ARTEA,Artea pensijų turto išsaugojimo fondas,1.0791,3766032.3938
2020-07-22,ARTEA,Artea pensijų turto išsaugojimo fondas,1.0777,3764137.1374
2020-07-23,ARTEA,Artea pensijų turto išsaugojimo fondas,1.0785,3789590.508
2020-07-24,ARTEA,Artea pensijų turto išsaugojimo fondas,1.0753,3765022.7748
2020-07-27,ARTEA,Artea pensijų turto išsaugojimo fondas,1.0748,3764295.7835
2020-07-28,ARTEA,Artea pensijų turto išsaugojimo fondas,1.0759,3798675.6727
2020-07-29,ARTEA,Artea pensijų turto išsaugojimo fondas,1.0759,3775363.2224
2020-07-30,ARTEA,Artea pensijų turto išsaugojimo fondas,1.0741,3775977.452
2020-07-31,ARTEA,Artea pensijų turto išsaugojimo fondas,1.0738,3790571.5811
2020-08-03,ARTEA,Artea pensijų turto išsaugojimo fondas,1.0776,3805628.5519
2020-08-04,ARTEA,Artea pensijų turto išsaugojimo fondas,1.0784,3811177.5332
2020-08-05,ARTEA,Artea pensijų turto išsaugojimo fondas,1.0794,3815497.0359
2020-08-06,ARTEA,Artea pensijų turto išsaugojimo fondas,1.0793,3808889.7803
2020-08-07,ARTEA,Artea pensijų turto išsaugojimo fondas,1.0805,3805815.4445
2020-08-10,ARTEA,Artea pensijų turto išsaugojimo fondas,1.0813,3825017.1567
2020-08-11,ARTEA,Artea pensijų turto išsaugojimo fondas,1.083,3826795.7023
2020-08-12,ARTEA,Artea pensijų turto išsaugojimo fondas,1.0833,3873716.3311
2020-08-13,ARTEA,Artea pensijų turto išsaugojimo fondas,1.0828,3874042.2693
2020-08-14,ARTEA,Artea pensijų turto išsaugojimo fondas,1.0816,3917608.9088
2020-08-17,ARTEA,Artea pensijų turto išsaugojimo fondas,1.082,3958342.309
2020-08-18,ARTEA,Artea pensijų turto išsaugojimo fondas,1.081,3941570.1182
2020-08-19,ARTEA,Artea pensijų turto išsaugojimo fondas,1.082,3933509.8445
2020-08-20,ARTEA,Artea pensijų turto išsaugojimo fondas,1.0808,3963733.6101
2020-08-21,ARTEA,Artea pensijų turto išsaugojimo fondas,1.0825,3962353.8813
2020-08-24,ARTEA,Artea pensijų turto išsaugojimo fondas,1.0843,3965785.1901
2020-08-25,ARTEA,Artea pensijų turto išsaugojimo fondas,1.0838,3961617.2373
2020-08-26,ARTEA,Artea pensijų turto išsaugojimo fondas,1.0847,3956836.859
2020-08-27,ARTEA,Artea pensijų turto išsaugojimo fondas,1.0854,3952035.5874
2020-08-28,ARTEA,Artea pensijų turto išsaugojimo fondas,1.0848,3965579.4564
2020-08-31,ARTEA,Artea pensijų turto išsaugojimo fondas,1.0839,3957876.3731
2020-09-01,ARTEA,Artea pensijų turto išsaugojimo fondas,1.0853,3971157.1608
2020-09-02,ARTEA,Artea pensijų turto išsaugojimo fondas,1.0889,3989114.5926
2020-09-03,ARTEA,Artea pensijų turto išsaugojimo fondas,1.0864,4004296.6803
2020-09-04,ARTEA,Artea pensijų turto išsaugojimo fondas,1.083,4005301.6589
2020-09-07,ARTEA,Artea pensijų turto išsaugojimo fondas,1.0853,4031611.6256
2020-09-08,ARTEA,Artea pensijų turto išsaugojimo fondas,1.0826,4054976.276
2020-09-09,ARTEA,Artea pensijų turto išsaugojimo fondas,1.0845,4061794.9221
2020-09-10,ARTEA,Artea pensijų turto išsaugojimo fondas,1.0838,4077650.0306
2020-09-11,ARTEA,Artea pensijų turto išsaugojimo fondas,1.0828,4073851.1079
2020-09-14,ARTEA,Artea pensijų turto išsaugojimo fondas,1.0846,4060507.2278
2020-09-15,ARTEA,Artea pensijų turto išsaugojimo fondas,1.0863,4092662.7266
2020-09-16,ARTEA,Artea pensijų turto išsaugojimo fondas,1.087,4087696.2419
2020-09-17,ARTEA,Artea pensijų turto išsaugojimo fondas,1.0845,4078104.9497
2020-09-18,ARTEA,Artea pensijų turto išsaugojimo fondas,1.0832,4088572.6967
2020-09-21,ARTEA,Artea pensijų turto išsaugojimo fondas,1.0782,4070020.6381
2020-09-22,ARTEA,Artea pensijų turto išsaugojimo fondas,1.0793,4085377.344
2020-09-23,ARTEA,Artea pensijų turto išsaugojimo fondas,1.0793,4086188.2294
2020-09-24,ARTEA,Artea pensijų turto išsaugojimo fondas,1.0768,4070709.5843
2020-09-25,ARTEA,Artea pensijų turto išsaugojimo fondas,1.0782,4080614.1101
2020-09-28,ARTEA,Artea pensijų turto išsaugojimo fondas,1.0818,4083327.4978
2020-09-29,ARTEA,Artea pensijų turto išsaugojimo fondas,1.0804,4082455.3641
2020-09-30,ARTEA,Artea pensijų turto išsaugojimo fondas,1.0817,4125590.0914
2020-10-01,ARTEA,Artea pensijų turto išsaugojimo fondas,1.0825,4162688.6528
2020-10-02,ARTEA,Artea pensijų turto išsaugojimo fondas,1.0819,4171769.649
2020-10-05,ARTEA,Artea pensijų turto išsaugojimo fondas,1.0831,4206787.1388
2020-10-06,ARTEA,Artea pensijų turto išsaugojimo fondas,1.084,4210376.047
2020-10-07,ARTEA,Artea pensijų turto išsaugojimo fondas,1.0847,4208431.0006
2020-10-08,ARTEA,Artea pensijų turto išsaugojimo fondas,1.0866,4218953.8902
2020-10-09,ARTEA,Artea pensijų turto išsaugojimo fondas,1.0881,4221304.5708
2020-10-12,ARTEA,Artea pensijų turto išsaugojimo fondas,1.0907,4263973.2459
2020-10-13,ARTEA,Artea pensijų turto išsaugojimo fondas,1.0914,4269157.4922
2020-10-14,ARTEA,Artea pensijų turto išsaugojimo fondas,1.0911,4277707.4466
2020-10-15,ARTEA,Artea pensijų turto išsaugojimo fondas,1.0886,4268931.8287
2020-10-16,ARTEA,Artea pensijų turto išsaugojimo fondas,1.0905,4288035.5065
2020-10-19,ARTEA,Artea pensijų turto išsaugojimo fondas,1.0893,4294355.0327
2020-10-20,ARTEA,Artea pensijų turto išsaugojimo fondas,1.0875,4291636.0364
2020-10-21,ARTEA,Artea pensijų turto išsaugojimo fondas,1.0867,4299047.8544
2020-10-22,ARTEA,Artea pensijų turto išsaugojimo fondas,1.0862,4355546.0757
2020-10-23,ARTEA,Artea pensijų turto išsaugojimo fondas,1.0869,4369038.0416
2020-10-26,ARTEA,Artea pensijų turto išsaugojimo fondas,1.0845,4362071.2796
2020-10-27,ARTEA,Artea pensijų turto išsaugojimo fondas,1.0851,4364788.2191
2020-10-28,ARTEA,Artea pensijų turto išsaugojimo fondas,1.0809,4386072.671
2020-10-29,ARTEA,Artea pensijų turto išsaugojimo fondas,1.0817,4400239.227
2020-10-30,ARTEA,Artea pensijų turto išsaugojimo fondas,1.0797,4372640.7882
2020-11-03,ARTEA,Artea pensijų turto išsaugojimo fondas,1.0859,4379873.9974
2020-11-04,ARTEA,Artea pensijų turto išsaugojimo fondas,1.0922,4417749.7012
2020-11-05,ARTEA,Artea pensijų turto išsaugojimo fondas,1.094,4426536.6236
2020-11-06,ARTEA,Artea pensijų turto išsaugojimo fondas,1.0932,4382956.8286
2020-11-09,ARTEA,Artea pensijų turto išsaugojimo fondas,1.1004,4431225.4669
2020-11-10,ARTEA,Artea pensijų turto išsaugojimo fondas,1.0976,4430000.5765
2020-11-11,ARTEA,Artea pensijų turto išsaugojimo fondas,1.1004,4438144.6439
2020-11-12,ARTEA,Artea pensijų turto išsaugojimo fondas,1.0994,4447801.4289
2020-11-13,ARTEA,Artea pensijų turto išsaugojimo fondas,1.0997,4420864.5711
2020-11-16,ARTEA,Artea pensijų turto išsaugojimo fondas,1.1032,4477098.7635
2020-11-17,ARTEA,Artea pensijų turto išsaugojimo fondas,1.1027,4479730.9922
2020-11-18,ARTEA,Artea pensijų turto išsaugojimo fondas,1.1034,4492310.3654
2020-11-19,ARTEA,Artea pensijų turto išsaugojimo fondas,1.102,4496202.1973
2020-11-20,ARTEA,Artea pensijų turto išsaugojimo fondas,1.1036,4519350.1489
2020-11-23,ARTEA,Artea pensijų turto išsaugojimo fondas,1.1039,4499201.3826
2020-11-24,ARTEA,Artea pensijų turto išsaugojimo fondas,1.1062,4510956.9876
2020-11-25,ARTEA,Artea pensijų turto išsaugojimo fondas,1.106,4506983.9453
2020-11-26,ARTEA,Artea pensijų turto išsaugojimo fondas,1.1064,4484409.5399
2020-11-27,ARTEA,Artea pensijų turto išsaugojimo fondas,1.1072,4499032.8445
2020-11-30,ARTEA,Artea pensijų turto išsaugojimo fondas,1.1046,4477148.7522
2020-12-01,ARTEA,Artea pensijų turto išsaugojimo fondas,1.1067,4486679.4919
2020-12-02,ARTEA,Artea pensijų turto išsaugojimo fondas,1.1061,4478377.1554
2020-12-03,ARTEA,Artea pensijų turto išsaugojimo fondas,1.1071,4485931.2235
2020-12-04,ARTEA,Artea pensijų turto išsaugojimo fondas,1.1086,4492104.2867
2020-12-07,ARTEA,Artea pensijų turto išsaugojimo fondas,1.1093,4485577.7338
2020-12-08,ARTEA,Artea pensijų turto išsaugojimo fondas,1.1097,4511114.1782
2020-12-09,ARTEA,Artea pensijų turto išsaugojimo fondas,1.1099,4496626.6163
2020-12-10,ARTEA,Artea pensijų turto išsaugojimo fondas,1.1093,4512447.0838
2020-12-11,ARTEA,Artea pensijų turto išsaugojimo fondas,1.109,4484858.5737
2020-12-14,ARTEA,Artea pensijų turto išsaugojimo fondas,1.1101,4515366.4336
2020-12-15,ARTEA,Artea pensijų turto išsaugojimo fondas,1.1099,4514314.9787
2020-12-16,ARTEA,Artea pensijų turto išsaugojimo fondas,1.1115,4518602.3806
2020-12-17,ARTEA,Artea pensijų turto išsaugojimo fondas,1.1119,4517531.1328
2020-12-18,ARTEA,Artea pensijų turto išsaugojimo fondas,1.1116,4509724.6905
2020-12-21,ARTEA,Artea pensijų turto išsaugojimo fondas,1.109,4493273.2052
2020-12-22,ARTEA,Artea pensijų turto išsaugojimo fondas,1.1106,4499810.1576
2020-12-23,ARTEA,Artea pensijų turto išsaugojimo fondas,1.1117,4513338.3649
2020-12-28,ARTEA,Artea pensijų turto išsaugojimo fondas,1.113,4536736.3884
2020-12-29,ARTEA,Artea pensijų turto išsaugojimo fondas,1.114,4567929.1475
2020-12-30,ARTEA,Artea pensijų turto išsaugojimo fondas,1.114,4575666.7413
2020-12-31,ARTEA,Artea pensijų turto išsaugojimo fondas,1.1141,4551315.8759
2021-01-04,ARTEA,Artea pensijų turto išsaugojimo fondas,1.1139,4578633.3213
2021-01-05,ARTEA,Artea pensijų turto išsaugojimo fondas,1.1144,4567378.0695
2021-01-06,ARTEA,Artea pensijų turto išsaugojimo fondas,1.1159,4564628.4629
2021-01-07,ARTEA,Artea pensijų turto išsaugojimo fondas,1.117,4579932.2318
2021-01-08,ARTEA,Artea pensijų turto išsaugojimo fondas,1.1191,4559221.4874
2021-01-11,ARTEA,Artea pensijų turto išsaugojimo fondas,1.119,4575137.4542
2021-01-12,ARTEA,Artea pensijų turto išsaugojimo fondas,1.1181,4561721.5706
2021-01-13,ARTEA,Artea pensijų turto išsaugojimo fondas,1.119,4557909.2872
2021-01-14,ARTEA,Artea pensijų turto išsaugojimo fondas,1.1208,4514378.3612
2021-01-15,ARTEA,Artea pensijų turto išsaugojimo fondas,1.1187,4572077.9279
2021-01-18,ARTEA,Artea pensijų turto išsaugojimo fondas,1.1195,4569671.0025
2021-01-19,ARTEA,Artea pensijų turto išsaugojimo fondas,1.1197,4577294.7533
2021-01-20,ARTEA,Artea pensijų turto išsaugojimo fondas,1.1222,4597537.5475
2021-01-21,ARTEA,Artea pensijų turto išsaugojimo fondas,1.1221,4580872.9434
2021-01-22,ARTEA,Artea pensijų turto išsaugojimo fondas,1.1207,4597770.7504
2021-01-25,ARTEA,Artea pensijų turto išsaugojimo fondas,1.1212,4575092.0656
2021-01-26,ARTEA,Artea pensijų turto išsaugojimo fondas,1.1217,4600735.3102
2021-01-27,ARTEA,Artea pensijų turto išsaugojimo fondas,1.1191,4605271.1493
2021-01-28,ARTEA,Artea pensijų turto išsaugojimo fondas,1.1193,4617038.9557
2021-01-29,ARTEA,Artea pensijų turto išsaugojimo fondas,1.1161,4606234.187
2021-02-01,ARTEA,Artea pensijų turto išsaugojimo fondas,1.1187,4614349.3173
2021-02-02,ARTEA,Artea pensijų turto išsaugojimo fondas,1.1228,4669845.0823
2021-02-03,ARTEA,Artea pensijų turto išsaugojimo fondas,1.1229,4654537.84
2021-02-04,ARTEA,Artea pensijų turto išsaugojimo fondas,1.1239,4657016.7538
2021-02-05,ARTEA,Artea pensijų turto išsaugojimo fondas,1.1251,4666192.0957
2021-02-08,ARTEA,Artea pensijų turto išsaugojimo fondas,1.1257,4656144.7113
2021-02-09,ARTEA,Artea pensijų turto išsaugojimo fondas,1.1258,4668512.4365
2021-02-10,ARTEA,Artea pensijų turto išsaugojimo fondas,1.1254,4662675.4274
2021-02-11,ARTEA,Artea pensijų turto išsaugojimo fondas,1.1269,4689502.9975
2021-02-12,ARTEA,Artea pensijų turto išsaugojimo fondas,1.1269,4670144.9795
2021-02-15,ARTEA,Artea pensijų turto išsaugojimo fondas,1.1277,4682965.6843
2021-02-17,ARTEA,Artea pensijų turto išsaugojimo fondas,1.1253,4561270.1435
2021-02-18,ARTEA,Artea pensijų turto išsaugojimo fondas,1.1243,4555289.7629
2021-02-19,ARTEA,Artea pensijų turto išsaugojimo fondas,1.1244,4554766.8055
2021-02-22,ARTEA,Artea pensijų turto išsaugojimo fondas,1.121,4525022.6824
2021-02-23,ARTEA,Artea pensijų turto išsaugojimo fondas,1.1195,4536322.731
2021-02-24,ARTEA,Artea pensijų turto išsaugojimo fondas,1.1202,4507848.9107
2021-02-25,ARTEA,Artea pensijų turto išsaugojimo fondas,1.1171,4490230.9635
2021-02-26,ARTEA,Artea pensijų turto išsaugojimo fondas,1.1148,4490235.7251
2021-03-01,ARTEA,Artea pensijų turto išsaugojimo fondas,1.119,4535130.8585
2021-03-02,ARTEA,Artea pensijų turto išsaugojimo fondas,1.1181,4494643.4205
2021-03-03,ARTEA,Artea pensijų turto išsaugojimo fondas,1.1168,4490077.2595
2021-03-04,ARTEA,Artea pensijų turto išsaugojimo fondas,1.1167,4485202.3832
2021-03-05,ARTEA,Artea pensijų turto išsaugojimo fondas,1.1155,4501078.1331
2021-03-08,ARTEA,Artea pensijų turto išsaugojimo fondas,1.1183,4471877.9766
2021-03-09,ARTEA,Artea pensijų turto išsaugojimo fondas,1.1192,4485318.4941
2021-03-10,ARTEA,Artea pensijų turto išsaugojimo fondas,1.1201,4506374.5822
2021-03-12,ARTEA,Artea pensijų turto išsaugojimo fondas,1.1205,4497632.3956
2021-03-15,ARTEA,Artea pensijų turto išsaugojimo fondas,1.1225,4488916.0574
2021-03-16,ARTEA,Artea pensijų turto išsaugojimo fondas,1.125,4504614.8746
2021-03-17,ARTEA,Artea pensijų turto išsaugojimo fondas,1.1238,4490532.7018
2021-03-18,ARTEA,Artea pensijų turto išsaugojimo fondas,1.1231,4468246.3222
2021-03-19,ARTEA,Artea pensijų turto išsaugojimo fondas,1.1233,4468722.4446
2021-03-22,ARTEA,Artea pensijų turto išsaugojimo fondas,1.1243,4460863.1849
2021-03-23,ARTEA,Artea pensijų turto išsaugojimo fondas,1.125,4476385.7642
2021-03-24,ARTEA,Artea pensijų turto išsaugojimo fondas,1.125,4483677.6471
2021-03-25,ARTEA,Artea pensijų turto išsaugojimo fondas,1.1252,4484584.5125
2021-03-26,ARTEA,Artea pensijų turto išsaugojimo fondas,1.1265,4477390.6826
2021-03-29,ARTEA,Artea pensijų turto išsaugojimo fondas,1.1286,4484661.3796
2021-03-30,ARTEA,Artea pensijų turto išsaugojimo fondas,1.128,4492601.4701
2021-03-31,ARTEA,Artea pensijų turto išsaugojimo fondas,1.1283,4495268.0459
2021-04-01,ARTEA,Artea pensijų turto išsaugojimo fondas,1.129,4513320.3933
2021-04-02,ARTEA,Artea pensijų turto išsaugojimo fondas,1.1292,4528643.1863
2021-04-06,ARTEA,Artea pensijų turto išsaugojimo fondas,1.1303,4535689.4522
2021-04-07,ARTEA,Artea pensijų turto išsaugojimo fondas,1.1292,4547550.4606
2021-04-08,ARTEA,Artea pensijų turto išsaugojimo fondas,1.1301,4552727.7541
2021-04-09,ARTEA,Artea pensijų turto išsaugojimo fondas,1.1301,4557141.8772
2021-04-12,ARTEA,Artea pensijų turto išsaugojimo fondas,1.1298,4558015.8905
2021-04-13,ARTEA,Artea pensijų turto išsaugojimo fondas,1.1297,4576862.855
2021-04-14,ARTEA,Artea pensijų turto išsaugojimo fondas,1.1297,4591385.8517
2021-04-15,ARTEA,Artea pensijų turto išsaugojimo fondas,1.1318,4596017.1818
2021-04-16,ARTEA,Artea pensijų turto išsaugojimo fondas,1.1328,4591391.8179
2021-04-19,ARTEA,Artea pensijų turto išsaugojimo fondas,1.1321,4614043.6756
2021-04-20,ARTEA,Artea pensijų turto išsaugojimo fondas,1.1314,4623061.1091
2021-04-21,ARTEA,Artea pensijų turto išsaugojimo fondas,1.1326,4640296.225
2021-04-22,ARTEA,Artea pensijų turto išsaugojimo fondas,1.1332,4605732.8515
2021-04-23,ARTEA,Artea pensijų turto išsaugojimo fondas,1.1329,4597352.5964
2021-04-26,ARTEA,Artea pensijų turto išsaugojimo fondas,1.132,4595949.1203
2021-04-27,ARTEA,Artea pensijų turto išsaugojimo fondas,1.1309,4590870.2142
2021-04-28,ARTEA,Artea pensijų turto išsaugojimo fondas,1.1299,4586516.7638
2021-04-29,ARTEA,Artea pensijų turto išsaugojimo fondas,1.1295,4574530.5484
2021-04-30,ARTEA,Artea pensijų turto išsaugojimo fondas,1.1305,4574762.5331
2021-05-03,ARTEA,Artea pensijų turto išsaugojimo fondas,1.1317,4589447.3231
2021-05-04,ARTEA,Artea pensijų turto išsaugojimo fondas,1.1305,4598402.7084
2021-05-05,ARTEA,Artea pensijų turto išsaugojimo fondas,1.1319,4599651.5272
2021-05-06,ARTEA,Artea pensijų turto išsaugojimo fondas,1.1322,4623332.8165
2021-05-07,ARTEA,Artea pensijų turto išsaugojimo fondas,1.133,4626700.0794
2021-05-10,ARTEA,Artea pensijų turto išsaugojimo fondas,1.1339,4701057.3579
2021-05-11,ARTEA,Artea pensijų turto išsaugojimo fondas,1.1309,4681956.3143
2021-05-12,ARTEA,Artea pensijų turto išsaugojimo fondas,1.1295,4687541.876
2021-05-13,ARTEA,Artea pensijų turto išsaugojimo fondas,1.1293,4689724.3375
2021-05-14,ARTEA,Artea pensijų turto išsaugojimo fondas,1.1308,4694052.4952
2021-05-17,ARTEA,Artea pensijų turto išsaugojimo fondas,1.1301,4709282.7793
2021-05-18,ARTEA,Artea pensijų turto išsaugojimo fondas,1.1302,4716358.4147
2021-05-19,ARTEA,Artea pensijų turto išsaugojimo fondas,1.1276,4704104.6663
2021-05-20,ARTEA,Artea pensijų turto išsaugojimo fondas,1.1298,4720042.4679
2021-05-21,ARTEA,Artea pensijų turto išsaugojimo fondas,1.1302,4739825.746
2021-05-24,ARTEA,Artea pensijų turto išsaugojimo fondas,1.1305,4756261.8344
2021-05-25,ARTEA,Artea pensijų turto išsaugojimo fondas,1.1301,4766175.5959
2021-05-26,ARTEA,Artea pensijų turto išsaugojimo fondas,1.1313,4761039.1544
2021-05-27,ARTEA,Artea pensijų turto išsaugojimo fondas,1.1314,4765364.4923
2021-05-28,ARTEA,Artea pensijų turto išsaugojimo fondas,1.1324,4778386.7215
2021-05-31,ARTEA,Artea pensijų turto išsaugojimo fondas,1.1314,4777747.1778
2021-06-01,ARTEA,Artea pensijų turto išsaugojimo fondas,1.1313,4733610.7021
2021-06-02,ARTEA,Artea pensijų turto išsaugojimo fondas,1.1321,4726697.8351
2021-06-03,ARTEA,Artea pensijų turto išsaugojimo fondas,1.1329,4728735.8017
2021-06-04,ARTEA,Artea pensijų turto išsaugojimo fondas,1.1338,4751888.7033
2021-06-07,ARTEA,Artea pensijų turto išsaugojimo fondas,1.1336,4740076.6195
2021-06-08,ARTEA,Artea pensijų turto išsaugojimo fondas,1.134,4738493.9618
2021-06-09,ARTEA,Artea pensijų turto išsaugojimo fondas,1.1355,4729433.8872
2021-06-10,ARTEA,Artea pensijų turto išsaugojimo fondas,1.1367,4759293.1219
2021-06-11,ARTEA,Artea pensijų turto išsaugojimo fondas,1.1379,4761965.3816
2021-06-14,ARTEA,Artea pensijų turto išsaugojimo fondas,1.1375,4831545.0435
2021-06-15,ARTEA,Artea pensijų turto išsaugojimo fondas,1.1373,4832870.7564
2021-06-16,ARTEA,Artea pensijų turto išsaugojimo fondas,1.1376,4843171.8347
2021-06-17,ARTEA,Artea pensijų turto išsaugojimo fondas,1.1386,4844676.8397
2021-06-18,ARTEA,Artea pensijų turto išsaugojimo fondas,1.1378,4838734.4916
2021-06-21,ARTEA,Artea pensijų turto išsaugojimo fondas,1.1382,4838482.9346
2021-06-22,ARTEA,Artea pensijų turto išsaugojimo fondas,1.1384,4834312.2107
2021-06-23,ARTEA,Artea pensijų turto išsaugojimo fondas,1.1375,4839162.1705
2021-06-25,ARTEA,Artea pensijų turto išsaugojimo fondas,1.1387,4849362.3057
2021-06-28,ARTEA,Artea pensijų turto išsaugojimo fondas,1.1395,4863321.6336
2021-06-29,ARTEA,Artea pensijų turto išsaugojimo fondas,1.1398,4891911.9108
2021-06-30,ARTEA,Artea pensijų turto išsaugojimo fondas,1.1405,4908085.4667
2021-07-01,ARTEA,Artea pensijų turto išsaugojimo fondas,1.1405,4910251.6123
2021-07-02,ARTEA,Artea pensijų turto išsaugojimo fondas,1.1414,4933584.0205
2021-07-05,ARTEA,Artea pensijų turto išsaugojimo fondas,1.1417,4932084.7376
2021-07-07,ARTEA,Artea pensijų turto išsaugojimo fondas,1.1436,4940671.5143
2021-07-08,ARTEA,Artea pensijų turto išsaugojimo fondas,1.1413,4922247.964
2021-07-09,ARTEA,Artea pensijų turto išsaugojimo fondas,1.1422,4941751.5956
2021-07-12,ARTEA,Artea pensijų turto išsaugojimo fondas,1.1427,4922190.3288
2021-07-13,ARTEA,Artea pensijų turto išsaugojimo fondas,1.1441,4968093.9163
2021-07-14,ARTEA,Artea pensijų turto išsaugojimo fondas,1.1435,4970987.832
2021-07-15,ARTEA,Artea pensijų turto išsaugojimo fondas,1.1437,4987653.1414
2021-07-16,ARTEA,Artea pensijų turto išsaugojimo fondas,1.1442,4987374.1263
2021-07-19,ARTEA,Artea pensijų turto išsaugojimo fondas,1.1428,4950815.1594
2021-07-20,ARTEA,Artea pensijų turto išsaugojimo fondas,1.1445,5001874.4422
2021-07-21,ARTEA,Artea pensijų turto išsaugojimo fondas,1.1443,5021233.321
2021-07-22,ARTEA,Artea pensijų turto išsaugojimo fondas,1.1449,5016574.6452
2021-07-23,ARTEA,Artea pensijų turto išsaugojimo fondas,1.146,5055124.3914
2021-07-26,ARTEA,Artea pensijų turto išsaugojimo fondas,1.1451,5073402.3373
2021-07-27,ARTEA,Artea pensijų turto išsaugojimo fondas,1.1439,5067552.4145
2021-07-28,ARTEA,Artea pensijų turto išsaugojimo fondas,1.1452,5092719.9966
2021-07-29,ARTEA,Artea pensijų turto išsaugojimo fondas,1.145,5071787.1271
2021-07-30,ARTEA,Artea pensijų turto išsaugojimo fondas,1.1454,5086092.02
2021-08-02,ARTEA,Artea pensijų turto išsaugojimo fondas,1.1462,5085068.2054
2021-08-03,ARTEA,Artea pensijų turto išsaugojimo fondas,1.1465,5085178.0283
2021-08-04,ARTEA,Artea pensijų turto išsaugojimo fondas,1.147,5069601.6535
2021-08-05,ARTEA,Artea pensijų turto išsaugojimo fondas,1.147,5066699.9884
2021-08-06,ARTEA,Artea pensijų turto išsaugojimo fondas,1.1473,5081162.5839
2021-08-09,ARTEA,Artea pensijų turto išsaugojimo fondas,1.1478,5078728.0594
2021-08-10,ARTEA,Artea pensijų turto išsaugojimo fondas,1.1483,5154571.4074
2021-08-11,ARTEA,Artea pensijų turto išsaugojimo fondas,1.1486,5170568.6225
2021-08-12,ARTEA,Artea pensijų turto išsaugojimo fondas,1.1486,5202626.3289
2021-08-13,ARTEA,Artea pensijų turto išsaugojimo fondas,1.1489,5224169.5338
2021-08-16,ARTEA,Artea pensijų turto išsaugojimo fondas,1.1495,5236117.4215
2021-08-17,ARTEA,Artea pensijų turto išsaugojimo fondas,1.1507,5248001.8454
2021-08-18,ARTEA,Artea pensijų turto išsaugojimo fondas,1.1505,5288615.6757
2021-08-19,ARTEA,Artea pensijų turto išsaugojimo fondas,1.1498,5268981.2983
2021-08-20,ARTEA,Artea pensijų turto išsaugojimo fondas,1.1512,5291645.8872
2021-08-23,ARTEA,Artea pensijų turto išsaugojimo fondas,1.1515,5306822.2063
2021-08-24,ARTEA,Artea pensijų turto išsaugojimo fondas,1.1511,5273742.4657
2021-08-25,ARTEA,Artea pensijų turto išsaugojimo fondas,1.1504,5250696.6864
2021-08-26,ARTEA,Artea pensijų turto išsaugojimo fondas,1.1494,5253288.1304
2021-08-27,ARTEA,Artea pensijų turto išsaugojimo fondas,1.15,5291809.014
2021-08-30,ARTEA,Artea pensijų turto išsaugojimo fondas,1.151,5271087.6138
2021-08-31,ARTEA,Artea pensijų turto išsaugojimo fondas,1.1509,5292988.5536
2021-09-01,ARTEA,Artea pensijų turto išsaugojimo fondas,1.1509,5281809.8212
2021-09-02,ARTEA,Artea pensijų turto išsaugojimo fondas,1.1514,5283887.0744
2021-09-03,ARTEA,Artea pensijų turto išsaugojimo fondas,1.1516,5330067.4577
2021-09-06,ARTEA,Artea pensijų turto išsaugojimo fondas,1.1527,5323564.285
2021-09-07,ARTEA,Artea pensijų turto išsaugojimo fondas,1.151,5304155.4609
2021-09-08,ARTEA,Artea pensijų turto išsaugojimo fondas,1.1511,5301240.7674
2021-09-09,ARTEA,Artea pensijų turto išsaugojimo fondas,1.1511,5314950.1257
2021-09-10,ARTEA,Artea pensijų turto išsaugojimo fondas,1.1498,5290793.4965
2021-09-13,ARTEA,Artea pensijų turto išsaugojimo fondas,1.1497,5334946.1902
2021-09-14,ARTEA,Artea pensijų turto išsaugojimo fondas,1.1492,5334596.8007
2021-09-15,ARTEA,Artea pensijų turto išsaugojimo fondas,1.149,5342609.2615
2021-09-16,ARTEA,Artea pensijų turto išsaugojimo fondas,1.149,5365063.6246
2021-09-17,ARTEA,Artea pensijų turto išsaugojimo fondas,1.1482,5372172.7733
2021-09-20,ARTEA,Artea pensijų turto išsaugojimo fondas,1.1461,5381299.5915
2021-09-21,ARTEA,Artea pensijų turto išsaugojimo fondas,1.1472,5430534.5826
2021-09-22,ARTEA,Artea pensijų turto išsaugojimo fondas,1.1476,5479210.9871
2021-09-23,ARTEA,Artea pensijų turto išsaugojimo fondas,1.1473,5503407.9673
2021-09-24,ARTEA,Artea pensijų turto išsaugojimo fondas,1.1458,5506390.8757
2021-09-27,ARTEA,Artea pensijų turto išsaugojimo fondas,1.1446,5520068.8759
2021-09-28,ARTEA,Artea pensijų turto išsaugojimo fondas,1.1406,5514395.5965
2021-09-29,ARTEA,Artea pensijų turto išsaugojimo fondas,1.1424,5539274.7419
2021-09-30,ARTEA,Artea pensijų turto išsaugojimo fondas,1.142,5576876.0246
2021-10-01,ARTEA,Artea pensijų turto išsaugojimo fondas,1.1405,5689575.505
2021-10-04,ARTEA,Artea pensijų turto išsaugojimo fondas,1.1382,5720218.0741
2021-10-05,ARTEA,Artea pensijų turto išsaugojimo fondas,1.1402,5729323.9921
2021-10-06,ARTEA,Artea pensijų turto išsaugojimo fondas,1.1389,5714236.0212
2021-10-07,ARTEA,Artea pensijų turto išsaugojimo fondas,1.1422,5755406.445
2021-10-08,ARTEA,Artea pensijų turto išsaugojimo fondas,1.1407,5728324.6919
2021-10-11,ARTEA,Artea pensijų turto išsaugojimo fondas,1.1404,5906877.9299
2021-10-12,ARTEA,Artea pensijų turto išsaugojimo fondas,1.1394,5891121.0912
2021-10-13,ARTEA,Artea pensijų turto išsaugojimo fondas,1.1396,5923930.9468
2021-10-14,ARTEA,Artea pensijų turto išsaugojimo fondas,1.1424,5962030.9595
2021-10-15,ARTEA,Artea pensijų turto išsaugojimo fondas,1.1429,5976023.5395
2021-10-18,ARTEA,Artea pensijų turto išsaugojimo fondas,1.1417,5984719.9364
2021-10-19,ARTEA,Artea pensijų turto išsaugojimo fondas,1.142,5932866.3688
2021-10-20,ARTEA,Artea pensijų turto išsaugojimo fondas,1.1426,5928385.9307
2021-10-21,ARTEA,Artea pensijų turto išsaugojimo fondas,1.1418,5939882.7346
2021-10-22,ARTEA,Artea pensijų turto išsaugojimo fondas,1.1425,5977094.2886
2021-10-25,ARTEA,Artea pensijų turto išsaugojimo fondas,1.1437,5981081.375
2021-10-26,ARTEA,Artea pensijų turto išsaugojimo fondas,1.1441,6050366.9467
2021-10-27,ARTEA,Artea pensijų turto išsaugojimo fondas,1.1435,6093279.7396
2021-10-28,ARTEA,Artea pensijų turto išsaugojimo fondas,1.1424,6114856.2127
2021-10-29,ARTEA,Artea pensijų turto išsaugojimo fondas,1.1431,6168736.0172
2021-11-03,ARTEA,Artea pensijų turto išsaugojimo fondas,1.1436,6171798.9025
2021-11-04,ARTEA,Artea pensijų turto išsaugojimo fondas,1.1461,6248699.8249
2021-11-05,ARTEA,Artea pensijų turto išsaugojimo fondas,1.1465,6263226.7128
2021-11-08,ARTEA,Artea pensijų turto išsaugojimo fondas,1.1462,6278503.5579
2021-11-09,ARTEA,Artea pensijų turto išsaugojimo fondas,1.1467,6333357.4854
2021-11-10,ARTEA,Artea pensijų turto išsaugojimo fondas,1.1473,6334334.8428
2021-11-11,ARTEA,Artea pensijų turto išsaugojimo fondas,1.1474,6356569.8726
2021-11-12,ARTEA,Artea pensijų turto išsaugojimo fondas,1.1487,6359790.4799
2021-11-15,ARTEA,Artea pensijų turto išsaugojimo fondas,1.1489,6332780.004
2021-11-16,ARTEA,Artea pensijų turto išsaugojimo fondas,1.1499,6333566.7194
2021-11-17,ARTEA,Artea pensijų turto išsaugojimo fondas,1.149,6352771.6724
2021-11-18,ARTEA,Artea pensijų turto išsaugojimo fondas,1.1478,6353820.4838
2021-11-19,ARTEA,Artea pensijų turto išsaugojimo fondas,1.1497,6429758.6303
2021-11-22,ARTEA,Artea pensijų turto išsaugojimo fondas,1.1496,6419014.9202
2021-11-23,ARTEA,Artea pensijų turto išsaugojimo fondas,1.1465,6406165.5169
2021-11-24,ARTEA,Artea pensijų turto išsaugojimo fondas,1.1471,6428400.2168
2021-11-25,ARTEA,Artea pensijų turto išsaugojimo fondas,1.1472,6442630.6776
2021-11-26,ARTEA,Artea pensijų turto išsaugojimo fondas,1.1421,6430252.5482
2021-11-29,ARTEA,Artea pensijų turto išsaugojimo fondas,1.1433,6430227.5143
2021-11-30,ARTEA,Artea pensijų turto išsaugojimo fondas,1.1414,6435110.8185
2021-12-01,ARTEA,Artea pensijų turto išsaugojimo fondas,1.1423,6465556.9322
2021-12-02,ARTEA,Artea pensijų turto išsaugojimo fondas,1.1421,6515423.7676
2021-12-03,ARTEA,Artea pensijų turto išsaugojimo fondas,1.1426,6579690.018
2021-12-06,ARTEA,Artea pensijų turto išsaugojimo fondas,1.145,6624285.4165
2021-12-07,ARTEA,Artea pensijų turto išsaugojimo fondas,1.1483,6643081.5181
2021-12-08,ARTEA,Artea pensijų turto išsaugojimo fondas,1.1465,6627258.8708
2021-12-09,ARTEA,Artea pensijų turto išsaugojimo fondas,1.1478,6658047.4253
2021-12-10,ARTEA,Artea pensijų turto išsaugojimo fondas,1.1475,6640153.9589
2021-12-13,ARTEA,Artea pensijų turto išsaugojimo fondas,1.1483,6715577.3998
2021-12-14,ARTEA,Artea pensijų turto išsaugojimo fondas,1.1478,6720708.2159
2021-12-15,ARTEA,Artea pensijų turto išsaugojimo fondas,1.1484,6731476.7643
2021-12-16,ARTEA,Artea pensijų turto išsaugojimo fondas,1.1504,6775482.0229
2021-12-17,ARTEA,Artea pensijų turto išsaugojimo fondas,1.1497,6834523.8085
2021-12-20,ARTEA,Artea pensijų turto išsaugojimo fondas,1.1462,6804505.4638
2021-12-21,ARTEA,Artea pensijų turto išsaugojimo fondas,1.1475,6823745.173
2021-12-22,ARTEA,Artea pensijų turto išsaugojimo fondas,1.1477,6846479.9669
2021-12-23,ARTEA,Artea pensijų turto išsaugojimo fondas,1.1488,6861805.6499
2021-12-27,ARTEA,Artea pensijų turto išsaugojimo fondas,1.1494,6887053.6495
2021-12-28,ARTEA,Artea pensijų turto išsaugojimo fondas,1.1509,6921650.8868
2021-12-29,ARTEA,Artea pensijų turto išsaugojimo fondas,1.15,6919521.8642
2021-12-30,ARTEA,Artea pensijų turto išsaugojimo fondas,1.1507,6929162.0197
2021-12-31,ARTEA,Artea pensijų turto išsaugojimo fondas,1.1508,6954642.559
2022-01-03,ARTEA,Artea pensijų turto išsaugojimo fondas,1.1495,6941820.3782
2022-01-04,ARTEA,Artea pensijų turto išsaugojimo fondas,1.1498,6943756.8518
2022-01-05,ARTEA,Artea pensijų turto išsaugojimo fondas,1.1492,6975346.0193
2022-01-06,ARTEA,Artea pensijų turto išsaugojimo fondas,1.146,6951993.4099
2022-01-07,ARTEA,Artea pensijų turto išsaugojimo fondas,1.1441,6937394.7118
2022-01-10,ARTEA,Artea pensijų turto išsaugojimo fondas,1.1417,6947874.1625
2022-01-11,ARTEA,Artea pensijų turto išsaugojimo fondas,1.1428,6946602.9686
2022-01-12,ARTEA,Artea pensijų turto išsaugojimo fondas,1.143,7027050.2841
2022-01-13,ARTEA,Artea pensijų turto išsaugojimo fondas,1.142,7018508.4794
2022-01-14,ARTEA,Artea pensijų turto išsaugojimo fondas,1.1393,7038166.9445
2022-01-17,ARTEA,Artea pensijų turto išsaugojimo fondas,1.14,7069564.5712
2022-01-18,ARTEA,Artea pensijų turto išsaugojimo fondas,1.1379,7093079.401
2022-01-19,ARTEA,Artea pensijų turto išsaugojimo fondas,1.1382,7094293.6566
2022-01-20,ARTEA,Artea pensijų turto išsaugojimo fondas,1.14,7139999.8991
2022-01-21,ARTEA,Artea pensijų turto išsaugojimo fondas,1.1379,7160055.1362
2022-01-24,ARTEA,Artea pensijų turto išsaugojimo fondas,1.1329,7157040.3404
2022-01-25,ARTEA,Artea pensijų turto išsaugojimo fondas,1.1331,7221337.4296
2022-01-26,ARTEA,Artea pensijų turto išsaugojimo fondas,1.135,7246207.0547
2022-01-27,ARTEA,Artea pensijų turto išsaugojimo fondas,1.1356,7300698.6599
2022-01-28,ARTEA,Artea pensijų turto išsaugojimo fondas,1.1333,7327534.5537
2022-01-31,ARTEA,Artea pensijų turto išsaugojimo fondas,1.135,7334288.4076
2022-02-01,ARTEA,Artea pensijų turto išsaugojimo fondas,1.135,7349890.2303
2022-02-02,ARTEA,Artea pensijų turto išsaugojimo fondas,1.1359,7349062.9846
2022-02-03,ARTEA,Artea pensijų turto išsaugojimo fondas,1.1313,7300414.3146
2022-02-04,ARTEA,Artea pensijų turto išsaugojimo fondas,1.126,7235397.2068
2022-02-07,ARTEA,Artea pensijų turto išsaugojimo fondas,1.1245,7225695.6065
2022-02-08,ARTEA,Artea pensijų turto išsaugojimo fondas,1.1241,7212822.5051
2022-02-09,ARTEA,Artea pensijų turto išsaugojimo fondas,1.1266,7228393.9005
2022-02-10,ARTEA,Artea pensijų turto išsaugojimo fondas,1.124,7242997.7716
2022-02-11,ARTEA,Artea pensijų turto išsaugojimo fondas,1.1226,7228477.635
2022-02-14,ARTEA,Artea pensijų turto išsaugojimo fondas,1.1196,7214226.8043
2022-02-15,ARTEA,Artea pensijų turto išsaugojimo fondas,1.1204,7243935.0652
2022-02-17,ARTEA,Artea pensijų turto išsaugojimo fondas,1.1197,7236069.5175
2022-02-18,ARTEA,Artea pensijų turto išsaugojimo fondas,1.1193,7224678.5239
2022-02-21,ARTEA,Artea pensijų turto išsaugojimo fondas,1.118,7220079.3767
2022-02-22,ARTEA,Artea pensijų turto išsaugojimo fondas,1.116,7224303.9849
2022-02-23,ARTEA,Artea pensijų turto išsaugojimo fondas,1.1142,7249271.9683
2022-02-24,ARTEA,Artea pensijų turto išsaugojimo fondas,1.1065,7203151.7193
2022-02-25,ARTEA,Artea pensijų turto išsaugojimo fondas,1.1116,7257200.9652
2022-02-28,ARTEA,Artea pensijų turto išsaugojimo fondas,1.1101,7289625.67
2022-03-01,ARTEA,Artea pensijų turto išsaugojimo fondas,1.1117,7290997.4735
2022-03-02,ARTEA,Artea pensijų turto išsaugojimo fondas,1.1109,7268219.7246
2022-03-03,ARTEA,Artea pensijų turto išsaugojimo fondas,1.1102,7264700.8174
2022-03-04,ARTEA,Artea pensijų turto išsaugojimo fondas,1.1097,7262993.0408
2022-03-07,ARTEA,Artea pensijų turto išsaugojimo fondas,1.1072,7275030.2086
2022-03-08,ARTEA,Artea pensijų turto išsaugojimo fondas,1.1024,7254682.4891
2022-03-09,ARTEA,Artea pensijų turto išsaugojimo fondas,1.1025,7236591.4241
2022-03-10,ARTEA,Artea pensijų turto išsaugojimo fondas,1.1012,7257375.858
2022-03-14,ARTEA,Artea pensijų turto išsaugojimo fondas,1.1007,7240741.3536
2022-03-15,ARTEA,Artea pensijų turto išsaugojimo fondas,1.1024,7210698.5049
2022-03-16,ARTEA,Artea pensijų turto išsaugojimo fondas,1.1053,7226156.7983
2022-03-17,ARTEA,Artea pensijų turto išsaugojimo fondas,1.1071,7187350.1668
2022-03-18,ARTEA,Artea pensijų turto išsaugojimo fondas,1.1096,7160287.9171
2022-03-21,ARTEA,Artea pensijų turto išsaugojimo fondas,1.1098,7156263.9125
2022-03-22,ARTEA,Artea pensijų turto išsaugojimo fondas,1.1092,7141159.2076
2022-03-23,ARTEA,Artea pensijų turto išsaugojimo fondas,1.1087,7121391.7616
2022-03-24,ARTEA,Artea pensijų turto išsaugojimo fondas,1.1088,7104580.7064
2022-03-25,ARTEA,Artea pensijų turto išsaugojimo fondas,1.1099,7099589.4955
2022-03-28,ARTEA,Artea pensijų turto išsaugojimo fondas,1.11,7084575.8174
2022-03-29,ARTEA,Artea pensijų turto išsaugojimo fondas,1.1119,7099962.1977
2022-03-30,ARTEA,Artea pensijų turto išsaugojimo fondas,1.1124,7080854.2847
2022-03-31,ARTEA,Artea pensijų turto išsaugojimo fondas,1.1138,7120488.2432
2022-04-01,ARTEA,Artea pensijų turto išsaugojimo fondas,1.1136,7082063.1699
2022-04-04,ARTEA,Artea pensijų turto išsaugojimo fondas,1.1168,7060094.1788
2022-04-05,ARTEA,Artea pensijų turto išsaugojimo fondas,1.1172,7072870.9557
2022-04-06,ARTEA,Artea pensijų turto išsaugojimo fondas,1.1141,7053282.1481
2022-04-07,ARTEA,Artea pensijų turto išsaugojimo fondas,1.1144,7088925.435
2022-04-08,ARTEA,Artea pensijų turto išsaugojimo fondas,1.1155,7089581.3186
2022-04-11,ARTEA,Artea pensijų turto išsaugojimo fondas,1.1114,7085016.4697
2022-04-12,ARTEA,Artea pensijų turto išsaugojimo fondas,1.1103,7076959.0168
2022-04-13,ARTEA,Artea pensijų turto išsaugojimo fondas,1.1091,7064312.7664
2022-04-14,ARTEA,Artea pensijų turto išsaugojimo fondas,1.1097,7060562.5312
2022-04-15,ARTEA,Artea pensijų turto išsaugojimo fondas,1.1097,7087820.0345
2022-04-19,ARTEA,Artea pensijų turto išsaugojimo fondas,1.1065,7097168.3231
2022-04-20,ARTEA,Artea pensijų turto išsaugojimo fondas,1.1066,7094589.9295
2022-04-21,ARTEA,Artea pensijų turto išsaugojimo fondas,1.1049,7082709.4847
2022-04-22,ARTEA,Artea pensijų turto išsaugojimo fondas,1.1007,7057967.8605
2022-04-25,ARTEA,Artea pensijų turto išsaugojimo fondas,1.0984,7041155.8823
2022-04-26,ARTEA,Artea pensijų turto išsaugojimo fondas,1.0991,7053113.1676
2022-04-27,ARTEA,Artea pensijų turto išsaugojimo fondas,1.0995,7037532.5187
2022-04-28,ARTEA,Artea pensijų turto išsaugojimo fondas,1.0981,7023274.8678
2022-04-29,ARTEA,Artea pensijų turto išsaugojimo fondas,1.096,6998379.0883
2022-05-02,ARTEA,Artea pensijų turto išsaugojimo fondas,1.092,6974266.2363
2022-05-03,ARTEA,Artea pensijų turto išsaugojimo fondas,1.0915,6966013.9672
2022-05-04,ARTEA,Artea pensijų turto išsaugojimo fondas,1.0894,6977764.8393
2022-05-05,ARTEA,Artea pensijų turto išsaugojimo fondas,1.09,6977228.3826
2022-05-06,ARTEA,Artea pensijų turto išsaugojimo fondas,1.0846,6939872.7155
2022-05-09,ARTEA,Artea pensijų turto išsaugojimo fondas,1.0807,6921822.3941
2022-05-10,ARTEA,Artea pensijų turto išsaugojimo fondas,1.0795,6913013.6306
2022-05-11,ARTEA,Artea pensijų turto išsaugojimo fondas,1.0811,6910761.0785
2022-05-12,ARTEA,Artea pensijų turto išsaugojimo fondas,1.0817,6942147.6209
2022-05-13,ARTEA,Artea pensijų turto išsaugojimo fondas,1.0842,6957671.6849
2022-05-16,ARTEA,Artea pensijų turto išsaugojimo fondas,1.0836,6932261.9182
2022-05-17,ARTEA,Artea pensijų turto išsaugojimo fondas,1.0821,6981902.2879
2022-05-18,ARTEA,Artea pensijų turto išsaugojimo fondas,1.0789,6990879.6614
2022-05-19,ARTEA,Artea pensijų turto išsaugojimo fondas,1.0753,7006501.1198
2022-05-20,ARTEA,Artea pensijų turto išsaugojimo fondas,1.0762,7046934.2564
2022-05-23,ARTEA,Artea pensijų turto išsaugojimo fondas,1.0776,7022994.5541
2022-05-24,ARTEA,Artea pensijų turto išsaugojimo fondas,1.0758,6983712.5472
2022-05-25,ARTEA,Artea pensijų turto išsaugojimo fondas,1.0789,6991468.054
2022-05-26,ARTEA,Artea pensijų turto išsaugojimo fondas,1.0805,6986850.7675
2022-05-27,ARTEA,Artea pensijų turto išsaugojimo fondas,1.0845,7006522.9262
2022-05-30,ARTEA,Artea pensijų turto išsaugojimo fondas,1.0849,7033491.4554
2022-05-31,ARTEA,Artea pensijų turto išsaugojimo fondas,1.0828,7036116.5277
2022-06-01,ARTEA,Artea pensijų turto išsaugojimo fondas,1.0815,7010314.2
2022-06-02,ARTEA,Artea pensijų turto išsaugojimo fondas,1.0804,6989045.0835
2022-06-03,ARTEA,Artea pensijų turto išsaugojimo fondas,1.0798,6986521.2712
2022-06-06,ARTEA,Artea pensijų turto išsaugojimo fondas,1.0798,6951794.4713
2022-06-07,ARTEA,Artea pensijų turto išsaugojimo fondas,1.078,6927824.0027
2022-06-08,ARTEA,Artea pensijų turto išsaugojimo fondas,1.0766,6916677.4405
2022-06-09,ARTEA,Artea pensijų turto išsaugojimo fondas,1.0732,6921572.9452
2022-06-10,ARTEA,Artea pensijų turto išsaugojimo fondas,1.0682,6854933.1451
2022-06-13,ARTEA,Artea pensijų turto išsaugojimo fondas,1.0581,6790596.4587
2022-06-14,ARTEA,Artea pensijų turto išsaugojimo fondas,1.0533,6749982.1117
2022-06-15,ARTEA,Artea pensijų turto išsaugojimo fondas,1.0534,6749107.7763
2022-06-16,ARTEA,Artea pensijų turto išsaugojimo fondas,1.0477,6726541.4615
2022-06-17,ARTEA,Artea pensijų turto išsaugojimo fondas,1.0487,6746063.855
2022-06-20,ARTEA,Artea pensijų turto išsaugojimo fondas,1.0481,6754607.7314
2022-06-21,ARTEA,Artea pensijų turto išsaugojimo fondas,1.0489,6798424.0043
2022-06-22,ARTEA,Artea pensijų turto išsaugojimo fondas,1.0489,6792278.124
2022-06-23,ARTEA,Artea pensijų turto išsaugojimo fondas,1.0519,6806927.3417
2022-06-27,ARTEA,Artea pensijų turto išsaugojimo fondas,1.0555,6950105.8401
2022-06-28,ARTEA,Artea pensijų turto išsaugojimo fondas,1.0542,6952461.8419
2022-06-29,ARTEA,Artea pensijų turto išsaugojimo fondas,1.0523,6909696.058
2022-06-30,ARTEA,Artea pensijų turto išsaugojimo fondas,1.052,6910971.8207
2022-07-01,ARTEA,Artea pensijų turto išsaugojimo fondas,1.0557,6966539.2317
2022-07-04,ARTEA,Artea pensijų turto išsaugojimo fondas,1.056,6963455.3407
2022-07-05,ARTEA,Artea pensijų turto išsaugojimo fondas,1.057,6977256.2286
2022-07-07,ARTEA,Artea pensijų turto išsaugojimo fondas,1.0609,7010691.7787
2022-07-08,ARTEA,Artea pensijų turto išsaugojimo fondas,1.0604,6983549.7749
2022-07-11,ARTEA,Artea pensijų turto išsaugojimo fondas,1.0611,7020813.2766
2022-07-12,ARTEA,Artea pensijų turto išsaugojimo fondas,1.0613,7018964.4754
2022-07-13,ARTEA,Artea pensijų turto išsaugojimo fondas,1.0573,6988053.3523
2022-07-14,ARTEA,Artea pensijų turto išsaugojimo fondas,1.0545,6980534.0986
2022-07-15,ARTEA,Artea pensijų turto išsaugojimo fondas,1.0564,7020723.584
2022-07-18,ARTEA,Artea pensijų turto išsaugojimo fondas,1.0561,7019022.0454
2022-07-19,ARTEA,Artea pensijų turto išsaugojimo fondas,1.055,7050088.9298
2022-07-20,ARTEA,Artea pensijų turto išsaugojimo fondas,1.0572,7079153.0506
2022-07-21,ARTEA,Artea pensijų turto išsaugojimo fondas,1.0581,7090473.8643
2022-07-22,ARTEA,Artea pensijų turto išsaugojimo fondas,1.0607,7111972.4633
2022-07-25,ARTEA,Artea pensijų turto išsaugojimo fondas,1.0626,7133042.0253
2022-07-26,ARTEA,Artea pensijų turto išsaugojimo fondas,1.0638,7150424.1611
2022-07-27,ARTEA,Artea pensijų turto išsaugojimo fondas,1.0644,7187295.8291
2022-07-28,ARTEA,Artea pensijų turto išsaugojimo fondas,1.0691,7199865.1752
2022-07-29,ARTEA,Artea pensijų turto išsaugojimo fondas,1.0712,7215347.2876
2022-08-01,ARTEA,Artea pensijų turto išsaugojimo fondas,1.0726,7187023.1406
2022-08-02,ARTEA,Artea pensijų turto išsaugojimo fondas,1.0734,7143914.4759
2022-08-03,ARTEA,Artea pensijų turto išsaugojimo fondas,1.0731,7131595.7452
2022-08-04,ARTEA,Artea pensijų turto išsaugojimo fondas,1.0743,7142014.9725
2022-08-05,ARTEA,Artea pensijų turto išsaugojimo fondas,1.0747,7116310.5838
2022-08-08,ARTEA,Artea pensijų turto išsaugojimo fondas,1.0761,7120869.9679
2022-08-09,ARTEA,Artea pensijų turto išsaugojimo fondas,1.0765,7133481.8056
2022-08-10,ARTEA,Artea pensijų turto išsaugojimo fondas,1.0769,7125403.5062
2022-08-11,ARTEA,Artea pensijų turto išsaugojimo fondas,1.0791,7227110.5412
2022-08-12,ARTEA,Artea pensijų turto išsaugojimo fondas,1.0801,7254508.6805
2022-08-16,ARTEA,Artea pensijų turto išsaugojimo fondas,1.083,7285908.5466
2022-08-17,ARTEA,Artea pensijų turto išsaugojimo fondas,1.081,7234686.6821
2022-08-18,ARTEA,Artea pensijų turto išsaugojimo fondas,1.0814,7260708.7472
2022-08-19,ARTEA,Artea pensijų turto išsaugojimo fondas,1.0797,7295584.2118
2022-08-22,ARTEA,Artea pensijų turto išsaugojimo fondas,1.0779,7320372.0843
2022-08-23,ARTEA,Artea pensijų turto išsaugojimo fondas,1.0753,7285267.0131
2022-08-24,ARTEA,Artea pensijų turto išsaugojimo fondas,1.0754,7288717.6512
2022-08-25,ARTEA,Artea pensijų turto išsaugojimo fondas,1.0756,7309347.4016
2022-08-26,ARTEA,Artea pensijų turto išsaugojimo fondas,1.0737,7325190.0299
2022-08-29,ARTEA,Artea pensijų turto išsaugojimo fondas,1.0694,7305722.5448
2022-08-30,ARTEA,Artea pensijų turto išsaugojimo fondas,1.0663,7286070.1559
2022-08-31,ARTEA,Artea pensijų turto išsaugojimo fondas,1.064,7268630.1275
2022-09-01,ARTEA,Artea pensijų turto išsaugojimo fondas,1.0629,7260261.1969
2022-09-02,ARTEA,Artea pensijų turto išsaugojimo fondas,1.0634,7268758.6828
2022-09-05,ARTEA,Artea pensijų turto išsaugojimo fondas,1.0622,7251503.2423
2022-09-06,ARTEA,Artea pensijų turto išsaugojimo fondas,1.062,7263588.8059
2022-09-07,ARTEA,Artea pensijų turto išsaugojimo fondas,1.0614,7255159.027
2022-09-08,ARTEA,Artea pensijų turto išsaugojimo fondas,1.0631,7293320.9763
2022-09-09,ARTEA,Artea pensijų turto išsaugojimo fondas,1.064,7299612.2268
2022-09-12,ARTEA,Artea pensijų turto išsaugojimo fondas,1.0643,7362170.2115
2022-09-13,ARTEA,Artea pensijų turto išsaugojimo fondas,1.0612,7424970.271
2022-09-14,ARTEA,Artea pensijų turto išsaugojimo fondas,1.0585,7437315.6155
2022-09-15,ARTEA,Artea pensijų turto išsaugojimo fondas,1.0568,7428895.6824
2022-09-16,ARTEA,Artea pensijų turto išsaugojimo fondas,1.0538,7425743.569
2022-09-19,ARTEA,Artea pensijų turto išsaugojimo fondas,1.0534,7431520.9603
2022-09-20,ARTEA,Artea pensijų turto išsaugojimo fondas,1.0507,7408079.8886
2022-09-21,ARTEA,Artea pensijų turto išsaugojimo fondas,1.0521,7424635.2605
2022-09-22,ARTEA,Artea pensijų turto išsaugojimo fondas,1.0481,7397918.7461
2022-09-23,ARTEA,Artea pensijų turto išsaugojimo fondas,1.0445,7377698.9389
2022-09-26,ARTEA,Artea pensijų turto išsaugojimo fondas,1.0404,7382136.1918
2022-09-27,ARTEA,Artea pensijų turto išsaugojimo fondas,1.0383,7364137.3417
2022-09-28,ARTEA,Artea pensijų turto išsaugojimo fondas,1.0344,7320380.3187
2022-09-29,ARTEA,Artea pensijų turto išsaugojimo fondas,1.0278,7268810.1808
2022-09-30,ARTEA,Artea pensijų turto išsaugojimo fondas,1.0281,7299908.1207
2022-10-03,ARTEA,Artea pensijų turto išsaugojimo fondas,1.029,7293776.7775
2022-10-04,ARTEA,Artea pensijų turto išsaugojimo fondas,1.0352,7353594.9773
2022-10-05,ARTEA,Artea pensijų turto išsaugojimo fondas,1.0336,7349387.0914
2022-10-06,ARTEA,Artea pensijų turto išsaugojimo fondas,1.0328,7371990.3464
2022-10-07,ARTEA,Artea pensijų turto išsaugojimo fondas,1.0289,7363500.1747
2022-10-10,ARTEA,Artea pensijų turto išsaugojimo fondas,1.028,7369230.4845
2022-10-11,ARTEA,Artea pensijų turto išsaugojimo fondas,1.0257,7369940.9552
2022-10-12,ARTEA,Artea pensijų turto išsaugojimo fondas,1.0244,7356058.4003
2022-10-13,ARTEA,Artea pensijų turto išsaugojimo fondas,1.0217,7358105.73
2022-10-14,ARTEA,Artea pensijų turto išsaugojimo fondas,1.023,7336644.995
2022-10-17,ARTEA,Artea pensijų turto išsaugojimo fondas,1.0236,7289524.3794
2022-10-18,ARTEA,Artea pensijų turto išsaugojimo fondas,1.0227,7410066.6652
2022-10-19,ARTEA,Artea pensijų turto išsaugojimo fondas,1.0205,7408266.4663
2022-10-20,ARTEA,Artea pensijų turto išsaugojimo fondas,1.0179,7412207.2389
2022-10-21,ARTEA,Artea pensijų turto išsaugojimo fondas,1.0159,7451364.2493
2022-10-24,ARTEA,Artea pensijų turto išsaugojimo fondas,1.0173,7459141.876
2022-10-25,ARTEA,Artea pensijų turto išsaugojimo fondas,1.0206,7490701.2885
2022-10-26,ARTEA,Artea pensijų turto išsaugojimo fondas,1.0237,7489363.4501
2022-10-27,ARTEA,Artea pensijų turto išsaugojimo fondas,1.0264,7507607.1447
2022-10-28,ARTEA,Artea pensijų turto išsaugojimo fondas,1.0288,7550848.4123
2022-10-31,ARTEA,Artea pensijų turto išsaugojimo fondas,1.0305,7569574.6783
2022-11-03,ARTEA,Artea pensijų turto išsaugojimo fondas,1.0283,7582971.0324
2022-11-04,ARTEA,Artea pensijų turto išsaugojimo fondas,1.028,7605082.6491
2022-11-07,ARTEA,Artea pensijų turto išsaugojimo fondas,1.0294,7637060.9712
2022-11-08,ARTEA,Artea pensijų turto išsaugojimo fondas,1.0314,7644448.5165
2022-11-09,ARTEA,Artea pensijų turto išsaugojimo fondas,1.0322,7645737.1925
2022-11-10,ARTEA,Artea pensijų turto išsaugojimo fondas,1.0373,7713626.7837
2022-11-11,ARTEA,Artea pensijų turto išsaugojimo fondas,1.0367,7656842.8885
2022-11-14,ARTEA,Artea pensijų turto išsaugojimo fondas,1.0397,7744420.9299
2022-11-15,ARTEA,Artea pensijų turto išsaugojimo fondas,1.0414,7721293.7333
2022-11-16,ARTEA,Artea pensijų turto išsaugojimo fondas,1.041,7712674.2027
2022-11-17,ARTEA,Artea pensijų turto išsaugojimo fondas,1.0404,7705893.9192
2022-11-18,ARTEA,Artea pensijų turto išsaugojimo fondas,1.0418,7718647.8056
2022-11-21,ARTEA,Artea pensijų turto išsaugojimo fondas,1.0433,7806947.4141
2022-11-22,ARTEA,Artea pensijų turto išsaugojimo fondas,1.0444,7816022.9907
2022-11-23,ARTEA,Artea pensijų turto išsaugojimo fondas,1.0458,7858844.005
2022-11-24,ARTEA,Artea pensijų turto išsaugojimo fondas,1.0475,7852408.5821
2022-11-25,ARTEA,Artea pensijų turto išsaugojimo fondas,1.0492,7875744.0333
2022-11-28,ARTEA,Artea pensijų turto išsaugojimo fondas,1.0492,7851857.5381
2022-11-29,ARTEA,Artea pensijų turto išsaugojimo fondas,1.0502,7865381.8397
2022-11-30,ARTEA,Artea pensijų turto išsaugojimo fondas,1.0523,7908145.1083
2022-12-01,ARTEA,Artea pensijų turto išsaugojimo fondas,1.0555,7933722.1789
2022-12-02,ARTEA,Artea pensijų turto išsaugojimo fondas,1.0554,7960159.0886
2022-12-05,ARTEA,Artea pensijų turto išsaugojimo fondas,1.0545,7886580.2807
2022-12-06,ARTEA,Artea pensijų turto išsaugojimo fondas,1.0532,7919395.6351
2022-12-07,ARTEA,Artea pensijų turto išsaugojimo fondas,1.053,7895674.7122
2022-12-08,ARTEA,Artea pensijų turto išsaugojimo fondas,1.0541,7925419.762
2022-12-09,ARTEA,Artea pensijų turto išsaugojimo fondas,1.0545,7896532.2002
2022-12-12,ARTEA,Artea pensijų turto išsaugojimo fondas,1.0539,7922515.1376
2022-12-13,ARTEA,Artea pensijų turto išsaugojimo fondas,1.0561,7966713.4687
2022-12-14,ARTEA,Artea pensijų turto išsaugojimo fondas,1.0563,7984567.3735
2022-12-15,ARTEA,Artea pensijų turto išsaugojimo fondas,1.051,7893217.0966
2022-12-16,ARTEA,Artea pensijų turto išsaugojimo fondas,1.0477,7872360.9601
2022-12-19,ARTEA,Artea pensijų turto išsaugojimo fondas,1.046,7801473.5775
2022-12-20,ARTEA,Artea pensijų turto išsaugojimo fondas,1.0438,7771132.7053
2022-12-21,ARTEA,Artea pensijų turto išsaugojimo fondas,1.0463,7801666.355
2022-12-22,ARTEA,Artea pensijų turto išsaugojimo fondas,1.0447,7801859.6145
2022-12-23,ARTEA,Artea pensijų turto išsaugojimo fondas,1.0444,7804714.0958
2022-12-27,ARTEA,Artea pensijų turto išsaugojimo fondas,1.0446,7828816.4597
2022-12-28,ARTEA,Artea pensijų turto išsaugojimo fondas,1.0439,7767571.5211
2022-12-29,ARTEA,Artea pensijų turto išsaugojimo fondas,1.0447,7771665.0554
2022-12-30,ARTEA,Artea pensijų turto išsaugojimo fondas,1.0434,7788987.6249
2023-01-02,ARTEA,Artea pensijų turto išsaugojimo fondas,1.0458,7843398.0051
2023-01-03,ARTEA,Artea pensijų turto išsaugojimo fondas,1.0465,7869469.9614
2023-01-04,ARTEA,Artea pensijų turto išsaugojimo fondas,1.0483,7914575.6745
2023-01-05,ARTEA,Artea pensijų turto išsaugojimo fondas,1.0461,7832874.054
2023-01-06,ARTEA,Artea pensijų turto išsaugojimo fondas,1.0478,7868197.7213
2023-01-09,ARTEA,Artea pensijų turto išsaugojimo fondas,1.0492,7855915.4222
2023-01-10,ARTEA,Artea pensijų turto išsaugojimo fondas,1.0473,7819588.2672
2023-01-11,ARTEA,Artea pensijų turto išsaugojimo fondas,1.0485,7827328.3275
2023-01-12,ARTEA,Artea pensijų turto išsaugojimo fondas,1.0498,7868705.7613
2023-01-13,ARTEA,Artea pensijų turto išsaugojimo fondas,1.0521,7831912.2492
2023-01-16,ARTEA,Artea pensijų turto išsaugojimo fondas,1.0528,7891701.4074
2023-01-17,ARTEA,Artea pensijų turto išsaugojimo fondas,1.0545,7909900.1128
2023-01-18,ARTEA,Artea pensijų turto išsaugojimo fondas,1.0554,7923515.0139
2023-01-19,ARTEA,Artea pensijų turto išsaugojimo fondas,1.0538,7902008.7493
2023-01-20,ARTEA,Artea pensijų turto išsaugojimo fondas,1.0532,7868951.6201
2023-01-23,ARTEA,Artea pensijų turto išsaugojimo fondas,1.0549,7851008.7368
2023-01-24,ARTEA,Artea pensijų turto išsaugojimo fondas,1.0556,7865313.3273
2023-01-25,ARTEA,Artea pensijų turto išsaugojimo fondas,1.0558,7869726.7447
2023-01-26,ARTEA,Artea pensijų turto išsaugojimo fondas,1.0566,7882120.0693
2023-01-27,ARTEA,Artea pensijų turto išsaugojimo fondas,1.057,7905212.9462
2023-01-30,ARTEA,Artea pensijų turto išsaugojimo fondas,1.0557,7916117.4797
2023-01-31,ARTEA,Artea pensijų turto išsaugojimo fondas,1.0554,7929029.7665
2023-02-01,ARTEA,Artea pensijų turto išsaugojimo fondas,1.0565,7956513.3477
2023-02-02,ARTEA,Artea pensijų turto išsaugojimo fondas,1.0622,7984088.2433
2023-02-03,ARTEA,Artea pensijų turto išsaugojimo fondas,1.0613,7998894.8746
2023-02-06,ARTEA,Artea pensijų turto išsaugojimo fondas,1.0599,7980395.136
2023-02-07,ARTEA,Artea pensijų turto išsaugojimo fondas,1.0591,7977614.2951
2023-02-08,ARTEA,Artea pensijų turto išsaugojimo fondas,1.0583,7955464.6049
2023-02-09,ARTEA,Artea pensijų turto išsaugojimo fondas,1.0582,7982138.2308
2023-02-10,ARTEA,Artea pensijų turto išsaugojimo fondas,1.0564,7968920.1294
2023-02-13,ARTEA,Artea pensijų turto išsaugojimo fondas,1.0566,7964196.4185
2023-02-14,ARTEA,Artea pensijų turto išsaugojimo fondas,1.0554,7935179.1454
2023-02-15,ARTEA,Artea pensijų turto išsaugojimo fondas,1.0555,7897503.2766
2023-02-17,ARTEA,Artea pensijų turto išsaugojimo fondas,1.0534,7883929.9393
2023-02-20,ARTEA,Artea pensijų turto išsaugojimo fondas,1.0539,7880029.6614
2023-02-21,ARTEA,Artea pensijų turto išsaugojimo fondas,1.0515,7829426.3606
2023-02-22,ARTEA,Artea pensijų turto išsaugojimo fondas,1.051,7819954.5999
2023-02-23,ARTEA,Artea pensijų turto išsaugojimo fondas,1.0517,7812930.7525
2023-02-24,ARTEA,Artea pensijų turto išsaugojimo fondas,1.0502,7770891.2715
2023-02-27,ARTEA,Artea pensijų turto išsaugojimo fondas,1.0504,7780961.2242
2023-02-28,ARTEA,Artea pensijų turto išsaugojimo fondas,1.048,7740333.1336
2023-03-01,ARTEA,Artea pensijų turto išsaugojimo fondas,1.045,7704218.0322
2023-03-02,ARTEA,Artea pensijų turto išsaugojimo fondas,1.045,7704833.0924
2023-03-03,ARTEA,Artea pensijų turto išsaugojimo fondas,1.0476,7707935.8559
2023-03-06,ARTEA,Artea pensijų turto išsaugojimo fondas,1.048,7715028.9698
2023-03-07,ARTEA,Artea pensijų turto išsaugojimo fondas,1.0474,7705913.5985
2023-03-08,ARTEA,Artea pensijų turto išsaugojimo fondas,1.0473,7700721.7659
2023-03-09,ARTEA,Artea pensijų turto išsaugojimo fondas,1.0469,7730565.5956
2023-03-10,ARTEA,Artea pensijų turto išsaugojimo fondas,1.0454,7701555.0273
2023-03-13,ARTEA,Artea pensijų turto išsaugojimo fondas,1.0452,7751677.3107
2023-03-14,ARTEA,Artea pensijų turto išsaugojimo fondas,1.0446,7754167.1985
2023-03-15,ARTEA,Artea pensijų turto išsaugojimo fondas,1.0457,7759846.5555
2023-03-16,ARTEA,Artea pensijų turto išsaugojimo fondas,1.0462,7765063.6187
2023-03-17,ARTEA,Artea pensijų turto išsaugojimo fondas,1.0459,7774511.4289
2023-03-20,ARTEA,Artea pensijų turto išsaugojimo fondas,1.0459,7752138.1984
2023-03-21,ARTEA,Artea pensijų turto išsaugojimo fondas,1.046,7758300.7317
2023-03-22,ARTEA,Artea pensijų turto išsaugojimo fondas,1.0464,7745040.993
2023-03-23,ARTEA,Artea pensijų turto išsaugojimo fondas,1.0476,7744492.4051
2023-03-24,ARTEA,Artea pensijų turto išsaugojimo fondas,1.0502,7759464.3335
2023-03-27,ARTEA,Artea pensijų turto išsaugojimo fondas,1.0509,7763032.6529
2023-03-28,ARTEA,Artea pensijų turto išsaugojimo fondas,1.0498,7746397.3969
2023-03-29,ARTEA,Artea pensijų turto išsaugojimo fondas,1.0507,7753381.2106
2023-03-30,ARTEA,Artea pensijų turto išsaugojimo fondas,1.0506,7735481.6317
2023-03-31,ARTEA,Artea pensijų turto išsaugojimo fondas,1.0528,7758429.555
2023-04-03,ARTEA,Artea pensijų turto išsaugojimo fondas,1.0544,7753110.7638
2023-04-04,ARTEA,Artea pensijų turto išsaugojimo fondas,1.0542,7748744.567
2023-04-05,ARTEA,Artea pensijų turto išsaugojimo fondas,1.0556,7745172.1078
2023-04-06,ARTEA,Artea pensijų turto išsaugojimo fondas,1.0563,7782993.9048
2023-04-07,ARTEA,Artea pensijų turto išsaugojimo fondas,1.0564,7763634.9988
2023-04-11,ARTEA,Artea pensijų turto išsaugojimo fondas,1.0566,7830406.1834
2023-04-12,ARTEA,Artea pensijų turto išsaugojimo fondas,1.056,7837461.8238
2023-04-13,ARTEA,Artea pensijų turto išsaugojimo fondas,1.0559,7835390.7502
2023-04-14,ARTEA,Artea pensijų turto išsaugojimo fondas,1.0561,7825238.2333
2023-04-17,ARTEA,Artea pensijų turto išsaugojimo fondas,1.057,7857568.875
2023-04-18,ARTEA,Artea pensijų turto išsaugojimo fondas,1.0567,7854846.1001
2023-04-19,ARTEA,Artea pensijų turto išsaugojimo fondas,1.0557,7863001.7827
2023-04-20,ARTEA,Artea pensijų turto išsaugojimo fondas,1.0558,7846778.8858
2023-04-21,ARTEA,Artea pensijų turto išsaugojimo fondas,1.0558,7843082.9008
2023-04-24,ARTEA,Artea pensijų turto išsaugojimo fondas,1.0555,7855903.8445
2023-04-25,ARTEA,Artea pensijų turto išsaugojimo fondas,1.0572,7865515.9217
2023-04-26,ARTEA,Artea pensijų turto išsaugojimo fondas,1.055,7834830.6274
2023-04-27,ARTEA,Artea pensijų turto išsaugojimo fondas,1.0554,7833374.1919
2023-04-28,ARTEA,Artea pensijų turto išsaugojimo fondas,1.058,7868749.879
2023-05-02,ARTEA,Artea pensijų turto išsaugojimo fondas,1.0578,7854967.7183
2023-05-03,ARTEA,Artea pensijų turto išsaugojimo fondas,1.0589,7918005.2196
2023-05-04,ARTEA,Artea pensijų turto išsaugojimo fondas,1.0592,7911110.9855
2023-05-05,ARTEA,Artea pensijų turto išsaugojimo fondas,1.0601,7938786.3193
2023-05-08,ARTEA,Artea pensijų turto išsaugojimo fondas,1.0602,7944294.3395
2023-05-09,ARTEA,Artea pensijų turto išsaugojimo fondas,1.0612,7978879.6555
2023-05-10,ARTEA,Artea pensijų turto išsaugojimo fondas,1.0611,7970548.0359
2023-05-11,ARTEA,Artea pensijų turto išsaugojimo fondas,1.0627,7989105.2837
2023-05-12,ARTEA,Artea pensijų turto išsaugojimo fondas,1.063,7957668.1661
2023-05-15,ARTEA,Artea pensijų turto išsaugojimo fondas,1.0628,8035044.9497
2023-05-16,ARTEA,Artea pensijų turto išsaugojimo fondas,1.0615,8026933.7572
2023-05-17,ARTEA,Artea pensijų turto išsaugojimo fondas,1.0609,8036923.1133
2023-05-18,ARTEA,Artea pensijų turto išsaugojimo fondas,1.0613,8040070.051
2023-05-19,ARTEA,Artea pensijų turto išsaugojimo fondas,1.0612,8057726.4914
2023-05-22,ARTEA,Artea pensijų turto išsaugojimo fondas,1.0611,8063658.6745
2023-05-23,ARTEA,Artea pensijų turto išsaugojimo fondas,1.0598,8081670.4908
2023-05-24,ARTEA,Artea pensijų turto išsaugojimo fondas,1.058,8060390.9935
2023-05-25,ARTEA,Artea pensijų turto išsaugojimo fondas,1.057,8048073.6142
2023-05-26,ARTEA,Artea pensijų turto išsaugojimo fondas,1.058,8137883.2584
2023-05-29,ARTEA,Artea pensijų turto išsaugojimo fondas,1.0585,8134585.0385
2023-05-30,ARTEA,Artea pensijų turto išsaugojimo fondas,1.0587,8130538.9593
2023-05-31,ARTEA,Artea pensijų turto išsaugojimo fondas,1.0594,8141259.7051
2023-06-01,ARTEA,Artea pensijų turto išsaugojimo fondas,1.0607,8147233.7268
2023-06-02,ARTEA,Artea pensijų turto išsaugojimo fondas,1.0633,8175634.6213
2023-06-05,ARTEA,Artea pensijų turto išsaugojimo fondas,1.0636,8172368.7871
2023-06-06,ARTEA,Artea pensijų turto išsaugojimo fondas,1.0638,8178827.3342
2023-06-07,ARTEA,Artea pensijų turto išsaugojimo fondas,1.0634,8175644.5183
2023-06-08,ARTEA,Artea pensijų turto išsaugojimo fondas,1.0628,8212771.8766
2023-06-09,ARTEA,Artea pensijų turto išsaugojimo fondas,1.064,8214588.3824
2023-06-12,ARTEA,Artea pensijų turto išsaugojimo fondas,1.0649,8282381.1729
2023-06-13,ARTEA,Artea pensijų turto išsaugojimo fondas,1.0658,8273673.6013
2023-06-14,ARTEA,Artea pensijų turto išsaugojimo fondas,1.0653,8228043.2259
2023-06-15,ARTEA,Artea pensijų turto išsaugojimo fondas,1.0644,8196884.9381
2023-06-16,ARTEA,Artea pensijų turto išsaugojimo fondas,1.0658,8211017.7394
2023-06-19,ARTEA,Artea pensijų turto išsaugojimo fondas,1.0651,8229614.5772
2023-06-20,ARTEA,Artea pensijų turto išsaugojimo fondas,1.0646,8234860.6959
2023-06-21,ARTEA,Artea pensijų turto išsaugojimo fondas,1.0642,8233020.818
2023-06-22,ARTEA,Artea pensijų turto išsaugojimo fondas,1.0637,8225028.0607
2023-06-23,ARTEA,Artea pensijų turto išsaugojimo fondas,1.0652,8273792.3662
2023-06-26,ARTEA,Artea pensijų turto išsaugojimo fondas,1.0652,8260146.5296
2023-06-27,ARTEA,Artea pensijų turto išsaugojimo fondas,1.0658,8284077.9657
2023-06-28,ARTEA,Artea pensijų turto išsaugojimo fondas,1.0663,8271807.1162
2023-06-29,ARTEA,Artea pensijų turto išsaugojimo fondas,1.0656,8290892.3648
2023-06-30,ARTEA,Artea pensijų turto išsaugojimo fondas,1.0666,8328806.7702
2023-07-01,ARTEA,Artea pensijų turto išsaugojimo fondas,1.0666,8328806.7702
2023-07-02,ARTEA,Artea pensijų turto išsaugojimo fondas,1.0666,8328806.7702
2023-07-03,ARTEA,Artea pensijų turto išsaugojimo fondas,1.0671,8336449.8239
2023-07-04,ARTEA,Artea pensijų turto išsaugojimo fondas,1.0673,8332405.1229
2023-07-05,ARTEA,Artea pensijų turto išsaugojimo fondas,1.0675,8331898.7874
2023-07-06,ARTEA,Artea pensijų turto išsaugojimo fondas,1.0675,8331898.7874
2023-07-07,ARTEA,Artea pensijų turto išsaugojimo fondas,1.0608,8276409.8622
2023-07-08,ARTEA,Artea pensijų turto išsaugojimo fondas,1.0608,8276409.8622
2023-07-09,ARTEA,Artea pensijų turto išsaugojimo fondas,1.0608,8276409.8622
2023-07-10,ARTEA,Artea pensijų turto išsaugojimo fondas,1.0605,8309889.7133
2023-07-11,ARTEA,Artea pensijų turto išsaugojimo fondas,1.0617,8254648.9308
2023-07-12,ARTEA,Artea pensijų turto išsaugojimo fondas,1.0645,8422088.0913
2023-07-13,ARTEA,Artea pensijų turto išsaugojimo fondas,1.0667,8442209.0945
2023-07-14,ARTEA,Artea pensijų turto išsaugojimo fondas,1.0667,8418293.942
2023-07-15,ARTEA,Artea pensijų turto išsaugojimo fondas,1.0667,8418293.942
2023-07-16,ARTEA,Artea pensijų turto išsaugojimo fondas,1.0667,8418293.942
2023-07-17,ARTEA,Artea pensijų turto išsaugojimo fondas,1.0669,8417216.7429
2023-07-18,ARTEA,Artea pensijų turto išsaugojimo fondas,1.0686,8458458.81
2023-07-19,ARTEA,Artea pensijų turto išsaugojimo fondas,1.0697,8476818.0293
2023-07-20,ARTEA,Artea pensijų turto išsaugojimo fondas,1.0702,8488416.6688
2023-07-21,ARTEA,Artea pensijų turto išsaugojimo fondas,1.0714,8553722.5476
2023-07-22,ARTEA,Artea pensijų turto išsaugojimo fondas,1.0714,8553722.5476
2023-07-23,ARTEA,Artea pensijų turto išsaugojimo fondas,1.0714,8553722.5476
2023-07-24,ARTEA,Artea pensijų turto išsaugojimo fondas,1.0727,8561998.3932
2023-07-25,ARTEA,Artea pensijų turto išsaugojimo fondas,1.0733,8593950.7306
2023-07-26,ARTEA,Artea pensijų turto išsaugojimo fondas,1.0726,8575698.7262
2023-07-27,ARTEA,Artea pensijų turto išsaugojimo fondas,1.0745,8611776.2987
2023-07-28,ARTEA,Artea pensijų turto išsaugojimo fondas,1.074,8608927.682
2023-07-29,ARTEA,Artea pensijų turto išsaugojimo fondas,1.074,8608927.682
2023-07-30,ARTEA,Artea pensijų turto išsaugojimo fondas,1.074,8608927.682
2023-07-31,ARTEA,Artea pensijų turto išsaugojimo fondas,1.0742,8601278.2997
2023-08-01,ARTEA,Artea pensijų turto išsaugojimo fondas,1.0736,8592371.1426
2023-08-02,ARTEA,Artea pensijų turto išsaugojimo fondas,1.0718,8560410.3622
2023-08-03,ARTEA,Artea pensijų turto išsaugojimo fondas,1.0697,8594147.625
2023-08-04,ARTEA,Artea pensijų turto išsaugojimo fondas,1.0694,8574529.5054
2023-08-05,ARTEA,Artea pensijų turto išsaugojimo fondas,1.0695,8574529.5054
2023-08-06,ARTEA,Artea pensijų turto išsaugojimo fondas,1.0695,8574529.5054
2023-08-07,ARTEA,Artea pensijų turto išsaugojimo fondas,1.0701,8546839.6902
2023-08-08,ARTEA,Artea pensijų turto išsaugojimo fondas,1.0711,8586885.3962
2023-08-09,ARTEA,Artea pensijų turto išsaugojimo fondas,1.0714,8568899.3825
2023-08-10,ARTEA,Artea pensijų turto išsaugojimo fondas,1.0725,8565873.814
2023-08-11,ARTEA,Artea pensijų turto išsaugojimo fondas,1.0713,8668270.6173
2023-08-12,ARTEA,Artea pensijų turto išsaugojimo fondas,1.0713,8668270.6173
2023-08-13,ARTEA,Artea pensijų turto išsaugojimo fondas,1.0713,8668270.6173
2023-08-14,ARTEA,Artea pensijų turto išsaugojimo fondas,1.0709,8673732.3382
2023-08-15,ARTEA,Artea pensijų turto išsaugojimo fondas,1.0709,8673732.3382
2023-08-16,ARTEA,Artea pensijų turto išsaugojimo fondas,1.068,8631613.4558
2023-08-17,ARTEA,Artea pensijų turto išsaugojimo fondas,1.0658,8621292.1905
2023-08-18,ARTEA,Artea pensijų turto išsaugojimo fondas,1.0653,8614833.973
2023-08-19,ARTEA,Artea pensijų turto išsaugojimo fondas,1.0653,8614833.973
2023-08-20,ARTEA,Artea pensijų turto išsaugojimo fondas,1.0653,8614833.973
2023-08-21,ARTEA,Artea pensijų turto išsaugojimo fondas,1.0641,8643520.6533
2023-08-22,ARTEA,Artea pensijų turto išsaugojimo fondas,1.066,8698277.8022
2023-08-23,ARTEA,Artea pensijų turto išsaugojimo fondas,1.0693,8711213.84
2023-08-24,ARTEA,Artea pensijų turto išsaugojimo fondas,1.0701,8717152.7636
2023-08-25,ARTEA,Artea pensijų turto išsaugojimo fondas,1.0702,8706808.5222
2023-08-26,ARTEA,Artea pensijų turto išsaugojimo fondas,1.0702,8706808.5222
2023-08-27,ARTEA,Artea pensijų turto išsaugojimo fondas,1.0702,8706808.5222
2023-08-28,ARTEA,Artea pensijų turto išsaugojimo fondas,1.0715,8719008.2402
2023-08-29,ARTEA,Artea pensijų turto išsaugojimo fondas,1.0724,8727074.5612
2023-08-30,ARTEA,Artea pensijų turto išsaugojimo fondas,1.0727,8711358.1719
2023-08-31,ARTEA,Artea pensijų turto išsaugojimo fondas,1.0741,8737496.7936
2023-09-01,ARTEA,Artea pensijų turto išsaugojimo fondas,1.0751,8769075.0058
2023-09-02,ARTEA,Artea pensijų turto išsaugojimo fondas,1.0751,8769075.0058
2023-09-03,ARTEA,Artea pensijų turto išsaugojimo fondas,1.0751,8769075.0058
2023-09-04,ARTEA,Artea pensijų turto išsaugojimo fondas,1.0749,8771000.8431
2023-09-05,ARTEA,Artea pensijų turto išsaugojimo fondas,1.0744,8755659.8732
2023-09-06,ARTEA,Artea pensijų turto išsaugojimo fondas,1.0724,8736617.8682
2023-09-07,ARTEA,Artea pensijų turto išsaugojimo fondas,1.0732,8757078.2072
2023-09-08,ARTEA,Artea pensijų turto išsaugojimo fondas,1.074,8758720.3812
2023-09-09,ARTEA,Artea pensijų turto išsaugojimo fondas,1.074,8758720.3812
2023-09-10,ARTEA,Artea pensijų turto išsaugojimo fondas,1.074,8758720.3812
2023-09-11,ARTEA,Artea pensijų turto išsaugojimo fondas,1.0738,8723633.3603
2023-09-12,ARTEA,Artea pensijų turto išsaugojimo fondas,1.0738,8910737.2978
2023-09-13,ARTEA,Artea pensijų turto išsaugojimo fondas,1.0734,8912390.7846
2023-09-14,ARTEA,Artea pensijų turto išsaugojimo fondas,1.0768,8924948.2203
2023-09-15,ARTEA,Artea pensijų turto išsaugojimo fondas,1.0763,8975446.9416
2023-09-16,ARTEA,Artea pensijų turto išsaugojimo fondas,1.0763,8975446.9416
2023-09-17,ARTEA,Artea pensijų turto išsaugojimo fondas,1.0763,8975446.9416
2023-09-18,ARTEA,Artea pensijų turto išsaugojimo fondas,1.075,8959052.6299
2023-09-19,ARTEA,Artea pensijų turto išsaugojimo fondas,1.0744,8959778.4131
2023-09-20,ARTEA,Artea pensijų turto išsaugojimo fondas,1.0758,8971555.4742
2023-09-21,ARTEA,Artea pensijų turto išsaugojimo fondas,1.0726,8956398.115
2023-09-22,ARTEA,Artea pensijų turto išsaugojimo fondas,1.0728,9093682.9635
2023-09-23,ARTEA,Artea pensijų turto išsaugojimo fondas,1.0728,9093682.9635
2023-09-24,ARTEA,Artea pensijų turto išsaugojimo fondas,1.0728,9093682.9635
2023-09-25,ARTEA,Artea pensijų turto išsaugojimo fondas,1.0722,9089341.0256
2023-09-26,ARTEA,Artea pensijų turto išsaugojimo fondas,1.071,9073761.0458
2023-09-27,ARTEA,Artea pensijų turto išsaugojimo fondas,1.0709,9065855.4945
2023-09-28,ARTEA,Artea pensijų turto išsaugojimo fondas,1.0676,9010476.9959
2023-09-29,ARTEA,Artea pensijų turto išsaugojimo fondas,1.0682,9026148.6514
2023-09-30,ARTEA,Artea pensijų turto išsaugojimo fondas,1.0682,9026148.6514
2023-10-01,ARTEA,Artea pensijų turto išsaugojimo fondas,1.0682,9026148.6514
2023-10-02,ARTEA,Artea pensijų turto išsaugojimo fondas,1.0666,9014188.2525
2023-10-03,ARTEA,Artea pensijų turto išsaugojimo fondas,1.0638,8986462.4827
2023-10-04,ARTEA,Artea pensijų turto išsaugojimo fondas,1.0627,8975465.5012
2023-10-05,ARTEA,Artea pensijų turto išsaugojimo fondas,1.0636,9020921.3461
2023-10-06,ARTEA,Artea pensijų turto išsaugojimo fondas,1.0638,8986609.1157
2023-10-07,ARTEA,Artea pensijų turto išsaugojimo fondas,1.0638,8986609.1157
2023-10-08,ARTEA,Artea pensijų turto išsaugojimo fondas,1.0638,8986609.1157
2023-10-09,ARTEA,Artea pensijų turto išsaugojimo fondas,1.0651,9033060.9906
2023-10-10,ARTEA,Artea pensijų turto išsaugojimo fondas,1.0683,9052197.9956
2023-10-11,ARTEA,Artea pensijų turto išsaugojimo fondas,1.0691,9074514.4951
2023-10-12,ARTEA,Artea pensijų turto išsaugojimo fondas,1.0698,9078854.4059
2023-10-13,ARTEA,Artea pensijų turto išsaugojimo fondas,1.0697,9065964.0538
2023-10-14,ARTEA,Artea pensijų turto išsaugojimo fondas,1.0697,9065964.0538
2023-10-15,ARTEA,Artea pensijų turto išsaugojimo fondas,1.0697,9065964.0538
2023-10-16,ARTEA,Artea pensijų turto išsaugojimo fondas,1.07,9127760.9101
2023-10-17,ARTEA,Artea pensijų turto išsaugojimo fondas,1.0688,9098149.7066
2023-10-18,ARTEA,Artea pensijų turto išsaugojimo fondas,1.0674,9100867.1542
2023-10-19,ARTEA,Artea pensijų turto išsaugojimo fondas,1.0647,9106213.2165
2023-10-20,ARTEA,Artea pensijų turto išsaugojimo fondas,1.0627,9096625.843
2023-10-23,ARTEA,Artea pensijų turto išsaugojimo fondas,1.0614,9109660.2911
2023-10-24,ARTEA,Artea pensijų turto išsaugojimo fondas,1.0646,9119262.4295
2023-10-25,ARTEA,Artea pensijų turto išsaugojimo fondas,1.0643,9131275.7659
2023-10-26,ARTEA,Artea pensijų turto išsaugojimo fondas,1.0644,9123074.9457
2023-10-27,ARTEA,Artea pensijų turto išsaugojimo fondas,1.0633,9134180.8865
2023-10-30,ARTEA,Artea pensijų turto išsaugojimo fondas,1.0643,9101317.7282
2023-10-31,ARTEA,Artea pensijų turto išsaugojimo fondas,1.0667,9110381.1034
2023-11-03,ARTEA,Artea pensijų turto išsaugojimo fondas,1.0759,9158491.4212
2023-11-06,ARTEA,Artea pensijų turto išsaugojimo fondas,1.0757,9149790.9842
2023-11-07,ARTEA,Artea pensijų turto išsaugojimo fondas,1.0767,9240263.4206
2023-11-08,ARTEA,Artea pensijų turto išsaugojimo fondas,1.0758,9232034.6538
2023-11-09,ARTEA,Artea pensijų turto išsaugojimo fondas,1.0762,9262077.721
2023-11-10,ARTEA,Artea pensijų turto išsaugojimo fondas,1.0754,9252914.2292
2023-11-13,ARTEA,Artea pensijų turto išsaugojimo fondas,1.0754,9353460.1529
2023-11-14,ARTEA,Artea pensijų turto išsaugojimo fondas,1.0766,9359136.364
2023-11-15,ARTEA,Artea pensijų turto išsaugojimo fondas,1.0782,9371438.6149
2023-11-16,ARTEA,Artea pensijų turto išsaugojimo fondas,1.0782,9374514.0397
2023-11-17,ARTEA,Artea pensijų turto išsaugojimo fondas,1.0793,9434104.9635
2023-11-20,ARTEA,Artea pensijų turto išsaugojimo fondas,1.0795,9461752.2735
2023-11-21,ARTEA,Artea pensijų turto išsaugojimo fondas,1.0817,9490198.8048
2023-11-22,ARTEA,Artea pensijų turto išsaugojimo fondas,1.0836,9504048.5932
2023-11-23,ARTEA,Artea pensijų turto išsaugojimo fondas,1.0836,9499424.7456
2023-11-24,ARTEA,Artea pensijų turto išsaugojimo fondas,1.083,9549931.3538
2023-11-27,ARTEA,Artea pensijų turto išsaugojimo fondas,1.0838,9607767.4321
2023-11-28,ARTEA,Artea pensijų turto išsaugojimo fondas,1.0845,9614734.3742
2023-11-29,ARTEA,Artea pensijų turto išsaugojimo fondas,1.0867,9623817.4491
2023-11-30,ARTEA,Artea pensijų turto išsaugojimo fondas,1.0887,9625927.4117
2023-12-01,ARTEA,Artea pensijų turto išsaugojimo fondas,1.0916,9694149.2649
2023-12-04,ARTEA,Artea pensijų turto išsaugojimo fondas,1.0942,9712101.9686
2023-12-05,ARTEA,Artea pensijų turto išsaugojimo fondas,1.0962,9740473.3577
2023-12-06,ARTEA,Artea pensijų turto išsaugojimo fondas,1.0983,9802152.4195
2023-12-07,ARTEA,Artea pensijų turto išsaugojimo fondas,1.0991,9845963.022
2023-12-08,ARTEA,Artea pensijų turto išsaugojimo fondas,1.0988,9838866.8418
2023-12-11,ARTEA,Artea pensijų turto išsaugojimo fondas,1.1005,9842624.9718
2023-12-12,ARTEA,Artea pensijų turto išsaugojimo fondas,1.1011,9965623.4742
2023-12-13,ARTEA,Artea pensijų turto išsaugojimo fondas,1.1027,9988447.7237
2023-12-14,ARTEA,Artea pensijų turto išsaugojimo fondas,1.1057,10023359.3818
2023-12-15,ARTEA,Artea pensijų turto išsaugojimo fondas,1.1077,10052666.2341
2023-12-18,ARTEA,Artea pensijų turto išsaugojimo fondas,1.1077,10077934.0519
2023-12-19,ARTEA,Artea pensijų turto išsaugojimo fondas,1.1083,10061544.8306
2023-12-20,ARTEA,Artea pensijų turto išsaugojimo fondas,1.109,10072567.8522
2023-12-21,ARTEA,Artea pensijų turto išsaugojimo fondas,1.1091,10066847.1694
2023-12-22,ARTEA,Artea pensijų turto išsaugojimo fondas,1.1107,10121157.2084
2023-12-27,ARTEA,Artea pensijų turto išsaugojimo fondas,1.1112,10108707.8589
2023-12-28,ARTEA,Artea pensijų turto išsaugojimo fondas,1.1133,10138993.9927
2023-12-29,ARTEA,Artea pensijų turto išsaugojimo fondas,1.1133,10151093.3248
2024-01-02,ARTEA,Artea pensijų turto išsaugojimo fondas,1.1145,10163489.2345
2024-01-03,ARTEA,Artea pensijų turto išsaugojimo fondas,1.1142,10148934.6299
2024-01-04,ARTEA,Artea pensijų turto išsaugojimo fondas,1.1132,10167561.0261
2024-01-05,ARTEA,Artea pensijų turto išsaugojimo fondas,1.1115,10147027.6268
2024-01-08,ARTEA,Artea pensijų turto išsaugojimo fondas,1.1116,10216315.0346
2024-01-09,ARTEA,Artea pensijų turto išsaugojimo fondas,1.1126,10241242.3398
2024-01-10,ARTEA,Artea pensijų turto išsaugojimo fondas,1.1124,10232864.1602
2024-01-11,ARTEA,Artea pensijų turto išsaugojimo fondas,1.1127,10249365.991
2024-01-12,ARTEA,Artea pensijų turto išsaugojimo fondas,1.1158,10258405.5525
2024-01-15,ARTEA,Artea pensijų turto išsaugojimo fondas,1.1163,10297190.5607
2024-01-16,ARTEA,Artea pensijų turto išsaugojimo fondas,1.1164,10305932.1994
2024-01-17,ARTEA,Artea pensijų turto išsaugojimo fondas,1.1146,10289137.811
2024-01-18,ARTEA,Artea pensijų turto išsaugojimo fondas,1.1136,10269884.9926
2024-01-19,ARTEA,Artea pensijų turto išsaugojimo fondas,1.1138,10367666.4782
2024-01-22,ARTEA,Artea pensijų turto išsaugojimo fondas,1.1154,10384730.5498
2024-01-23,ARTEA,Artea pensijų turto išsaugojimo fondas,1.116,10396149.303
2024-01-24,ARTEA,Artea pensijų turto išsaugojimo fondas,1.1164,10417317.7076
2024-01-25,ARTEA,Artea pensijų turto išsaugojimo fondas,1.1179,10451560.5163
2024-01-26,ARTEA,Artea pensijų turto išsaugojimo fondas,1.1186,10487532.9653
2024-01-29,ARTEA,Artea pensijų turto išsaugojimo fondas,1.1206,10516111.7806
2024-01-30,ARTEA,Artea pensijų turto išsaugojimo fondas,1.1208,10525687.1358
2024-01-31,ARTEA,Artea pensijų turto išsaugojimo fondas,1.1227,10555315.1949
2024-02-01,ARTEA,Artea pensijų turto išsaugojimo fondas,1.1223,10557453.7202
2024-02-02,ARTEA,Artea pensijų turto išsaugojimo fondas,1.1226,10637364.3538
2024-02-05,ARTEA,Artea pensijų turto išsaugojimo fondas,1.1215,10601189.4334
2024-02-06,ARTEA,Artea pensijų turto išsaugojimo fondas,1.1226,10611733.403
2024-02-07,ARTEA,Artea pensijų turto išsaugojimo fondas,1.1229,10585322.9664
2024-02-08,ARTEA,Artea pensijų turto išsaugojimo fondas,1.1216,10595092.1501
2024-02-09,ARTEA,Artea pensijų turto išsaugojimo fondas,1.1208,10567199.9235
2024-02-12,ARTEA,Artea pensijų turto išsaugojimo fondas,1.1225,10636526.2076
2024-02-13,ARTEA,Artea pensijų turto išsaugojimo fondas,1.1212,10601045.5237
2024-02-14,ARTEA,Artea pensijų turto išsaugojimo fondas,1.122,10604214.0057
2024-02-15,ARTEA,Artea pensijų turto išsaugojimo fondas,1.1234,10616862.1741
2024-02-19,ARTEA,Artea pensijų turto išsaugojimo fondas,1.1234,10624929.3263
2024-02-20,ARTEA,Artea pensijų turto išsaugojimo fondas,1.1235,10623725.0898
2024-02-21,ARTEA,Artea pensijų turto išsaugojimo fondas,1.1229,10617536.7682
2024-02-22,ARTEA,Artea pensijų turto išsaugojimo fondas,1.1241,10618813.6451
2024-02-23,ARTEA,Artea pensijų turto išsaugojimo fondas,1.1262,10635054.4477
2024-02-26,ARTEA,Artea pensijų turto išsaugojimo fondas,1.1253,10552240.8354
2024-02-27,ARTEA,Artea pensijų turto išsaugojimo fondas,1.1247,10544441.4124
2024-02-28,ARTEA,Artea pensijų turto išsaugojimo fondas,1.124,10517241.9224
2024-02-29,ARTEA,Artea pensijų turto išsaugojimo fondas,1.125,10526865.3607
2024-03-01,ARTEA,Artea pensijų turto išsaugojimo fondas,1.1256,10516788.5392
2024-03-04,ARTEA,Artea pensijų turto išsaugojimo fondas,1.1257,10503886.5175
2024-03-05,ARTEA,Artea pensijų turto išsaugojimo fondas,1.1269,10498119.5024
2024-03-06,ARTEA,Artea pensijų turto išsaugojimo fondas,1.128,10508183.8594
2024-03-07,ARTEA,Artea pensijų turto išsaugojimo fondas,1.129,10552600.4477
2024-03-08,ARTEA,Artea pensijų turto išsaugojimo fondas,1.1304,10537769.3767
2024-03-12,ARTEA,Artea pensijų turto išsaugojimo fondas,1.1302,10566125.4156
2024-03-13,ARTEA,Artea pensijų turto išsaugojimo fondas,1.1299,10562933.2774
2024-03-14,ARTEA,Artea pensijų turto išsaugojimo fondas,1.1297,10574379.2242
2024-03-15,ARTEA,Artea pensijų turto išsaugojimo fondas,1.1285,10555580.386
2024-03-18,ARTEA,Artea pensijų turto išsaugojimo fondas,1.1293,10554714.5336
2024-03-19,ARTEA,Artea pensijų turto išsaugojimo fondas,1.1296,10552998.1091
2024-03-20,ARTEA,Artea pensijų turto išsaugojimo fondas,1.1303,10577573.4416
2024-03-21,ARTEA,Artea pensijų turto išsaugojimo fondas,1.1329,10603027.4596
2024-03-22,ARTEA,Artea pensijų turto išsaugojimo fondas,1.1341,10612719.2965
2024-03-25,ARTEA,Artea pensijų turto išsaugojimo fondas,1.133,10558457.0485
2024-03-26,ARTEA,Artea pensijų turto išsaugojimo fondas,1.1335,10557347.9499
2024-03-27,ARTEA,Artea pensijų turto išsaugojimo fondas,1.1351,10577769.3692
2024-03-28,ARTEA,Artea pensijų turto išsaugojimo fondas,1.1367,10508995.6659
2024-03-29,ARTEA,Artea pensijų turto išsaugojimo fondas,1.1368,10470421.0249
2024-04-02,ARTEA,Artea pensijų turto išsaugojimo fondas,1.1345,10436438.0986
2024-04-03,ARTEA,Artea pensijų turto išsaugojimo fondas,1.1337,10438607.4567
2024-04-04,ARTEA,Artea pensijų turto išsaugojimo fondas,1.1344,10456775.2906
2024-04-05,ARTEA,Artea pensijų turto išsaugojimo fondas,1.1333,10437908.4485
2024-04-08,ARTEA,Artea pensijų turto išsaugojimo fondas,1.133,10428867.7436
2024-04-09,ARTEA,Artea pensijų turto išsaugojimo fondas,1.1336,10429057.4948
2024-04-10,ARTEA,Artea pensijų turto išsaugojimo fondas,1.133,10417470.3073
2024-04-11,ARTEA,Artea pensijų turto išsaugojimo fondas,1.1318,10457895.4145
2024-04-12,ARTEA,Artea pensijų turto išsaugojimo fondas,1.1334,10464800.1299
2024-04-15,ARTEA,Artea pensijų turto išsaugojimo fondas,1.1322,10427042.0969
2024-04-16,ARTEA,Artea pensijų turto išsaugojimo fondas,1.1287,10375633.468
2024-04-17,ARTEA,Artea pensijų turto išsaugojimo fondas,1.1287,10394604.7357
2024-04-18,ARTEA,Artea pensijų turto išsaugojimo fondas,1.1297,10406329.3901
2024-04-19,ARTEA,Artea pensijų turto išsaugojimo fondas,1.1295,10408285.0114
2024-04-22,ARTEA,Artea pensijų turto išsaugojimo fondas,1.1313,10457108.3116
2024-04-23,ARTEA,Artea pensijų turto išsaugojimo fondas,1.1322,10485296.0264
2024-04-24,ARTEA,Artea pensijų turto išsaugojimo fondas,1.1308,10485312.385
2024-04-25,ARTEA,Artea pensijų turto išsaugojimo fondas,1.1287,10460264.2885
2024-04-26,ARTEA,Artea pensijų turto išsaugojimo fondas,1.1308,10478858.7992
2024-04-29,ARTEA,Artea pensijų turto išsaugojimo fondas,1.1323,10500798.5571
2024-04-30,ARTEA,Artea pensijų turto išsaugojimo fondas,1.1313,10473111.7109
2024-05-02,ARTEA,Artea pensijų turto išsaugojimo fondas,1.1317,10455088.387
2024-05-03,ARTEA,Artea pensijų turto išsaugojimo fondas,1.1329,10495242.1711
2024-05-06,ARTEA,Artea pensijų turto išsaugojimo fondas,1.1344,10523237.9317
2024-05-07,ARTEA,Artea pensijų turto išsaugojimo fondas,1.1364,10546522.3968
2024-05-08,ARTEA,Artea pensijų turto išsaugojimo fondas,1.1366,10545405.2489
2024-05-09,ARTEA,Artea pensijų turto išsaugojimo fondas,1.1364,10575668.4045
2024-05-10,ARTEA,Artea pensijų turto išsaugojimo fondas,1.1375,10573482.4462
2024-05-13,ARTEA,Artea pensijų turto išsaugojimo fondas,1.1379,10622350.8416
2024-05-14,ARTEA,Artea pensijų turto išsaugojimo fondas,1.137,10585775.3514
2024-05-15,ARTEA,Artea pensijų turto išsaugojimo fondas,1.1394,10635774.6955
2024-05-16,ARTEA,Artea pensijų turto išsaugojimo fondas,1.1406,10604030.8281
2024-05-17,ARTEA,Artea pensijų turto išsaugojimo fondas,1.1397,10586542.5907
2024-05-20,ARTEA,Artea pensijų turto išsaugojimo fondas,1.1406,10622312.9573
2024-05-21,ARTEA,Artea pensijų turto išsaugojimo fondas,1.1403,10608672.1867
2024-05-22,ARTEA,Artea pensijų turto išsaugojimo fondas,1.1403,10635162.5694
2024-05-23,ARTEA,Artea pensijų turto išsaugojimo fondas,1.1384,10604213.4537
2024-05-24,ARTEA,Artea pensijų turto išsaugojimo fondas,1.1373,10594831.375
2024-05-27,ARTEA,Artea pensijų turto išsaugojimo fondas,1.1379,10583231.9
2024-05-28,ARTEA,Artea pensijų turto išsaugojimo fondas,1.1362,10575495.5639
2024-05-29,ARTEA,Artea pensijų turto išsaugojimo fondas,1.1341,10562726.1784
2024-05-30,ARTEA,Artea pensijų turto išsaugojimo fondas,1.1343,10562135.1686
2024-05-31,ARTEA,Artea pensijų turto išsaugojimo fondas,1.1344,10584637.7165
2024-06-03,ARTEA,Artea pensijų turto išsaugojimo fondas,1.1368,10598581.5198
2024-06-04,ARTEA,Artea pensijų turto išsaugojimo fondas,1.1371,10583036.8187
2024-06-05,ARTEA,Artea pensijų turto išsaugojimo fondas,1.1389,10597519.8241
2024-06-06,ARTEA,Artea pensijų turto išsaugojimo fondas,1.1393,10615307.2602
2024-06-07,ARTEA,Artea pensijų turto išsaugojimo fondas,1.1393,10622351.1424
2024-06-10,ARTEA,Artea pensijų turto išsaugojimo fondas,1.1389,10618685.0324
2024-06-11,ARTEA,Artea pensijų turto išsaugojimo fondas,1.1387,10615051.477
2024-06-12,ARTEA,Artea pensijų turto išsaugojimo fondas,1.1394,10630444.07
2024-06-13,ARTEA,Artea pensijų turto išsaugojimo fondas,1.1397,10664800.0163
2024-06-14,ARTEA,Artea pensijų turto išsaugojimo fondas,1.1408,10656545.2805
2024-06-17,ARTEA,Artea pensijų turto išsaugojimo fondas,1.1403,10707960.5676
2024-06-18,ARTEA,Artea pensijų turto išsaugojimo fondas,1.1421,10684163.0224
2024-06-19,ARTEA,Artea pensijų turto išsaugojimo fondas,1.1419,10656704.5301
2024-06-20,ARTEA,Artea pensijų turto išsaugojimo fondas,1.1431,10701098.2209
2024-06-21,ARTEA,Artea pensijų turto išsaugojimo fondas,1.1436,10718197.409
2024-06-25,ARTEA,Artea pensijų turto išsaugojimo fondas,1.1449,10721849.5538
2024-06-26,ARTEA,Artea pensijų turto išsaugojimo fondas,1.1438,10748123.4541
2024-06-27,ARTEA,Artea pensijų turto išsaugojimo fondas,1.1437,10745021.4738
2024-06-28,ARTEA,Artea pensijų turto išsaugojimo fondas,1.1442,10756459.1733
2024-07-01,ARTEA,Artea pensijų turto išsaugojimo fondas,1.1423,10778091.2329
2024-07-02,ARTEA,Artea pensijų turto išsaugojimo fondas,1.1419,10784139.8482
2024-07-03,ARTEA,Artea pensijų turto išsaugojimo fondas,1.1425,10848809.5196
2024-07-04,ARTEA,Artea pensijų turto išsaugojimo fondas,1.1426,10859619.0677
2024-07-05,ARTEA,Artea pensijų turto išsaugojimo fondas,1.1431,10871511.6702
2024-07-08,ARTEA,Artea pensijų turto išsaugojimo fondas,1.1443,10846879.7662
2024-07-09,ARTEA,Artea pensijų turto išsaugojimo fondas,1.1446,10880328.3397
2024-07-10,ARTEA,Artea pensijų turto išsaugojimo fondas,1.1457,10886971.6563
2024-07-11,ARTEA,Artea pensijų turto išsaugojimo fondas,1.1487,10930683.8364
2024-07-12,ARTEA,Artea pensijų turto išsaugojimo fondas,1.1496,10939406.4087
2024-07-15,ARTEA,Artea pensijų turto išsaugojimo fondas,1.1496,11050020.9175
2024-07-16,ARTEA,Artea pensijų turto išsaugojimo fondas,1.1514,11071441.1563
2024-07-17,ARTEA,Artea pensijų turto išsaugojimo fondas,1.1519,11090094.4958
2024-07-18,ARTEA,Artea pensijų turto išsaugojimo fondas,1.1527,11126863.7108
2024-07-19,ARTEA,Artea pensijų turto išsaugojimo fondas,1.1506,11102320.1467
2024-07-22,ARTEA,Artea pensijų turto išsaugojimo fondas,1.151,11085504.5409
2024-07-23,ARTEA,Artea pensijų turto išsaugojimo fondas,1.1521,11101475.6042
2024-07-24,ARTEA,Artea pensijų turto išsaugojimo fondas,1.1519,11162417.7861
2024-07-25,ARTEA,Artea pensijų turto išsaugojimo fondas,1.1525,11180773.0592
2024-07-26,ARTEA,Artea pensijų turto išsaugojimo fondas,1.1538,11256353.9474
2024-07-29,ARTEA,Artea pensijų turto išsaugojimo fondas,1.1551,11297766.0902
2024-07-30,ARTEA,Artea pensijų turto išsaugojimo fondas,1.1569,11349447.8507
2024-07-31,ARTEA,Artea pensijų turto išsaugojimo fondas,1.1595,11348003.1743
2024-08-01,ARTEA,Artea pensijų turto išsaugojimo fondas,1.1594,11324084.3573
2024-08-02,ARTEA,Artea pensijų turto išsaugojimo fondas,1.1559,11340676.2065
2024-08-05,ARTEA,Artea pensijų turto išsaugojimo fondas,1.1526,11339943.947
2024-08-06,ARTEA,Artea pensijų turto išsaugojimo fondas,1.1535,11384189.4111
2024-08-07,ARTEA,Artea pensijų turto išsaugojimo fondas,1.1556,11404914.9249
2024-08-08,ARTEA,Artea pensijų turto išsaugojimo fondas,1.1557,11441739.5862
2024-08-09,ARTEA,Artea pensijų turto išsaugojimo fondas,1.1567,11394746.4236
2024-08-12,ARTEA,Artea pensijų turto išsaugojimo fondas,1.1574,11460535.916
2024-08-13,ARTEA,Artea pensijų turto išsaugojimo fondas,1.1585,11563923.3639
2024-08-14,ARTEA,Artea pensijų turto išsaugojimo fondas,1.1591,11564476.1263
2024-08-16,ARTEA,Artea pensijų turto išsaugojimo fondas,1.1616,11628927.6756
2024-08-19,ARTEA,Artea pensijų turto išsaugojimo fondas,1.1629,11663609.3251
2024-08-20,ARTEA,Artea pensijų turto išsaugojimo fondas,1.1632,11614443.1045
2024-08-21,ARTEA,Artea pensijų turto išsaugojimo fondas,1.1647,11622669.7215
2024-08-22,ARTEA,Artea pensijų turto išsaugojimo fondas,1.1649,11636753.3665
2024-08-23,ARTEA,Artea pensijų turto išsaugojimo fondas,1.1651,11640710.4503
2024-08-26,ARTEA,Artea pensijų turto išsaugojimo fondas,1.166,11723410.7663
2024-08-27,ARTEA,Artea pensijų turto išsaugojimo fondas,1.1662,11787936.3709
2024-08-28,ARTEA,Artea pensijų turto išsaugojimo fondas,1.1673,11813879.6922
2024-08-29,ARTEA,Artea pensijų turto išsaugojimo fondas,1.1688,11857760.3706
2024-08-30,ARTEA,Artea pensijų turto išsaugojimo fondas,1.1686,11873191.339
2024-09-02,ARTEA,Artea pensijų turto išsaugojimo fondas,1.1692,11884740.2053
2024-09-03,ARTEA,Artea pensijų turto išsaugojimo fondas,1.17,11888795.4956
2024-09-04,ARTEA,Artea pensijų turto išsaugojimo fondas,1.1695,11908396.5443
2024-09-05,ARTEA,Artea pensijų turto išsaugojimo fondas,1.169,11943741.1832
2024-09-06,ARTEA,Artea pensijų turto išsaugojimo fondas,1.1686,11943063.9549
2024-09-09,ARTEA,Artea pensijų turto išsaugojimo fondas,1.1713,12002578.1017
2024-09-10,ARTEA,Artea pensijų turto išsaugojimo fondas,1.1716,12095541.6866
2024-09-11,ARTEA,Artea pensijų turto išsaugojimo fondas,1.1706,12069926.8272
2024-09-12,ARTEA,Artea pensijų turto išsaugojimo fondas,1.1725,12137341.3869
2024-09-13,ARTEA,Artea pensijų turto išsaugojimo fondas,1.1743,12143375.8319
2024-09-16,ARTEA,Artea pensijų turto išsaugojimo fondas,1.1754,12256251.527
2024-09-17,ARTEA,Artea pensijų turto išsaugojimo fondas,1.1767,12319354.0557
2024-09-18,ARTEA,Artea pensijų turto išsaugojimo fondas,1.1752,12313377.1287
2024-09-19,ARTEA,Artea pensijų turto išsaugojimo fondas,1.176,12325480.0192
2024-09-20,ARTEA,Artea pensijų turto išsaugojimo fondas,1.1759,12359191.5649
2024-09-23,ARTEA,Artea pensijų turto išsaugojimo fondas,1.1782,12408601.1408
2024-09-24,ARTEA,Artea pensijų turto išsaugojimo fondas,1.1789,12474516.8296
2024-09-25,ARTEA,Artea pensijų turto išsaugojimo fondas,1.1784,12471030.0396
2024-09-26,ARTEA,Artea pensijų turto išsaugojimo fondas,1.1793,12504173.6778
2024-09-27,ARTEA,Artea pensijų turto išsaugojimo fondas,1.181,12528263.381
2024-09-30,ARTEA,Artea pensijų turto išsaugojimo fondas,1.1814,12541926.0344
2024-10-01,ARTEA,Artea pensijų turto išsaugojimo fondas,1.1843,12682080.2825
2024-10-02,ARTEA,Artea pensijų turto išsaugojimo fondas,1.1851,12628445.1023
2024-10-03,ARTEA,Artea pensijų turto išsaugojimo fondas,1.1842,12651926.2017
2024-10-04,ARTEA,Artea pensijų turto išsaugojimo fondas,1.1828,12643152.3972
2024-10-07,ARTEA,Artea pensijų turto išsaugojimo fondas,1.1824,12658097.0373
2024-10-08,ARTEA,Artea pensijų turto išsaugojimo fondas,1.182,12638367.7614
2024-10-09,ARTEA,Artea pensijų turto išsaugojimo fondas,1.1828,12636105.9389
2024-10-10,ARTEA,Artea pensijų turto išsaugojimo fondas,1.183,12680430.4358
2024-10-11,ARTEA,Artea pensijų turto išsaugojimo fondas,1.1837,12640071.117
2024-10-14,ARTEA,Artea pensijų turto išsaugojimo fondas,1.1853,12748553.0359
2024-10-15,ARTEA,Artea pensijų turto išsaugojimo fondas,1.187,12805837.1183
2024-10-16,ARTEA,Artea pensijų turto išsaugojimo fondas,1.1887,12866056.8301
2024-10-17,ARTEA,Artea pensijų turto išsaugojimo fondas,1.1898,12878866.9469
2024-10-18,ARTEA,Artea pensijų turto išsaugojimo fondas,1.1901,12901109.8563
2024-10-21,ARTEA,Artea pensijų turto išsaugojimo fondas,1.188,12887094.3305
2024-10-22,ARTEA,Artea pensijų turto išsaugojimo fondas,1.1865,12920411.7072
2024-10-23,ARTEA,Artea pensijų turto išsaugojimo fondas,1.1858,12947593.565
2024-10-24,ARTEA,Artea pensijų turto išsaugojimo fondas,1.1864,12990202.0708
2024-10-25,ARTEA,Artea pensijų turto išsaugojimo fondas,1.1859,12985167.4305
2024-10-28,ARTEA,Artea pensijų turto išsaugojimo fondas,1.186,13022499.9432
2024-10-29,ARTEA,Artea pensijų turto išsaugojimo fondas,1.1856,13021961.6162
2024-10-30,ARTEA,Artea pensijų turto išsaugojimo fondas,1.1831,13019190.2469
2024-10-31,ARTEA,Artea pensijų turto išsaugojimo fondas,1.1811,13026893.7981
2024-11-04,ARTEA,Artea pensijų turto išsaugojimo fondas,1.181,13090611.0294
2024-11-05,ARTEA,Artea pensijų turto išsaugojimo fondas,1.181,13112362.2385
2024-11-06,ARTEA,Artea pensijų turto išsaugojimo fondas,1.1855,13198899.6103
2024-11-07,ARTEA,Artea pensijų turto išsaugojimo fondas,1.1868,13213626.2402
2024-11-08,ARTEA,Artea pensijų turto išsaugojimo fondas,1.1901,13286911.8604
2024-11-11,ARTEA,Artea pensijų turto išsaugojimo fondas,1.1931,13312521.8676
2024-11-12,ARTEA,Artea pensijų turto išsaugojimo fondas,1.1916,13430711.6856
2024-11-13,ARTEA,Artea pensijų turto išsaugojimo fondas,1.1918,13468624.448
2024-11-14,ARTEA,Artea pensijų turto išsaugojimo fondas,1.1918,13546338.0556
2024-11-15,ARTEA,Artea pensijų turto išsaugojimo fondas,1.1901,13519138.8466
2024-11-18,ARTEA,Artea pensijų turto išsaugojimo fondas,1.1907,13536406.6366
2024-11-19,ARTEA,Artea pensijų turto išsaugojimo fondas,1.1906,13562918.6385
2024-11-20,ARTEA,Artea pensijų turto išsaugojimo fondas,1.1911,13604125.5017
2024-11-21,ARTEA,Artea pensijų turto išsaugojimo fondas,1.1943,13677847.1327
2024-11-22,ARTEA,Artea pensijų turto išsaugojimo fondas,1.1977,13752018.3097
2024-11-25,ARTEA,Artea pensijų turto išsaugojimo fondas,1.1973,13746447.2093
2024-11-26,ARTEA,Artea pensijų turto išsaugojimo fondas,1.1985,13770745.1709
2024-11-27,ARTEA,Artea pensijų turto išsaugojimo fondas,1.1987,13832393.3947
2024-11-28,ARTEA,Artea pensijų turto išsaugojimo fondas,1.1992,13839923.2982
2024-11-29,ARTEA,Artea pensijų turto išsaugojimo fondas,1.2009,13872412.5219
2024-12-02,ARTEA,Artea pensijų turto išsaugojimo fondas,1.2039,13908899.379
2024-12-03,ARTEA,Artea pensijų turto išsaugojimo fondas,1.204,13906197.1818
2024-12-04,ARTEA,Artea pensijų turto išsaugojimo fondas,1.2038,13890803.5528
2024-12-05,ARTEA,Artea pensijų turto išsaugojimo fondas,1.2036,13883929.8807
2024-12-06,ARTEA,Artea pensijų turto išsaugojimo fondas,1.2037,13875924.5029
2024-12-09,ARTEA,Artea pensijų turto išsaugojimo fondas,1.2041,13872591.3156
2024-12-10,ARTEA,Artea pensijų turto išsaugojimo fondas,1.2045,13856803.7609
2024-12-11,ARTEA,Artea pensijų turto išsaugojimo fondas,1.2045,13840319.1384
2024-12-12,ARTEA,Artea pensijų turto išsaugojimo fondas,1.2033,13877139.8107
2024-12-13,ARTEA,Artea pensijų turto išsaugojimo fondas,1.2016,13851847.1153
2024-12-16,ARTEA,Artea pensijų turto išsaugojimo fondas,1.201,13794316.2118
2024-12-17,ARTEA,Artea pensijų turto išsaugojimo fondas,1.1996,13987185.5131
2024-12-18,ARTEA,Artea pensijų turto išsaugojimo fondas,1.1993,14022924.8848
2024-12-19,ARTEA,Artea pensijų turto išsaugojimo fondas,1.1955,13991892.3045
2024-12-20,ARTEA,Artea pensijų turto išsaugojimo fondas,1.1958,14096600.3579
2024-12-23,ARTEA,Artea pensijų turto išsaugojimo fondas,1.1949,14054095.4403
2024-12-27,ARTEA,Artea pensijų turto išsaugojimo fondas,1.1954,14136113.4624
2024-12-30,ARTEA,Artea pensijų turto išsaugojimo fondas,1.1945,14102457.5652
2024-12-31,ARTEA,Artea pensijų turto išsaugojimo fondas,1.1948,14225103.9261
2025-01-02,ARTEA,Artea pensijų turto išsaugojimo fondas,1.1984,14349748.864
2025-01-03,ARTEA,Artea pensijų turto išsaugojimo fondas,1.1969,14375370.5699
2025-01-06,ARTEA,Artea pensijų turto išsaugojimo fondas,1.1948,14369212.0379
2025-01-07,ARTEA,Artea pensijų turto išsaugojimo fondas,1.1944,14452335.8555
2025-01-08,ARTEA,Artea pensijų turto išsaugojimo fondas,1.1939,14441683.0492
2025-01-09,ARTEA,Artea pensijų turto išsaugojimo fondas,1.194,14481797.0802
2025-01-10,ARTEA,Artea pensijų turto išsaugojimo fondas,1.1914,14444908.3487
2025-01-13,ARTEA,Artea pensijų turto išsaugojimo fondas,1.1916,14584470.7614
2025-01-14,ARTEA,Artea pensijų turto išsaugojimo fondas,1.1905,14632867.2046
2025-01-15,ARTEA,Artea pensijų turto išsaugojimo fondas,1.1943,14659470.189
2025-01-16,ARTEA,Artea pensijų turto išsaugojimo fondas,1.194,14642260.1779
2025-01-17,ARTEA,Artea pensijų turto išsaugojimo fondas,1.1964,14700733.9598
2025-01-20,ARTEA,Artea pensijų turto išsaugojimo fondas,1.195,14757704.0103
2025-01-21,ARTEA,Artea pensijų turto išsaugojimo fondas,1.1964,14775465.3907
2025-01-22,ARTEA,Artea pensijų turto išsaugojimo fondas,1.1966,14779015.2902
2025-01-23,ARTEA,Artea pensijų turto išsaugojimo fondas,1.1962,14776113.4448
2025-01-24,ARTEA,Artea pensijų turto išsaugojimo fondas,1.1952,14739219.3265
2025-01-27,ARTEA,Artea pensijų turto išsaugojimo fondas,1.1969,14757626.3216
2025-01-28,ARTEA,Artea pensijų turto išsaugojimo fondas,1.1985,14777055.1104
2025-01-29,ARTEA,Artea pensijų turto išsaugojimo fondas,1.1999,14845359.9217
2025-01-30,ARTEA,Artea pensijų turto išsaugojimo fondas,1.2023,14919899.695
2025-01-31,ARTEA,Artea pensijų turto išsaugojimo fondas,1.2041,14958440.9492
2025-02-03,ARTEA,Artea pensijų turto išsaugojimo fondas,1.2062,14994581.4644
2025-02-04,ARTEA,Artea pensijų turto išsaugojimo fondas,1.2056,15005438.0837
2025-02-05,ARTEA,Artea pensijų turto išsaugojimo fondas,1.2069,15028876.7426
2025-02-06,ARTEA,Artea pensijų turto išsaugojimo fondas,1.2083,15029236.2641
2025-02-07,ARTEA,Artea pensijų turto išsaugojimo fondas,1.2085,15033110.8458
2025-02-10,ARTEA,Artea pensijų turto išsaugojimo fondas,1.2099,15042398.5653
2025-02-11,ARTEA,Artea pensijų turto išsaugojimo fondas,1.2085,15023891.6876
2025-02-12,ARTEA,Artea pensijų turto išsaugojimo fondas,1.2068,15000226.0266
2025-02-13,ARTEA,Artea pensijų turto išsaugojimo fondas,1.2086,15077356.3896
2025-02-14,ARTEA,Artea pensijų turto išsaugojimo fondas,1.2083,15026883.723
2025-02-17,ARTEA,Artea pensijų turto išsaugojimo fondas,1.2084,14991634.9127
2025-02-18,ARTEA,Artea pensijų turto išsaugojimo fondas,1.2084,14983967.001
2025-02-19,ARTEA,Artea pensijų turto išsaugojimo fondas,1.2079,14961474.277
2025-02-20,ARTEA,Artea pensijų turto išsaugojimo fondas,1.2079,14963527.1759
2025-02-21,ARTEA,Artea pensijų turto išsaugojimo fondas,1.2101,14975101.0514
2025-02-24,ARTEA,Artea pensijų turto išsaugojimo fondas,1.2101,15081261.3667
2025-02-25,ARTEA,Artea pensijų turto išsaugojimo fondas,1.2109,15127302.5299
2025-02-26,ARTEA,Artea pensijų turto išsaugojimo fondas,1.2128,15117277.6134
2025-02-27,ARTEA,Artea pensijų turto išsaugojimo fondas,1.2145,15130467.6835
2025-02-28,ARTEA,Artea pensijų turto išsaugojimo fondas,1.2141,15122836.7663
2025-03-03,ARTEA,Artea pensijų turto išsaugojimo fondas,1.2141,15197036.3757
2025-03-04,ARTEA,Artea pensijų turto išsaugojimo fondas,1.2109,15136320.2752
2025-03-05,ARTEA,Artea pensijų turto išsaugojimo fondas,1.2005,14996914.0971
2025-03-06,ARTEA,Artea pensijų turto išsaugojimo fondas,1.1962,14974775.4559
2025-03-07,ARTEA,Artea pensijų turto išsaugojimo fondas,1.1962,14888427.316
2025-03-10,ARTEA,Artea pensijų turto išsaugojimo fondas,1.1979,14953349.065
2025-03-12,ARTEA,Artea pensijų turto išsaugojimo fondas,1.1914,14886838.4676
2025-03-13,ARTEA,Artea pensijų turto išsaugojimo fondas,1.1914,14914658.6121
2025-03-14,ARTEA,Artea pensijų turto išsaugojimo fondas,1.1918,14896280.0402
2025-03-17,ARTEA,Artea pensijų turto išsaugojimo fondas,1.1948,14965896.9437
2025-03-18,ARTEA,Artea pensijų turto išsaugojimo fondas,1.1945,14979135.1929
2025-03-19,ARTEA,Artea pensijų turto išsaugojimo fondas,1.1963,14927348.3279
2025-03-20,ARTEA,Artea pensijų turto išsaugojimo fondas,1.1976,14935455.2928
2025-03-21,ARTEA,Artea pensijų turto išsaugojimo fondas,1.1977,14913598.4798
2025-03-24,ARTEA,Artea pensijų turto išsaugojimo fondas,1.1991,14877049.6323
2025-03-25,ARTEA,Artea pensijų turto išsaugojimo fondas,1.1991,14889687.4626
2025-03-26,ARTEA,Artea pensijų turto išsaugojimo fondas,1.1997,14887997.8111
2025-03-27,ARTEA,Artea pensijų turto išsaugojimo fondas,1.2003,14880338.2439
2025-03-28,ARTEA,Artea pensijų turto išsaugojimo fondas,1.1994,14855697.2233
2025-03-31,ARTEA,Artea pensijų turto išsaugojimo fondas,1.1999,14859260.2546
2025-04-01,ARTEA,Artea pensijų turto išsaugojimo fondas,1.2025,14903377.2421
2025-04-02,ARTEA,Artea pensijų turto išsaugojimo fondas,1.2015,14884260.3075
2025-04-03,ARTEA,Artea pensijų turto išsaugojimo fondas,1.1979,14838324.6368
2025-04-04,ARTEA,Artea pensijų turto išsaugojimo fondas,1.1904,14756427.666
2025-04-07,ARTEA,Artea pensijų turto išsaugojimo fondas,1.1808,14581409.6607
2025-04-08,ARTEA,Artea pensijų turto išsaugojimo fondas,1.1848,14695320.7221
2025-04-09,ARTEA,Artea pensijų turto išsaugojimo fondas,1.1743,14672657.7184
2025-04-10,ARTEA,Artea pensijų turto išsaugojimo fondas,1.1812,14749152.0197
2025-04-11,ARTEA,Artea pensijų turto išsaugojimo fondas,1.1795,14767634.4987
2025-04-14,ARTEA,Artea pensijų turto išsaugojimo fondas,1.1862,14841070.4563
2025-04-15,ARTEA,Artea pensijų turto išsaugojimo fondas,1.1898,15074942.52
2025-04-16,ARTEA,Artea pensijų turto išsaugojimo fondas,1.1906,15144930.8914
2025-04-17,ARTEA,Artea pensijų turto išsaugojimo fondas,1.1911,15176560.9647
2025-04-18,ARTEA,Artea pensijų turto išsaugojimo fondas,1.1912,15187367.2901
2025-04-22,ARTEA,Artea pensijų turto išsaugojimo fondas,1.1909,15213821.0779
2025-04-23,ARTEA,Artea pensijų turto išsaugojimo fondas,1.1944,15278936.4944
2025-04-24,ARTEA,Artea pensijų turto išsaugojimo fondas,1.1966,15309384.0852
2025-04-25,ARTEA,Artea pensijų turto išsaugojimo fondas,1.196,15345062.1456
2025-04-28,ARTEA,Artea pensijų turto išsaugojimo fondas,1.1968,15356012.2238
2025-04-29,ARTEA,Artea pensijų turto išsaugojimo fondas,1.1976,15441431.3583
2025-04-30,ARTEA,Artea pensijų turto išsaugojimo fondas,1.2003,15504780.1853
2025-05-02,ARTEA,Artea pensijų turto išsaugojimo fondas,1.2009,15533016.5916
2025-05-05,ARTEA,Artea pensijų turto išsaugojimo fondas,1.2012,15575439.9491
2025-05-06,ARTEA,Artea pensijų turto išsaugojimo fondas,1.2003,15479381.418
2025-05-07,ARTEA,Artea pensijų turto išsaugojimo fondas,1.202,15552012.127
2025-05-08,ARTEA,Artea pensijų turto išsaugojimo fondas,1.2017,15607854.9145
2025-05-09,ARTEA,Artea pensijų turto išsaugojimo fondas,1.2012,15582049.498
2025-05-12,ARTEA,Artea pensijų turto išsaugojimo fondas,1.2036,15663146.3131
2025-05-13,ARTEA,Artea pensijų turto išsaugojimo fondas,1.2023,15645055.4954
2025-05-14,ARTEA,Artea pensijų turto išsaugojimo fondas,1.1999,15569437.1842
2025-05-15,ARTEA,Artea pensijų turto išsaugojimo fondas,1.2032,15616578.5128
2025-05-16,ARTEA,Artea pensijų turto išsaugojimo fondas,1.2064,15667801.4837
2025-05-19,ARTEA,Artea pensijų turto išsaugojimo fondas,1.2073,15687183.8867
2025-05-20,ARTEA,Artea pensijų turto išsaugojimo fondas,1.2087,15734752.8815
2025-05-21,ARTEA,Artea pensijų turto išsaugojimo fondas,1.2061,15712840.1638
2025-05-22,ARTEA,Artea pensijų turto išsaugojimo fondas,1.2048,15703749.239
2025-05-23,ARTEA,Artea pensijų turto išsaugojimo fondas,1.2048,15714987.8512
2025-05-26,ARTEA,Artea pensijų turto išsaugojimo fondas,1.2063,15713835.0307
2025-05-27,ARTEA,Artea pensijų turto išsaugojimo fondas,1.2084,15771139.2067
2025-05-28,ARTEA,Artea pensijų turto išsaugojimo fondas,1.2084,15790797.89
2025-05-29,ARTEA,Artea pensijų turto išsaugojimo fondas,1.2077,15781941.7211
2025-05-30,ARTEA,Artea pensijų turto išsaugojimo fondas,1.2089,15855420.7204
2025-06-02,ARTEA,Artea pensijų turto išsaugojimo fondas,1.2075,15873197.861
2025-06-03,ARTEA,Artea pensijų turto išsaugojimo fondas,1.2095,15901635.3614
2025-06-04,ARTEA,Artea pensijų turto išsaugojimo fondas,1.2101,15917891.7998
2025-06-05,ARTEA,Artea pensijų turto išsaugojimo fondas,1.2087,15989965.7086
2025-06-06,ARTEA,Artea pensijų turto išsaugojimo fondas,1.21,16048158.0352
2025-06-09,ARTEA,Artea pensijų turto išsaugojimo fondas,1.2104,16106729.77
2025-06-10,ARTEA,Artea pensijų turto išsaugojimo fondas,1.2111,16107478.5839
2025-06-11,ARTEA,Artea pensijų turto išsaugojimo fondas,1.2106,16086452.3263
2025-06-12,ARTEA,Artea pensijų turto išsaugojimo fondas,1.2103,16150770.9393
2025-06-13,ARTEA,Artea pensijų turto išsaugojimo fondas,1.2087,16112000.3734
2025-06-16,ARTEA,Artea pensijų turto išsaugojimo fondas,1.2089,16276821.4736
2025-06-17,ARTEA,Artea pensijų turto išsaugojimo fondas,1.2087,16259539.3042
2025-06-18,ARTEA,Artea pensijų turto išsaugojimo fondas,1.209,16268095.129
2025-06-19,ARTEA,Artea pensijų turto išsaugojimo fondas,1.2077,16241443.3682
2025-06-20,ARTEA,Artea pensijų turto išsaugojimo fondas,1.2082,16306279.9697
2025-06-23,ARTEA,Artea pensijų turto išsaugojimo fondas,1.2084,16312961.4641
2025-06-25,ARTEA,Artea pensijų turto išsaugojimo fondas,1.2087,16416424.1552
2025-06-26,ARTEA,Artea pensijų turto išsaugojimo fondas,1.2086,16432526.7447
2025-06-27,ARTEA,Artea pensijų turto išsaugojimo fondas,1.2091,16557666.6079
2025-06-30,ARTEA,Artea pensijų turto išsaugojimo fondas,1.2092,16635902.7498
2025-07-01,ARTEA,Artea pensijų turto išsaugojimo fondas,1.2114,16721532.549999999
2025-07-02,ARTEA,Artea pensijų turto išsaugojimo fondas,1.2092,16702090.27
2025-07-03,ARTEA,Artea pensijų turto išsaugojimo fondas,1.2118,16863618.5
2025-07-04,ARTEA,Artea pensijų turto išsaugojimo fondas,1.2117,16874341.76
2025-07-07,ARTEA,Artea pensijų turto išsaugojimo fondas,1.2121,16889369.12
2025-07-08,ARTEA,Artea pensijų turto išsaugojimo fondas,1.2106,16869905.34
2025-07-09,ARTEA,Artea pensijų turto išsaugojimo fondas,1.2109,16871069.46
2025-07-10,ARTEA,Artea pensijų turto išsaugojimo fondas,1.2114,16936421.62
2025-07-11,ARTEA,Artea pensijų turto išsaugojimo fondas,1.2091,16873964.84
2025-07-14,ARTEA,Artea pensijų turto išsaugojimo fondas,1.2094,16978588.8
2025-07-15,ARTEA,Artea pensijų turto išsaugojimo fondas,1.2097,16960229.400000002
2025-07-16,ARTEA,Artea pensijų turto išsaugojimo fondas,1.208,16976923.490000002
2025-07-17,ARTEA,Artea pensijų turto išsaugojimo fondas,1.2113,17089920.55
2025-07-18,ARTEA,Artea pensijų turto išsaugojimo fondas,1.2109,17111447.71
2025-07-21,ARTEA,Artea pensijų turto išsaugojimo fondas,1.2124,17151031.12
2025-07-22,ARTEA,Artea pensijų turto išsaugojimo fondas,1.2129,17158943.869999997
2025-07-23,ARTEA,Artea pensijų turto išsaugojimo fondas,1.2136,17207699.39
2025-07-24,ARTEA,Artea pensijų turto išsaugojimo fondas,1.212,17224081.48
2025-07-25,ARTEA,Artea pensijų turto išsaugojimo fondas,1.2119,17235920.29
2025-07-28,ARTEA,Artea pensijų turto išsaugojimo fondas,1.2137,17248881.439999998
2025-07-29,ARTEA,Artea pensijų turto išsaugojimo fondas,1.215,17294120.84
2025-07-30,ARTEA,Artea pensijų turto išsaugojimo fondas,1.2156,17320810.42
2025-07-31,ARTEA,Artea pensijų turto išsaugojimo fondas,1.2158,17369483.55
2025-08-01,ARTEA,Artea pensijų turto išsaugojimo fondas,1.2125,17342525.54
2025-08-04,ARTEA,Artea pensijų turto išsaugojimo fondas,1.2161,17418317.96
2025-08-05,ARTEA,Artea pensijų turto išsaugojimo fondas,1.2164,17475167.05
2025-08-06,ARTEA,Artea pensijų turto išsaugojimo fondas,1.2155,17444306.57
2025-08-07,ARTEA,Artea pensijų turto išsaugojimo fondas,1.2158,17482644.869999997
2025-08-08,ARTEA,Artea pensijų turto išsaugojimo fondas,1.2156,17462595.89
2025-08-11,ARTEA,Artea pensijų turto išsaugojimo fondas,1.217,17741776.64
2025-08-12,ARTEA,Artea pensijų turto išsaugojimo fondas,1.2154,17782689.01
2025-08-13,ARTEA,Artea pensijų turto išsaugojimo fondas,1.2175,17824960.04
2025-08-14,ARTEA,Artea pensijų turto išsaugojimo fondas,1.2181,17948687.76
2025-08-18,ARTEA,Artea pensijų turto išsaugojimo fondas,1.2176,17937978.889999997
2025-08-19,ARTEA,Artea pensijų turto išsaugojimo fondas,1.2184,18049209.03
2025-08-20,ARTEA,Artea pensijų turto išsaugojimo fondas,1.2201,18105987.83
2025-08-21,ARTEA,Artea pensijų turto išsaugojimo fondas,1.2199,18157599.3
2025-08-22,ARTEA,Artea pensijų turto išsaugojimo fondas,1.2197,18212599.42
2025-08-25,ARTEA,Artea pensijų turto išsaugojimo fondas,1.2177,18223964.56
2025-08-26,ARTEA,Artea pensijų turto išsaugojimo fondas,1.2176,18265747.37
2025-08-27,ARTEA,Artea pensijų turto išsaugojimo fondas,1.2189,18316003.89
2025-08-28,ARTEA,Artea pensijų turto išsaugojimo fondas,1.2181,18401624.87
2025-08-29,ARTEA,Artea pensijų turto išsaugojimo fondas,1.2169,18437788.64
2025-09-01,ARTEA,Artea pensijų turto išsaugojimo fondas,1.2176,18487562.7
2025-09-02,ARTEA,Artea pensijų turto išsaugojimo fondas,1.2156,18480862.44
2025-09-03,ARTEA,Artea pensijų turto išsaugojimo fondas,1.216,18481916.27
2025-09-04,ARTEA,Artea pensijų turto išsaugojimo fondas,1.2182,18524212.62
2025-09-05,ARTEA,Artea pensijų turto išsaugojimo fondas,1.2184,18556743.639999997
2025-09-08,ARTEA,Artea pensijų turto išsaugojimo fondas,1.2198,18579552.18
2025-09-09,ARTEA,Artea pensijų turto išsaugojimo fondas,1.2205,18621975.7
2025-09-10,ARTEA,Artea pensijų turto išsaugojimo fondas,1.2207,18626305.65
2025-09-11,ARTEA,Artea pensijų turto išsaugojimo fondas,1.2228,18722704.02
2025-09-12,ARTEA,Artea pensijų turto išsaugojimo fondas,1.2215,18651066.18
2025-09-15,ARTEA,Artea pensijų turto išsaugojimo fondas,1.2208,18940396.53
2025-09-16,ARTEA,Artea pensijų turto išsaugojimo fondas,1.2189,18937411.63
2025-09-17,ARTEA,Artea pensijų turto išsaugojimo fondas,1.2203,19010487.93
2025-09-18,ARTEA,Artea pensijų turto išsaugojimo fondas,1.2206,19103670.41
2025-09-19,ARTEA,Artea pensijų turto išsaugojimo fondas,1.2193,19127323.259999998
2025-09-22,ARTEA,Artea pensijų turto išsaugojimo fondas,1.2184,19180560.76
2025-09-23,ARTEA,Artea pensijų turto išsaugojimo fondas,1.2185,19179456.6
2025-09-24,ARTEA,Artea pensijų turto išsaugojimo fondas,1.2191,19234845.419999998
2025-09-25,ARTEA,Artea pensijų turto išsaugojimo fondas,1.218,19368642.26
2025-09-26,ARTEA,Artea pensijų turto išsaugojimo fondas,1.2187,19440549.720000003
2025-09-29,ARTEA,Artea pensijų turto išsaugojimo fondas,1.2199,19525693.24
2025-09-30,ARTEA,Artea pensijų turto išsaugojimo fondas,1.2205,19540978.9
2025-10-01,ARTEA,Artea pensijų turto išsaugojimo fondas,1.2217,19617709.31
2025-10-02,ARTEA,Artea pensijų turto išsaugojimo fondas,1.2218,19698302.91
2025-10-03,ARTEA,Artea pensijų turto išsaugojimo fondas,1.2227,19719972.470000003
2025-10-06,ARTEA,Artea pensijų turto išsaugojimo fondas,1.2226,19734854.520000003
2025-10-07,ARTEA,Artea pensijų turto išsaugojimo fondas,1.2231,19762433.39
2025-10-08,ARTEA,Artea pensijų turto išsaugojimo fondas,1.2248,19789572.94
2025-10-09,ARTEA,Artea pensijų turto išsaugojimo fondas,1.2253,19868905.43
2025-10-10,ARTEA,Artea pensijų turto išsaugojimo fondas,1.2228,19826942.21
2025-10-13,ARTEA,Artea pensijų turto išsaugojimo fondas,1.2245,20151707.43
2025-10-14,ARTEA,Artea pensijų turto išsaugojimo fondas,1.2253,20226678.689999998
2025-10-15,ARTEA,Artea pensijų turto išsaugojimo fondas,1.2273,20373736.23
2025-10-16,ARTEA,Artea pensijų turto išsaugojimo fondas,1.2275,20476953.819999997
2025-10-17,ARTEA,Artea pensijų turto išsaugojimo fondas,1.227,20458520.35
2025-10-20,ARTEA,Artea pensijų turto išsaugojimo fondas,1.2293,20590547.619999997
2025-10-21,ARTEA,Artea pensijų turto išsaugojimo fondas,1.2315,20632972.42
2025-10-22,ARTEA,Artea pensijų turto išsaugojimo fondas,1.2316,20691675.31
2025-10-23,ARTEA,Artea pensijų turto išsaugojimo fondas,1.2302,20793320.35
2025-10-24,ARTEA,Artea pensijų turto išsaugojimo fondas,1.2299,20842783
2025-10-27,ARTEA,Artea pensijų turto išsaugojimo fondas,1.2309,20933419.81
2025-10-28,ARTEA,Artea pensijų turto išsaugojimo fondas,1.2312,20975824.33
2025-10-29,ARTEA,Artea pensijų turto išsaugojimo fondas,1.2298,21027839.89
2025-10-30,ARTEA,Artea pensijų turto išsaugojimo fondas,1.2305,21195836.36
2025-10-31,ARTEA,Artea pensijų turto išsaugojimo fondas,1.2301,21210068.43
2025-11-03,ARTEA,Artea pensijų turto išsaugojimo fondas,1.2291,21200425.92
2025-11-04,ARTEA,Artea pensijų turto išsaugojimo fondas,1.2298,21289711.950000003
2025-11-05,ARTEA,Artea pensijų turto išsaugojimo fondas,1.2302,21410598.25
2025-11-06,ARTEA,Artea pensijų turto išsaugojimo fondas,1.2289,21484159.01
2025-11-07,ARTEA,Artea pensijų turto išsaugojimo fondas,1.2287,21487023.2
2025-11-10,ARTEA,Artea pensijų turto išsaugojimo fondas,1.2304,21563868.400000002
2025-11-11,ARTEA,Artea pensijų turto išsaugojimo fondas,1.2322,21635814.63
2025-11-12,ARTEA,Artea pensijų turto išsaugojimo fondas,1.234,21665244.15
2025-11-13,ARTEA,Artea pensijų turto išsaugojimo fondas,1.2322,21707303.009999998
2025-11-14,ARTEA,Artea pensijų turto išsaugojimo fondas,1.2317,21693609.229999997
2025-11-17,ARTEA,Artea pensijų turto išsaugojimo fondas,1.2316,22003704.51
2025-11-18,ARTEA,Artea pensijų turto išsaugojimo fondas,1.2303,21995136.5
2025-11-19,ARTEA,Artea pensijų turto išsaugojimo fondas,1.23,22093245.92
2025-11-20,ARTEA,Artea pensijų turto išsaugojimo fondas,1.2307,22279020.099999998
2025-11-21,ARTEA,Artea pensijų turto išsaugojimo fondas,1.2319,22347483.95
2025-11-24,ARTEA,Artea pensijų turto išsaugojimo fondas,1.2328,22427994.75
2025-11-25,ARTEA,Artea pensijų turto išsaugojimo fondas,1.2333,22495433.959999997
2025-11-26,ARTEA,Artea pensijų turto išsaugojimo fondas,1.2342,22541902.18
2025-11-27,ARTEA,Artea pensijų turto išsaugojimo fondas,1.2341,22693823.32
2025-11-28,ARTEA,Artea pensijų turto išsaugojimo fondas,1.2347,22758506.82
2025-12-01,ARTEA,Artea pensijų turto išsaugojimo fondas,1.233,22754432.490000002
2025-12-02,ARTEA,Artea pensijų turto išsaugojimo fondas,1.2322,22816838.61
2025-12-03,ARTEA,Artea pensijų turto išsaugojimo fondas,1.232,22846898.32
2025-12-04,ARTEA,Artea pensijų turto išsaugojimo fondas,1.232,22889860.5
2025-12-05,ARTEA,Artea pensijų turto išsaugojimo fondas,1.2318,22937971.66
2025-12-08,ARTEA,Artea pensijų turto išsaugojimo fondas,1.2292,22920444.62
2025-12-09,ARTEA,Artea pensijų turto išsaugojimo fondas,1.2285,23014155.87
2025-12-10,ARTEA,Artea pensijų turto išsaugojimo fondas,1.2268,22972649.7
2025-12-11,ARTEA,Artea pensijų turto išsaugojimo fondas,1.2274,23067299.68
2025-12-12,ARTEA,Artea pensijų turto išsaugojimo fondas,1.2269,23050997.560000002
2025-12-15,ARTEA,Artea pensijų turto išsaugojimo fondas,1.2278,23433917.26
2025-12-16,ARTEA,Artea pensijų turto išsaugojimo fondas,1.227,23465624.99
2025-12-17,ARTEA,Artea pensijų turto išsaugojimo fondas,1.2271,29748376.689999998
2025-12-18,ARTEA,Artea pensijų turto išsaugojimo fondas,1.2286,29911279.61
2025-12-19,ARTEA,Artea pensijų turto išsaugojimo fondas,1.229,29975258.669999998
2025-12-22,ARTEA,Artea pensijų turto išsaugojimo fondas,1.2287,29993570.2
2025-12-23,ARTEA,Artea pensijų turto išsaugojimo fondas,1.2296,30043250.84
2025-12-29,ARTEA,Artea pensijų turto išsaugojimo fondas,1.2313,30118867.959999997
2025-12-30,ARTEA,Artea pensijų turto išsaugojimo fondas,1.2313,30284648.01
2025-12-31,ARTEA,Artea pensijų turto išsaugojimo fondas,1.2315,30375755.8
2026-01-02,ARTEA,Artea pensijų turto išsaugojimo fondas,1.2301,30531819.68
2026-01-05,ARTEA,Artea pensijų turto išsaugojimo fondas,1.2314,29873233.28
2026-01-06,ARTEA,Artea pensijų turto išsaugojimo fondas,1.2336,29369119.869999997
2026-01-07,ARTEA,Artea pensijų turto išsaugojimo fondas,1.235,28900698.76
2026-01-08,ARTEA,Artea pensijų turto išsaugojimo fondas,1.235,28544681.28
2026-01-09,ARTEA,Artea pensijų turto išsaugojimo fondas,1.236,28118136.97
2026-01-12,ARTEA,Artea pensijų turto išsaugojimo fondas,1.2367,28539308.52
2026-01-13,ARTEA,Artea pensijų turto išsaugojimo fondas,1.2366,28350615.62
2026-01-14,ARTEA,Artea pensijų turto išsaugojimo fondas,1.2375,28070668.14
2026-01-15,ARTEA,Artea pensijų turto išsaugojimo fondas,1.2394,28147445.8
2026-01-16,ARTEA,Artea pensijų turto išsaugojimo fondas,1.2385,28016717.8
2026-01-19,ARTEA,Artea pensijų turto išsaugojimo fondas,1.2379,27746237.290000003
2026-01-20,ARTEA,Artea pensijų turto išsaugojimo fondas,1.2351,27518998.159999996
2026-01-21,ARTEA,Artea pensijų turto išsaugojimo fondas,1.2353,27415556.119999997
2026-01-22,ARTEA,Artea pensijų turto išsaugojimo fondas,1.2371,27441610.22
2026-01-23,ARTEA,Artea pensijų turto išsaugojimo fondas,1.2366,27347069.23
2026-01-26,ARTEA,Artea pensijų turto išsaugojimo fondas,1.2375,27070585.85
2026-01-27,ARTEA,Artea pensijų turto išsaugojimo fondas,1.2364,26963857.28
2026-01-28,ARTEA,Artea pensijų turto išsaugojimo fondas,1.2379,26812737.18
2026-01-29,ARTEA,Artea pensijų turto išsaugojimo fondas,1.2368,26782387.23
2026-01-30,ARTEA,Artea pensijų turto išsaugojimo fondas,1.2381,26698896.32
2026-02-02,ARTEA,Artea pensijų turto išsaugojimo fondas,1.241,26708439.89
2026-02-03,ARTEA,Artea pensijų turto išsaugojimo fondas,1.2408,26779148.619999997
2026-02-04,ARTEA,Artea pensijų turto išsaugojimo fondas,1.2424,26656489.53
2026-02-05,ARTEA,Artea pensijų turto išsaugojimo fondas,1.2436,26638011.72
2026-02-06,ARTEA,Artea pensijų turto išsaugojimo fondas,1.2443,26557983.05
2026-02-09,ARTEA,Artea pensijų turto išsaugojimo fondas,1.2446,26366481.349999998
2026-02-10,ARTEA,Artea pensijų turto išsaugojimo fondas,1.2467,26422174.38
2026-02-11,ARTEA,Artea pensijų turto išsaugojimo fondas,1.2475,26242618.05
2026-02-12,ARTEA,Artea pensijų turto išsaugojimo fondas,1.2479,26170831.6
2026-02-13,ARTEA,Artea pensijų turto išsaugojimo fondas,1.249,26107370.97
2026-02-17,ARTEA,Artea pensijų turto išsaugojimo fondas,1.2502,25860498.58
2026-02-18,ARTEA,Artea pensijų turto išsaugojimo fondas,1.251,25799603.900000002
2026-02-19,ARTEA,Artea pensijų turto išsaugojimo fondas,1.251,25702013.48
2026-02-20,ARTEA,Artea pensijų turto išsaugojimo fondas,1.2517,25572578.84
2026-02-23,ARTEA,Artea pensijų turto išsaugojimo fondas,1.2521,25498050.099999998
2026-02-24,ARTEA,Artea pensijų turto išsaugojimo fondas,1.2531,25423321.96
2026-02-25,ARTEA,Artea pensijų turto išsaugojimo fondas,1.2539,25005220.34
2026-02-26,ARTEA,Artea pensijų turto išsaugojimo fondas,1.2549,24987402.27
2026-02-27,ARTEA,Artea pensijų turto išsaugojimo fondas,1.2561,25012335.279999997
2026-03-02,ARTEA,Artea pensijų turto išsaugojimo fondas,1.2543,24862626.72
2026-03-03,ARTEA,Artea pensijų turto išsaugojimo fondas,1.2474,24979349.69
2026-03-04,ARTEA,Artea pensijų turto išsaugojimo fondas,1.2503,25019423.610000003
2026-03-05,ARTEA,Artea pensijų turto išsaugojimo fondas,1.2469,24967761.97
2026-03-06,ARTEA,Artea pensijų turto išsaugojimo fondas,1.2432,24887631.14
2026-03-09,ARTEA,Artea pensijų turto išsaugojimo fondas,1.2404,24810055.43
2026-03-10,ARTEA,Artea pensijų turto išsaugojimo fondas,1.2446,24908799.46
2026-03-12,ARTEA,Artea pensijų turto išsaugojimo fondas,1.2379,24687898.97
2026-03-13,ARTEA,Artea pensijų turto išsaugojimo fondas,1.2372,24699392.099999998
2026-03-16,ARTEA,Artea pensijų turto išsaugojimo fondas,1.2379,24565356.85
2026-03-17,ARTEA,Artea pensijų turto išsaugojimo fondas,1.24,24920953.48
2026-03-18,ARTEA,Artea pensijų turto išsaugojimo fondas,1.2367,24833259.02
2026-03-19,ARTEA,Artea pensijų turto išsaugojimo fondas,1.2316,24691562.779999997
2026-03-20,ARTEA,Artea pensijų turto išsaugojimo fondas,1.2254,24526993.55
2026-03-23,ARTEA,Artea pensijų turto išsaugojimo fondas,1.2253,24441786.08
2026-03-24,ARTEA,Artea pensijų turto išsaugojimo fondas,1.2247,24524396.84
2026-03-25,ARTEA,Artea pensijų turto išsaugojimo fondas,1.2289,24658553.75
2026-03-26,ARTEA,Artea pensijų turto išsaugojimo fondas,1.2245,24607543
2026-03-27,ARTEA,Artea pensijų turto išsaugojimo fondas,1.2203,24449496.709999997
2026-03-30,ARTEA,Artea pensijų turto išsaugojimo fondas,1.2236,24485309.61
2026-03-31,ARTEA,Artea pensijų turto išsaugojimo fondas,1.2241,24413729.85
2026-04-01,ARTEA,Artea pensijų turto išsaugojimo fondas,1.2287,24633869.32
2026-04-02,ARTEA,Artea pensijų turto išsaugojimo fondas,1.229,24618357.59
2026-04-03,ARTEA,Artea pensijų turto išsaugojimo fondas,1.229,24623741.169999998
2026-04-07,ARTEA,Artea pensijų turto išsaugojimo fondas,1.2278,17462996.700000003
2026-04-08,ARTEA,Artea pensijų turto išsaugojimo fondas,1.237,17516622.349999998
2026-04-09,ARTEA,Artea pensijų turto išsaugojimo fondas,1.236,17441276.299999997
2026-04-10,ARTEA,Artea pensijų turto išsaugojimo fondas,1.2339,17418508.69
2026-04-13,ARTEA,Artea pensijų turto išsaugojimo fondas,1.2332,17425176.830000002
2026-04-14,ARTEA,Artea pensijų turto išsaugojimo fondas,1.2364,17440614.68
2026-04-15,ARTEA,Artea pensijų turto išsaugojimo fondas,1.2371,17458328.14
2026-04-16,ARTEA,Artea pensijų turto išsaugojimo fondas,1.2385,17448777.360000003
2026-04-17,ARTEA,Artea pensijų turto išsaugojimo fondas,1.2423,17578858.42
2026-04-20,ARTEA,Artea pensijų turto išsaugojimo fondas,1.2424,17534721
2026-04-21,ARTEA,Artea pensijų turto išsaugojimo fondas,1.2415,17527392.4
2026-04-22,ARTEA,Artea pensijų turto išsaugojimo fondas,1.2412,17563727.560000002
2026-04-23,ARTEA,Artea pensijų turto išsaugojimo fondas,1.2402,17511348.19
2026-04-24,ARTEA,Artea pensijų turto išsaugojimo fondas,1.2395,17448927.25
2026-04-27,ARTEA,Artea pensijų turto išsaugojimo fondas,1.2387,17400248.74
2026-04-28,ARTEA,Artea pensijų turto išsaugojimo fondas,1.2376,17367509.119999997
2026-04-29,ARTEA,Artea pensijų turto išsaugojimo fondas,1.2359,17390578.78
2026-04-30,ARTEA,Artea pensijų turto išsaugojimo fondas,1.2378,17375632.13
2026-05-04,ARTEA,Artea pensijų turto išsaugojimo fondas,1.2383,17324708.49
2026-05-05,ARTEA,Artea pensijų turto išsaugojimo fondas,1.2391,17313249.81
2026-05-06,ARTEA,Artea pensijų turto išsaugojimo fondas,1.2427,17325168.73
2026-05-07,ARTEA,Artea pensijų turto išsaugojimo fondas,1.243,17348966.89
2026-05-08,ARTEA,Artea pensijų turto išsaugojimo fondas,1.2424,17334931.66
2026-05-11,ARTEA,Artea pensijų turto išsaugojimo fondas,1.2415,17284716.76
2026-05-12,ARTEA,Artea pensijų turto išsaugojimo fondas,1.2393,17223883.85
2026-05-13,ARTEA,Artea pensijų turto išsaugojimo fondas,1.2395,17190144.990000002
2026-05-14,ARTEA,Artea pensijų turto išsaugojimo fondas,1.2439,17312856.95
2026-05-15,ARTEA,Artea pensijų turto išsaugojimo fondas,1.2399,17162644.84
2026-05-18,ARTEA,Artea pensijų turto išsaugojimo fondas,1.2404,17121380.45
2026-05-19,ARTEA,Artea pensijų turto išsaugojimo fondas,1.241,17295314.68
2026-05-20,ARTEA,Artea pensijų turto išsaugojimo fondas,1.2425,17252203.009999998
2026-05-21,ARTEA,Artea pensijų turto išsaugojimo fondas,1.2431,17287249
2026-05-22,ARTEA,Artea pensijų turto išsaugojimo fondas,1.2467,17366647.220000003
2026-05-25,ARTEA,Artea pensijų turto išsaugojimo fondas,1.2498,17388912.770000003
2026-05-26,ARTEA,Artea pensijų turto išsaugojimo fondas,1.2492,17419707.06
2026-05-27,ARTEA,Artea pensijų turto išsaugojimo fondas,1.2502,17399948.47
2026-05-28,ARTEA,Artea pensijų turto išsaugojimo fondas,1.2506,17408323.51
2026-05-29,ARTEA,Artea pensijų turto išsaugojimo fondas,1.252,17404918.44
2026-06-01,ARTEA,Artea pensijų turto išsaugojimo fondas,1.2524,17389908.759999998
2026-06-02,ARTEA,Artea pensijų turto išsaugojimo fondas,1.2531,17442354.380000003
2026-06-03,ARTEA,Artea pensijų turto išsaugojimo fondas,1.2515,17418856.93
2026-06-04,ARTEA,Artea pensijų turto išsaugojimo fondas,1.2516,17432469.21
2026-06-05,ARTEA,Artea pensijų turto išsaugojimo fondas,1.2507,17371814.060000002
2026-06-08,ARTEA,Artea pensijų turto išsaugojimo fondas,1.249,17332150.96
2026-06-09,ARTEA,Artea pensijų turto išsaugojimo fondas,1.2488,17318932.64
2026-06-10,ARTEA,Artea pensijų turto išsaugojimo fondas,1.2489,17301256.169999998
2026-06-11,ARTEA,Artea pensijų turto išsaugojimo fondas,1.2504,17368582.18
2026-06-12,ARTEA,Artea pensijų turto išsaugojimo fondas,1.2539,17367022.68
2026-06-15,ARTEA,Artea pensijų turto išsaugojimo fondas,1.2571,17622059.630000003
2026-06-16,ARTEA,Artea pensijų turto išsaugojimo fondas,1.2578,17623156.43
2026-06-17,ARTEA,Artea pensijų turto išsaugojimo fondas,1.2575,17667433.36
2026-06-18,ARTEA,Artea pensijų turto išsaugojimo fondas,1.2568,17679093
2026-06-19,ARTEA,Artea pensijų turto išsaugojimo fondas,1.2554,17665935.950000003
2026-06-22,ARTEA,Artea pensijų turto išsaugojimo fondas,1.2572,17705724.810000002
2026-06-23,ARTEA,Artea pensijų turto išsaugojimo fondas,1.2576,17731458.73
2026-06-25,ARTEA,Artea pensijų turto išsaugojimo fondas,1.2612,17877613.64
2026-06-26,ARTEA,Artea pensijų turto išsaugojimo fondas,1.2618,17822302.81
2026-06-29,ARTEA,Artea pensijų turto išsaugojimo fondas,1.2615,17800624.88
2026-06-30,ARTEA,Artea pensijų turto išsaugojimo fondas,1.2624,17775611.439999998
2026-07-01,ARTEA,Artea pensijų turto išsaugojimo fondas,1.2629,17880501.080000002
2026-07-02,ARTEA,Artea pensijų turto išsaugojimo fondas,1.2629,17856657.46
2026-07-03,ARTEA,Artea pensijų turto išsaugojimo fondas,1.2637,17930776.900000002
2026-07-07,ARTEA,Artea pensijų turto išsaugojimo fondas,1.2634,16895296.3
2026-07-08,ARTEA,Artea pensijų turto išsaugojimo fondas,1.2586,16739638.030000001
2026-07-09,ARTEA,Artea pensijų turto išsaugojimo fondas,1.2602,16792516.25
2026-07-10,ARTEA,Artea pensijų turto išsaugojimo fondas,1.2604,16876629.09
2026-07-13,ARTEA,Artea pensijų turto išsaugojimo fondas,1.2595,16882490.520000003
2026-07-14,ARTEA,Artea pensijų turto išsaugojimo fondas,1.2572,16842016.7
2026-07-15,ARTEA,Artea pensijų turto išsaugojimo fondas,1.2558,16844336.529999997
2026-07-16,ARTEA,Artea pensijų turto išsaugojimo fondas,1.2558,16800404.62
2026-07-17,ARTEA,Artea pensijų turto išsaugojimo fondas,1.2563,16915543.29
2026-07-20,ARTEA,Artea pensijų turto išsaugojimo fondas,1.2558,16920933.259999998
2026-07-21,ARTEA,Artea pensijų turto išsaugojimo fondas,1.2555,16883037.3
2026-07-22,ARTEA,Artea pensijų turto išsaugojimo fondas,1.2551,16852517.6
2026-07-23,ARTEA,Artea pensijų turto išsaugojimo fondas,1.2524,16818699.56
2026-07-24,ARTEA,Artea pensijų turto išsaugojimo fondas,1.2551,16865704.61
2026-07-27,ARTEA,Artea pensijų turto išsaugojimo fondas,1.2588,16929580.59
2026-07-28,ARTEA,Artea pensijų turto išsaugojimo fondas,1.262,16970522.38
2026-07-29,ARTEA,Artea pensijų turto išsaugojimo fondas,1.2606,16930648.83
2026-07-30,ARTEA,Artea pensijų turto išsaugojimo fondas,1.256,16904498.26
2026-07-31,ARTEA,Artea pensijų turto išsaugojimo fondas,1.2557,16915852.52
2026-08-03,ARTEA,Artea pensijų turto išsaugojimo fondas,1.2592,16977904.11
2026-08-04,ARTEA,Artea pensijų turto išsaugojimo fondas,1.262,17033162.46
2026-08-05,ARTEA,Artea pensijų turto išsaugojimo fondas,1.263,17017265.53
2026-08-06,ARTEA,Artea pensijų turto išsaugojimo fondas,1.2634,17040681.740000002
2026-08-07,ARTEA,Artea pensijų turto išsaugojimo fondas,1.2652,17106575.740000002
2026-08-10,ARTEA,Artea pensijų turto išsaugojimo fondas,1.2653,17077791.92
2026-08-11,ARTEA,Artea pensijų turto išsaugojimo fondas,1.2651,17103948.41
2026-08-12,ARTEA,Artea pensijų turto išsaugojimo fondas,1.2654,17086043.389999997
2026-08-13,ARTEA,Artea pensijų turto išsaugojimo fondas,1.2667,17155548.22
2026-08-14,ARTEA,Artea pensijų turto išsaugojimo fondas,1.2649,17110820.31
2026-08-17,ARTEA,Artea pensijų turto išsaugojimo fondas,1.2643,17019200.86
2026-08-18,ARTEA,Artea pensijų turto išsaugojimo fondas,1.262,17033718.770000003
2026-08-19,ARTEA,Artea pensijų turto išsaugojimo fondas,1.2626,17044641.14
2026-08-20,ARTEA,Artea pensijų turto išsaugojimo fondas,1.2617,17095409.55
2026-08-21,ARTEA,Artea pensijų turto išsaugojimo fondas,1.2622,17090613.08
2026-08-24,ARTEA,Artea pensijų turto išsaugojimo fondas,1.2627,17147951.94
2026-08-25,ARTEA,Artea pensijų turto išsaugojimo fondas,1.2655,17224757.66
2026-08-26,ARTEA,Artea pensijų turto išsaugojimo fondas,1.2652,17206553.7
2026-08-27,ARTEA,Artea pensijų turto išsaugojimo fondas,1.2648,17288496.95
2026-08-28,ARTEA,Artea pensijų turto išsaugojimo fondas,1.2658,17259643.34
2026-08-31,ARTEA,Artea pensijų turto išsaugojimo fondas,1.2639,17215623.59
2026-09-01,ARTEA,Artea pensijų turto išsaugojimo fondas,1.2625,17203834.55
2026-09-02,ARTEA,Artea pensijų turto išsaugojimo fondas,1.2603,17155327.990000002
2026-09-03,ARTEA,Artea pensijų turto išsaugojimo fondas,1.2624,17265817.86
2026-09-04,ARTEA,Artea pensijų turto išsaugojimo fondas,1.262,17269795.61
2026-09-07,ARTEA,Artea pensijų turto išsaugojimo fondas,1.2605,17256222.630000003
2026-09-08,ARTEA,Artea pensijų turto išsaugojimo fondas,1.2595,17249587.41
2026-09-09,ARTEA,Artea pensijų turto išsaugojimo fondas,1.256,17150087.310000002
2026-09-10,ARTEA,Artea pensijų turto išsaugojimo fondas,1.2519,17114113.330000002
2026-09-11,ARTEA,Artea pensijų turto išsaugojimo fondas,1.2524,17096089.38
2026-09-14,ARTEA,Artea pensijų turto išsaugojimo fondas,1.2518,17316512.650000002
2026-09-15,ARTEA,Artea pensijų turto išsaugojimo fondas,1.2496,17283489.26
2026-09-16,ARTEA,Artea pensijų turto išsaugojimo fondas,1.2516,17321157.57
2026-09-17,ARTEA,Artea pensijų turto išsaugojimo fondas,1.2532,17391640
2026-09-18,ARTEA,Artea pensijų turto išsaugojimo fondas,1.2498,17418497.2
2026-09-21,ARTEA,Artea pensijų turto išsaugojimo fondas,1.2529,17398151.4
2026-09-22,ARTEA,Artea pensijų turto išsaugojimo fondas,1.2536,17425244.18
2026-09-23,ARTEA,Artea pensijų turto išsaugojimo fondas,1.2493,17369981.71
2026-09-24,ARTEA,Artea pensijų turto išsaugojimo fondas,1.2463,17356587.83
2026-09-25,ARTEA,Artea pensijų turto išsaugojimo fondas,1.2448,17294504.4
2026-09-28,ARTEA,Artea pensijų turto išsaugojimo fondas,1.2419,17166795.279999997
2026-09-29,ARTEA,Artea pensijų turto išsaugojimo fondas,1.2413,17158425.83
2026-09-30,ARTEA,Artea pensijų turto išsaugojimo fondas,1.2419,17153244.85
2026-10-01,ARTEA,Artea pensijų turto išsaugojimo fondas,1.2419,17179772.44
